// GENERATED FILE - DO NOT EDIT.
// Source: firmware/assets/fonts/gen_font.py
// Regenerate: ml/.venv/bin/python firmware/assets/fonts/gen_font.py

#include "kiosk_ui_20.h"

const uint8_t kiosk_ui_20_line_h = 27;
const uint8_t kiosk_ui_20_ascent = 21;
const uint16_t kiosk_ui_20_count = 232;

const uint8_t kiosk_ui_20_bitmap[] = {
    0x03, 0xCC, 0x30, 0x03, 0xFF, 0x30, 0x03, 0xFF, 0x20, 0x02, 0xFF, 0x20, 0x02, 0xFF, 0x10, 0x01,
    0xFF, 0x10, 0x01, 0xFF, 0x00, 0x00, 0xFF, 0x00, 0x00, 0xFF, 0x00, 0x00, 0xFF, 0x00, 0x00, 0x55,
    0x00, 0x00, 0x00, 0x00, 0x00, 0x88, 0x00, 0x06, 0xFF, 0x60, 0x04, 0xFF, 0x40, 0x00, 0x22, 0x00,
    0x1E, 0xE2, 0xBE, 0x50, 0x0F, 0xF1, 0xCF, 0x50, 0x0E, 0xF0, 0xAF, 0x30, 0x0D, 0xE0, 0x9F, 0x20,
    0x0B, 0xD0, 0x8F, 0x10, 0x05, 0x60, 0x38, 0x00, 0x00, 0x00, 0x00, 0x00, 0x00, 0x00, 0x00, 0x00,
    0x00, 0x00, 0x00, 0x00, 0x00, 0x00, 0x00, 0x00, 0x00, 0x00, 0x00, 0x00, 0x00, 0x00, 0x00, 0x00,
    0x00, 0x00, 0x00, 0x00, 0x00, 0x00, 0x00, 0x00, 0x00, 0x00, 0x00, 0x00, 0x00, 0x00, 0x00, 0x00,
    0x00, 0x00, 0x00, 0x00, 0x00, 0x00, 0x0B, 0xC0, 0x02, 0xC8, 0x00, 0x00, 0x00, 0x1F, 0xC0, 0x05,
    0xF7, 0x00, 0x00, 0x00, 0x4F, 0x90, 0x09, 0xF4, 0x00, 0x00, 0x00, 0x7F, 0x50, 0x0C, 0xF1, 0x00,
    0x06, 0xBB, 0xFF, 0xEB, 0xBF, 0xFB, 0xB0, 0x08, 0xFF, 0xFF, 0xFF, 0xFF, 0xFF, 0xF1, 0x00, 0x01,
    0xFB, 0x00, 0x6F, 0x70, 0x00, 0x00, 0x04, 0xF8, 0x00, 0x9F, 0x30, 0x00, 0x00, 0x08, 0xF5, 0x00,
    0xCF, 0x00, 0x00, 0x2D, 0xDF, 0xFF, 0xDD, 0xFF, 0xDD, 0x50, 0x2E, 0xEF, 0xFE, 0xEF, 0xFF, 0xEE,
    0x60, 0x00, 0x2F, 0xB0, 0x06, 0xF6, 0x00, 0x00, 0x00, 0x5F, 0x80, 0x0A, 0xF3, 0x00, 0x00, 0x00,
    0x8F, 0x40, 0x0D, 0xF0, 0x00, 0x00, 0x00, 0xBF, 0x10, 0x0F, 0xC0, 0x00, 0x00, 0x00, 0x00, 0x0B,
    0xB0, 0x00, 0x00, 0x00, 0x00, 0x0F, 0xF0, 0x00, 0x00, 0x00, 0x19, 0xEF, 0xFE, 0x81, 0x00, 0x02,
    0xEF, 0xFF, 0xFF, 0xFD, 0x20, 0x0B, 0xFC, 0x3F, 0xF5, 0xEF, 0xB0, 0x0F, 0xF1, 0x0F, 0xF0, 0x1A,
    0x20, 0x1F, 0xF0, 0x0F, 0xF0, 0x00, 0x00, 0x0E, 0xFA, 0x0F, 0xF0, 0x00, 0x00, 0x05, 0xFF, 0xEF,
    0xF0, 0x00, 0x00, 0x00, 0x4C, 0xFF, 0xFF, 0xA2, 0x00, 0x00, 0x00, 0x2F, 0xFF, 0xFF, 0x30, 0x00,
    0x00, 0x0F, 0xF3, 0xCF, 0xD0, 0x00, 0x00, 0x0F, 0xF0, 0x1F, 0xF0, 0x07, 0x80, 0x0F, 0xF0, 0x1F,
    0xF0, 0x4F, 0xF8, 0x0F, 0xF1, 0xAF, 0xD0, 0x08, 0xFF, 0xFF, 0xFF, 0xFF, 0x40, 0x00, 0x5C, 0xFF,
    0xFF, 0xC3, 0x00, 0x00, 0x00, 0x2F, 0xF2, 0x00, 0x00, 0x00, 0x00, 0x09, 0x90, 0x00, 0x00, 0x01,
    0x8C, 0xB6, 0x00, 0x00, 0x00, 0x9C, 0x70, 0x00, 0x1E, 0xFD, 0xEF, 0x90, 0x00, 0x06, 0xFD, 0x00,
    0x00, 0x7F, 0x60, 0x0B, 0xF1, 0x00, 0x2F, 0xF3, 0x00, 0x00, 0xAF, 0x00, 0x06, 0xF4, 0x00, 0xCF,
    0x70, 0x00, 0x00, 0x9F, 0x30, 0x09, 0xF2, 0x09, 0xFB, 0x00, 0x00, 0x00, 0x2F, 0xE9, 0xBF, 0xB0,
    0x4F, 0xE1, 0x00, 0x00, 0x00, 0x03, 0xCF, 0xE9, 0x01, 0xEF, 0x40, 0x00, 0x00, 0x00, 0x00, 0x00,
    0x00, 0x0B, 0xF8, 0x00, 0x00, 0x00, 0x00, 0x00, 0x00, 0x00, 0x7F, 0xC0, 0x18, 0xCB, 0x60, 0x00,
    0x00, 0x00, 0x03, 0xFF, 0x20, 0xDF, 0xDE, 0xFA, 0x00, 0x00, 0x00, 0x0D, 0xF6, 0x07, 0xF6, 0x00,
    0xAF, 0x20, 0x00, 0x00, 0xAF, 0xA0, 0x09, 0xF1, 0x00, 0x5F, 0x50, 0x00, 0x06, 0xFD, 0x00, 0x08,
    0xF4, 0x00, 0x8F, 0x30, 0x00, 0x2F, 0xF3, 0x00, 0x02, 0xFF, 0x9A, 0xFC, 0x00, 0x00, 0xCF, 0x70,
    0x00, 0x00, 0x3B, 0xFE, 0x91, 0x00, 0x00, 0x00, 0x00, 0x00, 0x00, 0x00, 0x00, 0x00, 0x00, 0x00,
    0x7E, 0xFF, 0xB2, 0x00, 0x00, 0x00, 0x00, 0x09, 0xFF, 0xEF, 0xFE, 0x10, 0x00, 0x00, 0x00, 0x2F,
    0xF5, 0x01, 0xEF, 0x70, 0x00, 0x00, 0x00, 0x5F, 0xE0, 0x00, 0x9F, 0x90, 0x00, 0x00, 0x00, 0x4F,
    0xF0, 0x00, 0xDF, 0x60, 0x00, 0x00, 0x00, 0x0E, 0xF9, 0x4D, 0xFE, 0x10, 0x00, 0x00, 0x00, 0x04,
    0xFF, 0xFF, 0xD2, 0x00, 0x00, 0x00, 0x00, 0x4D, 0xFF, 0xFB, 0x00, 0x02, 0x00, 0x00, 0x04, 0xFF,
    0xCC, 0xFF, 0x40, 0x0E, 0xE2, 0x00, 0x0D, 0xFA, 0x00, 0x9F, 0xF3, 0x5F, 0xE0, 0x00, 0x1F, 0xF1,
    0x00, 0x0B, 0xFF, 0xFF, 0x70, 0x00, 0x1F, 0xF1, 0x00, 0x00, 0xCF, 0xFF, 0x00, 0x00, 0x0E, 0xF9,
    0x00, 0x01, 0xCF, 0xFF, 0x10, 0x00, 0x05, 0xFF, 0xDA, 0xBF, 0xFF, 0xFF, 0xC0, 0x00, 0x00, 0x5E,
    0xFF, 0xFE, 0x91, 0x2E, 0xFB, 0x00, 0x00, 0x00, 0x24, 0x20, 0x00, 0x00, 0x00, 0x00, 0x1E, 0xE1,
    0x0F, 0xF0, 0x0F, 0xF0, 0x0E, 0xD0, 0x0C, 0xC0, 0x06, 0x60, 0x00, 0x00, 0x00, 0x00, 0x00, 0x00,
    0x00, 0x00, 0x00, 0x00, 0x00, 0x00, 0x00, 0x00, 0x00, 0x00, 0x00, 0x00, 0x00, 0x00, 0x00, 0x00,
    0x00, 0x03, 0x97, 0x00, 0x00, 0x0B, 0xF5, 0x00, 0x00, 0x2F, 0xE0, 0x00, 0x00, 0x8F, 0x80, 0x00,
    0x00, 0xDF, 0x30, 0x00, 0x01, 0xFF, 0x00, 0x00, 0x04, 0xFC, 0x00, 0x00, 0x06, 0xFA, 0x00, 0x00,
    0x07, 0xF9, 0x00, 0x00, 0x08, 0xF8, 0x00, 0x00, 0x07, 0xF9, 0x00, 0x00, 0x05, 0xFB, 0x00, 0x00,
    0x03, 0xFE, 0x00, 0x00, 0x00, 0xFF, 0x10, 0x00, 0x00, 0xBF, 0x60, 0x00, 0x00, 0x5F, 0xB0, 0x00,
    0x00, 0x0E, 0xF2, 0x00, 0x00, 0x07, 0xFA, 0x00, 0x00, 0x00, 0x11, 0x00, 0x29, 0x80, 0x00, 0x00,
    0x0D, 0xF3, 0x00, 0x00, 0x06, 0xFB, 0x00, 0x00, 0x01, 0xFF, 0x10, 0x00, 0x00, 0xBF, 0x50, 0x00,
    0x00, 0x7F, 0x90, 0x00, 0x00, 0x4F, 0xC0, 0x00, 0x00, 0x2F, 0xE0, 0x00, 0x00, 0x1F, 0xF0, 0x00,
    0x00, 0x0F, 0xF0, 0x00, 0x00, 0x1F, 0xF0, 0x00, 0x00, 0x3F, 0xD0, 0x00, 0x00, 0x6F, 0xA0, 0x00,
    0x00, 0x9F, 0x70, 0x00, 0x00, 0xEF, 0x30, 0x00, 0x03, 0xFD, 0x00, 0x00, 0x0A, 0xF7, 0x00, 0x00,
    0x2F, 0xE0, 0x00, 0x00, 0x01, 0x00, 0x00, 0x00, 0x00, 0x04, 0xC2, 0x00, 0x00, 0x02, 0xA4, 0xF2,
    0xB0, 0x00, 0x05, 0xFF, 0xFE, 0xE3, 0x00, 0x00, 0x6F, 0xFF, 0x40, 0x00, 0x07, 0xFB, 0xFB, 0xF4,
    0x00, 0x00, 0x44, 0xF1, 0x50, 0x00, 0x00, 0x02, 0x61, 0x00, 0x00, 0x00, 0x00, 0x00, 0x00, 0x00,
    0x00, 0x00, 0x00, 0x00, 0x00, 0x00, 0x00, 0x00, 0x00, 0x00, 0x00, 0x00, 0x00, 0x00, 0x00, 0x00,
    0x00, 0x00, 0x00, 0x00, 0x00, 0x00, 0x00, 0x00, 0x00, 0x00, 0x00, 0x00, 0x00, 0x00, 0x00, 0x00,
    0x00, 0x00, 0x00, 0x00, 0x00, 0x00, 0x00, 0x00, 0x00, 0x00, 0x00, 0x0E, 0xF3, 0x00, 0x00, 0x00,
    0x00, 0x0E, 0xF3, 0x00, 0x00, 0x00, 0x00, 0x0E, 0xF3, 0x00, 0x00, 0x03, 0x66, 0x6F, 0xF9, 0x66,
    0x50, 0x08, 0xFF, 0xFF, 0xFF, 0xFF, 0xC0, 0x04, 0x99, 0x9F, 0xFC, 0x99, 0x70, 0x00, 0x00, 0x0E,
    0xF3, 0x00, 0x00, 0x00, 0x00, 0x0E, 0xF3, 0x00, 0x00, 0x00, 0x00, 0x0E, 0xF3, 0x00, 0x00, 0x00,
    0x00, 0x03, 0x30, 0x00, 0x00, 0x00, 0x00, 0x00, 0x00, 0x00, 0x00, 0x00, 0x00, 0x00, 0x00, 0x00,
    0x00, 0x01, 0x99, 0x20, 0x04, 0xFF, 0x10, 0x06, 0xFB, 0x00, 0x08, 0xF6, 0x00, 0x0B, 0xF1, 0x00,
    0x03, 0x40, 0x00, 0x2C, 0xCC, 0xCC, 0xCC, 0x40, 0x3F, 0xFF, 0xFF, 0xFF, 0x50, 0x03, 0x33, 0x33,
    0x33, 0x10, 0x00, 0x00, 0x00, 0x00, 0x00, 0x00, 0x00, 0x00, 0x00, 0x00, 0x00, 0x00, 0x00, 0x00,
    0x00, 0x00, 0x00, 0x00, 0x00, 0x00, 0x00, 0x00, 0x00, 0x00, 0x00, 0x00, 0x00, 0x00, 0x00, 0x00,
    0x02, 0x97, 0x00, 0x0A, 0xFF, 0x30, 0x07, 0xFF, 0x10, 0x00, 0x31, 0x00, 0x00, 0x00, 0x09, 0xC4,
    0x00, 0x00, 0x1F, 0xF1, 0x00, 0x00, 0x5F, 0xC0, 0x00, 0x00, 0xAF, 0x70, 0x00, 0x00, 0xFF, 0x20,
    0x00, 0x04, 0xFD, 0x00, 0x00, 0x09, 0xF8, 0x00, 0x00, 0x0E, 0xF3, 0x00, 0x00, 0x3F, 0xE0, 0x00,
    0x00, 0x8F, 0x90, 0x00, 0x00, 0xDF, 0x40, 0x00, 0x02, 0xFF, 0x00, 0x00, 0x07, 0xFA, 0x00, 0x00,
    0x0C, 0xF5, 0x00, 0x00, 0x1F, 0xF0, 0x00, 0x00, 0x00, 0x00, 0x00, 0x00, 0x00, 0x00, 0x00, 0x00,
    0x02, 0xBF, 0xFE, 0x91, 0x00, 0x00, 0x00, 0x3F, 0xFF, 0xFF, 0xFD, 0x10, 0x00, 0x00, 0xDF, 0xD2,
    0x04, 0xFF, 0x90, 0x00, 0x04, 0xFF, 0x20, 0x00, 0x6F, 0xF0, 0x00, 0x09, 0xFB, 0x00, 0x00, 0x0F,
    0xF4, 0x00, 0x0C, 0xF8, 0x00, 0x00, 0x0D, 0xF7, 0x00, 0x0D, 0xF6, 0x00, 0x00, 0x0B, 0xF8, 0x00,
    0x0E, 0xF6, 0x00, 0x00, 0x0A, 0xF9, 0x00, 0x0D, 0xF6, 0x00, 0x00, 0x0B, 0xF9, 0x00, 0x0C, 0xF7,
    0x00, 0x00, 0x0C, 0xF7, 0x00, 0x09, 0xFA, 0x00, 0x00, 0x0F, 0xF5, 0x00, 0x05, 0xFF, 0x10, 0x00,
    0x4F, 0xF1, 0x00, 0x00, 0xEF, 0xA0, 0x01, 0xDF, 0xB0, 0x00, 0x00, 0x5F, 0xFE, 0xCF, 0xFE, 0x20,
    0x00, 0x00, 0x05, 0xEF, 0xFF, 0xC3, 0x00, 0x00, 0x00, 0x00, 0x03, 0x42, 0x00, 0x00, 0x00, 0x00,
    0x04, 0xBC, 0x20, 0x00, 0x04, 0xCF, 0xFF, 0x30, 0x00, 0x0F, 0xFF, 0xFF, 0x30, 0x00, 0x0F, 0x81,
    0xFF, 0x30, 0x00, 0x01, 0x00, 0xFF, 0x30, 0x00, 0x00, 0x00, 0xFF, 0x30, 0x00, 0x00, 0x00, 0xFF,
    0x30, 0x00, 0x00, 0x00, 0xFF, 0x30, 0x00, 0x00, 0x00, 0xFF, 0x30, 0x00, 0x00, 0x00, 0xFF, 0x30,
    0x00, 0x00, 0x00, 0xFF, 0x30, 0x00, 0x00, 0x00, 0xFF, 0x30, 0x00, 0x00, 0x00, 0xFF, 0x30, 0x00,
    0x00, 0x00, 0xFF, 0x30, 0x00, 0x00, 0x00, 0xFF, 0x30, 0x00, 0x00, 0x00, 0x00, 0x00, 0x00, 0x00,
    0x00, 0x19, 0xEF, 0xFB, 0x30, 0x00, 0x02, 0xEF, 0xFF, 0xFF, 0xF4, 0x00, 0x0C, 0xFD, 0x30, 0x2C,
    0xFD, 0x00, 0x04, 0xD1, 0x00, 0x03, 0xFF, 0x20, 0x00, 0x00, 0x00, 0x01, 0xFF, 0x20, 0x00, 0x00,
    0x00, 0x05, 0xFF, 0x00, 0x00, 0x00, 0x00, 0x0D, 0xF9, 0x00, 0x00, 0x00, 0x00, 0xBF, 0xE1, 0x00,
    0x00, 0x00, 0x09, 0xFF, 0x30, 0x00, 0x00, 0x00, 0x8F, 0xF4, 0x00, 0x00, 0x00, 0x07, 0xFF, 0x50,
    0x00, 0x00, 0x00, 0x6F, 0xF6, 0x00, 0x00, 0x00, 0x05, 0xFF, 0x80, 0x00, 0x00, 0x00, 0x0F, 0xFF,
    0xFF, 0xFF, 0xFF, 0x80, 0x1F, 0xFF, 0xFF, 0xFF, 0xFF, 0x80, 0x07, 0xCC, 0xCC, 0xCC, 0xCC, 0x10,
    0x09, 0xFF, 0xFF, 0xFF, 0xFF, 0x20, 0x02, 0x44, 0x44, 0x6F, 0xFA, 0x00, 0x00, 0x00, 0x01, 0xDF,
    0xA0, 0x00, 0x00, 0x00, 0x1D, 0xFA, 0x00, 0x00, 0x00, 0x00, 0xCF, 0xB0, 0x00, 0x00, 0x00, 0x0A,
    0xFF, 0xDB, 0x60, 0x00, 0x00, 0x05, 0xFE, 0xEF, 0xFB, 0x00, 0x00, 0x00, 0x20, 0x05, 0xFF, 0x60,
    0x00, 0x00, 0x00, 0x00, 0x8F, 0xC0, 0x00, 0x00, 0x00, 0x00, 0x5F, 0xE0, 0x02, 0xB0, 0x00, 0x00,
    0x7F, 0xC0, 0x0D, 0xFB, 0x10, 0x03, 0xFF, 0x80, 0x04, 0xFF, 0xFC, 0xCF, 0xFD, 0x10, 0x00, 0x3B,
    0xFF, 0xFF, 0xA1, 0x00, 0x00, 0x00, 0x13, 0x31, 0x00, 0x00, 0x00, 0x00, 0x00, 0xAC, 0xC6, 0x00,
    0x00, 0x00, 0x05, 0xFF, 0xF8, 0x00, 0x00, 0x00, 0x0E, 0xFF, 0xF8, 0x00, 0x00, 0x00, 0x8F, 0xCB,
    0xF8, 0x00, 0x00, 0x01, 0xFF, 0x3B, 0xF8, 0x00, 0x00, 0x0A, 0xFA, 0x0B, 0xF8, 0x00, 0x00, 0x3F,
    0xF1, 0x0B, 0xF8, 0x00, 0x00, 0xCF, 0x70, 0x0B, 0xF8, 0x00, 0x06, 0xFE, 0x00, 0x0B, 0xF8, 0x00,
    0x0E, 0xF7, 0x22, 0x2D, 0xFA, 0x20, 0x6F, 0xFF, 0xFF, 0xFF, 0xFF, 0xF6, 0x6E, 0xEE, 0xEE, 0xEF,
    0xFF, 0xE5, 0x00, 0x00, 0x00, 0x0B, 0xF8, 0x00, 0x00, 0x00, 0x00, 0x0B, 0xF8, 0x00, 0x00, 0x00,
    0x00, 0x0B, 0xF8, 0x00, 0x00, 0xCC, 0xCC, 0xCC, 0xCC, 0x10, 0x00, 0xFF, 0xFF, 0xFF, 0xFF, 0x20,
    0x01, 0xFF, 0x43, 0x33, 0x33, 0x00, 0x02, 0xFF, 0x00, 0x00, 0x00, 0x00, 0x04, 0xFE, 0x00, 0x00,
    0x00, 0x00, 0x05, 0xFD, 0x02, 0x31, 0x00, 0x00, 0x06, 0xFE, 0xDF, 0xFF, 0xC2, 0x00, 0x07, 0xFF,
    0xFC, 0xDF, 0xFE, 0x10, 0x02, 0xBC, 0x10, 0x03, 0xEF, 0x90, 0x00, 0x00, 0x00, 0x00, 0x7F, 0xD0,
    0x00, 0x00, 0x00, 0x00, 0x4F, 0xF0, 0x01, 0xA1, 0x00, 0x00, 0x7F, 0xD0, 0x0C, 0xFC, 0x10, 0x02,
    0xEF, 0x80, 0x03, 0xFF, 0xFC, 0xCF, 0xFD, 0x10, 0x00, 0x3B, 0xFF, 0xFF, 0xA1, 0x00, 0x00, 0x00,
    0x13, 0x31, 0x00, 0x00, 0x00, 0x00, 0x05, 0xCC, 0x20, 0x00, 0x00, 0x00, 0x0E, 0xF9, 0x00, 0x00,
    0x00, 0x00, 0x8F, 0xE1, 0x00, 0x00, 0x00, 0x02, 0xFF, 0x60, 0x00, 0x00, 0x00, 0x0B, 0xFC, 0x00,
    0x00, 0x00, 0x00, 0x4F, 0xF6, 0x65, 0x10, 0x00, 0x00, 0xDF, 0xFF, 0xFF, 0xF8, 0x00, 0x05, 0xFF,
    0xFA, 0x9D, 0xFF, 0x70, 0x0B, 0xFD, 0x10, 0x00, 0xAF, 0xE0, 0x0E, 0xF6, 0x00, 0x00, 0x1F, 0xF3,
    0x0F, 0xF4, 0x00, 0x00, 0x0F, 0xF4, 0x0D, 0xF7, 0x00, 0x00, 0x2F, 0xF2, 0x08, 0xFF, 0x30, 0x01,
    0xCF, 0xC0, 0x00, 0xDF, 0xFD, 0xCF, 0xFF, 0x30, 0x00, 0x1A, 0xFF, 0xFF, 0xC2, 0x00, 0x00, 0x00,
    0x03, 0x31, 0x00, 0x00, 0x5C, 0xCC, 0xCC, 0xCC, 0xCB, 0x00, 0x6F, 0xFF, 0xFF, 0xFF, 0xFE, 0x00,
    0x14, 0x44, 0x44, 0x4D, 0xF9, 0x00, 0x00, 0x00, 0x00, 0x3F, 0xF2, 0x00, 0x00, 0x00, 0x00, 0xAF,
    0xB0, 0x00, 0x00, 0x00, 0x01, 0xFF, 0x40, 0x00, 0x00, 0x00, 0x08, 0xFD, 0x00, 0x00, 0x00, 0x00,
    0x0E, 0xF6, 0x00, 0x00, 0x00, 0x00, 0x6F, 0xE0, 0x00, 0x00, 0x00, 0x00, 0xDF, 0x80, 0x00, 0x00,
    0x00, 0x05, 0xFF, 0x10, 0x00, 0x00, 0x00, 0x0C, 0xFA, 0x00, 0x00, 0x00, 0x00, 0x3F, 0xF3, 0x00,
    0x00, 0x00, 0x00, 0xAF, 0xC0, 0x00, 0x00, 0x00, 0x01, 0xFF, 0x50, 0x00, 0x00, 0x00, 0x00, 0x00,
    0x00, 0x00, 0x00, 0x00, 0x00, 0x00, 0x04, 0xCF, 0xFF, 0xA2, 0x00, 0x00, 0x00, 0x7F, 0xFF, 0xFF,
    0xFF, 0x20, 0x00, 0x01, 0xFF, 0xB1, 0x03, 0xEF, 0xB0, 0x00, 0x04, 0xFF, 0x00, 0x00, 0x5F, 0xF0,
    0x00, 0x03, 0xFF, 0x00, 0x00, 0x4F, 0xE0, 0x00, 0x00, 0xDF, 0x90, 0x01, 0xCF, 0x80, 0x00, 0x00,
    0x2D, 0xFF, 0xEF, 0xFA, 0x00, 0x00, 0x00, 0x1A, 0xFF, 0xFF, 0xF7, 0x00, 0x00, 0x00, 0xDF, 0xB4,
    0x25, 0xDF, 0x90, 0x00, 0x08, 0xFB, 0x00, 0x00, 0x1F, 0xF3, 0x00, 0x0D, 0xF6, 0x00, 0x00, 0x0B,
    0xF8, 0x00, 0x0D, 0xF8, 0x00, 0x00, 0x0D, 0xF8, 0x00, 0x08, 0xFF, 0x40, 0x00, 0x8F, 0xF3, 0x00,
    0x01, 0xDF, 0xFD, 0xCE, 0xFF, 0xA0, 0x00, 0x00, 0x19, 0xFF, 0xFF, 0xE7, 0x00, 0x00, 0x00, 0x00,
    0x03, 0x42, 0x00, 0x00, 0x00, 0x00, 0x00, 0x00, 0x00, 0x00, 0x00, 0x00, 0x07, 0xDF, 0xFD, 0x80,
    0x00, 0x00, 0xCF, 0xFF, 0xFF, 0xFC, 0x00, 0x08, 0xFF, 0x50, 0x05, 0xFF, 0x90, 0x0E, 0xF7, 0x00,
    0x00, 0x6F, 0xF0, 0x1F, 0xF2, 0x00, 0x00, 0x1F, 0xF2, 0x1F, 0xF3, 0x00, 0x00, 0x2F, 0xF1, 0x0D,
    0xFA, 0x00, 0x00, 0xAF, 0xF0, 0x06, 0xFF, 0xB6, 0x6B, 0xFF, 0x90, 0x00, 0x9F, 0xFF, 0xFF, 0xFF,
    0x20, 0x00, 0x03, 0x89, 0x8F, 0xF9, 0x00, 0x00, 0x00, 0x00, 0x7F, 0xE1, 0x00, 0x00, 0x00, 0x02,
    0xFF, 0x60, 0x00, 0x00, 0x00, 0x0B, 0xFD, 0x00, 0x00, 0x00, 0x00, 0x4F, 0xF4, 0x00, 0x00, 0x00,
    0x00, 0xEF, 0xA0, 0x00, 0x00, 0x01, 0x85, 0x00, 0x09, 0xFF, 0x30, 0x08, 0xFF, 0x20, 0x00, 0x42,
    0x00, 0x00, 0x00, 0x00, 0x00, 0x00, 0x00, 0x00, 0x00, 0x00, 0x00, 0x00, 0x00, 0x02, 0x97, 0x00,
    0x0A, 0xFF, 0x30, 0x07, 0xFF, 0x10, 0x00, 0x31, 0x00, 0x00, 0x00, 0x00, 0x01, 0xEF, 0x40, 0x05,
    0xFF, 0x80, 0x01, 0xBC, 0x20, 0x00, 0x00, 0x00, 0x00, 0x00, 0x00, 0x00, 0x00, 0x00, 0x00, 0x00,
    0x00, 0x00, 0x00, 0x00, 0x01, 0x99, 0x20, 0x04, 0xFF, 0x10, 0x06, 0xFB, 0x00, 0x08, 0xF6, 0x00,
    0x0B, 0xF1, 0x00, 0x03, 0x40, 0x00, 0x00, 0x00, 0x00, 0x00, 0x00, 0x00, 0x00, 0x00, 0x00, 0x00,
    0x19, 0xB0, 0x00, 0x00, 0x00, 0x08, 0xFF, 0xC0, 0x00, 0x00, 0x06, 0xEF, 0xFA, 0x20, 0x00, 0x05,
    0xDF, 0xFB, 0x30, 0x00, 0x03, 0xDF, 0xFB, 0x30, 0x00, 0x00, 0x08, 0xFF, 0x50, 0x00, 0x00, 0x00,
    0x04, 0xEF, 0xF9, 0x10, 0x00, 0x00, 0x00, 0x18, 0xFF, 0xF8, 0x10, 0x00, 0x00, 0x00, 0x19, 0xFF,
    0xF7, 0x00, 0x00, 0x00, 0x00, 0x2B, 0xFF, 0xB0, 0x00, 0x00, 0x00, 0x00, 0x3C, 0xC0, 0x00, 0x00,
    0x00, 0x00, 0x00, 0x20, 0x00, 0x00, 0x00, 0x00, 0x00, 0x00, 0x05, 0xAA, 0xAA, 0xAA, 0xAA, 0x80,
    0x08, 0xFF, 0xFF, 0xFF, 0xFF, 0xC0, 0x02, 0x44, 0x44, 0x44, 0x44, 0x30, 0x00, 0x00, 0x00, 0x00,
    0x00, 0x00, 0x00, 0x11, 0x11, 0x11, 0x11, 0x10, 0x08, 0xFF, 0xFF, 0xFF, 0xFF, 0xC0, 0x07, 0xDD,
    0xDD, 0xDD, 0xDD, 0xA0, 0x00, 0x00, 0x00, 0x00, 0x00, 0x00, 0x00, 0x00, 0x00, 0x00, 0x00, 0x00,
    0x00, 0x00, 0x00, 0x00, 0x00, 0x00, 0x00, 0x00, 0x00, 0x00, 0x00, 0x00, 0x00, 0x00, 0x00, 0x00,
    0x00, 0x00, 0x07, 0xB2, 0x00, 0x00, 0x00, 0x00, 0x08, 0xFF, 0xA2, 0x00, 0x00, 0x00, 0x01, 0x8F,
    0xFF, 0x91, 0x00, 0x00, 0x00, 0x01, 0x9F, 0xFF, 0x80, 0x00, 0x00, 0x00, 0x01, 0x9F, 0xFE, 0x60,
    0x00, 0x00, 0x00, 0x02, 0xEF, 0xC0, 0x00, 0x00, 0x00, 0x6E, 0xFF, 0x80, 0x00, 0x00, 0x6E, 0xFF,
    0xA2, 0x00, 0x00, 0x5D, 0xFF, 0xC3, 0x00, 0x00, 0x07, 0xFF, 0xD4, 0x00, 0x00, 0x00, 0x08, 0xE5,
    0x00, 0x00, 0x00, 0x00, 0x02, 0x00, 0x00, 0x00, 0x00, 0x00, 0x00, 0x00, 0x00, 0x00, 0x00, 0x00,
    0x00, 0x00, 0x00, 0x00, 0x00, 0x00, 0x6D, 0xFF, 0xD7, 0x00, 0x0A, 0xFF, 0xFF, 0xFF, 0x80, 0x5F,
    0xF6, 0x00, 0x8F, 0xF1, 0x09, 0x50, 0x00, 0x0F, 0xF3, 0x00, 0x00, 0x00, 0x2F, 0xF1, 0x00, 0x00,
    0x01, 0xDF, 0xA0, 0x00, 0x00, 0x1D, 0xFB, 0x00, 0x00, 0x00, 0xBF, 0xA0, 0x00, 0x00, 0x00, 0xFF,
    0x10, 0x00, 0x00, 0x00, 0xFE, 0x00, 0x00, 0x00, 0x00, 0x55, 0x00, 0x00, 0x00, 0x00, 0x00, 0x00,
    0x00, 0x00, 0x01, 0x98, 0x00, 0x00, 0x00, 0x07, 0xFF, 0x50, 0x00, 0x00, 0x05, 0xFF, 0x30, 0x00,
    0x00, 0x00, 0x22, 0x00, 0x00, 0x00, 0x00, 0x00, 0x00, 0x00, 0x00, 0x00, 0x00, 0x00, 0x00, 0x00,
    0x17, 0xDF, 0xFF, 0xD8, 0x10, 0x00, 0x00, 0x00, 0x05, 0xFF, 0xD9, 0x89, 0xCF, 0xF6, 0x00, 0x00,
    0x00, 0x6F, 0xD3, 0x00, 0x00, 0x03, 0xDF, 0x60, 0x00, 0x02, 0xFD, 0x00, 0x03, 0x20, 0x00, 0x1D,
    0xF1, 0x00, 0x0A, 0xF3, 0x03, 0xEF, 0xFC, 0x7F, 0x14, 0xF8, 0x00, 0x0F, 0xC0, 0x1E, 0xFA, 0x7D,
    0xFF, 0x20, 0xEC, 0x00, 0x2F, 0x80, 0x6F, 0xA0, 0x00, 0xEF, 0x20, 0xCE, 0x00, 0x4F, 0x60, 0x8F,
    0x60, 0x00, 0xBF, 0x20, 0xBE, 0x00, 0x3F, 0x70, 0x6F, 0x90, 0x00, 0xDF, 0x20, 0xEC, 0x00, 0x1F,
    0x90, 0x1F, 0xF8, 0x6B, 0xEF, 0x98, 0xF6, 0x00, 0x0C, 0xF0, 0x05, 0xFF, 0xFE, 0x2A, 0xFF, 0xA0,
    0x00, 0x05, 0xF9, 0x00, 0x04, 0x40, 0x00, 0x22, 0x00, 0x00, 0x00, 0xAF, 0x90, 0x00, 0x00, 0x00,
    0x10, 0x00, 0x00, 0x00, 0x0A, 0xFE, 0x96, 0x45, 0x9F, 0xB0, 0x00, 0x00, 0x00, 0x00, 0x5B, 0xFF,
    0xFF, 0xFB, 0x40, 0x00, 0x00, 0x00, 0x00, 0x00, 0x02, 0x43, 0x00, 0x00, 0x00, 0x00, 0x00, 0x00,
    0x05, 0xCC, 0x10, 0x00, 0x00, 0x00, 0x00, 0x0C, 0xFF, 0x70, 0x00, 0x00, 0x00, 0x00, 0x2F, 0xFF,
    0xD0, 0x00, 0x00, 0x00, 0x00, 0x8F, 0xCF, 0xF3, 0x00, 0x00, 0x00, 0x00, 0xEF, 0x5A, 0xF9, 0x00,
    0x00, 0x00, 0x04, 0xFF, 0x04, 0xFE, 0x00, 0x00, 0x00, 0x0A, 0xF9, 0x00, 0xEF, 0x50, 0x00, 0x00,
    0x0F, 0xF4, 0x00, 0x8F, 0xB0, 0x00, 0x00, 0x6F, 0xFA, 0xAA, 0xDF, 0xF1, 0x00, 0x00, 0xCF, 0xFF,
    0xFF, 0xFF, 0xF7, 0x00, 0x02, 0xFF, 0x96, 0x66, 0x6E, 0xFD, 0x00, 0x08, 0xFC, 0x00, 0x00, 0x01,
    0xFF, 0x30, 0x0D, 0xF7, 0x00, 0x00, 0x00, 0xBF, 0x90, 0x4F, 0xF1, 0x00, 0x00, 0x00, 0x6F, 0xE0,
    0xAF, 0xB0, 0x00, 0x00, 0x00, 0x0F, 0xF5, 0x06, 0xCC, 0xCC, 0xCC, 0xA5, 0x00, 0x00, 0x08, 0xFF,
    0xFF, 0xFF, 0xFF, 0xC0, 0x00, 0x08, 0xFC, 0x44, 0x45, 0x9F, 0xF7, 0x00, 0x08, 0xFB, 0x00, 0x00,
    0x0B, 0xFB, 0x00, 0x08, 0xFB, 0x00, 0x00, 0x09, 0xFB, 0x00, 0x08, 0xFB, 0x00, 0x00, 0x2E, 0xF6,
    0x00, 0x08, 0xFF, 0xBB, 0xBC, 0xFF, 0x90, 0x00, 0x08, 0xFF, 0xFF, 0xFF, 0xFE, 0x80, 0x00, 0x08,
    0xFE, 0x55, 0x55, 0x8E, 0xFB, 0x00, 0x08, 0xFB, 0x00, 0x00, 0x02, 0xFF, 0x40, 0x08, 0xFB, 0x00,
    0x00, 0x00, 0xDF, 0x70, 0x08, 0xFB, 0x00, 0x00, 0x01, 0xFF, 0x60, 0x08, 0xFB, 0x00, 0x01, 0x4C,
    0xFF, 0x20, 0x08, 0xFF, 0xFF, 0xFF, 0xFF, 0xF8, 0x00, 0x08, 0xFF, 0xFF, 0xFF, 0xEB, 0x40, 0x00,
    0x00, 0x00, 0x00, 0x00, 0x00, 0x00, 0x00, 0x00, 0x00, 0x3A, 0xEF, 0xFD, 0x81, 0x00, 0x00, 0x08,
    0xFF, 0xFF, 0xFF, 0xFE, 0x20, 0x00, 0x8F, 0xFA, 0x30, 0x16, 0xEF, 0xE0, 0x02, 0xFF, 0x80, 0x00,
    0x00, 0x1C, 0x40, 0x08, 0xFD, 0x00, 0x00, 0x00, 0x00, 0x00, 0x0D, 0xF7, 0x00, 0x00, 0x00, 0x00,
    0x00, 0x0F, 0xF4, 0x00, 0x00, 0x00, 0x00, 0x00, 0x0F, 0xF3, 0x00, 0x00, 0x00, 0x00, 0x00, 0x0F,
    0xF4, 0x00, 0x00, 0x00, 0x00, 0x00, 0x0D, 0xF7, 0x00, 0x00, 0x00, 0x00, 0x00, 0x09, 0xFC, 0x00,
    0x00, 0x00, 0x00, 0x00, 0x03, 0xFF, 0x60, 0x00, 0x00, 0x09, 0x10, 0x00, 0x9F, 0xF7, 0x00, 0x03,
    0xCF, 0xE0, 0x00, 0x0B, 0xFF, 0xFD, 0xEF, 0xFF, 0x50, 0x00, 0x00, 0x6D, 0xFF, 0xFF, 0xB2, 0x00,
    0x00, 0x00, 0x00, 0x13, 0x31, 0x00, 0x00, 0x06, 0xCC, 0xCC, 0xCB, 0x96, 0x00, 0x00, 0x00, 0x08,
    0xFF, 0xFF, 0xFF, 0xFF, 0xE4, 0x00, 0x00, 0x08, 0xFC, 0x44, 0x45, 0x8E, 0xFF, 0x40, 0x00, 0x08,
    0xFB, 0x00, 0x00, 0x01, 0xCF, 0xE1, 0x00, 0x08, 0xFB, 0x00, 0x00, 0x00, 0x1F, 0xF6, 0x00, 0x08,
    0xFB, 0x00, 0x00, 0x00, 0x0A, 0xFB, 0x00, 0x08, 0xFB, 0x00, 0x00, 0x00, 0x07, 0xFD, 0x00, 0x08,
    0xFB, 0x00, 0x00, 0x00, 0x05, 0xFE, 0x00, 0x08, 0xFB, 0x00, 0x00, 0x00, 0x06, 0xFD, 0x00, 0x08,
    0xFB, 0x00, 0x00, 0x00, 0x09, 0xFB, 0x00, 0x08, 0xFB, 0x00, 0x00, 0x00, 0x0E, 0xF6, 0x00, 0x08,
    0xFB, 0x00, 0x00, 0x00, 0xAF, 0xF1, 0x00, 0x08, 0xFB, 0x11, 0x12, 0x5C, 0xFF, 0x60, 0x00, 0x08,
    0xFF, 0xFF, 0xFF, 0xFF, 0xF6, 0x00, 0x00, 0x08, 0xFF, 0xFF, 0xFE, 0xC8, 0x20, 0x00, 0x00, 0x06,
    0xCC, 0xCC, 0xCC, 0xCC, 0xB0, 0x08, 0xFF, 0xFF, 0xFF, 0xFF, 0xE0, 0x08, 0xFC, 0x44, 0x44, 0x44,
    0x30, 0x08, 0xFB, 0x00, 0x00, 0x00, 0x00, 0x08, 0xFB, 0x00, 0x00, 0x00, 0x00, 0x08, 0xFB, 0x00,
    0x00, 0x00, 0x00, 0x08, 0xFE, 0xAA, 0xAA, 0xAA, 0x50, 0x08, 0xFF, 0xFF, 0xFF, 0xFF, 0x70, 0x08,
    0xFC, 0x55, 0x55, 0x55, 0x20, 0x08, 0xFB, 0x00, 0x00, 0x00, 0x00, 0x08, 0xFB, 0x00, 0x00, 0x00,
    0x00, 0x08, 0xFB, 0x00, 0x00, 0x00, 0x00, 0x08, 0xFB, 0x00, 0x00, 0x00, 0x00, 0x08, 0xFF, 0xFF,
    0xFF, 0xFF, 0xF2, 0x08, 0xFF, 0xFF, 0xFF, 0xFF, 0xF2, 0x06, 0xCC, 0xCC, 0xCC, 0xCC, 0x90, 0x08,
    0xFF, 0xFF, 0xFF, 0xFF, 0xB0, 0x08, 0xFC, 0x44, 0x44, 0x44, 0x30, 0x08, 0xFB, 0x00, 0x00, 0x00,
    0x00, 0x08, 0xFB, 0x00, 0x00, 0x00, 0x00, 0x08, 0xFB, 0x00, 0x00, 0x00, 0x00, 0x08, 0xFC, 0x55,
    0x55, 0x55, 0x10, 0x08, 0xFF, 0xFF, 0xFF, 0xFF, 0x30, 0x08, 0xFE, 0xBB, 0xBB, 0xBB, 0x20, 0x08,
    0xFB, 0x00, 0x00, 0x00, 0x00, 0x08, 0xFB, 0x00, 0x00, 0x00, 0x00, 0x08, 0xFB, 0x00, 0x00, 0x00,
    0x00, 0x08, 0xFB, 0x00, 0x00, 0x00, 0x00, 0x08, 0xFB, 0x00, 0x00, 0x00, 0x00, 0x08, 0xFB, 0x00,
    0x00, 0x00, 0x00, 0x00, 0x00, 0x00, 0x00, 0x00, 0x00, 0x00, 0x00, 0x00, 0x00, 0x4A, 0xEF, 0xFD,
    0x81, 0x00, 0x00, 0x00, 0x09, 0xFF, 0xFF, 0xFF, 0xFE, 0x30, 0x00, 0x00, 0x8F, 0xFA, 0x30, 0x16,
    0xEF, 0xD0, 0x00, 0x02, 0xFF, 0x80, 0x00, 0x00, 0x1B, 0x20, 0x00, 0x08, 0xFD, 0x00, 0x00, 0x00,
    0x00, 0x00, 0x00, 0x0D, 0xF7, 0x00, 0x00, 0x00, 0x00, 0x00, 0x00, 0x0F, 0xF4, 0x00, 0x00, 0x33,
    0x33, 0x31, 0x00, 0x0F, 0xF3, 0x00, 0x01, 0xFF, 0xFF, 0xF6, 0x00, 0x0F, 0xF4, 0x00, 0x01, 0xDD,
    0xDF, 0xF6, 0x00, 0x0E, 0xF6, 0x00, 0x00, 0x00, 0x0C, 0xF6, 0x00, 0x0A, 0xFB, 0x00, 0x00, 0x00,
    0x0C, 0xF6, 0x00, 0x04, 0xFF, 0x40, 0x00, 0x00, 0x0C, 0xF6, 0x00, 0x00, 0xBF, 0xF6, 0x00, 0x01,
    0xAF, 0xF5, 0x00, 0x00, 0x1C, 0xFF, 0xFD, 0xDF, 0xFF, 0x80, 0x00, 0x00, 0x00, 0x8E, 0xFF, 0xFF,
    0xC3, 0x00, 0x00, 0x00, 0x00, 0x00, 0x23, 0x31, 0x00, 0x00, 0x00, 0x06, 0xC8, 0x00, 0x00, 0x00,
    0x0C, 0xC2, 0x00, 0x08, 0xFB, 0x00, 0x00, 0x00, 0x0F, 0xF2, 0x00, 0x08, 0xFB, 0x00, 0x00, 0x00,
    0x0F, 0xF2, 0x00, 0x08, 0xFB, 0x00, 0x00, 0x00, 0x0F, 0xF2, 0x00, 0x08, 0xFB, 0x00, 0x00, 0x00,
    0x0F, 0xF2, 0x00, 0x08, 0xFB, 0x00, 0x00, 0x00, 0x0F, 0xF2, 0x00, 0x08, 0xFF, 0xBB, 0xBB, 0xBB,
    0xCF, 0xF2, 0x00, 0x08, 0xFF, 0xFF, 0xFF, 0xFF, 0xFF, 0xF2, 0x00, 0x08, 0xFF, 0x55, 0x55, 0x55,
    0x6F, 0xF2, 0x00, 0x08, 0xFB, 0x00, 0x00, 0x00, 0x0F, 0xF2, 0x00, 0x08, 0xFB, 0x00, 0x00, 0x00,
    0x0F, 0xF2, 0x00, 0x08, 0xFB, 0x00, 0x00, 0x00, 0x0F, 0xF2, 0x00, 0x08, 0xFB, 0x00, 0x00, 0x00,
    0x0F, 0xF2, 0x00, 0x08, 0xFB, 0x00, 0x00, 0x00, 0x0F, 0xF2, 0x00, 0x08, 0xFB, 0x00, 0x00, 0x00,
    0x0F, 0xF2, 0x00, 0x06, 0xC8, 0x00, 0x08, 0xFB, 0x00, 0x08, 0xFB, 0x00, 0x08, 0xFB, 0x00, 0x08,
    0xFB, 0x00, 0x08, 0xFB, 0x00, 0x08, 0xFB, 0x00, 0x08, 0xFB, 0x00, 0x08, 0xFB, 0x00, 0x08, 0xFB,
    0x00, 0x08, 0xFB, 0x00, 0x08, 0xFB, 0x00, 0x08, 0xFB, 0x00, 0x08, 0xFB, 0x00, 0x08, 0xFB, 0x00,
    0x00, 0x00, 0x00, 0xAC, 0x40, 0x00, 0x00, 0x00, 0xDF, 0x60, 0x00, 0x00, 0x00, 0xDF, 0x60, 0x00,
    0x00, 0x00, 0xDF, 0x60, 0x00, 0x00, 0x00, 0xDF, 0x60, 0x00, 0x00, 0x00, 0xDF, 0x60, 0x00, 0x00,
    0x00, 0xDF, 0x60, 0x00, 0x00, 0x00, 0xDF, 0x60, 0x00, 0x00, 0x00, 0xDF, 0x60, 0x00, 0x00, 0x00,
    0xDF, 0x60, 0x00, 0x00, 0x00, 0xDF, 0x60, 0x04, 0x10, 0x00, 0xEF, 0x50, 0x7F, 0xB0, 0x05, 0xFF,
    0x30, 0x4F, 0xFF, 0xDF, 0xFC, 0x00, 0x05, 0xEF, 0xFF, 0xC1, 0x00, 0x00, 0x02, 0x42, 0x00, 0x00,
    0x06, 0xC8, 0x00, 0x00, 0x03, 0xCC, 0x50, 0x08, 0xFB, 0x00, 0x00, 0x3F, 0xF9, 0x00, 0x08, 0xFB,
    0x00, 0x02, 0xEF, 0xA0, 0x00, 0x08, 0xFB, 0x00, 0x1E, 0xFA, 0x00, 0x00, 0x08, 0xFB, 0x01, 0xDF,
    0xB0, 0x00, 0x00, 0x08, 0xFB, 0x0C, 0xFC, 0x00, 0x00, 0x00, 0x08, 0xFB, 0xBF, 0xF7, 0x00, 0x00,
    0x00, 0x08, 0xFF, 0xFF, 0xFF, 0x20, 0x00, 0x00, 0x08, 0xFF, 0xD2, 0xEF, 0xC0, 0x00, 0x00, 0x08,
    0xFF, 0x20, 0x4F, 0xF7, 0x00, 0x00, 0x08, 0xFC, 0x00, 0x09, 0xFF, 0x20, 0x00, 0x08, 0xFB, 0x00,
    0x00, 0xDF, 0xD0, 0x00, 0x08, 0xFB, 0x00, 0x00, 0x3F, 0xF8, 0x00, 0x08, 0xFB, 0x00, 0x00, 0x08,
    0xFF, 0x30, 0x08, 0xFB, 0x00, 0x00, 0x00, 0xDF, 0xE0, 0x06, 0xC8, 0x00, 0x00, 0x00, 0x00, 0x08,
    0xFB, 0x00, 0x00, 0x00, 0x00, 0x08, 0xFB, 0x00, 0x00, 0x00, 0x00, 0x08, 0xFB, 0x00, 0x00, 0x00,
    0x00, 0x08, 0xFB, 0x00, 0x00, 0x00, 0x00, 0x08, 0xFB, 0x00, 0x00, 0x00, 0x00, 0x08, 0xFB, 0x00,
    0x00, 0x00, 0x00, 0x08, 0xFB, 0x00, 0x00, 0x00, 0x00, 0x08, 0xFB, 0x00, 0x00, 0x00, 0x00, 0x08,
    0xFB, 0x00, 0x00, 0x00, 0x00, 0x08, 0xFB, 0x00, 0x00, 0x00, 0x00, 0x08, 0xFB, 0x00, 0x00, 0x00,
    0x00, 0x08, 0xFB, 0x00, 0x00, 0x00, 0x00, 0x08, 0xFF, 0xFF, 0xFF, 0xFF, 0xF0, 0x08, 0xFF, 0xFF,
    0xFF, 0xFF, 0xF0, 0x06, 0xCA, 0x00, 0x00, 0x00, 0x00, 0x01, 0xCC, 0x30, 0x08, 0xFF, 0x60, 0x00,
    0x00, 0x00, 0x0A, 0xFF, 0x40, 0x08, 0xFF, 0xF1, 0x00, 0x00, 0x00, 0x4F, 0xFF, 0x40, 0x08, 0xFF,
    0xFA, 0x00, 0x00, 0x00, 0xDF, 0xFF, 0x40, 0x08, 0xFD, 0xFF, 0x40, 0x00, 0x08, 0xFD, 0xEF, 0x40,
    0x08, 0xFA, 0x8F, 0xD0, 0x00, 0x2F, 0xF4, 0xEF, 0x40, 0x08, 0xFA, 0x0D, 0xF8, 0x00, 0xBF, 0xA0,
    0xEF, 0x40, 0x08, 0xFA, 0x04, 0xFF, 0x25, 0xFE, 0x10, 0xEF, 0x40, 0x08, 0xFA, 0x00, 0xAF, 0xCE,
    0xF6, 0x00, 0xEF, 0x40, 0x08, 0xFA, 0x00, 0x1F, 0xFF, 0xC0, 0x00, 0xEF, 0x40, 0x08, 0xFA, 0x00,
    0x06, 0xFF, 0x20, 0x00, 0xEF, 0x40, 0x08, 0xFA, 0x00, 0x00, 0x64, 0x00, 0x00, 0xEF, 0x40, 0x08,
    0xFA, 0x00, 0x00, 0x00, 0x00, 0x00, 0xEF, 0x40, 0x08, 0xFA, 0x00, 0x00, 0x00, 0x00, 0x00, 0xEF,
    0x40, 0x08, 0xFA, 0x00, 0x00, 0x00, 0x00, 0x00, 0xEF, 0x40, 0x06, 0xCA, 0x00, 0x00, 0x00, 0x0B,
    0xC3, 0x00, 0x08, 0xFF, 0x70, 0x00, 0x00, 0x0E, 0xF4, 0x00, 0x08, 0xFF, 0xF2, 0x00, 0x00, 0x0E,
    0xF4, 0x00, 0x08, 0xFF, 0xFD, 0x00, 0x00, 0x0E, 0xF4, 0x00, 0x08, 0xFB, 0xEF, 0x80, 0x00, 0x0E,
    0xF4, 0x00, 0x08, 0xFA, 0x5F, 0xF3, 0x00, 0x0E, 0xF4, 0x00, 0x08, 0xFA, 0x0A, 0xFD, 0x00, 0x0E,
    0xF4, 0x00, 0x08, 0xFA, 0x00, 0xEF, 0x90, 0x0E, 0xF4, 0x00, 0x08, 0xFA, 0x00, 0x4F, 0xF4, 0x0E,
    0xF4, 0x00, 0x08, 0xFA, 0x00, 0x09, 0xFE, 0x1E, 0xF4, 0x00, 0x08, 0xFA, 0x00, 0x00, 0xDF, 0xAE,
    0xF4, 0x00, 0x08, 0xFA, 0x00, 0x00, 0x3F, 0xFF, 0xF4, 0x00, 0x08, 0xFA, 0x00, 0x00, 0x08, 0xFF,
    0xF4, 0x00, 0x08, 0xFA, 0x00, 0x00, 0x00, 0xCF, 0xF4, 0x00, 0x08, 0xFA, 0x00, 0x00, 0x00, 0x2F,
    0xF4, 0x00, 0x00, 0x00, 0x00, 0x00, 0x00, 0x00, 0x00, 0x00, 0x00, 0x00, 0x4B, 0xEF, 0xFD, 0x81,
    0x00, 0x00, 0x00, 0x0A, 0xFF, 0xFF, 0xFF, 0xFE, 0x30, 0x00, 0x00, 0x9F, 0xF9, 0x30, 0x16, 0xEF,
    0xF1, 0x00, 0x03, 0xFF, 0x70, 0x00, 0x00, 0x1E, 0xFA, 0x00, 0x09, 0xFD, 0x00, 0x00, 0x00, 0x06,
    0xFF, 0x00, 0x0D, 0xF7, 0x00, 0x00, 0x00, 0x00, 0xFF, 0x50, 0x0F, 0xF4, 0x00, 0x00, 0x00, 0x00,
    0xDF, 0x60, 0x0F, 0xF3, 0x00, 0x00, 0x00, 0x00, 0xCF, 0x80, 0x0F, 0xF4, 0x00, 0x00, 0x00, 0x00,
    0xDF, 0x70, 0x0E, 0xF6, 0x00, 0x00, 0x00, 0x00, 0xFF, 0x50, 0x0A, 0xFB, 0x00, 0x00, 0x00, 0x04,
    0xFF, 0x10, 0x04, 0xFF, 0x40, 0x00, 0x00, 0x0D, 0xFC, 0x00, 0x00, 0xBF, 0xF6, 0x00, 0x02, 0xCF,
    0xF3, 0x00, 0x00, 0x1C, 0xFF, 0xFD, 0xEF, 0xFF, 0x60, 0x00, 0x00, 0x00, 0x8E, 0xFF, 0xFF, 0xB3,
    0x00, 0x00, 0x00, 0x00, 0x00, 0x23, 0x31, 0x00, 0x00, 0x00, 0x06, 0xCC, 0xCC, 0xCC, 0x94, 0x00,
    0x00, 0x08, 0xFF, 0xFF, 0xFF, 0xFF, 0xA0, 0x00, 0x08, 0xFC, 0x44, 0x45, 0xBF, 0xF7, 0x00, 0x08,
    0xFB, 0x00, 0x00, 0x09, 0xFE, 0x00, 0x08, 0xFB, 0x00, 0x00, 0x04, 0xFF, 0x00, 0x08, 0xFB, 0x00,
    0x00, 0x04, 0xFF, 0x00, 0x08, 0xFB, 0x00, 0x00, 0x0B, 0xFD, 0x00, 0x08, 0xFF, 0x66, 0x68, 0xDF,
    0xF6, 0x00, 0x08, 0xFF, 0xFF, 0xFF, 0xFF, 0x90, 0x00, 0x08, 0xFF, 0xAA, 0xA9, 0x72, 0x00, 0x00,
    0x08, 0xFB, 0x00, 0x00, 0x00, 0x00, 0x00, 0x08, 0xFB, 0x00, 0x00, 0x00, 0x00, 0x00, 0x08, 0xFB,
    0x00, 0x00, 0x00, 0x00, 0x00, 0x08, 0xFB, 0x00, 0x00, 0x00, 0x00, 0x00, 0x08, 0xFB, 0x00, 0x00,
    0x00, 0x00, 0x00, 0x00, 0x00, 0x00, 0x00, 0x00, 0x00, 0x00, 0x00, 0x00, 0x00, 0x4B, 0xEF, 0xFD,
    0x71, 0x00, 0x00, 0x00, 0x0A, 0xFF, 0xFF, 0xFF, 0xFE, 0x30, 0x00, 0x00, 0x9F, 0xF9, 0x30, 0x16,
    0xEF, 0xF1, 0x00, 0x03, 0xFF, 0x70, 0x00, 0x00, 0x1E, 0xFA, 0x00, 0x09, 0xFD, 0x00, 0x00, 0x00,
    0x06, 0xFF, 0x00, 0x0D, 0xF7, 0x00, 0x00, 0x00, 0x00, 0xFF, 0x50, 0x0F, 0xF4, 0x00, 0x00, 0x00,
    0x00, 0xDF, 0x60, 0x0F, 0xF3, 0x00, 0x00, 0x00, 0x00, 0xCF, 0x80, 0x0F, 0xF4, 0x00, 0x00, 0x00,
    0x00, 0xDF, 0x70, 0x0E, 0xF6, 0x00, 0x00, 0x00, 0x00, 0xFF, 0x50, 0x0A, 0xFB, 0x00, 0x00, 0x2D,
    0x54, 0xFF, 0x10, 0x04, 0xFF, 0x40, 0x00, 0x9F, 0xFF, 0xFC, 0x00, 0x00, 0xBF, 0xF6, 0x00, 0x0F,
    0xFF, 0xF3, 0x00, 0x00, 0x1D, 0xFF, 0xFD, 0xEF, 0xFF, 0xF1, 0x00, 0x00, 0x00, 0x8E, 0xFF, 0xFF,
    0xEF, 0xFC, 0x00, 0x00, 0x00, 0x00, 0x23, 0x31, 0x04, 0xFF, 0x40, 0x00, 0x00, 0x00, 0x00, 0x00,
    0x00, 0x65, 0x00, 0x06, 0xCC, 0xCC, 0xCB, 0x93, 0x00, 0x00, 0x08, 0xFF, 0xFF, 0xFF, 0xFF, 0x90,
    0x00, 0x08, 0xFC, 0x44, 0x45, 0xBF, 0xF5, 0x00, 0x08, 0xFB, 0x00, 0x00, 0x0B, 0xFB, 0x00, 0x08,
    0xFB, 0x00, 0x00, 0x06, 0xFD, 0x00, 0x08, 0xFB, 0x00, 0x00, 0x08, 0xFC, 0x00, 0x08, 0xFB, 0x00,
    0x00, 0x6F, 0xF8, 0x00, 0x08, 0xFF, 0xFF, 0xFF, 0xFF, 0xD1, 0x00, 0x08, 0xFF, 0xFF, 0xFF, 0xF9,
    0x10, 0x00, 0x08, 0xFC, 0x11, 0x4F, 0xF3, 0x00, 0x00, 0x08, 0xFB, 0x00, 0x09, 0xFD, 0x00, 0x00,
    0x08, 0xFB, 0x00, 0x01, 0xFF, 0x70, 0x00, 0x08, 0xFB, 0x00, 0x00, 0x7F, 0xF1, 0x00, 0x08, 0xFB,
    0x00, 0x00, 0x0D, 0xFA, 0x00, 0x08, 0xFB, 0x00, 0x00, 0x04, 0xFF, 0x40, 0x00, 0x00, 0x00, 0x00,
    0x00, 0x00, 0x00, 0x08, 0xDF, 0xFE, 0xA2, 0x00, 0x01, 0xDF, 0xFF, 0xFF, 0xFF, 0x50, 0x0A, 0xFE,
    0x50, 0x03, 0xBF, 0xF2, 0x0F, 0xF5, 0x00, 0x00, 0x09, 0x40, 0x0F, 0xF4, 0x00, 0x00, 0x00, 0x00,
    0x0D, 0xFC, 0x10, 0x00, 0x00, 0x00, 0x04, 0xFF, 0xFB, 0x61, 0x00, 0x00, 0x00, 0x3B, 0xFF, 0xFF,
    0xC4, 0x00, 0x00, 0x00, 0x16, 0xBF, 0xFF, 0x80, 0x00, 0x00, 0x00, 0x01, 0xAF, 0xF2, 0x00, 0x00,
    0x00, 0x00, 0x0D, 0xF6, 0x06, 0x90, 0x00, 0x00, 0x0D, 0xF6, 0x3F, 0xFA, 0x10, 0x00, 0x7F, 0xF3,
    0x06, 0xFF, 0xFC, 0xCE, 0xFF, 0x90, 0x00, 0x4C, 0xFF, 0xFF, 0xE6, 0x00, 0x00, 0x00, 0x13, 0x32,
    0x00, 0x00, 0x6C, 0xCC, 0xCC, 0xCC, 0xCC, 0xC9, 0x8F, 0xFF, 0xFF, 0xFF, 0xFF, 0xFC, 0x24, 0x44,
    0x4F, 0xF7, 0x44, 0x43, 0x00, 0x00, 0x0F, 0xF3, 0x00, 0x00, 0x00, 0x00, 0x0F, 0xF3, 0x00, 0x00,
    0x00, 0x00, 0x0F, 0xF3, 0x00, 0x00, 0x00, 0x00, 0x0F, 0xF3, 0x00, 0x00, 0x00, 0x00, 0x0F, 0xF3,
    0x00, 0x00, 0x00, 0x00, 0x0F, 0xF3, 0x00, 0x00, 0x00, 0x00, 0x0F, 0xF3, 0x00, 0x00, 0x00, 0x00,
    0x0F, 0xF3, 0x00, 0x00, 0x00, 0x00, 0x0F, 0xF3, 0x00, 0x00, 0x00, 0x00, 0x0F, 0xF3, 0x00, 0x00,
    0x00, 0x00, 0x0F, 0xF3, 0x00, 0x00, 0x00, 0x00, 0x0F, 0xF3, 0x00, 0x00, 0x06, 0xC8, 0x00, 0x00,
    0x00, 0x5C, 0x90, 0x08, 0xFB, 0x00, 0x00, 0x00, 0x7F, 0xC0, 0x08, 0xFB, 0x00, 0x00, 0x00, 0x7F,
    0xC0, 0x08, 0xFB, 0x00, 0x00, 0x00, 0x7F, 0xC0, 0x08, 0xFB, 0x00, 0x00, 0x00, 0x7F, 0xC0, 0x08,
    0xFB, 0x00, 0x00, 0x00, 0x7F, 0xC0, 0x08, 0xFB, 0x00, 0x00, 0x00, 0x7F, 0xC0, 0x08, 0xFB, 0x00,
    0x00, 0x00, 0x7F, 0xC0, 0x08, 0xFB, 0x00, 0x00, 0x00, 0x7F, 0xC0, 0x08, 0xFB, 0x00, 0x00, 0x00,
    0x8F, 0xB0, 0x06, 0xFD, 0x00, 0x00, 0x00, 0xAF, 0xA0, 0x03, 0xFF, 0x30, 0x00, 0x01, 0xEF, 0x70,
    0x00, 0xDF, 0xD2, 0x00, 0x1B, 0xFF, 0x10, 0x00, 0x2F, 0xFF, 0xDD, 0xFF, 0xF5, 0x00, 0x00, 0x02,
    0xBF, 0xFF, 0xFC, 0x40, 0x00, 0x00, 0x00, 0x01, 0x33, 0x10, 0x00, 0x00, 0x8C, 0x90, 0x00, 0x00,
    0x00, 0x0B, 0xC5, 0x4F, 0xF1, 0x00, 0x00, 0x00, 0x4F, 0xF1, 0x0E, 0xF6, 0x00, 0x00, 0x00, 0xAF,
    0xB0, 0x08, 0xFC, 0x00, 0x00, 0x00, 0xFF, 0x50, 0x02, 0xFF, 0x20, 0x00, 0x05, 0xFE, 0x00, 0x00,
    0xCF, 0x80, 0x00, 0x0B, 0xF9, 0x00, 0x00, 0x6F, 0xD0, 0x00, 0x1F, 0xF3, 0x00, 0x00, 0x1F, 0xF3,
    0x00, 0x7F, 0xD0, 0x00, 0x00, 0x0A, 0xF9, 0x00, 0xDF, 0x70, 0x00, 0x00, 0x04, 0xFE, 0x02, 0xFF,
    0x10, 0x00, 0x00, 0x00, 0xEF, 0x58, 0xFB, 0x00, 0x00, 0x00, 0x00, 0x8F, 0xBE, 0xF5, 0x00, 0x00,
    0x00, 0x00, 0x2F, 0xFF, 0xE0, 0x00, 0x00, 0x00, 0x00, 0x0D, 0xFF, 0x90, 0x00, 0x00, 0x00, 0x00,
    0x07, 0xFF, 0x30, 0x00, 0x00, 0x7C, 0x80, 0x00, 0x00, 0x3C, 0xC3, 0x00, 0x00, 0x07, 0xC8, 0x5F,
    0xE0, 0x00, 0x00, 0x8F, 0xF8, 0x00, 0x00, 0x0D, 0xF6, 0x1F, 0xF2, 0x00, 0x00, 0xDF, 0xFD, 0x00,
    0x00, 0x2F, 0xF1, 0x0C, 0xF7, 0x00, 0x01, 0xFF, 0xFF, 0x10, 0x00, 0x6F, 0xD0, 0x08, 0xFB, 0x00,
    0x06, 0xFA, 0xAF, 0x60, 0x00, 0xAF, 0x80, 0x03, 0xFF, 0x00, 0x0A, 0xF5, 0x5F, 0xB0, 0x00, 0xEF,
    0x40, 0x00, 0xFF, 0x40, 0x0E, 0xF1, 0x1F, 0xF0, 0x03, 0xFF, 0x00, 0x00, 0xBF, 0x80, 0x3F, 0xC0,
    0x0C, 0xF4, 0x07, 0xFB, 0x00, 0x00, 0x6F, 0xC0, 0x8F, 0x70, 0x07, 0xF8, 0x0B, 0xF6, 0x00, 0x00,
    0x2F, 0xF1, 0xCF, 0x20, 0x02, 0xFD, 0x0F, 0xF2, 0x00, 0x00, 0x0D, 0xF6, 0xFD, 0x00, 0x00, 0xDF,
    0x6F, 0xE0, 0x00, 0x00, 0x09, 0xFE, 0xF9, 0x00, 0x00, 0x9F, 0xEF, 0x90, 0x00, 0x00, 0x05, 0xFF,
    0xF4, 0x00, 0x00, 0x4F, 0xFF, 0x50, 0x00, 0x00, 0x00, 0xFF, 0xF0, 0x00, 0x00, 0x0F, 0xFF, 0x00,
    0x00, 0x00, 0x00, 0xCF, 0xA0, 0x00, 0x00, 0x0A, 0xFC, 0x00, 0x00, 0x1C, 0xC7, 0x00, 0x00, 0x02,
    0xCC, 0x50, 0x07, 0xFF, 0x20, 0x00, 0x0B, 0xFD, 0x00, 0x00, 0xCF, 0xC0, 0x00, 0x5F, 0xF3, 0x00,
    0x00, 0x2F, 0xF7, 0x01, 0xEF, 0x70, 0x00, 0x00, 0x06, 0xFF, 0x29, 0xFC, 0x00, 0x00, 0x00, 0x00,
    0xBF, 0xFF, 0xF2, 0x00, 0x00, 0x00, 0x00, 0x1F, 0xFF, 0x70, 0x00, 0x00, 0x00, 0x00, 0x0F, 0xFF,
    0x20, 0x00, 0x00, 0x00, 0x00, 0x7F, 0xFF, 0xC0, 0x00, 0x00, 0x00, 0x02, 0xFF, 0x7F, 0xF7, 0x00,
    0x00, 0x00, 0x0B, 0xFB, 0x07, 0xFF, 0x20, 0x00, 0x00, 0x6F, 0xF2, 0x00, 0xDF, 0xC0, 0x00, 0x01,
    0xFF, 0x80, 0x00, 0x3F, 0xF6, 0x00, 0x0B, 0xFE, 0x00, 0x00, 0x09, 0xFF, 0x10, 0x5F, 0xF5, 0x00,
    0x00, 0x00, 0xEF, 0xB0, 0x8C, 0xB0, 0x00, 0x00, 0x00, 0xCC, 0x60, 0x2F, 0xF6, 0x00, 0x00, 0x08,
    0xFE, 0x10, 0x08, 0xFE, 0x00, 0x00, 0x1F, 0xF6, 0x00, 0x00, 0xEF, 0x70, 0x00, 0x9F, 0xD0, 0x00,
    0x00, 0x5F, 0xF1, 0x02, 0xFF, 0x40, 0x00, 0x00, 0x0C, 0xF9, 0x0A, 0xFA, 0x00, 0x00, 0x00, 0x03,
    0xFF, 0x5F, 0xF1, 0x00, 0x00, 0x00, 0x00, 0x9F, 0xFF, 0x70, 0x00, 0x00, 0x00, 0x00, 0x1F, 0xFE,
    0x00, 0x00, 0x00, 0x00, 0x00, 0x0A, 0xF8, 0x00, 0x00, 0x00, 0x00, 0x00, 0x0A, 0xF8, 0x00, 0x00,
    0x00, 0x00, 0x00, 0x0A, 0xF8, 0x00, 0x00, 0x00, 0x00, 0x00, 0x0A, 0xF8, 0x00, 0x00, 0x00, 0x00,
    0x00, 0x0A, 0xF8, 0x00, 0x00, 0x00, 0x00, 0x00, 0x0A, 0xF8, 0x00, 0x00, 0x00, 0x1C, 0xCC, 0xCC,
    0xCC, 0xCC, 0xC3, 0x2F, 0xFF, 0xFF, 0xFF, 0xFF, 0xF3, 0x04, 0x44, 0x44, 0x44, 0xEF, 0xC0, 0x00,
    0x00, 0x00, 0x08, 0xFF, 0x20, 0x00, 0x00, 0x00, 0x3F, 0xF6, 0x00, 0x00, 0x00, 0x00, 0xDF, 0xB0,
    0x00, 0x00, 0x00, 0x09, 0xFE, 0x10, 0x00, 0x00, 0x00, 0x5F, 0xF5, 0x00, 0x00, 0x00, 0x01, 0xEF,
    0xA0, 0x00, 0x00, 0x00, 0x0B, 0xFE, 0x00, 0x00, 0x00, 0x00, 0x6F, 0xF4, 0x00, 0x00, 0x00, 0x02,
    0xFF, 0x80, 0x00, 0x00, 0x00, 0x0C, 0xFD, 0x11, 0x11, 0x11, 0x10, 0x5F, 0xFF, 0xFF, 0xFF, 0xFF,
    0xF9, 0x6F, 0xFF, 0xFF, 0xFF, 0xFF, 0xF9, 0x00, 0x89, 0x99, 0x70, 0x00, 0xEF, 0xFF, 0xD0, 0x00,
    0xEF, 0x53, 0x20, 0x00, 0xEF, 0x20, 0x00, 0x00, 0xEF, 0x20, 0x00, 0x00, 0xEF, 0x20, 0x00, 0x00,
    0xEF, 0x20, 0x00, 0x00, 0xEF, 0x20, 0x00, 0x00, 0xEF, 0x20, 0x00, 0x00, 0xEF, 0x20, 0x00, 0x00,
    0xEF, 0x20, 0x00, 0x00, 0xEF, 0x20, 0x00, 0x00, 0xEF, 0x20, 0x00, 0x00, 0xEF, 0x20, 0x00, 0x00,
    0xEF, 0x20, 0x00, 0x00, 0xEF, 0x20, 0x00, 0x00, 0xEF, 0xCC, 0x90, 0x00, 0xEF, 0xFF, 0xD0, 0x00,
    0x11, 0x11, 0x10, 0x9C, 0x50, 0x00, 0x00, 0x7F, 0xB0, 0x00, 0x00, 0x2F, 0xF0, 0x00, 0x00, 0x0D,
    0xF5, 0x00, 0x00, 0x08, 0xFA, 0x00, 0x00, 0x03, 0xFE, 0x00, 0x00, 0x00, 0xEF, 0x40, 0x00, 0x00,
    0x9F, 0x90, 0x00, 0x00, 0x4F, 0xE0, 0x00, 0x00, 0x0E, 0xF3, 0x00, 0x00, 0x0A, 0xF8, 0x00, 0x00,
    0x05, 0xFD, 0x00, 0x00, 0x00, 0xFF, 0x20, 0x00, 0x00, 0xBF, 0x70, 0x00, 0x00, 0x6F, 0xC0, 0x79,
    0x99, 0x90, 0x00, 0xCF, 0xFF, 0xF0, 0x00, 0x23, 0x4F, 0xF0, 0x00, 0x00, 0x1F, 0xF0, 0x00, 0x00,
    0x1F, 0xF0, 0x00, 0x00, 0x1F, 0xF0, 0x00, 0x00, 0x1F, 0xF0, 0x00, 0x00, 0x1F, 0xF0, 0x00, 0x00,
    0x1F, 0xF0, 0x00, 0x00, 0x1F, 0xF0, 0x00, 0x00, 0x1F, 0xF0, 0x00, 0x00, 0x1F, 0xF0, 0x00, 0x00,
    0x1F, 0xF0, 0x00, 0x00, 0x1F, 0xF0, 0x00, 0x00, 0x1F, 0xF0, 0x00, 0x00, 0x1F, 0xF0, 0x00, 0x9C,
    0xCF, 0xF0, 0x00, 0xCF, 0xFF, 0xF0, 0x00, 0x01, 0x11, 0x10, 0x00, 0x00, 0x02, 0x32, 0x00, 0x00,
    0x00, 0x0E, 0xFE, 0x00, 0x00, 0x00, 0x7F, 0xDF, 0x80, 0x00, 0x01, 0xFE, 0x1E, 0xF2, 0x00, 0x09,
    0xF5, 0x05, 0xFA, 0x00, 0x3F, 0xC0, 0x00, 0xCF, 0x30, 0x12, 0x10, 0x00, 0x02, 0x10, 0x00, 0x00,
    0x00, 0x00, 0x00, 0x00, 0x00, 0x00, 0x00, 0x00, 0x00, 0x00, 0x00, 0x00, 0x00, 0x00, 0x00, 0x00,
    0x00, 0x00, 0x00, 0x00, 0x00, 0x00, 0x00, 0x00, 0x00, 0x00, 0x00, 0x00, 0x00, 0x00, 0x00, 0x00,
    0x00, 0x00, 0x00, 0x00, 0x00, 0x00, 0x00, 0x00, 0x00, 0x00, 0x00, 0x00, 0x00, 0x00, 0x00, 0x00,
    0x00, 0x00, 0x00, 0x00, 0x00, 0xAA, 0xAA, 0xAA, 0xAA, 0xA1, 0xFF, 0xFF, 0xFF, 0xFF, 0xF1, 0x44,
    0x44, 0x44, 0x44, 0x40, 0x06, 0x60, 0x00, 0x4F, 0xF2, 0x00, 0x08, 0xFB, 0x00, 0x00, 0x7E, 0x20,
    0x00, 0x00, 0x00, 0x00, 0x00, 0x00, 0x00, 0x00, 0x00, 0x00, 0x00, 0x00, 0x00, 0x00, 0x00, 0x00,
    0x00, 0x00, 0x00, 0x00, 0x00, 0x00, 0x00, 0x00, 0x00, 0x00, 0x00, 0x00, 0x00, 0x00, 0x00, 0x00,
    0x00, 0x00, 0x00, 0x00, 0x00, 0x00, 0x00, 0x00, 0x00, 0x00, 0x00, 0x3B, 0xFF, 0xE9, 0x00, 0x00,
    0x04, 0xFF, 0xED, 0xFF, 0xC0, 0x00, 0x01, 0xB6, 0x00, 0x2E, 0xF5, 0x00, 0x00, 0x00, 0x00, 0x09,
    0xF9, 0x00, 0x00, 0x02, 0x68, 0x8C, 0xFA, 0x00, 0x01, 0xBF, 0xFF, 0xFF, 0xFA, 0x00, 0x0C, 0xFE,
    0x86, 0x5A, 0xFA, 0x00, 0x2F, 0xF1, 0x00, 0x09, 0xFA, 0x00, 0x3F, 0xF1, 0x00, 0x2E, 0xFA, 0x00,
    0x0E, 0xFE, 0x9B, 0xFD, 0xFA, 0x00, 0x04, 0xEF, 0xFF, 0x88, 0xFA, 0x00, 0x00, 0x03, 0x31, 0x00,
    0x00, 0x00, 0x08, 0xC5, 0x00, 0x00, 0x00, 0x00, 0x0B, 0xF6, 0x00, 0x00, 0x00, 0x00, 0x0B, 0xF6,
    0x00, 0x00, 0x00, 0x00, 0x0B, 0xF6, 0x00, 0x00, 0x00, 0x00, 0x0B, 0xF6, 0x4C, 0xFF, 0xA1, 0x00,
    0x0B, 0xFB, 0xFF, 0xFF, 0xFD, 0x10, 0x0B, 0xFF, 0xA1, 0x05, 0xFF, 0x90, 0x0B, 0xFD, 0x00, 0x00,
    0x6F, 0xF0, 0x0B, 0xF7, 0x00, 0x00, 0x1F, 0xF2, 0x0B, 0xF5, 0x00, 0x00, 0x0F, 0xF3, 0x0B, 0xF6,
    0x00, 0x00, 0x0F, 0xF2, 0x0B, 0xFB, 0x00, 0x00, 0x5F, 0xF0, 0x0B, 0xFF, 0x60, 0x02, 0xEF, 0x90,
    0x0B, 0xFD, 0xFD, 0xCF, 0xFE, 0x10, 0x0B, 0xF6, 0x8F, 0xFF, 0xD3, 0x00, 0x00, 0x00, 0x01, 0x32,
    0x00, 0x00, 0x00, 0x00, 0x00, 0x00, 0x00, 0x00, 0x00, 0x07, 0xDF, 0xFC, 0x40, 0x00, 0x00, 0xBF,
    0xFF, 0xFF, 0xF6, 0x00, 0x07, 0xFF, 0x50, 0x08, 0xFA, 0x00, 0x0E, 0xF6, 0x00, 0x00, 0x30, 0x00,
    0x1F, 0xF1, 0x00, 0x00, 0x00, 0x00, 0x2F, 0xF0, 0x00, 0x00, 0x00, 0x00, 0x1F, 0xF0, 0x00, 0x00,
    0x00, 0x00, 0x0E, 0xF5, 0x00, 0x00, 0x10, 0x00, 0x09, 0xFD, 0x10, 0x05, 0xF7, 0x00, 0x01, 0xEF,
    0xFC, 0xDF, 0xF9, 0x00, 0x00, 0x1A, 0xFF, 0xFE, 0x70, 0x00, 0x00, 0x00, 0x13, 0x30, 0x00, 0x00,
    0x00, 0x00, 0x00, 0x00, 0x4C, 0x90, 0x00, 0x00, 0x00, 0x00, 0x6F, 0xC0, 0x00, 0x00, 0x00, 0x00,
    0x6F, 0xC0, 0x00, 0x00, 0x00, 0x00, 0x6F, 0xC0, 0x00, 0x19, 0xFF, 0xD5, 0x6F, 0xC0, 0x00, 0xDF,
    0xFF, 0xFF, 0xBF, 0xC0, 0x08, 0xFF, 0x60, 0x1A, 0xFF, 0xC0, 0x0E, 0xF7, 0x00, 0x00, 0xCF, 0xC0,
    0x1F, 0xF1, 0x00, 0x00, 0x7F, 0xC0, 0x2F, 0xF0, 0x00, 0x00, 0x5F, 0xC0, 0x1F, 0xF0, 0x00, 0x00,
    0x6F, 0xC0, 0x0E, 0xF5, 0x00, 0x00, 0xBF, 0xC0, 0x09, 0xFE, 0x30, 0x06, 0xFF, 0xC0, 0x01, 0xEF,
    0xFD, 0xDF, 0xDF, 0xC0, 0x00, 0x2C, 0xFF, 0xF9, 0x6F, 0xC0, 0x00, 0x00, 0x23, 0x10, 0x00, 0x00,
    0x00, 0x00, 0x00, 0x00, 0x00, 0x00, 0x00, 0x08, 0xEF, 0xFC, 0x40, 0x00, 0x00, 0xCF, 0xFD, 0xEF,
    0xF5, 0x00, 0x08, 0xFD, 0x20, 0x06, 0xFF, 0x00, 0x0E, 0xF5, 0x00, 0x00, 0xDF, 0x40, 0x1F, 0xF9,
    0x88, 0x88, 0xEF, 0x60, 0x2F, 0xFF, 0xFF, 0xFF, 0xFF, 0x50, 0x1F, 0xF4, 0x44, 0x44, 0x44, 0x10,
    0x0E, 0xF4, 0x00, 0x00, 0x00, 0x00, 0x09, 0xFD, 0x10, 0x02, 0xD8, 0x00, 0x01, 0xEF, 0xEA, 0xAF,
    0xFB, 0x00, 0x00, 0x1B, 0xFF, 0xFF, 0x90, 0x00, 0x00, 0x00, 0x13, 0x31, 0x00, 0x00, 0x00, 0x00,
    0x01, 0x00, 0x00, 0x1A, 0xFF, 0xE0, 0x00, 0xAF, 0xFD, 0xD0, 0x00, 0xFF, 0x50, 0x00, 0x01, 0xFF,
    0x00, 0x00, 0x6B, 0xFF, 0x99, 0x80, 0xBF, 0xFF, 0xFF, 0xD0, 0x37, 0xFF, 0x65, 0x40, 0x01, 0xFF,
    0x00, 0x00, 0x01, 0xFF, 0x00, 0x00, 0x01, 0xFF, 0x00, 0x00, 0x01, 0xFF, 0x00, 0x00, 0x01, 0xFF,
    0x00, 0x00, 0x01, 0xFF, 0x00, 0x00, 0x01, 0xFF, 0x00, 0x00, 0x01, 0xFF, 0x00, 0x00, 0x00, 0x00,
    0x00, 0x00, 0x00, 0x00, 0x00, 0x1A, 0xFF, 0xD4, 0x5C, 0x80, 0x01, 0xEF, 0xFF, 0xFF, 0xBF, 0xB0,
    0x0A, 0xFF, 0x50, 0x1A, 0xFF, 0xB0, 0x0F, 0xF5, 0x00, 0x00, 0xDF, 0xB0, 0x3F, 0xF0, 0x00, 0x00,
    0x7F, 0xB0, 0x3F, 0xE0, 0x00, 0x00, 0x6F, 0xB0, 0x2F, 0xF0, 0x00, 0x00, 0x8F, 0xB0, 0x0E, 0xF6,
    0x00, 0x00, 0xDF, 0xB0, 0x08, 0xFF, 0x71, 0x2B, 0xFF, 0xB0, 0x00, 0xCF, 0xFF, 0xFF, 0xBF, 0xB0,
    0x00, 0x08, 0xDF, 0xC4, 0x7F, 0xA0, 0x00, 0x00, 0x00, 0x00, 0x9F, 0x90, 0x02, 0xC4, 0x00, 0x02,
    0xFF, 0x40, 0x08, 0xFF, 0xB8, 0x9F, 0xFC, 0x00, 0x00, 0x8F, 0xFF, 0xFF, 0xC1, 0x00, 0x00, 0x01,
    0x56, 0x63, 0x00, 0x00, 0x08, 0xC5, 0x00, 0x00, 0x00, 0x00, 0x0B, 0xF6, 0x00, 0x00, 0x00, 0x00,
    0x0B, 0xF6, 0x00, 0x00, 0x00, 0x00, 0x0B, 0xF6, 0x00, 0x00, 0x00, 0x00, 0x0B, 0xF6, 0x4D, 0xFF,
    0xA1, 0x00, 0x0B, 0xFB, 0xFF, 0xFF, 0xFB, 0x00, 0x0B, 0xFF, 0x60, 0x08, 0xFF, 0x30, 0x0B, 0xFA,
    0x00, 0x00, 0xDF, 0x50, 0x0B, 0xF7, 0x00, 0x00, 0xBF, 0x70, 0x0B, 0xF6, 0x00, 0x00, 0xAF, 0x70,
    0x0B, 0xF6, 0x00, 0x00, 0xAF, 0x70, 0x0B, 0xF6, 0x00, 0x00, 0xAF, 0x70, 0x0B, 0xF6, 0x00, 0x00,
    0xAF, 0x70, 0x0B, 0xF6, 0x00, 0x00, 0xAF, 0x70, 0x0B, 0xF6, 0x00, 0x00, 0xAF, 0x70, 0x00, 0x20,
    0x00, 0x09, 0xFB, 0x00, 0x0B, 0xFD, 0x00, 0x01, 0x72, 0x00, 0x00, 0x00, 0x00, 0x04, 0x95, 0x00,
    0x07, 0xFA, 0x00, 0x07, 0xFA, 0x00, 0x07, 0xFA, 0x00, 0x07, 0xFA, 0x00, 0x07, 0xFA, 0x00, 0x07,
    0xFA, 0x00, 0x07, 0xFA, 0x00, 0x07, 0xFA, 0x00, 0x07, 0xFA, 0x00, 0x07, 0xFA, 0x00, 0x00, 0x00,
    0x20, 0x00, 0x00, 0x08, 0xFC, 0x00, 0x00, 0x0A, 0xFE, 0x00, 0x00, 0x01, 0x72, 0x00, 0x00, 0x00,
    0x00, 0x00, 0x00, 0x04, 0x96, 0x00, 0x00, 0x07, 0xFA, 0x00, 0x00, 0x07, 0xFA, 0x00, 0x00, 0x07,
    0xFA, 0x00, 0x00, 0x07, 0xFA, 0x00, 0x00, 0x07, 0xFA, 0x00, 0x00, 0x07, 0xFA, 0x00, 0x00, 0x07,
    0xFA, 0x00, 0x00, 0x07, 0xFA, 0x00, 0x00, 0x07, 0xFA, 0x00, 0x00, 0x07, 0xFA, 0x00, 0x00, 0x07,
    0xFA, 0x00, 0x00, 0x0A, 0xF9, 0x00, 0x2A, 0xBF, 0xF6, 0x00, 0x2F, 0xFF, 0xC0, 0x00, 0x04, 0x64,
    0x00, 0x00, 0x08, 0xC5, 0x00, 0x00, 0x00, 0x00, 0x0B, 0xF6, 0x00, 0x00, 0x00, 0x00, 0x0B, 0xF6,
    0x00, 0x00, 0x00, 0x00, 0x0B, 0xF6, 0x00, 0x00, 0x00, 0x00, 0x0B, 0xF6, 0x00, 0x09, 0xCB, 0x00,
    0x0B, 0xF6, 0x00, 0x8F, 0xE2, 0x00, 0x0B, 0xF6, 0x07, 0xFE, 0x20, 0x00, 0x0B, 0xF6, 0x6F, 0xF3,
    0x00, 0x00, 0x0B, 0xFC, 0xFF, 0xB0, 0x00, 0x00, 0x0B, 0xFF, 0xFF, 0xF2, 0x00, 0x00, 0x0B, 0xFF,
    0x4C, 0xFB, 0x00, 0x00, 0x0B, 0xFB, 0x03, 0xFF, 0x60, 0x00, 0x0B, 0xF6, 0x00, 0x9F, 0xE1, 0x00,
    0x0B, 0xF6, 0x00, 0x1E, 0xFA, 0x00, 0x0B, 0xF6, 0x00, 0x05, 0xFF, 0x40, 0x08, 0xC5, 0x00, 0x0B,
    0xF6, 0x00, 0x0B, 0xF6, 0x00, 0x0B, 0xF6, 0x00, 0x0B, 0xF6, 0x00, 0x0B, 0xF6, 0x00, 0x0B, 0xF6,
    0x00, 0x0B, 0xF6, 0x00, 0x0B, 0xF6, 0x00, 0x0B, 0xF6, 0x00, 0x0B, 0xF6, 0x00, 0x0B, 0xF6, 0x00,
    0x0B, 0xF8, 0x00, 0x09, 0xFF, 0xA0, 0x02, 0xDF, 0xB0, 0x00, 0x00, 0x00, 0x00, 0x00, 0x00, 0x00,
    0x00, 0x00, 0x00, 0x00, 0x00, 0x08, 0xC5, 0x5D, 0xFD, 0x40, 0x3C, 0xFF, 0xB1, 0x00, 0x0B, 0xFC,
    0xFE, 0xFF, 0xF5, 0xFF, 0xFF, 0xFC, 0x00, 0x0B, 0xFF, 0x50, 0x1C, 0xFF, 0xB1, 0x06, 0xFF, 0x30,
    0x0B, 0xF9, 0x00, 0x05, 0xFF, 0x20, 0x00, 0xDF, 0x60, 0x0B, 0xF7, 0x00, 0x03, 0xFF, 0x00, 0x00,
    0xAF, 0x70, 0x0B, 0xF6, 0x00, 0x03, 0xFF, 0x00, 0x00, 0xAF, 0x70, 0x0B, 0xF6, 0x00, 0x03, 0xFF,
    0x00, 0x00, 0xAF, 0x70, 0x0B, 0xF6, 0x00, 0x03, 0xFF, 0x00, 0x00, 0xAF, 0x70, 0x0B, 0xF6, 0x00,
    0x03, 0xFF, 0x00, 0x00, 0xAF, 0x70, 0x0B, 0xF6, 0x00, 0x03, 0xFF, 0x00, 0x00, 0xAF, 0x70, 0x0B,
    0xF6, 0x00, 0x03, 0xFF, 0x00, 0x00, 0xAF, 0x70, 0x00, 0x00, 0x00, 0x00, 0x00, 0x00, 0x08, 0xC5,
    0x4D, 0xFF, 0xA1, 0x00, 0x0B, 0xFB, 0xFF, 0xFF, 0xFB, 0x00, 0x0B, 0xFF, 0x60, 0x08, 0xFF, 0x30,
    0x0B, 0xFA, 0x00, 0x00, 0xDF, 0x50, 0x0B, 0xF7, 0x00, 0x00, 0xBF, 0x60, 0x0B, 0xF6, 0x00, 0x00,
    0xAF, 0x70, 0x0B, 0xF6, 0x00, 0x00, 0xAF, 0x70, 0x0B, 0xF6, 0x00, 0x00, 0xAF, 0x70, 0x0B, 0xF6,
    0x00, 0x00, 0xAF, 0x70, 0x0B, 0xF6, 0x00, 0x00, 0xAF, 0x70, 0x0B, 0xF6, 0x00, 0x00, 0xAF, 0x70,
    0x00, 0x00, 0x00, 0x00, 0x00, 0x00, 0x00, 0x08, 0xEF, 0xFC, 0x40, 0x00, 0x00, 0xCF, 0xFF, 0xFF,
    0xF6, 0x00, 0x08, 0xFF, 0x40, 0x09, 0xFF, 0x20, 0x0E, 0xF6, 0x00, 0x00, 0xCF, 0x80, 0x1F, 0xF1,
    0x00, 0x00, 0x7F, 0xB0, 0x2F, 0xF0, 0x00, 0x00, 0x5F, 0xC0, 0x1F, 0xF0, 0x00, 0x00, 0x6F, 0xB0,
    0x0E, 0xF4, 0x00, 0x00, 0xBF, 0x90, 0x09, 0xFD, 0x10, 0x05, 0xFF, 0x30, 0x01, 0xEF, 0xFC, 0xDF,
    0xF9, 0x00, 0x00, 0x2B, 0xFF, 0xFF, 0x80, 0x00, 0x00, 0x00, 0x13, 0x30, 0x00, 0x00, 0x00, 0x00,
    0x00, 0x00, 0x00, 0x00, 0x08, 0xC5, 0x4D, 0xFF, 0xA1, 0x00, 0x0B, 0xFB, 0xFF, 0xFF, 0xFD, 0x10,
    0x0B, 0xFF, 0xA1, 0x05, 0xFF, 0x90, 0x0B, 0xFD, 0x00, 0x00, 0x6F, 0xE0, 0x0B, 0xF7, 0x00, 0x00,
    0x1F, 0xF2, 0x0B, 0xF5, 0x00, 0x00, 0x0F, 0xF3, 0x0B, 0xF6, 0x00, 0x00, 0x0F, 0xF2, 0x0B, 0xFB,
    0x00, 0x00, 0x5F, 0xE0, 0x0B, 0xFF, 0x60, 0x02, 0xEF, 0x90, 0x0B, 0xFD, 0xFD, 0xCF, 0xFE, 0x10,
    0x0B, 0xF6, 0x8F, 0xFF, 0xD3, 0x00, 0x0B, 0xF6, 0x01, 0x32, 0x00, 0x00, 0x0B, 0xF6, 0x00, 0x00,
    0x00, 0x00, 0x0B, 0xF6, 0x00, 0x00, 0x00, 0x00, 0x0B, 0xF6, 0x00, 0x00, 0x00, 0x00, 0x01, 0x21,
    0x00, 0x00, 0x00, 0x00, 0x00, 0x00, 0x00, 0x00, 0x00, 0x00, 0x00, 0x19, 0xFF, 0xD4, 0x4C, 0x90,
    0x00, 0xDF, 0xFF, 0xFF, 0xBF, 0xC0, 0x08, 0xFF, 0x60, 0x1A, 0xFF, 0xC0, 0x0E, 0xF7, 0x00, 0x00,
    0xCF, 0xC0, 0x1F, 0xF1, 0x00, 0x00, 0x7F, 0xC0, 0x2F, 0xF0, 0x00, 0x00, 0x5F, 0xC0, 0x1F, 0xF0,
    0x00, 0x00, 0x6F, 0xC0, 0x0E, 0xF5, 0x00, 0x00, 0xBF, 0xC0, 0x09, 0xFE, 0x20, 0x06, 0xFF, 0xC0,
    0x01, 0xEF, 0xFC, 0xDF, 0xDF, 0xC0, 0x00, 0x2C, 0xFF, 0xF9, 0x6F, 0xC0, 0x00, 0x00, 0x23, 0x10,
    0x6F, 0xC0, 0x00, 0x00, 0x00, 0x00, 0x6F, 0xC0, 0x00, 0x00, 0x00, 0x00, 0x6F, 0xC0, 0x00, 0x00,
    0x00, 0x00, 0x6F, 0xC0, 0x00, 0x00, 0x00, 0x00, 0x12, 0x20, 0x00, 0x00, 0x00, 0x00, 0x08, 0xC5,
    0x19, 0xEA, 0x0B, 0xF7, 0xDF, 0xFA, 0x0B, 0xFF, 0xE7, 0x31, 0x0B, 0xFE, 0x10, 0x00, 0x0B, 0xF8,
    0x00, 0x00, 0x0B, 0xF6, 0x00, 0x00, 0x0B, 0xF6, 0x00, 0x00, 0x0B, 0xF6, 0x00, 0x00, 0x0B, 0xF6,
    0x00, 0x00, 0x0B, 0xF6, 0x00, 0x00, 0x0B, 0xF6, 0x00, 0x00, 0x00, 0x00, 0x00, 0x00, 0x00, 0x00,
    0x7D, 0xFF, 0xC5, 0x00, 0x0A, 0xFF, 0xDE, 0xFF, 0x70, 0x1F, 0xF3, 0x00, 0x5F, 0x90, 0x1F, 0xF3,
    0x00, 0x01, 0x00, 0x0C, 0xFF, 0x94, 0x00, 0x00, 0x01, 0xAF, 0xFF, 0xF7, 0x00, 0x00, 0x02, 0x7B,
    0xFF, 0x90, 0x00, 0x00, 0x00, 0x5F, 0xF0, 0x2C, 0xB0, 0x00, 0x3F, 0xF0, 0x1E, 0xFE, 0xAA, 0xEF,
    0xA0, 0x02, 0xBF, 0xFF, 0xFA, 0x00, 0x00, 0x01, 0x33, 0x10, 0x00, 0x00, 0xEE, 0x10, 0x00, 0x00,
    0xFF, 0x20, 0x00, 0x00, 0xFF, 0x20, 0x00, 0x69, 0xFF, 0xB9, 0x91, 0xBF, 0xFF, 0xFF, 0xF2, 0x35,
    0xFF, 0x75, 0x50, 0x00, 0xFF, 0x20, 0x00, 0x00, 0xFF, 0x20, 0x00, 0x00, 0xFF, 0x20, 0x00, 0x00,
    0xFF, 0x20, 0x00, 0x00, 0xFF, 0x20, 0x00, 0x00, 0xEF, 0x60, 0x00, 0x00, 0xAF, 0xFC, 0xC0, 0x00,
    0x1C, 0xFF, 0xE0, 0x00, 0x00, 0x23, 0x10, 0x08, 0xC5, 0x00, 0x00, 0x8C, 0x50, 0x0B, 0xF6, 0x00,
    0x00, 0xAF, 0x70, 0x0B, 0xF6, 0x00, 0x00, 0xAF, 0x70, 0x0B, 0xF6, 0x00, 0x00, 0xAF, 0x70, 0x0B,
    0xF6, 0x00, 0x00, 0xAF, 0x70, 0x0B, 0xF6, 0x00, 0x00, 0xAF, 0x70, 0x0B, 0xF6, 0x00, 0x00, 0xAF,
    0x70, 0x0A, 0xF8, 0x00, 0x00, 0xDF, 0x70, 0x08, 0xFE, 0x10, 0x06, 0xFF, 0x70, 0x02, 0xFF, 0xFB,
    0xDF, 0xDF, 0x70, 0x00, 0x6F, 0xFF, 0xE5, 0xAF, 0x70, 0x00, 0x00, 0x33, 0x00, 0x00, 0x00, 0x0B,
    0xC5, 0x00, 0x00, 0x0B, 0xC4, 0x08, 0xFB, 0x00, 0x00, 0x4F, 0xF0, 0x02, 0xFF, 0x10, 0x00, 0xAF,
    0x90, 0x00, 0xCF, 0x70, 0x00, 0xFF, 0x30, 0x00, 0x6F, 0xC0, 0x05, 0xFD, 0x00, 0x00, 0x0F, 0xF2,
    0x0A, 0xF6, 0x00, 0x00, 0x0A, 0xF8, 0x0F, 0xF1, 0x00, 0x00, 0x04, 0xFD, 0x6F, 0xA0, 0x00, 0x00,
    0x00, 0xDF, 0xEF, 0x40, 0x00, 0x00, 0x00, 0x7F, 0xFE, 0x00, 0x00, 0x00, 0x00, 0x1F, 0xF8, 0x00,
    0x00, 0x0B, 0xC5, 0x00, 0x01, 0xCC, 0x40, 0x00, 0x2C, 0xC1, 0x09, 0xFA, 0x00, 0x06, 0xFF, 0x90,
    0x00, 0x7F, 0xC0, 0x04, 0xFE, 0x00, 0x0A, 0xFF, 0xD0, 0x00, 0xCF, 0x70, 0x00, 0xEF, 0x30, 0x0F,
    0xEB, 0xF2, 0x00, 0xFF, 0x20, 0x00, 0xAF, 0x80, 0x4F, 0x96, 0xF6, 0x05, 0xFC, 0x00, 0x00, 0x4F,
    0xC0, 0x8F, 0x42, 0xFB, 0x09, 0xF7, 0x00, 0x00, 0x0F, 0xF1, 0xDF, 0x00, 0xDF, 0x0E, 0xF2, 0x00,
    0x00, 0x0A, 0xF7, 0xFB, 0x00, 0x8F, 0x7F, 0xD0, 0x00, 0x00, 0x05, 0xFF, 0xF7, 0x00, 0x4F, 0xFF,
    0x80, 0x00, 0x00, 0x00, 0xFF, 0xF2, 0x00, 0x0F, 0xFF, 0x20, 0x00, 0x00, 0x00, 0xAF, 0xD0, 0x00,
    0x0A, 0xFD, 0x00, 0x00, 0x5C, 0xC1, 0x00, 0x08, 0xC9, 0x00, 0x0C, 0xFA, 0x00, 0x4F, 0xF2, 0x00,
    0x02, 0xFF, 0x50, 0xDF, 0x70, 0x00, 0x00, 0x6F, 0xE9, 0xFC, 0x00, 0x00, 0x00, 0x0B, 0xFF, 0xF2,
    0x00, 0x00, 0x00, 0x03, 0xFF, 0xA0, 0x00, 0x00, 0x00, 0x0C, 0xFF, 0xE1, 0x00, 0x00, 0x00, 0x8F,
    0xDA, 0xFB, 0x00, 0x00, 0x03, 0xFF, 0x31, 0xEF, 0x70, 0x00, 0x0E, 0xF8, 0x00, 0x5F, 0xF2, 0x00,
    0xAF, 0xD0, 0x00, 0x0A, 0xFD, 0x00, 0x0B, 0xC6, 0x00, 0x00, 0x0A, 0xC6, 0x08, 0xFC, 0x00, 0x00,
    0x2F, 0xF2, 0x02, 0xFF, 0x20, 0x00, 0x8F, 0xC0, 0x00, 0xCF, 0x80, 0x00, 0xDF, 0x60, 0x00, 0x6F,
    0xD0, 0x03, 0xFF, 0x00, 0x00, 0x0F, 0xF3, 0x09, 0xF9, 0x00, 0x00, 0x09, 0xF9, 0x0E, 0xF3, 0x00,
    0x00, 0x03, 0xFE, 0x5F, 0xC0, 0x00, 0x00, 0x00, 0xDF, 0xEF, 0x60, 0x00, 0x00, 0x00, 0x7F, 0xFF,
    0x00, 0x00, 0x00, 0x00, 0x1F, 0xF9, 0x00, 0x00, 0x00, 0x00, 0x1F, 0xF3, 0x00, 0x00, 0x00, 0x00,
    0x7F, 0xC0, 0x00, 0x00, 0x00, 0x00, 0xDF, 0x60, 0x00, 0x00, 0x00, 0x04, 0xFF, 0x00, 0x00, 0x00,
    0x00, 0x01, 0x22, 0x00, 0x00, 0x00, 0x4C, 0xCC, 0xCC, 0xCC, 0xA0, 0x5F, 0xFF, 0xFF, 0xFF, 0xD0,
    0x13, 0x33, 0x36, 0xFF, 0x50, 0x00, 0x00, 0x1D, 0xF8, 0x00, 0x00, 0x00, 0xBF, 0xC0, 0x00, 0x00,
    0x07, 0xFE, 0x10, 0x00, 0x00, 0x3F, 0xF4, 0x00, 0x00, 0x01, 0xEF, 0x70, 0x00, 0x00, 0x0C, 0xFB,
    0x00, 0x00, 0x00, 0x6F, 0xFF, 0xFF, 0xFF, 0xF1, 0x7F, 0xFF, 0xFF, 0xFF, 0xF1, 0x00, 0x00, 0x27,
    0x70, 0x00, 0x06, 0xFF, 0xD0, 0x00, 0x0F, 0xFA, 0x40, 0x00, 0x3F, 0xE0, 0x00, 0x00, 0x3F, 0xC0,
    0x00, 0x00, 0x3F, 0xC0, 0x00, 0x00, 0x4F, 0xB0, 0x00, 0x00, 0xAF, 0x80, 0x00, 0x7E, 0xFD, 0x10,
    0x00, 0x9F, 0xF6, 0x00, 0x00, 0x26, 0xEF, 0x40, 0x00, 0x00, 0x6F, 0xA0, 0x00, 0x00, 0x3F, 0xC0,
    0x00, 0x00, 0x3F, 0xC0, 0x00, 0x00, 0x3F, 0xC0, 0x00, 0x00, 0x1F, 0xF2, 0x00, 0x00, 0x0C, 0xFF,
    0xB0, 0x00, 0x01, 0xAF, 0xD0, 0x00, 0x00, 0x00, 0x00, 0x06, 0x93, 0x00, 0x0B, 0xF5, 0x00, 0x0B,
    0xF5, 0x00, 0x0B, 0xF5, 0x00, 0x0B, 0xF5, 0x00, 0x0B, 0xF5, 0x00, 0x0B, 0xF5, 0x00, 0x0B, 0xF5,
    0x00, 0x0B, 0xF5, 0x00, 0x0B, 0xF5, 0x00, 0x0B, 0xF5, 0x00, 0x0B, 0xF5, 0x00, 0x0B, 0xF5, 0x00,
    0x0B, 0xF5, 0x00, 0x0B, 0xF5, 0x00, 0x0B, 0xF5, 0x00, 0x0B, 0xF5, 0x00, 0x0B, 0xF5, 0x00, 0x00,
    0x10, 0x00, 0x58, 0x40, 0x00, 0x00, 0x9F, 0xFA, 0x00, 0x00, 0x38, 0xFF, 0x30, 0x00, 0x00, 0xAF,
    0x60, 0x00, 0x00, 0x8F, 0x70, 0x00, 0x00, 0x8F, 0x70, 0x00, 0x00, 0x8F, 0x80, 0x00, 0x00, 0x5F,
    0xD0, 0x00, 0x00, 0x0A, 0xFE, 0xA0, 0x00, 0x03, 0xEF, 0xD0, 0x00, 0x1F, 0xF7, 0x30, 0x00, 0x7F,
    0xA0, 0x00, 0x00, 0x8F, 0x70, 0x00, 0x00, 0x8F, 0x70, 0x00, 0x00, 0x9F, 0x70, 0x00, 0x01, 0xDF,
    0x50, 0x00, 0x8F, 0xFE, 0x10, 0x00, 0x9F, 0xB3, 0x00, 0x00, 0x00, 0x00, 0x00, 0x00, 0x00, 0x00,
    0x00, 0x00, 0x00, 0x00, 0x01, 0xBF, 0xE7, 0x00, 0xCB, 0x10, 0x0C, 0xFF, 0xFF, 0xFF, 0xFC, 0x00,
    0x0B, 0xC0, 0x2A, 0xFF, 0xC1, 0x00, 0x00, 0x00, 0x00, 0x11, 0x00, 0x00, 0x00, 0x00, 0x00, 0x00,
    0x00, 0x00, 0x00, 0x00, 0x00, 0x00, 0x00, 0x00, 0x00, 0x00, 0x00, 0x00, 0x00, 0x00, 0x00, 0x00,
    0x00, 0x00, 0x00, 0x00, 0x00, 0x00, 0x00, 0x00, 0x00, 0x00, 0x00, 0x00, 0x00, 0x00, 0x00, 0xAF,
    0xFC, 0x20, 0x0A, 0xE6, 0x5D, 0xD0, 0x1F, 0x50, 0x02, 0xF4, 0x2F, 0x30, 0x00, 0xF6, 0x0E, 0xA0,
    0x07, 0xF2, 0x04, 0xFE, 0xDF, 0x70, 0x00, 0x16, 0x73, 0x00, 0x00, 0x00, 0x00, 0x00, 0x00, 0x00,
    0x00, 0x00, 0x00, 0x00, 0x00, 0x00, 0x00, 0x00, 0x00, 0x00, 0x00, 0x00, 0x00, 0x00, 0x00, 0x00,
    0x00, 0x00, 0x00, 0x00, 0x00, 0x00, 0x00, 0x00, 0x00, 0x00, 0x00, 0x00, 0x00, 0x00, 0x00, 0x00,
    0x04, 0xFF, 0x20, 0x00, 0x00, 0x07, 0xFF, 0x60, 0x00, 0x00, 0x01, 0xBA, 0x10, 0x00, 0x00, 0x00,
    0x00, 0x00, 0x00, 0x00, 0x00, 0x00, 0x00, 0x00, 0x00, 0x00, 0x00, 0x00, 0x00, 0x00, 0x00, 0x00,
    0x00, 0x00, 0x00, 0x00, 0x00, 0x00, 0x00, 0x00, 0x00, 0x00, 0x00, 0x00, 0x00, 0x00, 0x00, 0x00,
    0x00, 0x00, 0x00, 0x00, 0x00, 0x0A, 0xB0, 0x00, 0x00, 0x00, 0x00, 0x00, 0x2E, 0xF9, 0x00, 0x00,
    0x00, 0x00, 0x00, 0x01, 0xCF, 0x30, 0x00, 0x00, 0x00, 0x00, 0x00, 0x04, 0x00, 0x00, 0x00, 0x00,
    0x00, 0x05, 0xCC, 0x10, 0x00, 0x00, 0x00, 0x00, 0x0C, 0xFF, 0x70, 0x00, 0x00, 0x00, 0x00, 0x2F,
    0xFF, 0xD0, 0x00, 0x00, 0x00, 0x00, 0x8F, 0xCF, 0xF3, 0x00, 0x00, 0x00, 0x00, 0xEF, 0x5A, 0xF9,
    0x00, 0x00, 0x00, 0x04, 0xFF, 0x04, 0xFE, 0x00, 0x00, 0x00, 0x0A, 0xF9, 0x00, 0xEF, 0x50, 0x00,
    0x00, 0x0F, 0xF4, 0x00, 0x8F, 0xB0, 0x00, 0x00, 0x6F, 0xFA, 0xAA, 0xDF, 0xF1, 0x00, 0x00, 0xCF,
    0xFF, 0xFF, 0xFF, 0xF7, 0x00, 0x02, 0xFF, 0x96, 0x66, 0x6E, 0xFD, 0x00, 0x08, 0xFC, 0x00, 0x00,
    0x01, 0xFF, 0x30, 0x0D, 0xF7, 0x00, 0x00, 0x00, 0xBF, 0x90, 0x4F, 0xF1, 0x00, 0x00, 0x00, 0x6F,
    0xE0, 0xAF, 0xB0, 0x00, 0x00, 0x00, 0x0F, 0xF5, 0x00, 0x00, 0x00, 0x01, 0x00, 0x00, 0x00, 0x00,
    0x00, 0x00, 0x1E, 0x60, 0x00, 0x00, 0x00, 0x00, 0x00, 0xCF, 0xB0, 0x00, 0x00, 0x00, 0x00, 0x07,
    0xF8, 0x00, 0x00, 0x00, 0x00, 0x00, 0x00, 0x30, 0x00, 0x00, 0x00, 0x00, 0x00, 0x05, 0xCC, 0x10,
    0x00, 0x00, 0x00, 0x00, 0x0C, 0xFF, 0x70, 0x00, 0x00, 0x00, 0x00, 0x2F, 0xFF, 0xD0, 0x00, 0x00,
    0x00, 0x00, 0x8F, 0xCF, 0xF3, 0x00, 0x00, 0x00, 0x00, 0xEF, 0x5A, 0xF9, 0x00, 0x00, 0x00, 0x04,
    0xFF, 0x04, 0xFE, 0x00, 0x00, 0x00, 0x0A, 0xF9, 0x00, 0xEF, 0x50, 0x00, 0x00, 0x0F, 0xF4, 0x00,
    0x8F, 0xB0, 0x00, 0x00, 0x6F, 0xFA, 0xAA, 0xDF, 0xF1, 0x00, 0x00, 0xCF, 0xFF, 0xFF, 0xFF, 0xF7,
    0x00, 0x02, 0xFF, 0x96, 0x66, 0x6E, 0xFD, 0x00, 0x08, 0xFC, 0x00, 0x00, 0x01, 0xFF, 0x30, 0x0D,
    0xF7, 0x00, 0x00, 0x00, 0xBF, 0x90, 0x4F, 0xF1, 0x00, 0x00, 0x00, 0x6F, 0xE0, 0xAF, 0xB0, 0x00,
    0x00, 0x00, 0x0F, 0xF5, 0x00, 0x00, 0x03, 0x99, 0x10, 0x00, 0x00, 0x00, 0x00, 0x2E, 0xFF, 0xB0,
    0x00, 0x00, 0x00, 0x00, 0xDF, 0x58, 0xF8, 0x00, 0x00, 0x00, 0x00, 0x32, 0x00, 0x41, 0x00, 0x00,
    0x00, 0x00, 0x05, 0xCC, 0x10, 0x00, 0x00, 0x00, 0x00, 0x0C, 0xFF, 0x70, 0x00, 0x00, 0x00, 0x00,
    0x2F, 0xFF, 0xD0, 0x00, 0x00, 0x00, 0x00, 0x8F, 0xCF, 0xF3, 0x00, 0x00, 0x00, 0x00, 0xEF, 0x5A,
    0xF9, 0x00, 0x00, 0x00, 0x04, 0xFF, 0x04, 0xFE, 0x00, 0x00, 0x00, 0x0A, 0xF9, 0x00, 0xEF, 0x50,
    0x00, 0x00, 0x0F, 0xF4, 0x00, 0x8F, 0xB0, 0x00, 0x00, 0x6F, 0xFA, 0xAA, 0xDF, 0xF1, 0x00, 0x00,
    0xCF, 0xFF, 0xFF, 0xFF, 0xF7, 0x00, 0x02, 0xFF, 0x96, 0x66, 0x6E, 0xFD, 0x00, 0x08, 0xFC, 0x00,
    0x00, 0x01, 0xFF, 0x30, 0x0D, 0xF7, 0x00, 0x00, 0x00, 0xBF, 0x90, 0x4F, 0xF1, 0x00, 0x00, 0x00,
    0x6F, 0xE0, 0xAF, 0xB0, 0x00, 0x00, 0x00, 0x0F, 0xF5, 0x00, 0x00, 0x04, 0x10, 0x11, 0x00, 0x00,
    0x00, 0x00, 0xCF, 0xF7, 0xBE, 0x00, 0x00, 0x00, 0x04, 0xF8, 0xBF, 0xF8, 0x00, 0x00, 0x00, 0x00,
    0x30, 0x04, 0x40, 0x00, 0x00, 0x00, 0x00, 0x05, 0xCC, 0x10, 0x00, 0x00, 0x00, 0x00, 0x0C, 0xFF,
    0x70, 0x00, 0x00, 0x00, 0x00, 0x2F, 0xFF, 0xD0, 0x00, 0x00, 0x00, 0x00, 0x8F, 0xCF, 0xF3, 0x00,
    0x00, 0x00, 0x00, 0xEF, 0x5A, 0xF9, 0x00, 0x00, 0x00, 0x04, 0xFF, 0x04, 0xFE, 0x00, 0x00, 0x00,
    0x0A, 0xF9, 0x00, 0xEF, 0x50, 0x00, 0x00, 0x0F, 0xF4, 0x00, 0x8F, 0xB0, 0x00, 0x00, 0x6F, 0xFA,
    0xAA, 0xDF, 0xF1, 0x00, 0x00, 0xCF, 0xFF, 0xFF, 0xFF, 0xF7, 0x00, 0x02, 0xFF, 0x96, 0x66, 0x6E,
    0xFD, 0x00, 0x08, 0xFC, 0x00, 0x00, 0x01, 0xFF, 0x30, 0x0D, 0xF7, 0x00, 0x00, 0x00, 0xBF, 0x90,
    0x4F, 0xF1, 0x00, 0x00, 0x00, 0x6F, 0xE0, 0xAF, 0xB0, 0x00, 0x00, 0x00, 0x0F, 0xF5, 0x00, 0x00,
    0x01, 0x00, 0x00, 0x00, 0x00, 0x00, 0x5E, 0x20, 0x00, 0x00, 0x00, 0x00, 0xAF, 0xD1, 0x00, 0x00,
    0x00, 0x00, 0x07, 0xF9, 0x00, 0x00, 0x00, 0x00, 0x00, 0x30, 0x00, 0x00, 0x06, 0xCC, 0xCC, 0xCC,
    0xCC, 0xB0, 0x08, 0xFF, 0xFF, 0xFF, 0xFF, 0xE0, 0x08, 0xFC, 0x44, 0x44, 0x44, 0x30, 0x08, 0xFB,
    0x00, 0x00, 0x00, 0x00, 0x08, 0xFB, 0x00, 0x00, 0x00, 0x00, 0x08, 0xFB, 0x00, 0x00, 0x00, 0x00,
    0x08, 0xFE, 0xAA, 0xAA, 0xAA, 0x50, 0x08, 0xFF, 0xFF, 0xFF, 0xFF, 0x70, 0x08, 0xFC, 0x55, 0x55,
    0x55, 0x20, 0x08, 0xFB, 0x00, 0x00, 0x00, 0x00, 0x08, 0xFB, 0x00, 0x00, 0x00, 0x00, 0x08, 0xFB,
    0x00, 0x00, 0x00, 0x00, 0x08, 0xFB, 0x00, 0x00, 0x00, 0x00, 0x08, 0xFF, 0xFF, 0xFF, 0xFF, 0xF2,
    0x08, 0xFF, 0xFF, 0xFF, 0xFF, 0xF2, 0x00, 0x00, 0x00, 0x00, 0x00, 0x00, 0x00, 0x00, 0x00, 0xAC,
    0x00, 0x00, 0x00, 0x00, 0x07, 0xFE, 0x30, 0x00, 0x00, 0x00, 0x2F, 0xC2, 0x00, 0x00, 0x00, 0x00,
    0x03, 0x00, 0x00, 0x00, 0x06, 0xCC, 0xCC, 0xCC, 0xCC, 0xB0, 0x08, 0xFF, 0xFF, 0xFF, 0xFF, 0xE0,
    0x08, 0xFC, 0x44, 0x44, 0x44, 0x30, 0x08, 0xFB, 0x00, 0x00, 0x00, 0x00, 0x08, 0xFB, 0x00, 0x00,
    0x00, 0x00, 0x08, 0xFB, 0x00, 0x00, 0x00, 0x00, 0x08, 0xFE, 0xAA, 0xAA, 0xAA, 0x50, 0x08, 0xFF,
    0xFF, 0xFF, 0xFF, 0x70, 0x08, 0xFC, 0x55, 0x55, 0x55, 0x20, 0x08, 0xFB, 0x00, 0x00, 0x00, 0x00,
    0x08, 0xFB, 0x00, 0x00, 0x00, 0x00, 0x08, 0xFB, 0x00, 0x00, 0x00, 0x00, 0x08, 0xFB, 0x00, 0x00,
    0x00, 0x00, 0x08, 0xFF, 0xFF, 0xFF, 0xFF, 0xF2, 0x08, 0xFF, 0xFF, 0xFF, 0xFF, 0xF2, 0x00, 0x00,
    0x09, 0x94, 0x00, 0x00, 0x00, 0x00, 0xAF, 0xFF, 0x20, 0x00, 0x00, 0x07, 0xF9, 0x4E, 0xD0, 0x00,
    0x00, 0x01, 0x40, 0x01, 0x40, 0x00, 0x06, 0xCC, 0xCC, 0xCC, 0xCC, 0xB0, 0x08, 0xFF, 0xFF, 0xFF,
    0xFF, 0xE0, 0x08, 0xFC, 0x44, 0x44, 0x44, 0x30, 0x08, 0xFB, 0x00, 0x00, 0x00, 0x00, 0x08, 0xFB,
    0x00, 0x00, 0x00, 0x00, 0x08, 0xFB, 0x00, 0x00, 0x00, 0x00, 0x08, 0xFE, 0xAA, 0xAA, 0xAA, 0x50,
    0x08, 0xFF, 0xFF, 0xFF, 0xFF, 0x70, 0x08, 0xFC, 0x55, 0x55, 0x55, 0x20, 0x08, 0xFB, 0x00, 0x00,
    0x00, 0x00, 0x08, 0xFB, 0x00, 0x00, 0x00, 0x00, 0x08, 0xFB, 0x00, 0x00, 0x00, 0x00, 0x08, 0xFB,
    0x00, 0x00, 0x00, 0x00, 0x08, 0xFF, 0xFF, 0xFF, 0xFF, 0xF2, 0x08, 0xFF, 0xFF, 0xFF, 0xFF, 0xF2,
    0x01, 0x00, 0x00, 0x2D, 0x70, 0x00, 0x5F, 0xF4, 0x00, 0x03, 0xEE, 0x00, 0x00, 0x12, 0x00, 0x06,
    0xC8, 0x00, 0x08, 0xFA, 0x00, 0x08, 0xFA, 0x00, 0x08, 0xFA, 0x00, 0x08, 0xFA, 0x00, 0x08, 0xFA,
    0x00, 0x08, 0xFA, 0x00, 0x08, 0xFA, 0x00, 0x08, 0xFA, 0x00, 0x08, 0xFA, 0x00, 0x08, 0xFA, 0x00,
    0x08, 0xFA, 0x00, 0x08, 0xFA, 0x00, 0x08, 0xFA, 0x00, 0x08, 0xFA, 0x00, 0x00, 0x01, 0x00, 0x00,
    0x5E, 0x30, 0x02, 0xFF, 0x70, 0x0C, 0xF5, 0x00, 0x01, 0x20, 0x00, 0x06, 0xC8, 0x00, 0x08, 0xFA,
    0x00, 0x08, 0xFA, 0x00, 0x08, 0xFA, 0x00, 0x08, 0xFA, 0x00, 0x08, 0xFA, 0x00, 0x08, 0xFA, 0x00,
    0x08, 0xFA, 0x00, 0x08, 0xFA, 0x00, 0x08, 0xFA, 0x00, 0x08, 0xFA, 0x00, 0x08, 0xFA, 0x00, 0x08,
    0xFA, 0x00, 0x08, 0xFA, 0x00, 0x08, 0xFA, 0x00, 0x00, 0x00, 0x00, 0x00, 0x00, 0x00, 0x00, 0x00,
    0x00, 0x00, 0x00, 0xCA, 0x00, 0x00, 0x00, 0x00, 0x00, 0x00, 0x03, 0xEF, 0x70, 0x00, 0x00, 0x00,
    0x00, 0x00, 0x00, 0x2D, 0xF1, 0x00, 0x00, 0x00, 0x00, 0x00, 0x00, 0x01, 0x30, 0x00, 0x00, 0x00,
    0x00, 0x00, 0x4B, 0xEF, 0xFD, 0x81, 0x00, 0x00, 0x00, 0x0A, 0xFF, 0xFF, 0xFF, 0xFE, 0x30, 0x00,
    0x00, 0x9F, 0xF9, 0x30, 0x16, 0xEF, 0xF1, 0x00, 0x03, 0xFF, 0x70, 0x00, 0x00, 0x1E, 0xFA, 0x00,
    0x09, 0xFD, 0x00, 0x00, 0x00, 0x06, 0xFF, 0x00, 0x0D, 0xF7, 0x00, 0x00, 0x00, 0x00, 0xFF, 0x50,
    0x0F, 0xF4, 0x00, 0x00, 0x00, 0x00, 0xDF, 0x60, 0x0F, 0xF3, 0x00, 0x00, 0x00, 0x00, 0xCF, 0x80,
    0x0F, 0xF4, 0x00, 0x00, 0x00, 0x00, 0xDF, 0x70, 0x0E, 0xF6, 0x00, 0x00, 0x00, 0x00, 0xFF, 0x50,
    0x0A, 0xFB, 0x00, 0x00, 0x00, 0x04, 0xFF, 0x10, 0x04, 0xFF, 0x40, 0x00, 0x00, 0x0D, 0xFC, 0x00,
    0x00, 0xBF, 0xF6, 0x00, 0x02, 0xCF, 0xF3, 0x00, 0x00, 0x1C, 0xFF, 0xFD, 0xEF, 0xFF, 0x60, 0x00,
    0x00, 0x00, 0x8E, 0xFF, 0xFF, 0xB3, 0x00, 0x00, 0x00, 0x00, 0x00, 0x23, 0x31, 0x00, 0x00, 0x00,
    0x00, 0x00, 0x00, 0x00, 0x10, 0x00, 0x00, 0x00, 0x00, 0x00, 0x00, 0x03, 0xF5, 0x00, 0x00, 0x00,
    0x00, 0x00, 0x00, 0x1E, 0xFA, 0x00, 0x00, 0x00, 0x00, 0x00, 0x00, 0x9F, 0x70, 0x00, 0x00, 0x00,
    0x00, 0x00, 0x00, 0x04, 0x00, 0x00, 0x00, 0x00, 0x00, 0x00, 0x4B, 0xEF, 0xFD, 0x81, 0x00, 0x00,
    0x00, 0x0A, 0xFF, 0xFF, 0xFF, 0xFE, 0x30, 0x00, 0x00, 0x9F, 0xF9, 0x30, 0x16, 0xEF, 0xF1, 0x00,
    0x03, 0xFF, 0x70, 0x00, 0x00, 0x1E, 0xFA, 0x00, 0x09, 0xFD, 0x00, 0x00, 0x00, 0x06, 0xFF, 0x00,
    0x0D, 0xF7, 0x00, 0x00, 0x00, 0x00, 0xFF, 0x50, 0x0F, 0xF4, 0x00, 0x00, 0x00, 0x00, 0xDF, 0x60,
    0x0F, 0xF3, 0x00, 0x00, 0x00, 0x00, 0xCF, 0x80, 0x0F, 0xF4, 0x00, 0x00, 0x00, 0x00, 0xDF, 0x70,
    0x0E, 0xF6, 0x00, 0x00, 0x00, 0x00, 0xFF, 0x50, 0x0A, 0xFB, 0x00, 0x00, 0x00, 0x04, 0xFF, 0x10,
    0x04, 0xFF, 0x40, 0x00, 0x00, 0x0D, 0xFC, 0x00, 0x00, 0xBF, 0xF6, 0x00, 0x02, 0xCF, 0xF3, 0x00,
    0x00, 0x1C, 0xFF, 0xFD, 0xEF, 0xFF, 0x60, 0x00, 0x00, 0x00, 0x8E, 0xFF, 0xFF, 0xB3, 0x00, 0x00,
    0x00, 0x00, 0x00, 0x23, 0x31, 0x00, 0x00, 0x00, 0x00, 0x00, 0x00, 0x49, 0x80, 0x00, 0x00, 0x00,
    0x00, 0x00, 0x03, 0xFF, 0xFA, 0x00, 0x00, 0x00, 0x00, 0x00, 0x0E, 0xE4, 0x9F, 0x60, 0x00, 0x00,
    0x00, 0x00, 0x04, 0x10, 0x05, 0x10, 0x00, 0x00, 0x00, 0x00, 0x4B, 0xEF, 0xFD, 0x81, 0x00, 0x00,
    0x00, 0x0A, 0xFF, 0xFF, 0xFF, 0xFE, 0x30, 0x00, 0x00, 0x9F, 0xF9, 0x30, 0x16, 0xEF, 0xF1, 0x00,
    0x03, 0xFF, 0x70, 0x00, 0x00, 0x1E, 0xFA, 0x00, 0x09, 0xFD, 0x00, 0x00, 0x00, 0x06, 0xFF, 0x00,
    0x0D, 0xF7, 0x00, 0x00, 0x00, 0x00, 0xFF, 0x50, 0x0F, 0xF4, 0x00, 0x00, 0x00, 0x00, 0xDF, 0x60,
    0x0F, 0xF3, 0x00, 0x00, 0x00, 0x00, 0xCF, 0x80, 0x0F, 0xF4, 0x00, 0x00, 0x00, 0x00, 0xDF, 0x70,
    0x0E, 0xF6, 0x00, 0x00, 0x00, 0x00, 0xFF, 0x50, 0x0A, 0xFB, 0x00, 0x00, 0x00, 0x04, 0xFF, 0x10,
    0x04, 0xFF, 0x40, 0x00, 0x00, 0x0D, 0xFC, 0x00, 0x00, 0xBF, 0xF6, 0x00, 0x02, 0xCF, 0xF3, 0x00,
    0x00, 0x1C, 0xFF, 0xFD, 0xEF, 0xFF, 0x60, 0x00, 0x00, 0x00, 0x8E, 0xFF, 0xFF, 0xB3, 0x00, 0x00,
    0x00, 0x00, 0x00, 0x23, 0x31, 0x00, 0x00, 0x00, 0x00, 0x00, 0x01, 0x41, 0x02, 0x10, 0x00, 0x00,
    0x00, 0x00, 0x1D, 0xFE, 0x6C, 0xD0, 0x00, 0x00, 0x00, 0x00, 0x6F, 0x7C, 0xFF, 0x60, 0x00, 0x00,
    0x00, 0x00, 0x02, 0x01, 0x53, 0x00, 0x00, 0x00, 0x00, 0x00, 0x4B, 0xEF, 0xFD, 0x81, 0x00, 0x00,
    0x00, 0x0A, 0xFF, 0xFF, 0xFF, 0xFE, 0x30, 0x00, 0x00, 0x9F, 0xF9, 0x30, 0x16, 0xEF, 0xF1, 0x00,
    0x03, 0xFF, 0x70, 0x00, 0x00, 0x1E, 0xFA, 0x00, 0x09, 0xFD, 0x00, 0x00, 0x00, 0x06, 0xFF, 0x00,
    0x0D, 0xF7, 0x00, 0x00, 0x00, 0x00, 0xFF, 0x50, 0x0F, 0xF4, 0x00, 0x00, 0x00, 0x00, 0xDF, 0x60,
    0x0F, 0xF3, 0x00, 0x00, 0x00, 0x00, 0xCF, 0x80, 0x0F, 0xF4, 0x00, 0x00, 0x00, 0x00, 0xDF, 0x70,
    0x0E, 0xF6, 0x00, 0x00, 0x00, 0x00, 0xFF, 0x50, 0x0A, 0xFB, 0x00, 0x00, 0x00, 0x04, 0xFF, 0x10,
    0x04, 0xFF, 0x40, 0x00, 0x00, 0x0D, 0xFC, 0x00, 0x00, 0xBF, 0xF6, 0x00, 0x02, 0xCF, 0xF3, 0x00,
    0x00, 0x1C, 0xFF, 0xFD, 0xEF, 0xFF, 0x60, 0x00, 0x00, 0x00, 0x8E, 0xFF, 0xFF, 0xB3, 0x00, 0x00,
    0x00, 0x00, 0x00, 0x23, 0x31, 0x00, 0x00, 0x00, 0x00, 0x00, 0x00, 0x10, 0x00, 0x00, 0x00, 0x00,
    0x00, 0x07, 0xE1, 0x00, 0x00, 0x00, 0x00, 0x00, 0x0C, 0xFC, 0x00, 0x00, 0x00, 0x00, 0x00, 0x00,
    0x9F, 0x70, 0x00, 0x00, 0x00, 0x00, 0x00, 0x04, 0x00, 0x00, 0x00, 0x06, 0xC8, 0x00, 0x00, 0x00,
    0x5C, 0x90, 0x08, 0xFB, 0x00, 0x00, 0x00, 0x7F, 0xC0, 0x08, 0xFB, 0x00, 0x00, 0x00, 0x7F, 0xC0,
    0x08, 0xFB, 0x00, 0x00, 0x00, 0x7F, 0xC0, 0x08, 0xFB, 0x00, 0x00, 0x00, 0x7F, 0xC0, 0x08, 0xFB,
    0x00, 0x00, 0x00, 0x7F, 0xC0, 0x08, 0xFB, 0x00, 0x00, 0x00, 0x7F, 0xC0, 0x08, 0xFB, 0x00, 0x00,
    0x00, 0x7F, 0xC0, 0x08, 0xFB, 0x00, 0x00, 0x00, 0x7F, 0xC0, 0x08, 0xFB, 0x00, 0x00, 0x00, 0x8F,
    0xB0, 0x06, 0xFD, 0x00, 0x00, 0x00, 0xAF, 0xA0, 0x03, 0xFF, 0x30, 0x00, 0x01, 0xEF, 0x70, 0x00,
    0xDF, 0xD2, 0x00, 0x1B, 0xFF, 0x10, 0x00, 0x2F, 0xFF, 0xDD, 0xFF, 0xF5, 0x00, 0x00, 0x02, 0xBF,
    0xFF, 0xFC, 0x40, 0x00, 0x00, 0x00, 0x01, 0x33, 0x10, 0x00, 0x00, 0x00, 0x00, 0x00, 0x01, 0x00,
    0x00, 0x00, 0x00, 0x00, 0x00, 0x0C, 0xA0, 0x00, 0x00, 0x00, 0x00, 0x00, 0x9F, 0xD2, 0x00, 0x00,
    0x00, 0x00, 0x03, 0xFB, 0x10, 0x00, 0x00, 0x00, 0x00, 0x00, 0x40, 0x00, 0x00, 0x00, 0x06, 0xC8,
    0x00, 0x00, 0x00, 0x5C, 0x90, 0x08, 0xFB, 0x00, 0x00, 0x00, 0x7F, 0xC0, 0x08, 0xFB, 0x00, 0x00,
    0x00, 0x7F, 0xC0, 0x08, 0xFB, 0x00, 0x00, 0x00, 0x7F, 0xC0, 0x08, 0xFB, 0x00, 0x00, 0x00, 0x7F,
    0xC0, 0x08, 0xFB, 0x00, 0x00, 0x00, 0x7F, 0xC0, 0x08, 0xFB, 0x00, 0x00, 0x00, 0x7F, 0xC0, 0x08,
    0xFB, 0x00, 0x00, 0x00, 0x7F, 0xC0, 0x08, 0xFB, 0x00, 0x00, 0x00, 0x7F, 0xC0, 0x08, 0xFB, 0x00,
    0x00, 0x00, 0x8F, 0xB0, 0x06, 0xFD, 0x00, 0x00, 0x00, 0xAF, 0xA0, 0x03, 0xFF, 0x30, 0x00, 0x01,
    0xEF, 0x70, 0x00, 0xDF, 0xD2, 0x00, 0x1B, 0xFF, 0x10, 0x00, 0x2F, 0xFF, 0xDD, 0xFF, 0xF5, 0x00,
    0x00, 0x02, 0xBF, 0xFF, 0xFC, 0x40, 0x00, 0x00, 0x00, 0x01, 0x33, 0x10, 0x00, 0x00, 0x00, 0x00,
    0x00, 0x01, 0x00, 0x00, 0x00, 0x00, 0x00, 0x00, 0x7E, 0x20, 0x00, 0x00, 0x00, 0x00, 0x04, 0xFF,
    0x60, 0x00, 0x00, 0x00, 0x00, 0x0D, 0xE3, 0x00, 0x00, 0x00, 0x00, 0x00, 0x02, 0x10, 0x00, 0x00,
    0x00, 0x8C, 0xB0, 0x00, 0x00, 0x00, 0xCC, 0x60, 0x2F, 0xF6, 0x00, 0x00, 0x08, 0xFE, 0x10, 0x08,
    0xFE, 0x00, 0x00, 0x1F, 0xF6, 0x00, 0x00, 0xEF, 0x70, 0x00, 0x9F, 0xD0, 0x00, 0x00, 0x5F, 0xF1,
    0x02, 0xFF, 0x40, 0x00, 0x00, 0x0C, 0xF9, 0x0A, 0xFA, 0x00, 0x00, 0x00, 0x03, 0xFF, 0x5F, 0xF1,
    0x00, 0x00, 0x00, 0x00, 0x9F, 0xFF, 0x70, 0x00, 0x00, 0x00, 0x00, 0x1F, 0xFE, 0x00, 0x00, 0x00,
    0x00, 0x00, 0x0A, 0xF8, 0x00, 0x00, 0x00, 0x00, 0x00, 0x0A, 0xF8, 0x00, 0x00, 0x00, 0x00, 0x00,
    0x0A, 0xF8, 0x00, 0x00, 0x00, 0x00, 0x00, 0x0A, 0xF8, 0x00, 0x00, 0x00, 0x00, 0x00, 0x0A, 0xF8,
    0x00, 0x00, 0x00, 0x00, 0x00, 0x0A, 0xF8, 0x00, 0x00, 0x00, 0x00, 0x03, 0x70, 0x00, 0x00, 0x00,
    0x00, 0x1F, 0xF4, 0x00, 0x00, 0x00, 0x00, 0x05, 0xFE, 0x00, 0x00, 0x00, 0x00, 0x00, 0x5F, 0x50,
    0x00, 0x00, 0x00, 0x00, 0x02, 0x00, 0x00, 0x00, 0x00, 0x3B, 0xFF, 0xE9, 0x00, 0x00, 0x04, 0xFF,
    0xED, 0xFF, 0xC0, 0x00, 0x01, 0xB6, 0x00, 0x2E, 0xF5, 0x00, 0x00, 0x00, 0x00, 0x09, 0xF9, 0x00,
    0x00, 0x02, 0x68, 0x8C, 0xFA, 0x00, 0x01, 0xBF, 0xFF, 0xFF, 0xFA, 0x00, 0x0C, 0xFE, 0x86, 0x5A,
    0xFA, 0x00, 0x2F, 0xF1, 0x00, 0x09, 0xFA, 0x00, 0x3F, 0xF1, 0x00, 0x2E, 0xFA, 0x00, 0x0E, 0xFE,
    0x9B, 0xFD, 0xFA, 0x00, 0x04, 0xEF, 0xFF, 0x88, 0xFA, 0x00, 0x00, 0x03, 0x31, 0x00, 0x00, 0x00,
    0x00, 0x00, 0x00, 0x91, 0x00, 0x00, 0x00, 0x00, 0x07, 0xFD, 0x00, 0x00, 0x00, 0x00, 0x3F, 0xE3,
    0x00, 0x00, 0x00, 0x00, 0x8E, 0x20, 0x00, 0x00, 0x00, 0x00, 0x02, 0x00, 0x00, 0x00, 0x00, 0x3B,
    0xFF, 0xE9, 0x00, 0x00, 0x04, 0xFF, 0xED, 0xFF, 0xC0, 0x00, 0x01, 0xB6, 0x00, 0x2E, 0xF5, 0x00,
    0x00, 0x00, 0x00, 0x09, 0xF9, 0x00, 0x00, 0x02, 0x68, 0x8C, 0xFA, 0x00, 0x01, 0xBF, 0xFF, 0xFF,
    0xFA, 0x00, 0x0C, 0xFE, 0x86, 0x5A, 0xFA, 0x00, 0x2F, 0xF1, 0x00, 0x09, 0xFA, 0x00, 0x3F, 0xF1,
    0x00, 0x2E, 0xFA, 0x00, 0x0E, 0xFE, 0x9B, 0xFD, 0xFA, 0x00, 0x04, 0xEF, 0xFF, 0x88, 0xFA, 0x00,
    0x00, 0x03, 0x31, 0x00, 0x00, 0x00, 0x00, 0x00, 0x01, 0x00, 0x00, 0x00, 0x00, 0x01, 0xEF, 0xB0,
    0x00, 0x00, 0x00, 0x0B, 0xFD, 0xF7, 0x00, 0x00, 0x00, 0x5F, 0x70, 0xAF, 0x20, 0x00, 0x00, 0x04,
    0x00, 0x04, 0x00, 0x00, 0x00, 0x3B, 0xFF, 0xE9, 0x00, 0x00, 0x04, 0xFF, 0xED, 0xFF, 0xC0, 0x00,
    0x01, 0xB6, 0x00, 0x2E, 0xF5, 0x00, 0x00, 0x00, 0x00, 0x09, 0xF9, 0x00, 0x00, 0x02, 0x68, 0x8C,
    0xFA, 0x00, 0x01, 0xBF, 0xFF, 0xFF, 0xFA, 0x00, 0x0C, 0xFE, 0x86, 0x5A, 0xFA, 0x00, 0x2F, 0xF1,
    0x00, 0x09, 0xFA, 0x00, 0x3F, 0xF1, 0x00, 0x2E, 0xFA, 0x00, 0x0E, 0xFE, 0x9B, 0xFD, 0xFA, 0x00,
    0x04, 0xEF, 0xFF, 0x88, 0xFA, 0x00, 0x00, 0x03, 0x31, 0x00, 0x00, 0x00, 0x00, 0x04, 0x61, 0x04,
    0x10, 0x00, 0x00, 0x4F, 0xFE, 0x8F, 0x90, 0x00, 0x00, 0x9D, 0x4D, 0xFE, 0x10, 0x00, 0x00, 0x01,
    0x00, 0x20, 0x00, 0x00, 0x00, 0x3B, 0xFF, 0xE9, 0x00, 0x00, 0x04, 0xFF, 0xED, 0xFF, 0xC0, 0x00,
    0x01, 0xB6, 0x00, 0x2E, 0xF5, 0x00, 0x00, 0x00, 0x00, 0x09, 0xF9, 0x00, 0x00, 0x02, 0x68, 0x8C,
    0xFA, 0x00, 0x01, 0xBF, 0xFF, 0xFF, 0xFA, 0x00, 0x0C, 0xFE, 0x86, 0x5A, 0xFA, 0x00, 0x2F, 0xF1,
    0x00, 0x09, 0xFA, 0x00, 0x3F, 0xF1, 0x00, 0x2E, 0xFA, 0x00, 0x0E, 0xFE, 0x9B, 0xFD, 0xFA, 0x00,
    0x04, 0xEF, 0xFF, 0x88, 0xFA, 0x00, 0x00, 0x03, 0x31, 0x00, 0x00, 0x00, 0x00, 0x00, 0x90, 0x00,
    0x00, 0x00, 0x00, 0x0B, 0xF9, 0x00, 0x00, 0x00, 0x00, 0x02, 0xEF, 0x40, 0x00, 0x00, 0x00, 0x00,
    0x1D, 0xA0, 0x00, 0x00, 0x00, 0x00, 0x01, 0x00, 0x00, 0x00, 0x00, 0x08, 0xEF, 0xFC, 0x40, 0x00,
    0x00, 0xCF, 0xFD, 0xEF, 0xF5, 0x00, 0x08, 0xFD, 0x20, 0x06, 0xFF, 0x00, 0x0E, 0xF5, 0x00, 0x00,
    0xDF, 0x40, 0x1F, 0xF9, 0x88, 0x88, 0xEF, 0x60, 0x2F, 0xFF, 0xFF, 0xFF, 0xFF, 0x50, 0x1F, 0xF4,
    0x44, 0x44, 0x44, 0x10, 0x0E, 0xF4, 0x00, 0x00, 0x00, 0x00, 0x09, 0xFD, 0x10, 0x02, 0xD8, 0x00,
    0x01, 0xEF, 0xEA, 0xAF, 0xFB, 0x00, 0x00, 0x1B, 0xFF, 0xFF, 0x90, 0x00, 0x00, 0x00, 0x13, 0x31,
    0x00, 0x00, 0x00, 0x00, 0x00, 0x64, 0x00, 0x00, 0x00, 0x00, 0x02, 0xFF, 0x20, 0x00, 0x00, 0x00,
    0x0C, 0xF7, 0x00, 0x00, 0x00, 0x00, 0x3F, 0x70, 0x00, 0x00, 0x00, 0x00, 0x02, 0x00, 0x00, 0x00,
    0x00, 0x08, 0xEF, 0xFC, 0x40, 0x00, 0x00, 0xCF, 0xFD, 0xEF, 0xF5, 0x00, 0x08, 0xFD, 0x20, 0x06,
    0xFF, 0x00, 0x0E, 0xF5, 0x00, 0x00, 0xDF, 0x40, 0x1F, 0xF9, 0x88, 0x88, 0xEF, 0x60, 0x2F, 0xFF,
    0xFF, 0xFF, 0xFF, 0x50, 0x1F, 0xF4, 0x44, 0x44, 0x44, 0x10, 0x0E, 0xF4, 0x00, 0x00, 0x00, 0x00,
    0x09, 0xFD, 0x10, 0x02, 0xD8, 0x00, 0x01, 0xEF, 0xEA, 0xAF, 0xFB, 0x00, 0x00, 0x1B, 0xFF, 0xFF,
    0x90, 0x00, 0x00, 0x00, 0x13, 0x31, 0x00, 0x00, 0x00, 0x00, 0x01, 0x00, 0x00, 0x00, 0x00, 0x00,
    0xAF, 0xF2, 0x00, 0x00, 0x00, 0x05, 0xFD, 0xFC, 0x00, 0x00, 0x00, 0x1F, 0xC0, 0x5F, 0x70, 0x00,
    0x00, 0x03, 0x00, 0x03, 0x00, 0x00, 0x00, 0x08, 0xEF, 0xFC, 0x40, 0x00, 0x00, 0xCF, 0xFD, 0xEF,
    0xF5, 0x00, 0x08, 0xFD, 0x20, 0x06, 0xFF, 0x00, 0x0E, 0xF5, 0x00, 0x00, 0xDF, 0x40, 0x1F, 0xF9,
    0x88, 0x88, 0xEF, 0x60, 0x2F, 0xFF, 0xFF, 0xFF, 0xFF, 0x50, 0x1F, 0xF4, 0x44, 0x44, 0x44, 0x10,
    0x0E, 0xF4, 0x00, 0x00, 0x00, 0x00, 0x09, 0xFD, 0x10, 0x02, 0xD8, 0x00, 0x01, 0xEF, 0xEA, 0xAF,
    0xFB, 0x00, 0x00, 0x1B, 0xFF, 0xFF, 0x90, 0x00, 0x00, 0x00, 0x13, 0x31, 0x00, 0x00, 0x04, 0x80,
    0x00, 0x1F, 0xF4, 0x00, 0x04, 0xFE, 0x10, 0x00, 0x4F, 0x40, 0x00, 0x00, 0x00, 0x00, 0x8C, 0x50,
    0x00, 0xAF, 0x70, 0x00, 0xAF, 0x70, 0x00, 0xAF, 0x70, 0x00, 0xAF, 0x70, 0x00, 0xAF, 0x70, 0x00,
    0xAF, 0x70, 0x00, 0xAF, 0x70, 0x00, 0xAF, 0x70, 0x00, 0xAF, 0x70, 0x00, 0xAF, 0x70, 0x00, 0x0A,
    0x20, 0x00, 0x8F, 0xD0, 0x03, 0xFE, 0x20, 0x08, 0xE2, 0x00, 0x00, 0x00, 0x00, 0x08, 0xC5, 0x00,
    0x0A, 0xF7, 0x00, 0x0A, 0xF7, 0x00, 0x0A, 0xF7, 0x00, 0x0A, 0xF7, 0x00, 0x0A, 0xF7, 0x00, 0x0A,
    0xF7, 0x00, 0x0A, 0xF7, 0x00, 0x0A, 0xF7, 0x00, 0x0A, 0xF7, 0x00, 0x0A, 0xF7, 0x00, 0x00, 0x00,
    0xA1, 0x00, 0x00, 0x00, 0x00, 0x0A, 0xFB, 0x00, 0x00, 0x00, 0x00, 0x01, 0xCF, 0x60, 0x00, 0x00,
    0x00, 0x00, 0x0C, 0xB0, 0x00, 0x00, 0x00, 0x00, 0x01, 0x00, 0x00, 0x00, 0x00, 0x08, 0xEF, 0xFC,
    0x40, 0x00, 0x00, 0xCF, 0xFF, 0xFF, 0xF6, 0x00, 0x08, 0xFF, 0x40, 0x09, 0xFF, 0x20, 0x0E, 0xF6,
    0x00, 0x00, 0xCF, 0x80, 0x1F, 0xF1, 0x00, 0x00, 0x7F, 0xB0, 0x2F, 0xF0, 0x00, 0x00, 0x5F, 0xC0,
    0x1F, 0xF0, 0x00, 0x00, 0x6F, 0xB0, 0x0E, 0xF4, 0x00, 0x00, 0xBF, 0x90, 0x09, 0xFD, 0x10, 0x05,
    0xFF, 0x30, 0x01, 0xEF, 0xFC, 0xDF, 0xF9, 0x00, 0x00, 0x2B, 0xFF, 0xFF, 0x80, 0x00, 0x00, 0x00,
    0x13, 0x30, 0x00, 0x00, 0x00, 0x00, 0x00, 0x66, 0x00, 0x00, 0x00, 0x00, 0x02, 0xFF, 0x40, 0x00,
    0x00, 0x00, 0x0C, 0xF7, 0x00, 0x00, 0x00, 0x00, 0x2E, 0x70, 0x00, 0x00, 0x00, 0x00, 0x01, 0x00,
    0x00, 0x00, 0x00, 0x08, 0xEF, 0xFC, 0x40, 0x00, 0x00, 0xCF, 0xFF, 0xFF, 0xF6, 0x00, 0x08, 0xFF,
    0x40, 0x09, 0xFF, 0x20, 0x0E, 0xF6, 0x00, 0x00, 0xCF, 0x80, 0x1F, 0xF1, 0x00, 0x00, 0x7F, 0xB0,
    0x2F, 0xF0, 0x00, 0x00, 0x5F, 0xC0, 0x1F, 0xF0, 0x00, 0x00, 0x6F, 0xB0, 0x0E, 0xF4, 0x00, 0x00,
    0xBF, 0x90, 0x09, 0xFD, 0x10, 0x05, 0xFF, 0x30, 0x01, 0xEF, 0xFC, 0xDF, 0xF9, 0x00, 0x00, 0x2B,
    0xFF, 0xFF, 0x80, 0x00, 0x00, 0x00, 0x13, 0x30, 0x00, 0x00, 0x00, 0x00, 0x02, 0x10, 0x00, 0x00,
    0x00, 0x00, 0x9F, 0xF3, 0x00, 0x00, 0x00, 0x05, 0xFD, 0xFE, 0x10, 0x00, 0x00, 0x0E, 0xC0, 0x3F,
    0x80, 0x00, 0x00, 0x02, 0x00, 0x02, 0x00, 0x00, 0x00, 0x08, 0xEF, 0xFC, 0x40, 0x00, 0x00, 0xCF,
    0xFF, 0xFF, 0xF6, 0x00, 0x08, 0xFF, 0x40, 0x09, 0xFF, 0x20, 0x0E, 0xF6, 0x00, 0x00, 0xCF, 0x80,
    0x1F, 0xF1, 0x00, 0x00, 0x7F, 0xB0, 0x2F, 0xF0, 0x00, 0x00, 0x5F, 0xC0, 0x1F, 0xF0, 0x00, 0x00,
    0x6F, 0xB0, 0x0E, 0xF4, 0x00, 0x00, 0xBF, 0x90, 0x09, 0xFD, 0x10, 0x05, 0xFF, 0x30, 0x01, 0xEF,
    0xFC, 0xDF, 0xF9, 0x00, 0x00, 0x2B, 0xFF, 0xFF, 0x80, 0x00, 0x00, 0x00, 0x13, 0x30, 0x00, 0x00,
    0x00, 0x02, 0x85, 0x02, 0x50, 0x00, 0x00, 0x0E, 0xFF, 0xAD, 0xE0, 0x00, 0x00, 0x3E, 0x57, 0xFF,
    0x50, 0x00, 0x00, 0x00, 0x00, 0x11, 0x00, 0x00, 0x00, 0x08, 0xEF, 0xFC, 0x40, 0x00, 0x00, 0xCF,
    0xFF, 0xFF, 0xF6, 0x00, 0x08, 0xFF, 0x40, 0x09, 0xFF, 0x20, 0x0E, 0xF6, 0x00, 0x00, 0xCF, 0x80,
    0x1F, 0xF1, 0x00, 0x00, 0x7F, 0xB0, 0x2F, 0xF0, 0x00, 0x00, 0x5F, 0xC0, 0x1F, 0xF0, 0x00, 0x00,
    0x6F, 0xB0, 0x0E, 0xF4, 0x00, 0x00, 0xBF, 0x90, 0x09, 0xFD, 0x10, 0x05, 0xFF, 0x30, 0x01, 0xEF,
    0xFC, 0xDF, 0xF9, 0x00, 0x00, 0x2B, 0xFF, 0xFF, 0x80, 0x00, 0x00, 0x00, 0x13, 0x30, 0x00, 0x00,
    0x00, 0x00, 0x92, 0x00, 0x00, 0x00, 0x00, 0x08, 0xFD, 0x00, 0x00, 0x00, 0x00, 0x00, 0xBF, 0x80,
    0x00, 0x00, 0x00, 0x00, 0x0B, 0xC0, 0x00, 0x00, 0x00, 0x00, 0x00, 0x00, 0x00, 0x00, 0x08, 0xC5,
    0x00, 0x00, 0x8C, 0x50, 0x0B, 0xF6, 0x00, 0x00, 0xAF, 0x70, 0x0B, 0xF6, 0x00, 0x00, 0xAF, 0x70,
    0x0B, 0xF6, 0x00, 0x00, 0xAF, 0x70, 0x0B, 0xF6, 0x00, 0x00, 0xAF, 0x70, 0x0B, 0xF6, 0x00, 0x00,
    0xAF, 0x70, 0x0B, 0xF6, 0x00, 0x00, 0xAF, 0x70, 0x0A, 0xF8, 0x00, 0x00, 0xDF, 0x70, 0x08, 0xFE,
    0x10, 0x06, 0xFF, 0x70, 0x02, 0xFF, 0xFB, 0xDF, 0xDF, 0x70, 0x00, 0x6F, 0xFF, 0xE5, 0xAF, 0x70,
    0x00, 0x00, 0x33, 0x00, 0x00, 0x00, 0x00, 0x00, 0x00, 0x57, 0x00, 0x00, 0x00, 0x00, 0x01, 0xEF,
    0x50, 0x00, 0x00, 0x00, 0x0A, 0xF9, 0x00, 0x00, 0x00, 0x00, 0x1E, 0x80, 0x00, 0x00, 0x00, 0x00,
    0x00, 0x00, 0x00, 0x00, 0x08, 0xC5, 0x00, 0x00, 0x8C, 0x50, 0x0B, 0xF6, 0x00, 0x00, 0xAF, 0x70,
    0x0B, 0xF6, 0x00, 0x00, 0xAF, 0x70, 0x0B, 0xF6, 0x00, 0x00, 0xAF, 0x70, 0x0B, 0xF6, 0x00, 0x00,
    0xAF, 0x70, 0x0B, 0xF6, 0x00, 0x00, 0xAF, 0x70, 0x0B, 0xF6, 0x00, 0x00, 0xAF, 0x70, 0x0A, 0xF8,
    0x00, 0x00, 0xDF, 0x70, 0x08, 0xFE, 0x10, 0x06, 0xFF, 0x70, 0x02, 0xFF, 0xFB, 0xDF, 0xDF, 0x70,
    0x00, 0x6F, 0xFF, 0xE5, 0xAF, 0x70, 0x00, 0x00, 0x33, 0x00, 0x00, 0x00, 0x00, 0x00, 0x00, 0x0A,
    0x10, 0x00, 0x00, 0x00, 0x00, 0x9F, 0xC0, 0x00, 0x00, 0x00, 0x04, 0xFD, 0x10, 0x00, 0x00, 0x00,
    0x09, 0xD1, 0x00, 0x00, 0x00, 0x00, 0x00, 0x00, 0x00, 0x00, 0x0B, 0xC6, 0x00, 0x00, 0x0A, 0xC6,
    0x08, 0xFC, 0x00, 0x00, 0x2F, 0xF2, 0x02, 0xFF, 0x20, 0x00, 0x8F, 0xC0, 0x00, 0xCF, 0x80, 0x00,
    0xDF, 0x60, 0x00, 0x6F, 0xD0, 0x03, 0xFF, 0x00, 0x00, 0x0F, 0xF3, 0x09, 0xF9, 0x00, 0x00, 0x09,
    0xF9, 0x0E, 0xF3, 0x00, 0x00, 0x03, 0xFE, 0x5F, 0xC0, 0x00, 0x00, 0x00, 0xDF, 0xEF, 0x60, 0x00,
    0x00, 0x00, 0x7F, 0xFF, 0x00, 0x00, 0x00, 0x00, 0x1F, 0xF9, 0x00, 0x00, 0x00, 0x00, 0x1F, 0xF3,
    0x00, 0x00, 0x00, 0x00, 0x7F, 0xC0, 0x00, 0x00, 0x00, 0x00, 0xDF, 0x60, 0x00, 0x00, 0x00, 0x04,
    0xFF, 0x00, 0x00, 0x00, 0x00, 0x01, 0x22, 0x00, 0x00, 0x00, 0x00, 0x00, 0xB6, 0x00, 0xA8, 0x00,
    0x00, 0x00, 0x00, 0xBE, 0x79, 0xF6, 0x00, 0x00, 0x00, 0x00, 0x2D, 0xFF, 0xB0, 0x00, 0x00, 0x00,
    0x00, 0x00, 0x22, 0x00, 0x00, 0x00, 0x00, 0x00, 0x05, 0xCC, 0x10, 0x00, 0x00, 0x00, 0x00, 0x0C,
    0xFF, 0x70, 0x00, 0x00, 0x00, 0x00, 0x2F, 0xFF, 0xD0, 0x00, 0x00, 0x00, 0x00, 0x8F, 0xCF, 0xF3,
    0x00, 0x00, 0x00, 0x00, 0xEF, 0x5A, 0xF9, 0x00, 0x00, 0x00, 0x04, 0xFF, 0x04, 0xFE, 0x00, 0x00,
    0x00, 0x0A, 0xF9, 0x00, 0xEF, 0x50, 0x00, 0x00, 0x0F, 0xF4, 0x00, 0x8F, 0xB0, 0x00, 0x00, 0x6F,
    0xFA, 0xAA, 0xDF, 0xF1, 0x00, 0x00, 0xCF, 0xFF, 0xFF, 0xFF, 0xF7, 0x00, 0x02, 0xFF, 0x96, 0x66,
    0x6E, 0xFD, 0x00, 0x08, 0xFC, 0x00, 0x00, 0x01, 0xFF, 0x30, 0x0D, 0xF7, 0x00, 0x00, 0x00, 0xBF,
    0x90, 0x4F, 0xF1, 0x00, 0x00, 0x00, 0x6F, 0xE0, 0xAF, 0xB0, 0x00, 0x00, 0x00, 0x0F, 0xF5, 0x00,
    0x14, 0x00, 0x04, 0x00, 0x00, 0x00, 0x5F, 0x10, 0x5F, 0x10, 0x00, 0x00, 0x1F, 0xD8, 0xED, 0x00,
    0x00, 0x00, 0x06, 0xFF, 0xE3, 0x00, 0x00, 0x00, 0x00, 0x01, 0x00, 0x00, 0x00, 0x00, 0x3B, 0xFF,
    0xE9, 0x00, 0x00, 0x04, 0xFF, 0xED, 0xFF, 0xC0, 0x00, 0x01, 0xB6, 0x00, 0x2E, 0xF5, 0x00, 0x00,
    0x00, 0x00, 0x09, 0xF9, 0x00, 0x00, 0x02, 0x68, 0x8C, 0xFA, 0x00, 0x01, 0xBF, 0xFF, 0xFF, 0xFA,
    0x00, 0x0C, 0xFE, 0x86, 0x5A, 0xFA, 0x00, 0x2F, 0xF1, 0x00, 0x09, 0xFA, 0x00, 0x3F, 0xF1, 0x00,
    0x2E, 0xFA, 0x00, 0x0E, 0xFE, 0x9B, 0xFD, 0xFA, 0x00, 0x04, 0xEF, 0xFF, 0x88, 0xFA, 0x00, 0x00,
    0x03, 0x31, 0x00, 0x00, 0x00, 0x00, 0xAC, 0xCC, 0xCC, 0xB9, 0x40, 0x00, 0x00, 0x00, 0xCF, 0xFF,
    0xFF, 0xFF, 0xFC, 0x10, 0x00, 0x00, 0xCF, 0x84, 0x44, 0x6A, 0xFF, 0xE1, 0x00, 0x00, 0xCF, 0x60,
    0x00, 0x00, 0x3E, 0xFA, 0x00, 0x00, 0xCF, 0x60, 0x00, 0x00, 0x05, 0xFF, 0x10, 0x00, 0xCF, 0x60,
    0x00, 0x00, 0x00, 0xEF, 0x60, 0x9D, 0xFF, 0xFD, 0xDD, 0x10, 0x00, 0xBF, 0x80, 0xAF, 0xFF, 0xFF,
    0xFF, 0x20, 0x00, 0xAF, 0x90, 0x12, 0xFF, 0x92, 0x22, 0x00, 0x00, 0xBF, 0x80, 0x00, 0xCF, 0x60,
    0x00, 0x00, 0x00, 0xEF, 0x60, 0x00, 0xCF, 0x60, 0x00, 0x00, 0x04, 0xFF, 0x20, 0x00, 0xCF, 0x60,
    0x00, 0x00, 0x1D, 0xFC, 0x00, 0x00, 0xCF, 0x71, 0x11, 0x37, 0xEF, 0xF2, 0x00, 0x00, 0xCF, 0xFF,
    0xFF, 0xFF, 0xFE, 0x30, 0x00, 0x00, 0xCF, 0xFF, 0xFF, 0xEB, 0x60, 0x00, 0x00, 0x00, 0x00, 0x00,
    0x00, 0x4C, 0x90, 0x00, 0x00, 0x00, 0x01, 0x77, 0xDF, 0xF7, 0x20, 0x00, 0x00, 0x03, 0xFF, 0xFF,
    0xFF, 0x50, 0x00, 0x00, 0x00, 0x44, 0xAF, 0xF4, 0x10, 0x00, 0x08, 0xDE, 0xB3, 0x6F, 0xC0, 0x00,
    0x00, 0xCF, 0xFF, 0xFF, 0xAF, 0xC0, 0x00, 0x08, 0xFF, 0x72, 0x3B, 0xFF, 0xC0, 0x00, 0x0E, 0xF7,
    0x00, 0x00, 0xDF, 0xC0, 0x00, 0x1F, 0xF1, 0x00, 0x00, 0x7F, 0xC0, 0x00, 0x2F, 0xF0, 0x00, 0x00,
    0x5F, 0xC0, 0x00, 0x1F, 0xF0, 0x00, 0x00, 0x6F, 0xC0, 0x00, 0x0E, 0xF5, 0x00, 0x00, 0xBF, 0xC0,
    0x00, 0x09, 0xFE, 0x20, 0x06, 0xFF, 0xC0, 0x00, 0x01, 0xEF, 0xFD, 0xDF, 0xDF, 0xC0, 0x00, 0x00,
    0x2C, 0xFF, 0xF9, 0x6F, 0xC0, 0x00, 0x00, 0x00, 0x23, 0x10, 0x00, 0x00, 0x00, 0x01, 0x40, 0x02,
    0x00, 0x2F, 0xFD, 0x6E, 0xA0, 0x8F, 0x6E, 0xFF, 0x30, 0x02, 0x00, 0x52, 0x00, 0x00, 0x6C, 0x80,
    0x00, 0x00, 0x8F, 0xA0, 0x00, 0x00, 0x8F, 0xA0, 0x00, 0x00, 0x8F, 0xA0, 0x00, 0x00, 0x8F, 0xA0,
    0x00, 0x00, 0x8F, 0xA0, 0x00, 0x00, 0x8F, 0xA0, 0x00, 0x00, 0x8F, 0xA0, 0x00, 0x00, 0x8F, 0xA0,
    0x00, 0x00, 0x8F, 0xA0, 0x00, 0x00, 0x8F, 0xA0, 0x00, 0x00, 0x8F, 0xA0, 0x00, 0x00, 0x8F, 0xA0,
    0x00, 0x00, 0x8F, 0xA0, 0x00, 0x00, 0x8F, 0xA0, 0x00, 0x03, 0x83, 0x04, 0x30, 0x2F, 0xFF, 0x9E,
    0xB0, 0x6E, 0x3A, 0xFE, 0x30, 0x00, 0x00, 0x10, 0x00, 0x00, 0x5C, 0x80, 0x00, 0x00, 0x7F, 0xA0,
    0x00, 0x00, 0x7F, 0xA0, 0x00, 0x00, 0x7F, 0xA0, 0x00, 0x00, 0x7F, 0xA0, 0x00, 0x00, 0x7F, 0xA0,
    0x00, 0x00, 0x7F, 0xA0, 0x00, 0x00, 0x7F, 0xA0, 0x00, 0x00, 0x7F, 0xA0, 0x00, 0x00, 0x7F, 0xA0,
    0x00, 0x00, 0x7F, 0xA0, 0x00, 0x00, 0x00, 0x04, 0x20, 0x03, 0x00, 0x00, 0x00, 0x00, 0x8F, 0xF9,
    0x8F, 0x30, 0x00, 0x00, 0x00, 0xFA, 0x9F, 0xFC, 0x00, 0x00, 0x00, 0x00, 0x20, 0x03, 0x50, 0x00,
    0x00, 0x06, 0xC8, 0x00, 0x00, 0x00, 0x5C, 0x90, 0x08, 0xFB, 0x00, 0x00, 0x00, 0x7F, 0xC0, 0x08,
    0xFB, 0x00, 0x00, 0x00, 0x7F, 0xC0, 0x08, 0xFB, 0x00, 0x00, 0x00, 0x7F, 0xC0, 0x08, 0xFB, 0x00,
    0x00, 0x00, 0x7F, 0xC0, 0x08, 0xFB, 0x00, 0x00, 0x00, 0x7F, 0xC0, 0x08, 0xFB, 0x00, 0x00, 0x00,
    0x7F, 0xC0, 0x08, 0xFB, 0x00, 0x00, 0x00, 0x7F, 0xC0, 0x08, 0xFB, 0x00, 0x00, 0x00, 0x7F, 0xC0,
    0x08, 0xFB, 0x00, 0x00, 0x00, 0x8F, 0xB0, 0x06, 0xFD, 0x00, 0x00, 0x00, 0xAF, 0xA0, 0x03, 0xFF,
    0x30, 0x00, 0x01, 0xEF, 0x70, 0x00, 0xDF, 0xD2, 0x00, 0x1B, 0xFF, 0x10, 0x00, 0x2F, 0xFF, 0xDD,
    0xFF, 0xF5, 0x00, 0x00, 0x02, 0xBF, 0xFF, 0xFC, 0x40, 0x00, 0x00, 0x00, 0x01, 0x33, 0x10, 0x00,
    0x00, 0x00, 0x01, 0x75, 0x01, 0x60, 0x00, 0x00, 0x0D, 0xFF, 0xBC, 0xF1, 0x00, 0x00, 0x2E, 0x66,
    0xFF, 0x70, 0x00, 0x00, 0x00, 0x00, 0x01, 0x00, 0x00, 0x08, 0xC5, 0x00, 0x00, 0x8C, 0x50, 0x0B,
    0xF6, 0x00, 0x00, 0xAF, 0x70, 0x0B, 0xF6, 0x00, 0x00, 0xAF, 0x70, 0x0B, 0xF6, 0x00, 0x00, 0xAF,
    0x70, 0x0B, 0xF6, 0x00, 0x00, 0xAF, 0x70, 0x0B, 0xF6, 0x00, 0x00, 0xAF, 0x70, 0x0B, 0xF6, 0x00,
    0x00, 0xAF, 0x70, 0x0A, 0xF8, 0x00, 0x00, 0xDF, 0x70, 0x08, 0xFE, 0x10, 0x06, 0xFF, 0x70, 0x02,
    0xFF, 0xFB, 0xDF, 0xDF, 0x70, 0x00, 0x6F, 0xFF, 0xE5, 0xAF, 0x70, 0x00, 0x00, 0x33, 0x00, 0x00,
    0x00, 0x00, 0x00, 0x00, 0x00, 0x00, 0x00, 0x00, 0x00, 0x00, 0x00, 0x00, 0x00, 0x00, 0x00, 0x2C,
    0x10, 0x00, 0x00, 0x00, 0x00, 0x00, 0x00, 0x8F, 0x70, 0x00, 0x00, 0x00, 0x00, 0x00, 0x00, 0x8F,
    0x70, 0x00, 0x00, 0x4B, 0xEF, 0xFF, 0xFF, 0xFF, 0x20, 0x00, 0x0A, 0xFF, 0xFF, 0xFF, 0xFF, 0x91,
    0x00, 0x00, 0x9F, 0xF9, 0x30, 0x16, 0xEF, 0xD0, 0x00, 0x03, 0xFF, 0x70, 0x00, 0x00, 0x1E, 0xF9,
    0x00, 0x09, 0xFD, 0x00, 0x00, 0x00, 0x06, 0xFF, 0x00, 0x0D, 0xF7, 0x00, 0x00, 0x00, 0x00, 0xFF,
    0x40, 0x0F, 0xF4, 0x00, 0x00, 0x00, 0x00, 0xDF, 0x60, 0x0F, 0xF3, 0x00, 0x00, 0x00, 0x00, 0xCF,
    0x80, 0x0F, 0xF4, 0x00, 0x00, 0x00, 0x00, 0xDF, 0x70, 0x0E, 0xF6, 0x00, 0x00, 0x00, 0x00, 0xFF,
    0x50, 0x0A, 0xFB, 0x00, 0x00, 0x00, 0x04, 0xFF, 0x10, 0x04, 0xFF, 0x40, 0x00, 0x00, 0x0D, 0xFC,
    0x00, 0x00, 0xBF, 0xF6, 0x00, 0x02, 0xCF, 0xF3, 0x00, 0x00, 0x1C, 0xFF, 0xFD, 0xEF, 0xFF, 0x60,
    0x00, 0x00, 0x00, 0x8E, 0xFF, 0xFF, 0xB3, 0x00, 0x00, 0x00, 0x00, 0x00, 0x23, 0x31, 0x00, 0x00,
    0x00, 0x00, 0x00, 0x00, 0x00, 0x00, 0x00, 0x00, 0x00, 0x00, 0x00, 0x05, 0xB0, 0x00, 0x00, 0x00,
    0x00, 0x0C, 0xF2, 0x00, 0x00, 0x00, 0x00, 0x0B, 0xF3, 0x00, 0x08, 0xEF, 0xFF, 0xFF, 0xD0, 0x00,
    0xCF, 0xFF, 0xFF, 0xFB, 0x00, 0x08, 0xFF, 0x40, 0x09, 0xFF, 0x10, 0x0E, 0xF6, 0x00, 0x00, 0xCF,
    0x70, 0x1F, 0xF1, 0x00, 0x00, 0x7F, 0xB0, 0x2F, 0xF0, 0x00, 0x00, 0x5F, 0xC0, 0x1F, 0xF0, 0x00,
    0x00, 0x6F, 0xB0, 0x0E, 0xF4, 0x00, 0x00, 0xBF, 0x90, 0x09, 0xFD, 0x10, 0x05, 0xFF, 0x30, 0x01,
    0xEF, 0xFC, 0xDF, 0xF9, 0x00, 0x00, 0x2B, 0xFF, 0xFF, 0x80, 0x00, 0x00, 0x00, 0x13, 0x30, 0x00,
    0x00, 0x00, 0x00, 0x00, 0x00, 0x00, 0x00, 0x00, 0x00, 0x00, 0x00, 0x00, 0x00, 0x00, 0x00, 0x0A,
    0x50, 0x00, 0x00, 0x00, 0x00, 0x00, 0x00, 0x3F, 0xC0, 0x00, 0x00, 0x00, 0x00, 0x00, 0x00, 0x2F,
    0xD0, 0x06, 0xC8, 0x00, 0x00, 0x00, 0x5F, 0xFF, 0x80, 0x08, 0xFB, 0x00, 0x00, 0x00, 0x7F, 0xF6,
    0x00, 0x08, 0xFB, 0x00, 0x00, 0x00, 0x7F, 0xC0, 0x00, 0x08, 0xFB, 0x00, 0x00, 0x00, 0x7F, 0xC0,
    0x00, 0x08, 0xFB, 0x00, 0x00, 0x00, 0x7F, 0xC0, 0x00, 0x08, 0xFB, 0x00, 0x00, 0x00, 0x7F, 0xC0,
    0x00, 0x08, 0xFB, 0x00, 0x00, 0x00, 0x7F, 0xC0, 0x00, 0x08, 0xFB, 0x00, 0x00, 0x00, 0x7F, 0xC0,
    0x00, 0x08, 0xFB, 0x00, 0x00, 0x00, 0x7F, 0xC0, 0x00, 0x08, 0xFB, 0x00, 0x00, 0x00, 0x8F, 0xB0,
    0x00, 0x06, 0xFD, 0x00, 0x00, 0x00, 0xAF, 0xA0, 0x00, 0x03, 0xFF, 0x30, 0x00, 0x01, 0xEF, 0x70,
    0x00, 0x00, 0xDF, 0xD2, 0x00, 0x1B, 0xFF, 0x10, 0x00, 0x00, 0x2F, 0xFF, 0xDD, 0xFF, 0xF5, 0x00,
    0x00, 0x00, 0x02, 0xBF, 0xFF, 0xFC, 0x40, 0x00, 0x00, 0x00, 0x00, 0x01, 0x33, 0x10, 0x00, 0x00,
    0x00, 0x00, 0x00, 0x00, 0x00, 0x00, 0x00, 0x00, 0x00, 0x00, 0x00, 0x00, 0x00, 0x2C, 0x10, 0x00,
    0x00, 0x00, 0x00, 0x00, 0x7F, 0x70, 0x00, 0x00, 0x00, 0x00, 0x00, 0x7F, 0x80, 0x08, 0xC5, 0x00,
    0x00, 0x8F, 0xFF, 0x30, 0x0B, 0xF6, 0x00, 0x00, 0xAF, 0xF4, 0x00, 0x0B, 0xF6, 0x00, 0x00, 0xAF,
    0x70, 0x00, 0x0B, 0xF6, 0x00, 0x00, 0xAF, 0x70, 0x00, 0x0B, 0xF6, 0x00, 0x00, 0xAF, 0x70, 0x00,
    0x0B, 0xF6, 0x00, 0x00, 0xAF, 0x70, 0x00, 0x0B, 0xF6, 0x00, 0x00, 0xAF, 0x70, 0x00, 0x0A, 0xF8,
    0x00, 0x00, 0xDF, 0x70, 0x00, 0x08, 0xFE, 0x10, 0x06, 0xFF, 0x70, 0x00, 0x02, 0xFF, 0xFB, 0xDF,
    0xDF, 0x70, 0x00, 0x00, 0x6F, 0xFF, 0xE5, 0xAF, 0x70, 0x00, 0x00, 0x00, 0x33, 0x00, 0x00, 0x00,
    0x00, 0x00, 0x00, 0x05, 0xCC, 0x10, 0x00, 0x00, 0x00, 0x00, 0x0C, 0xFF, 0x70, 0x00, 0x00, 0x00,
    0x00, 0x2F, 0xFF, 0xD0, 0x00, 0x00, 0x00, 0x00, 0x8F, 0xCF, 0xF3, 0x00, 0x00, 0x00, 0x00, 0xEF,
    0x5A, 0xF9, 0x00, 0x00, 0x00, 0x04, 0xFF, 0x04, 0xFE, 0x00, 0x00, 0x00, 0x0A, 0xF9, 0x00, 0xEF,
    0x50, 0x00, 0x00, 0x0F, 0xF4, 0x00, 0x8F, 0xB0, 0x00, 0x00, 0x6F, 0xFA, 0xAA, 0xDF, 0xF1, 0x00,
    0x00, 0xCF, 0xFF, 0xFF, 0xFF, 0xF7, 0x00, 0x02, 0xFF, 0x96, 0x66, 0x6E, 0xFD, 0x00, 0x08, 0xFC,
    0x00, 0x00, 0x01, 0xFF, 0x30, 0x0D, 0xF7, 0x00, 0x00, 0x00, 0xBF, 0x90, 0x4F, 0xF1, 0x00, 0x00,
    0x00, 0x6F, 0xE0, 0xAF, 0xB0, 0x00, 0x00, 0x00, 0x0F, 0xF5, 0x00, 0x00, 0x00, 0x00, 0x00, 0x00,
    0x00, 0x00, 0x00, 0x01, 0x97, 0x00, 0x00, 0x00, 0x00, 0x00, 0x07, 0xFF, 0x20, 0x00, 0x00, 0x00,
    0x00, 0x03, 0xFD, 0x00, 0x00, 0x00, 0x00, 0x00, 0x00, 0x00, 0x00, 0x00, 0x00, 0x00, 0x00, 0x00,
    0x00, 0x00, 0x00, 0x00, 0x3B, 0xFF, 0xE9, 0x00, 0x00, 0x04, 0xFF, 0xED, 0xFF, 0xC0, 0x00, 0x01,
    0xB6, 0x00, 0x2E, 0xF5, 0x00, 0x00, 0x00, 0x00, 0x09, 0xF9, 0x00, 0x00, 0x02, 0x68, 0x8C, 0xFA,
    0x00, 0x01, 0xBF, 0xFF, 0xFF, 0xFA, 0x00, 0x0C, 0xFE, 0x86, 0x5A, 0xFA, 0x00, 0x2F, 0xF1, 0x00,
    0x09, 0xFA, 0x00, 0x3F, 0xF1, 0x00, 0x2E, 0xFA, 0x00, 0x0E, 0xFE, 0x9B, 0xFD, 0xFA, 0x00, 0x04,
    0xEF, 0xFF, 0x88, 0xFA, 0x00, 0x00, 0x03, 0x31, 0x00, 0x00, 0x00, 0x00, 0x00, 0x3A, 0x30, 0x00,
    0x00, 0x00, 0x00, 0xCF, 0xC0, 0x00, 0x00, 0x00, 0x00, 0x8F, 0x80, 0x00, 0x00, 0x00, 0x00, 0x00,
    0x00, 0x00, 0x00, 0x00, 0x00, 0x09, 0xBB, 0x40, 0x00, 0x00, 0x00, 0x00, 0x0B, 0xAE, 0xE0, 0x00,
    0x00, 0x00, 0x00, 0x00, 0x9F, 0xB0, 0x00, 0x00, 0x00, 0x00, 0x00, 0x44, 0x00, 0x00, 0x00, 0x00,
    0x00, 0x05, 0xCC, 0x10, 0x00, 0x00, 0x00, 0x00, 0x0C, 0xFF, 0x70, 0x00, 0x00, 0x00, 0x00, 0x2F,
    0xFF, 0xD0, 0x00, 0x00, 0x00, 0x00, 0x8F, 0xCF, 0xF3, 0x00, 0x00, 0x00, 0x00, 0xEF, 0x5A, 0xF9,
    0x00, 0x00, 0x00, 0x04, 0xFF, 0x04, 0xFE, 0x00, 0x00, 0x00, 0x0A, 0xF9, 0x00, 0xEF, 0x50, 0x00,
    0x00, 0x0F, 0xF4, 0x00, 0x8F, 0xB0, 0x00, 0x00, 0x6F, 0xFA, 0xAA, 0xDF, 0xF1, 0x00, 0x00, 0xCF,
    0xFF, 0xFF, 0xFF, 0xF7, 0x00, 0x02, 0xFF, 0x96, 0x66, 0x6E, 0xFD, 0x00, 0x08, 0xFC, 0x00, 0x00,
    0x01, 0xFF, 0x30, 0x0D, 0xF7, 0x00, 0x00, 0x00, 0xBF, 0x90, 0x4F, 0xF1, 0x00, 0x00, 0x00, 0x6F,
    0xE0, 0xAF, 0xB0, 0x00, 0x00, 0x00, 0x0F, 0xF5, 0x00, 0x00, 0x56, 0x20, 0x00, 0x00, 0x00, 0x07,
    0xFF, 0xF4, 0x00, 0x00, 0x00, 0x01, 0x26, 0xF7, 0x00, 0x00, 0x00, 0x00, 0x3F, 0xE2, 0x00, 0x00,
    0x00, 0x00, 0x04, 0x00, 0x00, 0x00, 0x00, 0x3B, 0xFF, 0xE9, 0x00, 0x00, 0x04, 0xFF, 0xED, 0xFF,
    0xC0, 0x00, 0x01, 0xB6, 0x00, 0x2E, 0xF5, 0x00, 0x00, 0x00, 0x00, 0x09, 0xF9, 0x00, 0x00, 0x02,
    0x68, 0x8C, 0xFA, 0x00, 0x01, 0xBF, 0xFF, 0xFF, 0xFA, 0x00, 0x0C, 0xFE, 0x86, 0x5A, 0xFA, 0x00,
    0x2F, 0xF1, 0x00, 0x09, 0xFA, 0x00, 0x3F, 0xF1, 0x00, 0x2E, 0xFA, 0x00, 0x0E, 0xFE, 0x9B, 0xFD,
    0xFA, 0x00, 0x04, 0xEF, 0xFF, 0x88, 0xFA, 0x00, 0x00, 0x03, 0x31, 0x00, 0x00, 0x00, 0x00, 0x00,
    0x00, 0x00, 0x00, 0x11, 0x00, 0x00, 0x00, 0x00, 0x00, 0x01, 0xDC, 0x00, 0x00, 0x00, 0x00, 0x00,
    0x2E, 0xE6, 0x00, 0x00, 0x00, 0x01, 0x44, 0x3A, 0x10, 0x00, 0x00, 0x00, 0x0C, 0xFF, 0x80, 0x00,
    0x00, 0x00, 0x00, 0xBF, 0x7A, 0xF7, 0x00, 0x00, 0x00, 0x00, 0x52, 0x00, 0x52, 0x00, 0x00, 0x00,
    0x00, 0x05, 0xCC, 0x10, 0x00, 0x00, 0x00, 0x00, 0x0C, 0xFF, 0x70, 0x00, 0x00, 0x00, 0x00, 0x2F,
    0xFF, 0xD0, 0x00, 0x00, 0x00, 0x00, 0x8F, 0xCF, 0xF3, 0x00, 0x00, 0x00, 0x00, 0xEF, 0x5A, 0xF9,
    0x00, 0x00, 0x00, 0x04, 0xFF, 0x04, 0xFE, 0x00, 0x00, 0x00, 0x0A, 0xF9, 0x00, 0xEF, 0x50, 0x00,
    0x00, 0x0F, 0xF4, 0x00, 0x8F, 0xB0, 0x00, 0x00, 0x6F, 0xFA, 0xAA, 0xDF, 0xF1, 0x00, 0x00, 0xCF,
    0xFF, 0xFF, 0xFF, 0xF7, 0x00, 0x02, 0xFF, 0x96, 0x66, 0x6E, 0xFD, 0x00, 0x08, 0xFC, 0x00, 0x00,
    0x01, 0xFF, 0x30, 0x0D, 0xF7, 0x00, 0x00, 0x00, 0xBF, 0x90, 0x4F, 0xF1, 0x00, 0x00, 0x00, 0x6F,
    0xE0, 0xAF, 0xB0, 0x00, 0x00, 0x00, 0x0F, 0xF5, 0x00, 0x00, 0x00, 0x00, 0x04, 0x00, 0x00, 0x00,
    0x00, 0x00, 0x6F, 0x80, 0x00, 0x00, 0x00, 0x02, 0xFF, 0x50, 0x00, 0x00, 0x01, 0x0B, 0xF4, 0x00,
    0x00, 0x01, 0xEF, 0xB2, 0x40, 0x00, 0x00, 0x0B, 0xFD, 0xF7, 0x00, 0x00, 0x00, 0x5F, 0x70, 0xAF,
    0x20, 0x00, 0x00, 0x04, 0x00, 0x04, 0x00, 0x00, 0x00, 0x3B, 0xFF, 0xE9, 0x00, 0x00, 0x04, 0xFF,
    0xED, 0xFF, 0xC0, 0x00, 0x01, 0xB6, 0x00, 0x2E, 0xF5, 0x00, 0x00, 0x00, 0x00, 0x09, 0xF9, 0x00,
    0x00, 0x02, 0x68, 0x8C, 0xFA, 0x00, 0x01, 0xBF, 0xFF, 0xFF, 0xFA, 0x00, 0x0C, 0xFE, 0x86, 0x5A,
    0xFA, 0x00, 0x2F, 0xF1, 0x00, 0x09, 0xFA, 0x00, 0x3F, 0xF1, 0x00, 0x2E, 0xFA, 0x00, 0x0E, 0xFE,
    0x9B, 0xFD, 0xFA, 0x00, 0x04, 0xEF, 0xFF, 0x88, 0xFA, 0x00, 0x00, 0x03, 0x31, 0x00, 0x00, 0x00,
    0x00, 0x00, 0x00, 0x02, 0x00, 0x00, 0x00, 0x00, 0x00, 0x00, 0x2E, 0xA0, 0x00, 0x00, 0x00, 0x00,
    0x00, 0x08, 0xFC, 0x00, 0x00, 0x00, 0x00, 0x00, 0x44, 0x2A, 0x10, 0x00, 0x00, 0x00, 0x0C, 0xFF,
    0x80, 0x00, 0x00, 0x00, 0x00, 0xBF, 0x79, 0xF7, 0x00, 0x00, 0x00, 0x00, 0x52, 0x00, 0x52, 0x00,
    0x00, 0x00, 0x00, 0x05, 0xCC, 0x10, 0x00, 0x00, 0x00, 0x00, 0x0C, 0xFF, 0x70, 0x00, 0x00, 0x00,
    0x00, 0x2F, 0xFF, 0xD0, 0x00, 0x00, 0x00, 0x00, 0x8F, 0xCF, 0xF3, 0x00, 0x00, 0x00, 0x00, 0xEF,
    0x5A, 0xF9, 0x00, 0x00, 0x00, 0x04, 0xFF, 0x04, 0xFE, 0x00, 0x00, 0x00, 0x0A, 0xF9, 0x00, 0xEF,
    0x50, 0x00, 0x00, 0x0F, 0xF4, 0x00, 0x8F, 0xB0, 0x00, 0x00, 0x6F, 0xFA, 0xAA, 0xDF, 0xF1, 0x00,
    0x00, 0xCF, 0xFF, 0xFF, 0xFF, 0xF7, 0x00, 0x02, 0xFF, 0x96, 0x66, 0x6E, 0xFD, 0x00, 0x08, 0xFC,
    0x00, 0x00, 0x01, 0xFF, 0x30, 0x0D, 0xF7, 0x00, 0x00, 0x00, 0xBF, 0x90, 0x4F, 0xF1, 0x00, 0x00,
    0x00, 0x6F, 0xE0, 0xAF, 0xB0, 0x00, 0x00, 0x00, 0x0F, 0xF5, 0x00, 0x00, 0x00, 0x01, 0x00, 0x00,
    0x00, 0x00, 0x00, 0x7E, 0x10, 0x00, 0x00, 0x00, 0x00, 0xCF, 0xA0, 0x00, 0x00, 0x00, 0x01, 0x1C,
    0xF5, 0x00, 0x00, 0x01, 0xEF, 0xB0, 0xA3, 0x00, 0x00, 0x0B, 0xFD, 0xF7, 0x00, 0x00, 0x00, 0x5F,
    0x70, 0xAF, 0x20, 0x00, 0x00, 0x04, 0x00, 0x04, 0x00, 0x00, 0x00, 0x3B, 0xFF, 0xE9, 0x00, 0x00,
    0x04, 0xFF, 0xED, 0xFF, 0xC0, 0x00, 0x01, 0xB6, 0x00, 0x2E, 0xF5, 0x00, 0x00, 0x00, 0x00, 0x09,
    0xF9, 0x00, 0x00, 0x02, 0x68, 0x8C, 0xFA, 0x00, 0x01, 0xBF, 0xFF, 0xFF, 0xFA, 0x00, 0x0C, 0xFE,
    0x86, 0x5A, 0xFA, 0x00, 0x2F, 0xF1, 0x00, 0x09, 0xFA, 0x00, 0x3F, 0xF1, 0x00, 0x2E, 0xFA, 0x00,
    0x0E, 0xFE, 0x9B, 0xFD, 0xFA, 0x00, 0x04, 0xEF, 0xFF, 0x88, 0xFA, 0x00, 0x00, 0x03, 0x31, 0x00,
    0x00, 0x00, 0x00, 0x00, 0x00, 0x00, 0x34, 0x10, 0x00, 0x00, 0x00, 0x00, 0x08, 0xFF, 0xF3, 0x00,
    0x00, 0x00, 0x00, 0x01, 0x49, 0xF6, 0x00, 0x00, 0x00, 0x03, 0x99, 0x3E, 0x90, 0x00, 0x00, 0x00,
    0x2E, 0xFF, 0xB0, 0x00, 0x00, 0x00, 0x00, 0xDE, 0x48, 0xF8, 0x00, 0x00, 0x00, 0x00, 0x41, 0x00,
    0x41, 0x00, 0x00, 0x00, 0x00, 0x05, 0xCC, 0x10, 0x00, 0x00, 0x00, 0x00, 0x0C, 0xFF, 0x70, 0x00,
    0x00, 0x00, 0x00, 0x2F, 0xFF, 0xD0, 0x00, 0x00, 0x00, 0x00, 0x8F, 0xCF, 0xF3, 0x00, 0x00, 0x00,
    0x00, 0xEF, 0x5A, 0xF9, 0x00, 0x00, 0x00, 0x04, 0xFF, 0x04, 0xFE, 0x00, 0x00, 0x00, 0x0A, 0xF9,
    0x00, 0xEF, 0x50, 0x00, 0x00, 0x0F, 0xF4, 0x00, 0x8F, 0xB0, 0x00, 0x00, 0x6F, 0xFA, 0xAA, 0xDF,
    0xF1, 0x00, 0x00, 0xCF, 0xFF, 0xFF, 0xFF, 0xF7, 0x00, 0x02, 0xFF, 0x96, 0x66, 0x6E, 0xFD, 0x00,
    0x08, 0xFC, 0x00, 0x00, 0x01, 0xFF, 0x30, 0x0D, 0xF7, 0x00, 0x00, 0x00, 0xBF, 0x90, 0x4F, 0xF1,
    0x00, 0x00, 0x00, 0x6F, 0xE0, 0xAF, 0xB0, 0x00, 0x00, 0x00, 0x0F, 0xF5, 0x00, 0x00, 0x00, 0x00,
    0x00, 0x00, 0x00, 0x00, 0x00, 0xAF, 0xF9, 0x00, 0x00, 0x00, 0x00, 0x67, 0xCF, 0x20, 0x00, 0x00,
    0x01, 0x05, 0xEF, 0x10, 0x00, 0x01, 0xEF, 0xB4, 0x92, 0x00, 0x00, 0x0B, 0xFD, 0xF7, 0x00, 0x00,
    0x00, 0x5F, 0x70, 0xAF, 0x20, 0x00, 0x00, 0x04, 0x00, 0x04, 0x00, 0x00, 0x00, 0x3B, 0xFF, 0xE9,
    0x00, 0x00, 0x04, 0xFF, 0xED, 0xFF, 0xC0, 0x00, 0x01, 0xB6, 0x00, 0x2E, 0xF5, 0x00, 0x00, 0x00,
    0x00, 0x09, 0xF9, 0x00, 0x00, 0x02, 0x68, 0x8C, 0xFA, 0x00, 0x01, 0xBF, 0xFF, 0xFF, 0xFA, 0x00,
    0x0C, 0xFE, 0x86, 0x5A, 0xFA, 0x00, 0x2F, 0xF1, 0x00, 0x09, 0xFA, 0x00, 0x3F, 0xF1, 0x00, 0x2E,
    0xFA, 0x00, 0x0E, 0xFE, 0x9B, 0xFD, 0xFA, 0x00, 0x04, 0xEF, 0xFF, 0x88, 0xFA, 0x00, 0x00, 0x03,
    0x31, 0x00, 0x00, 0x00, 0x00, 0x00, 0x04, 0x20, 0x11, 0x00, 0x00, 0x00, 0x00, 0xCF, 0xF8, 0xCD,
    0x00, 0x00, 0x00, 0x02, 0xF6, 0x9F, 0xF4, 0x00, 0x00, 0x00, 0x00, 0x01, 0x45, 0x10, 0x00, 0x00,
    0x00, 0x00, 0x0C, 0xFF, 0x80, 0x00, 0x00, 0x00, 0x00, 0xBF, 0x7A, 0xF7, 0x00, 0x00, 0x00, 0x00,
    0x52, 0x00, 0x52, 0x00, 0x00, 0x00, 0x00, 0x05, 0xCC, 0x10, 0x00, 0x00, 0x00, 0x00, 0x0C, 0xFF,
    0x70, 0x00, 0x00, 0x00, 0x00, 0x2F, 0xFF, 0xD0, 0x00, 0x00, 0x00, 0x00, 0x8F, 0xCF, 0xF3, 0x00,
    0x00, 0x00, 0x00, 0xEF, 0x5A, 0xF9, 0x00, 0x00, 0x00, 0x04, 0xFF, 0x04, 0xFE, 0x00, 0x00, 0x00,
    0x0A, 0xF9, 0x00, 0xEF, 0x50, 0x00, 0x00, 0x0F, 0xF4, 0x00, 0x8F, 0xB0, 0x00, 0x00, 0x6F, 0xFA,
    0xAA, 0xDF, 0xF1, 0x00, 0x00, 0xCF, 0xFF, 0xFF, 0xFF, 0xF7, 0x00, 0x02, 0xFF, 0x96, 0x66, 0x6E,
    0xFD, 0x00, 0x08, 0xFC, 0x00, 0x00, 0x01, 0xFF, 0x30, 0x0D, 0xF7, 0x00, 0x00, 0x00, 0xBF, 0x90,
    0x4F, 0xF1, 0x00, 0x00, 0x00, 0x6F, 0xE0, 0xAF, 0xB0, 0x00, 0x00, 0x00, 0x0F, 0xF5, 0x00, 0x00,
    0x20, 0x01, 0x00, 0x00, 0x00, 0x2E, 0xFB, 0x3E, 0x80, 0x00, 0x00, 0xAF, 0x8F, 0xFF, 0x30, 0x00,
    0x00, 0x13, 0x03, 0x73, 0x00, 0x00, 0x00, 0x01, 0xEF, 0xB0, 0x00, 0x00, 0x00, 0x0B, 0xFD, 0xF7,
    0x00, 0x00, 0x00, 0x5F, 0x70, 0xAF, 0x20, 0x00, 0x00, 0x04, 0x00, 0x04, 0x00, 0x00, 0x00, 0x3B,
    0xFF, 0xE9, 0x00, 0x00, 0x04, 0xFF, 0xED, 0xFF, 0xC0, 0x00, 0x01, 0xB6, 0x00, 0x2E, 0xF5, 0x00,
    0x00, 0x00, 0x00, 0x09, 0xF9, 0x00, 0x00, 0x02, 0x68, 0x8C, 0xFA, 0x00, 0x01, 0xBF, 0xFF, 0xFF,
    0xFA, 0x00, 0x0C, 0xFE, 0x86, 0x5A, 0xFA, 0x00, 0x2F, 0xF1, 0x00, 0x09, 0xFA, 0x00, 0x3F, 0xF1,
    0x00, 0x2E, 0xFA, 0x00, 0x0E, 0xFE, 0x9B, 0xFD, 0xFA, 0x00, 0x04, 0xEF, 0xFF, 0x88, 0xFA, 0x00,
    0x00, 0x03, 0x31, 0x00, 0x00, 0x00, 0x00, 0x00, 0x03, 0x99, 0x10, 0x00, 0x00, 0x00, 0x00, 0x2E,
    0xFF, 0xB0, 0x00, 0x00, 0x00, 0x00, 0xDF, 0x58, 0xF8, 0x00, 0x00, 0x00, 0x00, 0x32, 0x00, 0x41,
    0x00, 0x00, 0x00, 0x00, 0x05, 0xCC, 0x10, 0x00, 0x00, 0x00, 0x00, 0x0C, 0xFF, 0x70, 0x00, 0x00,
    0x00, 0x00, 0x2F, 0xFF, 0xD0, 0x00, 0x00, 0x00, 0x00, 0x8F, 0xCF, 0xF3, 0x00, 0x00, 0x00, 0x00,
    0xEF, 0x5A, 0xF9, 0x00, 0x00, 0x00, 0x04, 0xFF, 0x04, 0xFE, 0x00, 0x00, 0x00, 0x0A, 0xF9, 0x00,
    0xEF, 0x50, 0x00, 0x00, 0x0F, 0xF4, 0x00, 0x8F, 0xB0, 0x00, 0x00, 0x6F, 0xFA, 0xAA, 0xDF, 0xF1,
    0x00, 0x00, 0xCF, 0xFF, 0xFF, 0xFF, 0xF7, 0x00, 0x02, 0xFF, 0x96, 0x66, 0x6E, 0xFD, 0x00, 0x08,
    0xFC, 0x00, 0x00, 0x01, 0xFF, 0x30, 0x0D, 0xF7, 0x00, 0x00, 0x00, 0xBF, 0x90, 0x4F, 0xF1, 0x00,
    0x00, 0x00, 0x6F, 0xE0, 0xAF, 0xB0, 0x00, 0x00, 0x00, 0x0F, 0xF5, 0x00, 0x00, 0x00, 0x00, 0x00,
    0x00, 0x00, 0x00, 0x00, 0x01, 0x97, 0x00, 0x00, 0x00, 0x00, 0x00, 0x07, 0xFF, 0x20, 0x00, 0x00,
    0x00, 0x00, 0x03, 0xFD, 0x00, 0x00, 0x00, 0x00, 0x00, 0x00, 0x00, 0x00, 0x00, 0x00, 0x00, 0x00,
    0x01, 0x00, 0x00, 0x00, 0x00, 0x01, 0xEF, 0xB0, 0x00, 0x00, 0x00, 0x0B, 0xFD, 0xF7, 0x00, 0x00,
    0x00, 0x5F, 0x70, 0xAF, 0x20, 0x00, 0x00, 0x04, 0x00, 0x04, 0x00, 0x00, 0x00, 0x3B, 0xFF, 0xE9,
    0x00, 0x00, 0x04, 0xFF, 0xED, 0xFF, 0xC0, 0x00, 0x01, 0xB6, 0x00, 0x2E, 0xF5, 0x00, 0x00, 0x00,
    0x00, 0x09, 0xF9, 0x00, 0x00, 0x02, 0x68, 0x8C, 0xFA, 0x00, 0x01, 0xBF, 0xFF, 0xFF, 0xFA, 0x00,
    0x0C, 0xFE, 0x86, 0x5A, 0xFA, 0x00, 0x2F, 0xF1, 0x00, 0x09, 0xFA, 0x00, 0x3F, 0xF1, 0x00, 0x2E,
    0xFA, 0x00, 0x0E, 0xFE, 0x9B, 0xFD, 0xFA, 0x00, 0x04, 0xEF, 0xFF, 0x88, 0xFA, 0x00, 0x00, 0x03,
    0x31, 0x00, 0x00, 0x00, 0x00, 0x00, 0x3A, 0x30, 0x00, 0x00, 0x00, 0x00, 0xCF, 0xC0, 0x00, 0x00,
    0x00, 0x00, 0x8F, 0x80, 0x00, 0x00, 0x00, 0x00, 0x00, 0x00, 0x00, 0x00, 0x00, 0x00, 0x00, 0x00,
    0x40, 0x00, 0x00, 0x00, 0x00, 0x00, 0x0A, 0xF5, 0x00, 0x00, 0x00, 0x00, 0x00, 0xBF, 0x80, 0x00,
    0x00, 0x00, 0x00, 0x42, 0x72, 0x33, 0x00, 0x00, 0x00, 0x00, 0xDC, 0x23, 0xE8, 0x00, 0x00, 0x00,
    0x00, 0x5F, 0xFF, 0xE1, 0x00, 0x00, 0x00, 0x00, 0x02, 0x65, 0x00, 0x00, 0x00, 0x00, 0x00, 0x05,
    0xCC, 0x10, 0x00, 0x00, 0x00, 0x00, 0x0C, 0xFF, 0x70, 0x00, 0x00, 0x00, 0x00, 0x2F, 0xFF, 0xD0,
    0x00, 0x00, 0x00, 0x00, 0x8F, 0xCF, 0xF3, 0x00, 0x00, 0x00, 0x00, 0xEF, 0x5A, 0xF9, 0x00, 0x00,
    0x00, 0x04, 0xFF, 0x04, 0xFE, 0x00, 0x00, 0x00, 0x0A, 0xF9, 0x00, 0xEF, 0x50, 0x00, 0x00, 0x0F,
    0xF4, 0x00, 0x8F, 0xB0, 0x00, 0x00, 0x6F, 0xFA, 0xAA, 0xDF, 0xF1, 0x00, 0x00, 0xCF, 0xFF, 0xFF,
    0xFF, 0xF7, 0x00, 0x02, 0xFF, 0x96, 0x66, 0x6E, 0xFD, 0x00, 0x08, 0xFC, 0x00, 0x00, 0x01, 0xFF,
    0x30, 0x0D, 0xF7, 0x00, 0x00, 0x00, 0xBF, 0x90, 0x4F, 0xF1, 0x00, 0x00, 0x00, 0x6F, 0xE0, 0xAF,
    0xB0, 0x00, 0x00, 0x00, 0x0F, 0xF5, 0x00, 0x00, 0x00, 0x30, 0x00, 0x00, 0x00, 0x00, 0x03, 0xF9,
    0x00, 0x00, 0x00, 0x00, 0x0D, 0xF8, 0x00, 0x00, 0x00, 0x00, 0x9F, 0x70, 0x00, 0x00, 0x00, 0x14,
    0x26, 0x04, 0x00, 0x00, 0x00, 0x5F, 0x10, 0x5F, 0x10, 0x00, 0x00, 0x1F, 0xD8, 0xED, 0x00, 0x00,
    0x00, 0x06, 0xFF, 0xE3, 0x00, 0x00, 0x00, 0x00, 0x01, 0x00, 0x00, 0x00, 0x00, 0x3B, 0xFF, 0xE9,
    0x00, 0x00, 0x04, 0xFF, 0xED, 0xFF, 0xC0, 0x00, 0x01, 0xB6, 0x00, 0x2E, 0xF5, 0x00, 0x00, 0x00,
    0x00, 0x09, 0xF9, 0x00, 0x00, 0x02, 0x68, 0x8C, 0xFA, 0x00, 0x01, 0xBF, 0xFF, 0xFF, 0xFA, 0x00,
    0x0C, 0xFE, 0x86, 0x5A, 0xFA, 0x00, 0x2F, 0xF1, 0x00, 0x09, 0xFA, 0x00, 0x3F, 0xF1, 0x00, 0x2E,
    0xFA, 0x00, 0x0E, 0xFE, 0x9B, 0xFD, 0xFA, 0x00, 0x04, 0xEF, 0xFF, 0x88, 0xFA, 0x00, 0x00, 0x03,
    0x31, 0x00, 0x00, 0x00, 0x00, 0x00, 0x04, 0x00, 0x00, 0x00, 0x00, 0x00, 0x00, 0x9F, 0x50, 0x00,
    0x00, 0x00, 0x00, 0x00, 0x1B, 0xF7, 0x00, 0x00, 0x00, 0x00, 0x00, 0x42, 0x55, 0x33, 0x00, 0x00,
    0x00, 0x00, 0xDC, 0x23, 0xE8, 0x00, 0x00, 0x00, 0x00, 0x5F, 0xFF, 0xE1, 0x00, 0x00, 0x00, 0x00,
    0x02, 0x65, 0x00, 0x00, 0x00, 0x00, 0x00, 0x05, 0xCC, 0x10, 0x00, 0x00, 0x00, 0x00, 0x0C, 0xFF,
    0x70, 0x00, 0x00, 0x00, 0x00, 0x2F, 0xFF, 0xD0, 0x00, 0x00, 0x00, 0x00, 0x8F, 0xCF, 0xF3, 0x00,
    0x00, 0x00, 0x00, 0xEF, 0x5A, 0xF9, 0x00, 0x00, 0x00, 0x04, 0xFF, 0x04, 0xFE, 0x00, 0x00, 0x00,
    0x0A, 0xF9, 0x00, 0xEF, 0x50, 0x00, 0x00, 0x0F, 0xF4, 0x00, 0x8F, 0xB0, 0x00, 0x00, 0x6F, 0xFA,
    0xAA, 0xDF, 0xF1, 0x00, 0x00, 0xCF, 0xFF, 0xFF, 0xFF, 0xF7, 0x00, 0x02, 0xFF, 0x96, 0x66, 0x6E,
    0xFD, 0x00, 0x08, 0xFC, 0x00, 0x00, 0x01, 0xFF, 0x30, 0x0D, 0xF7, 0x00, 0x00, 0x00, 0xBF, 0x90,
    0x4F, 0xF1, 0x00, 0x00, 0x00, 0x6F, 0xE0, 0xAF, 0xB0, 0x00, 0x00, 0x00, 0x0F, 0xF5, 0x00, 0x00,
    0x30, 0x00, 0x00, 0x00, 0x00, 0x1C, 0xE1, 0x00, 0x00, 0x00, 0x00, 0x0B, 0xFA, 0x00, 0x00, 0x00,
    0x00, 0x00, 0xBF, 0x50, 0x00, 0x00, 0x00, 0x14, 0x07, 0x14, 0x00, 0x00, 0x00, 0x5F, 0x10, 0x5F,
    0x10, 0x00, 0x00, 0x1F, 0xD8, 0xED, 0x00, 0x00, 0x00, 0x06, 0xFF, 0xE3, 0x00, 0x00, 0x00, 0x00,
    0x01, 0x00, 0x00, 0x00, 0x00, 0x3B, 0xFF, 0xE9, 0x00, 0x00, 0x04, 0xFF, 0xED, 0xFF, 0xC0, 0x00,
    0x01, 0xB6, 0x00, 0x2E, 0xF5, 0x00, 0x00, 0x00, 0x00, 0x09, 0xF9, 0x00, 0x00, 0x02, 0x68, 0x8C,
    0xFA, 0x00, 0x01, 0xBF, 0xFF, 0xFF, 0xFA, 0x00, 0x0C, 0xFE, 0x86, 0x5A, 0xFA, 0x00, 0x2F, 0xF1,
    0x00, 0x09, 0xFA, 0x00, 0x3F, 0xF1, 0x00, 0x2E, 0xFA, 0x00, 0x0E, 0xFE, 0x9B, 0xFD, 0xFA, 0x00,
    0x04, 0xEF, 0xFF, 0x88, 0xFA, 0x00, 0x00, 0x03, 0x31, 0x00, 0x00, 0x00, 0x00, 0x00, 0x02, 0x43,
    0x00, 0x00, 0x00, 0x00, 0x00, 0x1F, 0xFF, 0xB0, 0x00, 0x00, 0x00, 0x00, 0x01, 0x6E, 0xD0, 0x00,
    0x00, 0x00, 0x00, 0x42, 0x78, 0x53, 0x00, 0x00, 0x00, 0x00, 0xDC, 0x23, 0xE8, 0x00, 0x00, 0x00,
    0x00, 0x5F, 0xFF, 0xE1, 0x00, 0x00, 0x00, 0x00, 0x02, 0x65, 0x00, 0x00, 0x00, 0x00, 0x00, 0x05,
    0xCC, 0x10, 0x00, 0x00, 0x00, 0x00, 0x0C, 0xFF, 0x70, 0x00, 0x00, 0x00, 0x00, 0x2F, 0xFF, 0xD0,
    0x00, 0x00, 0x00, 0x00, 0x8F, 0xCF, 0xF3, 0x00, 0x00, 0x00, 0x00, 0xEF, 0x5A, 0xF9, 0x00, 0x00,
    0x00, 0x04, 0xFF, 0x04, 0xFE, 0x00, 0x00, 0x00, 0x0A, 0xF9, 0x00, 0xEF, 0x50, 0x00, 0x00, 0x0F,
    0xF4, 0x00, 0x8F, 0xB0, 0x00, 0x00, 0x6F, 0xFA, 0xAA, 0xDF, 0xF1, 0x00, 0x00, 0xCF, 0xFF, 0xFF,
    0xFF, 0xF7, 0x00, 0x02, 0xFF, 0x96, 0x66, 0x6E, 0xFD, 0x00, 0x08, 0xFC, 0x00, 0x00, 0x01, 0xFF,
    0x30, 0x0D, 0xF7, 0x00, 0x00, 0x00, 0xBF, 0x90, 0x4F, 0xF1, 0x00, 0x00, 0x00, 0x6F, 0xE0, 0xAF,
    0xB0, 0x00, 0x00, 0x00, 0x0F, 0xF5, 0x00, 0x00, 0x12, 0x00, 0x00, 0x00, 0x00, 0x0A, 0xFF, 0xD1,
    0x00, 0x00, 0x00, 0x03, 0x59, 0xF5, 0x00, 0x00, 0x00, 0x00, 0x4E, 0xF2, 0x00, 0x00, 0x00, 0x24,
    0x17, 0x24, 0x00, 0x00, 0x00, 0x6F, 0x10, 0x6F, 0x00, 0x00, 0x00, 0x2F, 0xC8, 0xEC, 0x00, 0x00,
    0x00, 0x06, 0xFF, 0xD2, 0x00, 0x00, 0x00, 0x00, 0x01, 0x00, 0x00, 0x00, 0x00, 0x3B, 0xFF, 0xE9,
    0x00, 0x00, 0x04, 0xFF, 0xED, 0xFF, 0xC0, 0x00, 0x01, 0xB6, 0x00, 0x2E, 0xF5, 0x00, 0x00, 0x00,
    0x00, 0x09, 0xF9, 0x00, 0x00, 0x02, 0x68, 0x8C, 0xFA, 0x00, 0x01, 0xBF, 0xFF, 0xFF, 0xFA, 0x00,
    0x0C, 0xFE, 0x86, 0x5A, 0xFA, 0x00, 0x2F, 0xF1, 0x00, 0x09, 0xFA, 0x00, 0x3F, 0xF1, 0x00, 0x2E,
    0xFA, 0x00, 0x0E, 0xFE, 0x9B, 0xFD, 0xFA, 0x00, 0x04, 0xEF, 0xFF, 0x88, 0xFA, 0x00, 0x00, 0x03,
    0x31, 0x00, 0x00, 0x00, 0x00, 0x00, 0x04, 0x20, 0x11, 0x00, 0x00, 0x00, 0x00, 0xCF, 0xF8, 0xCD,
    0x00, 0x00, 0x00, 0x02, 0xF6, 0x9F, 0xF4, 0x00, 0x00, 0x00, 0x00, 0x52, 0x01, 0x53, 0x00, 0x00,
    0x00, 0x00, 0xDC, 0x23, 0xE8, 0x00, 0x00, 0x00, 0x00, 0x5F, 0xFF, 0xE1, 0x00, 0x00, 0x00, 0x00,
    0x02, 0x65, 0x00, 0x00, 0x00, 0x00, 0x00, 0x05, 0xCC, 0x10, 0x00, 0x00, 0x00, 0x00, 0x0C, 0xFF,
    0x70, 0x00, 0x00, 0x00, 0x00, 0x2F, 0xFF, 0xD0, 0x00, 0x00, 0x00, 0x00, 0x8F, 0xCF, 0xF3, 0x00,
    0x00, 0x00, 0x00, 0xEF, 0x5A, 0xF9, 0x00, 0x00, 0x00, 0x04, 0xFF, 0x04, 0xFE, 0x00, 0x00, 0x00,
    0x0A, 0xF9, 0x00, 0xEF, 0x50, 0x00, 0x00, 0x0F, 0xF4, 0x00, 0x8F, 0xB0, 0x00, 0x00, 0x6F, 0xFA,
    0xAA, 0xDF, 0xF1, 0x00, 0x00, 0xCF, 0xFF, 0xFF, 0xFF, 0xF7, 0x00, 0x02, 0xFF, 0x96, 0x66, 0x6E,
    0xFD, 0x00, 0x08, 0xFC, 0x00, 0x00, 0x01, 0xFF, 0x30, 0x0D, 0xF7, 0x00, 0x00, 0x00, 0xBF, 0x90,
    0x4F, 0xF1, 0x00, 0x00, 0x00, 0x6F, 0xE0, 0xAF, 0xB0, 0x00, 0x00, 0x00, 0x0F, 0xF5, 0x00, 0x07,
    0x93, 0x07, 0x30, 0x00, 0x00, 0x6F, 0xFF, 0xBF, 0x70, 0x00, 0x00, 0x7B, 0x1A, 0xFB, 0x00, 0x00,
    0x00, 0x14, 0x00, 0x14, 0x00, 0x00, 0x00, 0x5F, 0x10, 0x5F, 0x10, 0x00, 0x00, 0x1F, 0xD8, 0xED,
    0x00, 0x00, 0x00, 0x06, 0xFF, 0xE3, 0x00, 0x00, 0x00, 0x00, 0x01, 0x00, 0x00, 0x00, 0x00, 0x3B,
    0xFF, 0xE9, 0x00, 0x00, 0x04, 0xFF, 0xED, 0xFF, 0xC0, 0x00, 0x01, 0xB6, 0x00, 0x2E, 0xF5, 0x00,
    0x00, 0x00, 0x00, 0x09, 0xF9, 0x00, 0x00, 0x02, 0x68, 0x8C, 0xFA, 0x00, 0x01, 0xBF, 0xFF, 0xFF,
    0xFA, 0x00, 0x0C, 0xFE, 0x86, 0x5A, 0xFA, 0x00, 0x2F, 0xF1, 0x00, 0x09, 0xFA, 0x00, 0x3F, 0xF1,
    0x00, 0x2E, 0xFA, 0x00, 0x0E, 0xFE, 0x9B, 0xFD, 0xFA, 0x00, 0x04, 0xEF, 0xFF, 0x88, 0xFA, 0x00,
    0x00, 0x03, 0x31, 0x00, 0x00, 0x00, 0x00, 0x00, 0xB6, 0x00, 0xA8, 0x00, 0x00, 0x00, 0x00, 0xBE,
    0x79, 0xF6, 0x00, 0x00, 0x00, 0x00, 0x2D, 0xFF, 0xB0, 0x00, 0x00, 0x00, 0x00, 0x00, 0x22, 0x00,
    0x00, 0x00, 0x00, 0x00, 0x05, 0xCC, 0x10, 0x00, 0x00, 0x00, 0x00, 0x0C, 0xFF, 0x70, 0x00, 0x00,
    0x00, 0x00, 0x2F, 0xFF, 0xD0, 0x00, 0x00, 0x00, 0x00, 0x8F, 0xCF, 0xF3, 0x00, 0x00, 0x00, 0x00,
    0xEF, 0x5A, 0xF9, 0x00, 0x00, 0x00, 0x04, 0xFF, 0x04, 0xFE, 0x00, 0x00, 0x00, 0x0A, 0xF9, 0x00,
    0xEF, 0x50, 0x00, 0x00, 0x0F, 0xF4, 0x00, 0x8F, 0xB0, 0x00, 0x00, 0x6F, 0xFA, 0xAA, 0xDF, 0xF1,
    0x00, 0x00, 0xCF, 0xFF, 0xFF, 0xFF, 0xF7, 0x00, 0x02, 0xFF, 0x96, 0x66, 0x6E, 0xFD, 0x00, 0x08,
    0xFC, 0x00, 0x00, 0x01, 0xFF, 0x30, 0x0D, 0xF7, 0x00, 0x00, 0x00, 0xBF, 0x90, 0x4F, 0xF1, 0x00,
    0x00, 0x00, 0x6F, 0xE0, 0xAF, 0xB0, 0x00, 0x00, 0x00, 0x0F, 0xF5, 0x00, 0x00, 0x00, 0x00, 0x00,
    0x00, 0x00, 0x00, 0x00, 0x01, 0x97, 0x00, 0x00, 0x00, 0x00, 0x00, 0x07, 0xFF, 0x20, 0x00, 0x00,
    0x00, 0x00, 0x03, 0xFD, 0x00, 0x00, 0x00, 0x00, 0x00, 0x00, 0x00, 0x00, 0x00, 0x00, 0x00, 0x14,
    0x00, 0x04, 0x00, 0x00, 0x00, 0x5F, 0x10, 0x5F, 0x10, 0x00, 0x00, 0x1F, 0xD8, 0xED, 0x00, 0x00,
    0x00, 0x06, 0xFF, 0xE3, 0x00, 0x00, 0x00, 0x00, 0x01, 0x00, 0x00, 0x00, 0x00, 0x3B, 0xFF, 0xE9,
    0x00, 0x00, 0x04, 0xFF, 0xED, 0xFF, 0xC0, 0x00, 0x01, 0xB6, 0x00, 0x2E, 0xF5, 0x00, 0x00, 0x00,
    0x00, 0x09, 0xF9, 0x00, 0x00, 0x02, 0x68, 0x8C, 0xFA, 0x00, 0x01, 0xBF, 0xFF, 0xFF, 0xFA, 0x00,
    0x0C, 0xFE, 0x86, 0x5A, 0xFA, 0x00, 0x2F, 0xF1, 0x00, 0x09, 0xFA, 0x00, 0x3F, 0xF1, 0x00, 0x2E,
    0xFA, 0x00, 0x0E, 0xFE, 0x9B, 0xFD, 0xFA, 0x00, 0x04, 0xEF, 0xFF, 0x88, 0xFA, 0x00, 0x00, 0x03,
    0x31, 0x00, 0x00, 0x00, 0x00, 0x00, 0x3A, 0x30, 0x00, 0x00, 0x00, 0x00, 0xCF, 0xC0, 0x00, 0x00,
    0x00, 0x00, 0x8F, 0x80, 0x00, 0x00, 0x00, 0x00, 0x00, 0x00, 0x00, 0x00, 0x06, 0xCC, 0xCC, 0xCC,
    0xCC, 0xB0, 0x08, 0xFF, 0xFF, 0xFF, 0xFF, 0xE0, 0x08, 0xFC, 0x44, 0x44, 0x44, 0x30, 0x08, 0xFB,
    0x00, 0x00, 0x00, 0x00, 0x08, 0xFB, 0x00, 0x00, 0x00, 0x00, 0x08, 0xFB, 0x00, 0x00, 0x00, 0x00,
    0x08, 0xFE, 0xAA, 0xAA, 0xAA, 0x50, 0x08, 0xFF, 0xFF, 0xFF, 0xFF, 0x70, 0x08, 0xFC, 0x55, 0x55,
    0x55, 0x20, 0x08, 0xFB, 0x00, 0x00, 0x00, 0x00, 0x08, 0xFB, 0x00, 0x00, 0x00, 0x00, 0x08, 0xFB,
    0x00, 0x00, 0x00, 0x00, 0x08, 0xFB, 0x00, 0x00, 0x00, 0x00, 0x08, 0xFF, 0xFF, 0xFF, 0xFF, 0xF2,
    0x08, 0xFF, 0xFF, 0xFF, 0xFF, 0xF2, 0x00, 0x00, 0x00, 0x00, 0x00, 0x00, 0x00, 0x00, 0x02, 0xA4,
    0x00, 0x00, 0x00, 0x00, 0x0A, 0xFE, 0x00, 0x00, 0x00, 0x00, 0x07, 0xFA, 0x00, 0x00, 0x00, 0x00,
    0x00, 0x00, 0x00, 0x00, 0x00, 0x00, 0x00, 0x00, 0x00, 0x00, 0x00, 0x08, 0xEF, 0xFC, 0x40, 0x00,
    0x00, 0xCF, 0xFD, 0xEF, 0xF5, 0x00, 0x08, 0xFD, 0x20, 0x06, 0xFF, 0x00, 0x0E, 0xF5, 0x00, 0x00,
    0xDF, 0x40, 0x1F, 0xF9, 0x88, 0x88, 0xEF, 0x60, 0x2F, 0xFF, 0xFF, 0xFF, 0xFF, 0x50, 0x1F, 0xF4,
    0x44, 0x44, 0x44, 0x10, 0x0E, 0xF4, 0x00, 0x00, 0x00, 0x00, 0x09, 0xFD, 0x10, 0x02, 0xD8, 0x00,
    0x01, 0xEF, 0xEA, 0xAF, 0xFB, 0x00, 0x00, 0x1B, 0xFF, 0xFF, 0x90, 0x00, 0x00, 0x00, 0x13, 0x31,
    0x00, 0x00, 0x00, 0x00, 0x08, 0x80, 0x00, 0x00, 0x00, 0x00, 0x4F, 0xF5, 0x00, 0x00, 0x00, 0x00,
    0x2E, 0xE2, 0x00, 0x00, 0x00, 0x00, 0x00, 0x00, 0x00, 0x00, 0x00, 0x00, 0x6B, 0xB7, 0x00, 0x00,
    0x00, 0x00, 0x7A, 0xCF, 0x40, 0x00, 0x00, 0x00, 0x04, 0xEF, 0x20, 0x00, 0x00, 0x00, 0x01, 0x61,
    0x00, 0x00, 0x06, 0xCC, 0xCC, 0xCC, 0xCC, 0xB0, 0x08, 0xFF, 0xFF, 0xFF, 0xFF, 0xE0, 0x08, 0xFC,
    0x44, 0x44, 0x44, 0x30, 0x08, 0xFB, 0x00, 0x00, 0x00, 0x00, 0x08, 0xFB, 0x00, 0x00, 0x00, 0x00,
    0x08, 0xFB, 0x00, 0x00, 0x00, 0x00, 0x08, 0xFE, 0xAA, 0xAA, 0xAA, 0x50, 0x08, 0xFF, 0xFF, 0xFF,
    0xFF, 0x70, 0x08, 0xFC, 0x55, 0x55, 0x55, 0x20, 0x08, 0xFB, 0x00, 0x00, 0x00, 0x00, 0x08, 0xFB,
    0x00, 0x00, 0x00, 0x00, 0x08, 0xFB, 0x00, 0x00, 0x00, 0x00, 0x08, 0xFB, 0x00, 0x00, 0x00, 0x00,
    0x08, 0xFF, 0xFF, 0xFF, 0xFF, 0xF2, 0x08, 0xFF, 0xFF, 0xFF, 0xFF, 0xF2, 0x00, 0x00, 0x36, 0x40,
    0x00, 0x00, 0x00, 0x02, 0xFF, 0xF9, 0x00, 0x00, 0x00, 0x00, 0x32, 0xFD, 0x00, 0x00, 0x00, 0x00,
    0x0D, 0xF6, 0x00, 0x00, 0x00, 0x00, 0x03, 0x10, 0x00, 0x00, 0x00, 0x08, 0xEF, 0xFC, 0x40, 0x00,
    0x00, 0xCF, 0xFD, 0xEF, 0xF5, 0x00, 0x08, 0xFD, 0x20, 0x06, 0xFF, 0x00, 0x0E, 0xF5, 0x00, 0x00,
    0xDF, 0x40, 0x1F, 0xF9, 0x88, 0x88, 0xEF, 0x60, 0x2F, 0xFF, 0xFF, 0xFF, 0xFF, 0x50, 0x1F, 0xF4,
    0x44, 0x44, 0x44, 0x10, 0x0E, 0xF4, 0x00, 0x00, 0x00, 0x00, 0x09, 0xFD, 0x10, 0x02, 0xD8, 0x00,
    0x01, 0xEF, 0xEA, 0xAF, 0xFB, 0x00, 0x00, 0x1B, 0xFF, 0xFF, 0x90, 0x00, 0x00, 0x00, 0x13, 0x31,
    0x00, 0x00, 0x00, 0x00, 0x33, 0x00, 0x30, 0x00, 0x00, 0x06, 0xFF, 0xA7, 0xF5, 0x00, 0x00, 0x0E,
    0xC8, 0xFF, 0xD0, 0x00, 0x00, 0x01, 0x10, 0x25, 0x10, 0x00, 0x06, 0xCC, 0xCC, 0xCC, 0xCC, 0xB0,
    0x08, 0xFF, 0xFF, 0xFF, 0xFF, 0xE0, 0x08, 0xFC, 0x44, 0x44, 0x44, 0x30, 0x08, 0xFB, 0x00, 0x00,
    0x00, 0x00, 0x08, 0xFB, 0x00, 0x00, 0x00, 0x00, 0x08, 0xFB, 0x00, 0x00, 0x00, 0x00, 0x08, 0xFE,
    0xAA, 0xAA, 0xAA, 0x50, 0x08, 0xFF, 0xFF, 0xFF, 0xFF, 0x70, 0x08, 0xFC, 0x55, 0x55, 0x55, 0x20,
    0x08, 0xFB, 0x00, 0x00, 0x00, 0x00, 0x08, 0xFB, 0x00, 0x00, 0x00, 0x00, 0x08, 0xFB, 0x00, 0x00,
    0x00, 0x00, 0x08, 0xFB, 0x00, 0x00, 0x00, 0x00, 0x08, 0xFF, 0xFF, 0xFF, 0xFF, 0xF2, 0x08, 0xFF,
    0xFF, 0xFF, 0xFF, 0xF2, 0x00, 0x01, 0x63, 0x02, 0x30, 0x00, 0x00, 0x0E, 0xFF, 0x9D, 0xE0, 0x00,
    0x00, 0x4F, 0x59, 0xFF, 0x50, 0x00, 0x00, 0x01, 0x00, 0x21, 0x00, 0x00, 0x00, 0x08, 0xEF, 0xFC,
    0x40, 0x00, 0x00, 0xCF, 0xFD, 0xEF, 0xF5, 0x00, 0x08, 0xFD, 0x20, 0x06, 0xFF, 0x00, 0x0E, 0xF5,
    0x00, 0x00, 0xDF, 0x40, 0x1F, 0xF9, 0x88, 0x88, 0xEF, 0x60, 0x2F, 0xFF, 0xFF, 0xFF, 0xFF, 0x50,
    0x1F, 0xF4, 0x44, 0x44, 0x44, 0x10, 0x0E, 0xF4, 0x00, 0x00, 0x00, 0x00, 0x09, 0xFD, 0x10, 0x02,
    0xD8, 0x00, 0x01, 0xEF, 0xEA, 0xAF, 0xFB, 0x00, 0x00, 0x1B, 0xFF, 0xFF, 0x90, 0x00, 0x00, 0x00,
    0x13, 0x31, 0x00, 0x00, 0x00, 0x00, 0x00, 0x00, 0x00, 0x20, 0x00, 0x00, 0x00, 0x00, 0x09, 0xF3,
    0x00, 0x00, 0x00, 0x00, 0xAF, 0x91, 0x00, 0x00, 0x03, 0x41, 0xA4, 0x00, 0x00, 0x00, 0x7F, 0xFD,
    0x10, 0x00, 0x00, 0x06, 0xFB, 0x6F, 0xC0, 0x00, 0x00, 0x01, 0x50, 0x01, 0x50, 0x00, 0x06, 0xCC,
    0xCC, 0xCC, 0xCC, 0xB0, 0x08, 0xFF, 0xFF, 0xFF, 0xFF, 0xE0, 0x08, 0xFC, 0x44, 0x44, 0x44, 0x30,
    0x08, 0xFB, 0x00, 0x00, 0x00, 0x00, 0x08, 0xFB, 0x00, 0x00, 0x00, 0x00, 0x08, 0xFB, 0x00, 0x00,
    0x00, 0x00, 0x08, 0xFE, 0xAA, 0xAA, 0xAA, 0x50, 0x08, 0xFF, 0xFF, 0xFF, 0xFF, 0x70, 0x08, 0xFC,
    0x55, 0x55, 0x55, 0x20, 0x08, 0xFB, 0x00, 0x00, 0x00, 0x00, 0x08, 0xFB, 0x00, 0x00, 0x00, 0x00,
    0x08, 0xFB, 0x00, 0x00, 0x00, 0x00, 0x08, 0xFB, 0x00, 0x00, 0x00, 0x00, 0x08, 0xFF, 0xFF, 0xFF,
    0xFF, 0xF2, 0x08, 0xFF, 0xFF, 0xFF, 0xFF, 0xF2, 0x00, 0x00, 0x00, 0x00, 0x03, 0x00, 0x00, 0x00,
    0x00, 0x00, 0x2F, 0xC1, 0x00, 0x00, 0x00, 0x00, 0xCF, 0xA0, 0x00, 0x00, 0x01, 0x06, 0xF9, 0x00,
    0x00, 0x00, 0xAF, 0xF2, 0x60, 0x00, 0x00, 0x05, 0xFD, 0xFC, 0x00, 0x00, 0x00, 0x1F, 0xC0, 0x5F,
    0x70, 0x00, 0x00, 0x03, 0x00, 0x03, 0x00, 0x00, 0x00, 0x08, 0xEF, 0xFC, 0x40, 0x00, 0x00, 0xCF,
    0xFD, 0xEF, 0xF5, 0x00, 0x08, 0xFD, 0x20, 0x06, 0xFF, 0x00, 0x0E, 0xF5, 0x00, 0x00, 0xDF, 0x40,
    0x1F, 0xF9, 0x88, 0x88, 0xEF, 0x60, 0x2F, 0xFF, 0xFF, 0xFF, 0xFF, 0x50, 0x1F, 0xF4, 0x44, 0x44,
    0x44, 0x10, 0x0E, 0xF4, 0x00, 0x00, 0x00, 0x00, 0x09, 0xFD, 0x10, 0x02, 0xD8, 0x00, 0x01, 0xEF,
    0xEA, 0xAF, 0xFB, 0x00, 0x00, 0x1B, 0xFF, 0xFF, 0x90, 0x00, 0x00, 0x00, 0x13, 0x31, 0x00, 0x00,
    0x00, 0x00, 0x00, 0x02, 0x00, 0x00, 0x00, 0x00, 0x00, 0xAE, 0x20, 0x00, 0x00, 0x00, 0x00, 0x4E,
    0xF3, 0x00, 0x00, 0x00, 0x03, 0x42, 0x85, 0x00, 0x00, 0x00, 0x7F, 0xFD, 0x10, 0x00, 0x00, 0x05,
    0xFB, 0x6F, 0xC0, 0x00, 0x00, 0x01, 0x50, 0x01, 0x50, 0x00, 0x06, 0xCC, 0xCC, 0xCC, 0xCC, 0xB0,
    0x08, 0xFF, 0xFF, 0xFF, 0xFF, 0xE0, 0x08, 0xFC, 0x44, 0x44, 0x44, 0x30, 0x08, 0xFB, 0x00, 0x00,
    0x00, 0x00, 0x08, 0xFB, 0x00, 0x00, 0x00, 0x00, 0x08, 0xFB, 0x00, 0x00, 0x00, 0x00, 0x08, 0xFE,
    0xAA, 0xAA, 0xAA, 0x50, 0x08, 0xFF, 0xFF, 0xFF, 0xFF, 0x70, 0x08, 0xFC, 0x55, 0x55, 0x55, 0x20,
    0x08, 0xFB, 0x00, 0x00, 0x00, 0x00, 0x08, 0xFB, 0x00, 0x00, 0x00, 0x00, 0x08, 0xFB, 0x00, 0x00,
    0x00, 0x00, 0x08, 0xFB, 0x00, 0x00, 0x00, 0x00, 0x08, 0xFF, 0xFF, 0xFF, 0xFF, 0xF2, 0x08, 0xFF,
    0xFF, 0xFF, 0xFF, 0xF2, 0x00, 0x00, 0x00, 0x01, 0x00, 0x00, 0x00, 0x00, 0x00, 0x3E, 0x40, 0x00,
    0x00, 0x00, 0x00, 0x7F, 0xE1, 0x00, 0x00, 0x00, 0x01, 0x07, 0xFA, 0x00, 0x00, 0x00, 0xAF, 0xF2,
    0x77, 0x00, 0x00, 0x05, 0xFD, 0xFC, 0x00, 0x00, 0x00, 0x1F, 0xC0, 0x5F, 0x70, 0x00, 0x00, 0x03,
    0x00, 0x03, 0x00, 0x00, 0x00, 0x08, 0xEF, 0xFC, 0x40, 0x00, 0x00, 0xCF, 0xFD, 0xEF, 0xF5, 0x00,
    0x08, 0xFD, 0x20, 0x06, 0xFF, 0x00, 0x0E, 0xF5, 0x00, 0x00, 0xDF, 0x40, 0x1F, 0xF9, 0x88, 0x88,
    0xEF, 0x60, 0x2F, 0xFF, 0xFF, 0xFF, 0xFF, 0x50, 0x1F, 0xF4, 0x44, 0x44, 0x44, 0x10, 0x0E, 0xF4,
    0x00, 0x00, 0x00, 0x00, 0x09, 0xFD, 0x10, 0x02, 0xD8, 0x00, 0x01, 0xEF, 0xEA, 0xAF, 0xFB, 0x00,
    0x00, 0x1B, 0xFF, 0xFF, 0x90, 0x00, 0x00, 0x00, 0x13, 0x31, 0x00, 0x00, 0x00, 0x00, 0x00, 0x02,
    0x43, 0x00, 0x00, 0x00, 0x00, 0x2F, 0xFF, 0x90, 0x00, 0x00, 0x00, 0x03, 0x5F, 0xD0, 0x00, 0x00,
    0x09, 0x94, 0xBB, 0x30, 0x00, 0x00, 0xAF, 0xFF, 0x20, 0x00, 0x00, 0x07, 0xF9, 0x4E, 0xD0, 0x00,
    0x00, 0x01, 0x40, 0x01, 0x40, 0x00, 0x06, 0xCC, 0xCC, 0xCC, 0xCC, 0xB0, 0x08, 0xFF, 0xFF, 0xFF,
    0xFF, 0xE0, 0x08, 0xFC, 0x44, 0x44, 0x44, 0x30, 0x08, 0xFB, 0x00, 0x00, 0x00, 0x00, 0x08, 0xFB,
    0x00, 0x00, 0x00, 0x00, 0x08, 0xFB, 0x00, 0x00, 0x00, 0x00, 0x08, 0xFE, 0xAA, 0xAA, 0xAA, 0x50,
    0x08, 0xFF, 0xFF, 0xFF, 0xFF, 0x70, 0x08, 0xFC, 0x55, 0x55, 0x55, 0x20, 0x08, 0xFB, 0x00, 0x00,
    0x00, 0x00, 0x08, 0xFB, 0x00, 0x00, 0x00, 0x00, 0x08, 0xFB, 0x00, 0x00, 0x00, 0x00, 0x08, 0xFB,
    0x00, 0x00, 0x00, 0x00, 0x08, 0xFF, 0xFF, 0xFF, 0xFF, 0xF2, 0x08, 0xFF, 0xFF, 0xFF, 0xFF, 0xF2,
    0x00, 0x00, 0x00, 0x00, 0x00, 0x00, 0x00, 0x00, 0x00, 0x6E, 0xFD, 0x20, 0x00, 0x00, 0x00, 0x38,
    0x9F, 0x80, 0x00, 0x00, 0x01, 0x02, 0xCF, 0x50, 0x00, 0x00, 0xAF, 0xF2, 0xA5, 0x00, 0x00, 0x05,
    0xFD, 0xFC, 0x00, 0x00, 0x00, 0x1F, 0xC0, 0x5F, 0x70, 0x00, 0x00, 0x03, 0x00, 0x03, 0x00, 0x00,
    0x00, 0x08, 0xEF, 0xFC, 0x40, 0x00, 0x00, 0xCF, 0xFD, 0xEF, 0xF5, 0x00, 0x08, 0xFD, 0x20, 0x06,
    0xFF, 0x00, 0x0E, 0xF5, 0x00, 0x00, 0xDF, 0x40, 0x1F, 0xF9, 0x88, 0x88, 0xEF, 0x60, 0x2F, 0xFF,
    0xFF, 0xFF, 0xFF, 0x50, 0x1F, 0xF4, 0x44, 0x44, 0x44, 0x10, 0x0E, 0xF4, 0x00, 0x00, 0x00, 0x00,
    0x09, 0xFD, 0x10, 0x02, 0xD8, 0x00, 0x01, 0xEF, 0xEA, 0xAF, 0xFB, 0x00, 0x00, 0x1B, 0xFF, 0xFF,
    0x90, 0x00, 0x00, 0x00, 0x13, 0x31, 0x00, 0x00, 0x00, 0x00, 0x34, 0x00, 0x30, 0x00, 0x00, 0x06,
    0xFF, 0xB9, 0xF3, 0x00, 0x00, 0x0B, 0xB5, 0xEF, 0xA0, 0x00, 0x00, 0x00, 0x03, 0x53, 0x00, 0x00,
    0x00, 0x00, 0x7F, 0xFD, 0x10, 0x00, 0x00, 0x06, 0xFB, 0x6F, 0xC0, 0x00, 0x00, 0x01, 0x50, 0x01,
    0x50, 0x00, 0x06, 0xCC, 0xCC, 0xCC, 0xCC, 0xB0, 0x08, 0xFF, 0xFF, 0xFF, 0xFF, 0xE0, 0x08, 0xFC,
    0x44, 0x44, 0x44, 0x30, 0x08, 0xFB, 0x00, 0x00, 0x00, 0x00, 0x08, 0xFB, 0x00, 0x00, 0x00, 0x00,
    0x08, 0xFB, 0x00, 0x00, 0x00, 0x00, 0x08, 0xFE, 0xAA, 0xAA, 0xAA, 0x50, 0x08, 0xFF, 0xFF, 0xFF,
    0xFF, 0x70, 0x08, 0xFC, 0x55, 0x55, 0x55, 0x20, 0x08, 0xFB, 0x00, 0x00, 0x00, 0x00, 0x08, 0xFB,
    0x00, 0x00, 0x00, 0x00, 0x08, 0xFB, 0x00, 0x00, 0x00, 0x00, 0x08, 0xFB, 0x00, 0x00, 0x00, 0x00,
    0x08, 0xFF, 0xFF, 0xFF, 0xFF, 0xF2, 0x08, 0xFF, 0xFF, 0xFF, 0xFF, 0xF2, 0x00, 0x00, 0x20, 0x00,
    0x00, 0x00, 0x00, 0x0B, 0xFE, 0x4A, 0xD0, 0x00, 0x00, 0x4F, 0x9D, 0xFF, 0x80, 0x00, 0x00, 0x04,
    0x01, 0x76, 0x00, 0x00, 0x00, 0x00, 0xAF, 0xF2, 0x00, 0x00, 0x00, 0x05, 0xFD, 0xFC, 0x00, 0x00,
    0x00, 0x1F, 0xC0, 0x5F, 0x70, 0x00, 0x00, 0x03, 0x00, 0x03, 0x00, 0x00, 0x00, 0x08, 0xEF, 0xFC,
    0x40, 0x00, 0x00, 0xCF, 0xFD, 0xEF, 0xF5, 0x00, 0x08, 0xFD, 0x20, 0x06, 0xFF, 0x00, 0x0E, 0xF5,
    0x00, 0x00, 0xDF, 0x40, 0x1F, 0xF9, 0x88, 0x88, 0xEF, 0x60, 0x2F, 0xFF, 0xFF, 0xFF, 0xFF, 0x50,
    0x1F, 0xF4, 0x44, 0x44, 0x44, 0x10, 0x0E, 0xF4, 0x00, 0x00, 0x00, 0x00, 0x09, 0xFD, 0x10, 0x02,
    0xD8, 0x00, 0x01, 0xEF, 0xEA, 0xAF, 0xFB, 0x00, 0x00, 0x1B, 0xFF, 0xFF, 0x90, 0x00, 0x00, 0x00,
    0x13, 0x31, 0x00, 0x00, 0x00, 0x00, 0x09, 0x94, 0x00, 0x00, 0x00, 0x00, 0xAF, 0xFF, 0x20, 0x00,
    0x00, 0x07, 0xF9, 0x4E, 0xD0, 0x00, 0x00, 0x01, 0x40, 0x01, 0x40, 0x00, 0x06, 0xCC, 0xCC, 0xCC,
    0xCC, 0xB0, 0x08, 0xFF, 0xFF, 0xFF, 0xFF, 0xE0, 0x08, 0xFC, 0x44, 0x44, 0x44, 0x30, 0x08, 0xFB,
    0x00, 0x00, 0x00, 0x00, 0x08, 0xFB, 0x00, 0x00, 0x00, 0x00, 0x08, 0xFB, 0x00, 0x00, 0x00, 0x00,
    0x08, 0xFE, 0xAA, 0xAA, 0xAA, 0x50, 0x08, 0xFF, 0xFF, 0xFF, 0xFF, 0x70, 0x08, 0xFC, 0x55, 0x55,
    0x55, 0x20, 0x08, 0xFB, 0x00, 0x00, 0x00, 0x00, 0x08, 0xFB, 0x00, 0x00, 0x00, 0x00, 0x08, 0xFB,
    0x00, 0x00, 0x00, 0x00, 0x08, 0xFB, 0x00, 0x00, 0x00, 0x00, 0x08, 0xFF, 0xFF, 0xFF, 0xFF, 0xF2,
    0x08, 0xFF, 0xFF, 0xFF, 0xFF, 0xF2, 0x00, 0x00, 0x00, 0x00, 0x00, 0x00, 0x00, 0x00, 0x02, 0xA4,
    0x00, 0x00, 0x00, 0x00, 0x0A, 0xFE, 0x00, 0x00, 0x00, 0x00, 0x07, 0xFA, 0x00, 0x00, 0x00, 0x00,
    0x00, 0x00, 0x00, 0x00, 0x00, 0x00, 0x01, 0x00, 0x00, 0x00, 0x00, 0x00, 0xAF, 0xF2, 0x00, 0x00,
    0x00, 0x05, 0xFD, 0xFC, 0x00, 0x00, 0x00, 0x1F, 0xC0, 0x5F, 0x70, 0x00, 0x00, 0x03, 0x00, 0x03,
    0x00, 0x00, 0x00, 0x08, 0xEF, 0xFC, 0x40, 0x00, 0x00, 0xCF, 0xFD, 0xEF, 0xF5, 0x00, 0x08, 0xFD,
    0x20, 0x06, 0xFF, 0x00, 0x0E, 0xF5, 0x00, 0x00, 0xDF, 0x40, 0x1F, 0xF9, 0x88, 0x88, 0xEF, 0x60,
    0x2F, 0xFF, 0xFF, 0xFF, 0xFF, 0x50, 0x1F, 0xF4, 0x44, 0x44, 0x44, 0x10, 0x0E, 0xF4, 0x00, 0x00,
    0x00, 0x00, 0x09, 0xFD, 0x10, 0x02, 0xD8, 0x00, 0x01, 0xEF, 0xEA, 0xAF, 0xFB, 0x00, 0x00, 0x1B,
    0xFF, 0xFF, 0x90, 0x00, 0x00, 0x00, 0x13, 0x31, 0x00, 0x00, 0x00, 0x00, 0x08, 0x80, 0x00, 0x00,
    0x00, 0x00, 0x4F, 0xF5, 0x00, 0x00, 0x00, 0x00, 0x2E, 0xE2, 0x00, 0x00, 0x00, 0x00, 0x00, 0x00,
    0x00, 0x00, 0x2A, 0xC9, 0x10, 0x2C, 0xAF, 0xA0, 0x00, 0xCF, 0x70, 0x00, 0x63, 0x00, 0x06, 0xC8,
    0x00, 0x08, 0xFA, 0x00, 0x08, 0xFA, 0x00, 0x08, 0xFA, 0x00, 0x08, 0xFA, 0x00, 0x08, 0xFA, 0x00,
    0x08, 0xFA, 0x00, 0x08, 0xFA, 0x00, 0x08, 0xFA, 0x00, 0x08, 0xFA, 0x00, 0x08, 0xFA, 0x00, 0x08,
    0xFA, 0x00, 0x08, 0xFA, 0x00, 0x08, 0xFA, 0x00, 0x08, 0xFA, 0x00, 0x16, 0x74, 0x00, 0x7F, 0xFF,
    0x50, 0x01, 0x5F, 0x80, 0x02, 0xFD, 0x20, 0x00, 0x30, 0x00, 0x08, 0xC6, 0x00, 0x0A, 0xF7, 0x00,
    0x0A, 0xF7, 0x00, 0x0A, 0xF7, 0x00, 0x0A, 0xF7, 0x00, 0x0A, 0xF7, 0x00, 0x0A, 0xF7, 0x00, 0x0A,
    0xF7, 0x00, 0x0A, 0xF7, 0x00, 0x0A, 0xF7, 0x00, 0x0A, 0xF7, 0x00, 0x06, 0xC8, 0x00, 0x08, 0xFA,
    0x00, 0x08, 0xFA, 0x00, 0x08, 0xFA, 0x00, 0x08, 0xFA, 0x00, 0x08, 0xFA, 0x00, 0x08, 0xFA, 0x00,
    0x08, 0xFA, 0x00, 0x08, 0xFA, 0x00, 0x08, 0xFA, 0x00, 0x08, 0xFA, 0x00, 0x08, 0xFA, 0x00, 0x08,
    0xFA, 0x00, 0x08, 0xFA, 0x00, 0x08, 0xFA, 0x00, 0x00, 0x00, 0x00, 0x03, 0xA4, 0x00, 0x0B, 0xFD,
    0x00, 0x07, 0xF9, 0x00, 0x00, 0x00, 0x00, 0x01, 0x61, 0x00, 0x0A, 0xFC, 0x00, 0x0A, 0xFC, 0x00,
    0x00, 0x30, 0x00, 0x00, 0x00, 0x00, 0x06, 0xC7, 0x00, 0x07, 0xFA, 0x00, 0x07, 0xFA, 0x00, 0x07,
    0xFA, 0x00, 0x07, 0xFA, 0x00, 0x07, 0xFA, 0x00, 0x07, 0xFA, 0x00, 0x07, 0xFA, 0x00, 0x07, 0xFA,
    0x00, 0x07, 0xFA, 0x00, 0x07, 0xFA, 0x00, 0x00, 0x00, 0x00, 0x00, 0x00, 0x00, 0x04, 0xB5, 0x00,
    0x0B, 0xFE, 0x00, 0x06, 0xE8, 0x00, 0x00, 0x00, 0x00, 0x00, 0x00, 0x00, 0x00, 0x00, 0x00, 0x00,
    0x4B, 0xEF, 0xFD, 0x81, 0x00, 0x00, 0x00, 0x0A, 0xFF, 0xFF, 0xFF, 0xFE, 0x30, 0x00, 0x00, 0x9F,
    0xF9, 0x30, 0x16, 0xEF, 0xF1, 0x00, 0x03, 0xFF, 0x70, 0x00, 0x00, 0x1E, 0xFA, 0x00, 0x09, 0xFD,
    0x00, 0x00, 0x00, 0x06, 0xFF, 0x00, 0x0D, 0xF7, 0x00, 0x00, 0x00, 0x00, 0xFF, 0x50, 0x0F, 0xF4,
    0x00, 0x00, 0x00, 0x00, 0xDF, 0x60, 0x0F, 0xF3, 0x00, 0x00, 0x00, 0x00, 0xCF, 0x80, 0x0F, 0xF4,
    0x00, 0x00, 0x00, 0x00, 0xDF, 0x70, 0x0E, 0xF6, 0x00, 0x00, 0x00, 0x00, 0xFF, 0x50, 0x0A, 0xFB,
    0x00, 0x00, 0x00, 0x04, 0xFF, 0x10, 0x04, 0xFF, 0x40, 0x00, 0x00, 0x0D, 0xFC, 0x00, 0x00, 0xBF,
    0xF6, 0x00, 0x02, 0xCF, 0xF3, 0x00, 0x00, 0x1C, 0xFF, 0xFD, 0xEF, 0xFF, 0x60, 0x00, 0x00, 0x00,
    0x8E, 0xFF, 0xFF, 0xB3, 0x00, 0x00, 0x00, 0x00, 0x00, 0x23, 0x31, 0x00, 0x00, 0x00, 0x00, 0x00,
    0x00, 0x29, 0x60, 0x00, 0x00, 0x00, 0x00, 0x00, 0x00, 0x9F, 0xF0, 0x00, 0x00, 0x00, 0x00, 0x00,
    0x00, 0x5F, 0xC0, 0x00, 0x00, 0x00, 0x00, 0x00, 0x00, 0x00, 0x00, 0x00, 0x00, 0x00, 0x00, 0x00,
    0x00, 0x00, 0x00, 0x00, 0x00, 0x08, 0xEF, 0xFC, 0x40, 0x00, 0x00, 0xCF, 0xFF, 0xFF, 0xF6, 0x00,
    0x08, 0xFF, 0x40, 0x09, 0xFF, 0x20, 0x0E, 0xF6, 0x00, 0x00, 0xCF, 0x80, 0x1F, 0xF1, 0x00, 0x00,
    0x7F, 0xB0, 0x2F, 0xF0, 0x00, 0x00, 0x5F, 0xC0, 0x1F, 0xF0, 0x00, 0x00, 0x6F, 0xB0, 0x0E, 0xF4,
    0x00, 0x00, 0xBF, 0x90, 0x09, 0xFD, 0x10, 0x05, 0xFF, 0x30, 0x01, 0xEF, 0xFC, 0xDF, 0xF9, 0x00,
    0x00, 0x2B, 0xFF, 0xFF, 0x80, 0x00, 0x00, 0x00, 0x13, 0x30, 0x00, 0x00, 0x00, 0x00, 0x19, 0x60,
    0x00, 0x00, 0x00, 0x00, 0x7F, 0xF1, 0x00, 0x00, 0x00, 0x00, 0x4F, 0xC0, 0x00, 0x00, 0x00, 0x00,
    0x00, 0x00, 0x00, 0x00, 0x00, 0x00, 0x01, 0x9B, 0xA3, 0x00, 0x00, 0x00, 0x00, 0x00, 0x00, 0xCA,
    0xFC, 0x00, 0x00, 0x00, 0x00, 0x00, 0x00, 0x0A, 0xF9, 0x00, 0x00, 0x00, 0x00, 0x00, 0x00, 0x05,
    0x40, 0x00, 0x00, 0x00, 0x00, 0x00, 0x4B, 0xEF, 0xFD, 0x81, 0x00, 0x00, 0x00, 0x0A, 0xFF, 0xFF,
    0xFF, 0xFE, 0x30, 0x00, 0x00, 0x9F, 0xF9, 0x30, 0x16, 0xEF, 0xF1, 0x00, 0x03, 0xFF, 0x70, 0x00,
    0x00, 0x1E, 0xFA, 0x00, 0x09, 0xFD, 0x00, 0x00, 0x00, 0x06, 0xFF, 0x00, 0x0D, 0xF7, 0x00, 0x00,
    0x00, 0x00, 0xFF, 0x50, 0x0F, 0xF4, 0x00, 0x00, 0x00, 0x00, 0xDF, 0x60, 0x0F, 0xF3, 0x00, 0x00,
    0x00, 0x00, 0xCF, 0x80, 0x0F, 0xF4, 0x00, 0x00, 0x00, 0x00, 0xDF, 0x70, 0x0E, 0xF6, 0x00, 0x00,
    0x00, 0x00, 0xFF, 0x50, 0x0A, 0xFB, 0x00, 0x00, 0x00, 0x04, 0xFF, 0x10, 0x04, 0xFF, 0x40, 0x00,
    0x00, 0x0D, 0xFC, 0x00, 0x00, 0xBF, 0xF6, 0x00, 0x02, 0xCF, 0xF3, 0x00, 0x00, 0x1C, 0xFF, 0xFD,
    0xEF, 0xFF, 0x60, 0x00, 0x00, 0x00, 0x8E, 0xFF, 0xFF, 0xB3, 0x00, 0x00, 0x00, 0x00, 0x00, 0x23,
    0x31, 0x00, 0x00, 0x00, 0x00, 0x00, 0x47, 0x60, 0x00, 0x00, 0x00, 0x01, 0xFF, 0xFB, 0x00, 0x00,
    0x00, 0x00, 0x21, 0xEE, 0x00, 0x00, 0x00, 0x00, 0x0C, 0xF6, 0x00, 0x00, 0x00, 0x00, 0x02, 0x10,
    0x00, 0x00, 0x00, 0x08, 0xEF, 0xFC, 0x40, 0x00, 0x00, 0xCF, 0xFF, 0xFF, 0xF6, 0x00, 0x08, 0xFF,
    0x40, 0x09, 0xFF, 0x20, 0x0E, 0xF6, 0x00, 0x00, 0xCF, 0x80, 0x1F, 0xF1, 0x00, 0x00, 0x7F, 0xB0,
    0x2F, 0xF0, 0x00, 0x00, 0x5F, 0xC0, 0x1F, 0xF0, 0x00, 0x00, 0x6F, 0xB0, 0x0E, 0xF4, 0x00, 0x00,
    0xBF, 0x90, 0x09, 0xFD, 0x10, 0x05, 0xFF, 0x30, 0x01, 0xEF, 0xFC, 0xDF, 0xF9, 0x00, 0x00, 0x2B,
    0xFF, 0xFF, 0x80, 0x00, 0x00, 0x00, 0x13, 0x30, 0x00, 0x00, 0x00, 0x00, 0x00, 0x00, 0x00, 0x01,
    0x00, 0x00, 0x00, 0x00, 0x00, 0x00, 0x00, 0x2E, 0xB0, 0x00, 0x00, 0x00, 0x00, 0x00, 0x03, 0xEE,
    0x40, 0x00, 0x00, 0x00, 0x00, 0x14, 0x34, 0x90, 0x00, 0x00, 0x00, 0x00, 0x01, 0xDF, 0xF6, 0x00,
    0x00, 0x00, 0x00, 0x00, 0x0D, 0xE6, 0xBF, 0x50, 0x00, 0x00, 0x00, 0x00, 0x05, 0x10, 0x05, 0x10,
    0x00, 0x00, 0x00, 0x00, 0x4B, 0xEF, 0xFD, 0x81, 0x00, 0x00, 0x00, 0x0A, 0xFF, 0xFF, 0xFF, 0xFE,
    0x30, 0x00, 0x00, 0x9F, 0xF9, 0x30, 0x16, 0xEF, 0xF1, 0x00, 0x03, 0xFF, 0x70, 0x00, 0x00, 0x1E,
    0xFA, 0x00, 0x09, 0xFD, 0x00, 0x00, 0x00, 0x06, 0xFF, 0x00, 0x0D, 0xF7, 0x00, 0x00, 0x00, 0x00,
    0xFF, 0x50, 0x0F, 0xF4, 0x00, 0x00, 0x00, 0x00, 0xDF, 0x60, 0x0F, 0xF3, 0x00, 0x00, 0x00, 0x00,
    0xCF, 0x80, 0x0F, 0xF4, 0x00, 0x00, 0x00, 0x00, 0xDF, 0x70, 0x0E, 0xF6, 0x00, 0x00, 0x00, 0x00,
    0xFF, 0x50, 0x0A, 0xFB, 0x00, 0x00, 0x00, 0x04, 0xFF, 0x10, 0x04, 0xFF, 0x40, 0x00, 0x00, 0x0D,
    0xFC, 0x00, 0x00, 0xBF, 0xF6, 0x00, 0x02, 0xCF, 0xF3, 0x00, 0x00, 0x1C, 0xFF, 0xFD, 0xEF, 0xFF,
    0x60, 0x00, 0x00, 0x00, 0x8E, 0xFF, 0xFF, 0xB3, 0x00, 0x00, 0x00, 0x00, 0x00, 0x23, 0x31, 0x00,
    0x00, 0x00, 0x00, 0x00, 0x00, 0x00, 0x04, 0x10, 0x00, 0x00, 0x00, 0x00, 0x1F, 0xD1, 0x00, 0x00,
    0x00, 0x00, 0xBF, 0xA0, 0x00, 0x00, 0x02, 0x15, 0xF9, 0x00, 0x00, 0x00, 0x9F, 0xF3, 0x50, 0x00,
    0x00, 0x05, 0xFD, 0xFE, 0x10, 0x00, 0x00, 0x0E, 0xC0, 0x3F, 0x80, 0x00, 0x00, 0x02, 0x00, 0x02,
    0x00, 0x00, 0x00, 0x08, 0xEF, 0xFC, 0x40, 0x00, 0x00, 0xCF, 0xFF, 0xFF, 0xF6, 0x00, 0x08, 0xFF,
    0x40, 0x09, 0xFF, 0x20, 0x0E, 0xF6, 0x00, 0x00, 0xCF, 0x80, 0x1F, 0xF1, 0x00, 0x00, 0x7F, 0xB0,
    0x2F, 0xF0, 0x00, 0x00, 0x5F, 0xC0, 0x1F, 0xF0, 0x00, 0x00, 0x6F, 0xB0, 0x0E, 0xF4, 0x00, 0x00,
    0xBF, 0x90, 0x09, 0xFD, 0x10, 0x05, 0xFF, 0x30, 0x01, 0xEF, 0xFC, 0xDF, 0xF9, 0x00, 0x00, 0x2B,
    0xFF, 0xFF, 0x80, 0x00, 0x00, 0x00, 0x13, 0x30, 0x00, 0x00, 0x00, 0x00, 0x00, 0x00, 0x20, 0x00,
    0x00, 0x00, 0x00, 0x00, 0x00, 0x03, 0xF9, 0x00, 0x00, 0x00, 0x00, 0x00, 0x00, 0x00, 0x9F, 0xA0,
    0x00, 0x00, 0x00, 0x00, 0x00, 0x14, 0x33, 0xA0, 0x00, 0x00, 0x00, 0x00, 0x01, 0xDF, 0xF7, 0x00,
    0x00, 0x00, 0x00, 0x00, 0x0D, 0xE6, 0xBF, 0x50, 0x00, 0x00, 0x00, 0x00, 0x05, 0x10, 0x05, 0x10,
    0x00, 0x00, 0x00, 0x00, 0x4B, 0xEF, 0xFD, 0x81, 0x00, 0x00, 0x00, 0x0A, 0xFF, 0xFF, 0xFF, 0xFE,
    0x30, 0x00, 0x00, 0x9F, 0xF9, 0x30, 0x16, 0xEF, 0xF1, 0x00, 0x03, 0xFF, 0x70, 0x00, 0x00, 0x1E,
    0xFA, 0x00, 0x09, 0xFD, 0x00, 0x00, 0x00, 0x06, 0xFF, 0x00, 0x0D, 0xF7, 0x00, 0x00, 0x00, 0x00,
    0xFF, 0x50, 0x0F, 0xF4, 0x00, 0x00, 0x00, 0x00, 0xDF, 0x60, 0x0F, 0xF3, 0x00, 0x00, 0x00, 0x00,
    0xCF, 0x80, 0x0F, 0xF4, 0x00, 0x00, 0x00, 0x00, 0xDF, 0x70, 0x0E, 0xF6, 0x00, 0x00, 0x00, 0x00,
    0xFF, 0x50, 0x0A, 0xFB, 0x00, 0x00, 0x00, 0x04, 0xFF, 0x10, 0x04, 0xFF, 0x40, 0x00, 0x00, 0x0D,
    0xFC, 0x00, 0x00, 0xBF, 0xF6, 0x00, 0x02, 0xCF, 0xF3, 0x00, 0x00, 0x1C, 0xFF, 0xFD, 0xEF, 0xFF,
    0x60, 0x00, 0x00, 0x00, 0x8E, 0xFF, 0xFF, 0xB3, 0x00, 0x00, 0x00, 0x00, 0x00, 0x23, 0x31, 0x00,
    0x00, 0x00, 0x00, 0x00, 0x00, 0x01, 0x00, 0x00, 0x00, 0x00, 0x00, 0x4E, 0x60, 0x00, 0x00, 0x00,
    0x00, 0x5F, 0xF2, 0x00, 0x00, 0x00, 0x02, 0x15, 0xFC, 0x00, 0x00, 0x00, 0x9F, 0xF3, 0x56, 0x00,
    0x00, 0x05, 0xFD, 0xFE, 0x10, 0x00, 0x00, 0x0E, 0xC0, 0x3F, 0x80, 0x00, 0x00, 0x02, 0x00, 0x02,
    0x00, 0x00, 0x00, 0x08, 0xEF, 0xFC, 0x40, 0x00, 0x00, 0xCF, 0xFF, 0xFF, 0xF6, 0x00, 0x08, 0xFF,
    0x40, 0x09, 0xFF, 0x20, 0x0E, 0xF6, 0x00, 0x00, 0xCF, 0x80, 0x1F, 0xF1, 0x00, 0x00, 0x7F, 0xB0,
    0x2F, 0xF0, 0x00, 0x00, 0x5F, 0xC0, 0x1F, 0xF0, 0x00, 0x00, 0x6F, 0xB0, 0x0E, 0xF4, 0x00, 0x00,
    0xBF, 0x90, 0x09, 0xFD, 0x10, 0x05, 0xFF, 0x30, 0x01, 0xEF, 0xFC, 0xDF, 0xF9, 0x00, 0x00, 0x2B,
    0xFF, 0xFF, 0x80, 0x00, 0x00, 0x00, 0x13, 0x30, 0x00, 0x00, 0x00, 0x00, 0x00, 0x00, 0x03, 0x41,
    0x00, 0x00, 0x00, 0x00, 0x00, 0x00, 0xAF, 0xFF, 0x20, 0x00, 0x00, 0x00, 0x00, 0x00, 0x24, 0xAF,
    0x50, 0x00, 0x00, 0x00, 0x00, 0x49, 0x84, 0xD8, 0x00, 0x00, 0x00, 0x00, 0x03, 0xFF, 0xFA, 0x00,
    0x00, 0x00, 0x00, 0x00, 0x0E, 0xE4, 0x9F, 0x60, 0x00, 0x00, 0x00, 0x00, 0x04, 0x10, 0x05, 0x10,
    0x00, 0x00, 0x00, 0x00, 0x4B, 0xEF, 0xFD, 0x81, 0x00, 0x00, 0x00, 0x0A, 0xFF, 0xFF, 0xFF, 0xFE,
    0x30, 0x00, 0x00, 0x9F, 0xF9, 0x30, 0x16, 0xEF, 0xF1, 0x00, 0x03, 0xFF, 0x70, 0x00, 0x00, 0x1E,
    0xFA, 0x00, 0x09, 0xFD, 0x00, 0x00, 0x00, 0x06, 0xFF, 0x00, 0x0D, 0xF7, 0x00, 0x00, 0x00, 0x00,
    0xFF, 0x50, 0x0F, 0xF4, 0x00, 0x00, 0x00, 0x00, 0xDF, 0x60, 0x0F, 0xF3, 0x00, 0x00, 0x00, 0x00,
    0xCF, 0x80, 0x0F, 0xF4, 0x00, 0x00, 0x00, 0x00, 0xDF, 0x70, 0x0E, 0xF6, 0x00, 0x00, 0x00, 0x00,
    0xFF, 0x50, 0x0A, 0xFB, 0x00, 0x00, 0x00, 0x04, 0xFF, 0x10, 0x04, 0xFF, 0x40, 0x00, 0x00, 0x0D,
    0xFC, 0x00, 0x00, 0xBF, 0xF6, 0x00, 0x02, 0xCF, 0xF3, 0x00, 0x00, 0x1C, 0xFF, 0xFD, 0xEF, 0xFF,
    0x60, 0x00, 0x00, 0x00, 0x8E, 0xFF, 0xFF, 0xB3, 0x00, 0x00, 0x00, 0x00, 0x00, 0x23, 0x31, 0x00,
    0x00, 0x00, 0x00, 0x00, 0x00, 0x00, 0x00, 0x00, 0x00, 0x00, 0x00, 0x5E, 0xFD, 0x20, 0x00, 0x00,
    0x00, 0x29, 0x8F, 0x90, 0x00, 0x00, 0x01, 0x01, 0xBF, 0x60, 0x00, 0x00, 0x9F, 0xF3, 0xA5, 0x00,
    0x00, 0x04, 0xFD, 0xFD, 0x00, 0x00, 0x00, 0x0E, 0xC1, 0x4F, 0x80, 0x00, 0x00, 0x03, 0x00, 0x03,
    0x00, 0x00, 0x00, 0x08, 0xEF, 0xFC, 0x40, 0x00, 0x00, 0xCF, 0xFF, 0xFF, 0xF6, 0x00, 0x08, 0xFF,
    0x40, 0x09, 0xFF, 0x20, 0x0E, 0xF6, 0x00, 0x00, 0xCF, 0x80, 0x1F, 0xF1, 0x00, 0x00, 0x7F, 0xB0,
    0x2F, 0xF0, 0x00, 0x00, 0x5F, 0xC0, 0x1F, 0xF0, 0x00, 0x00, 0x6F, 0xB0, 0x0E, 0xF4, 0x00, 0x00,
    0xBF, 0x90, 0x09, 0xFD, 0x10, 0x05, 0xFF, 0x30, 0x01, 0xEF, 0xFC, 0xDF, 0xF9, 0x00, 0x00, 0x2B,
    0xFF, 0xFF, 0x80, 0x00, 0x00, 0x00, 0x13, 0x30, 0x00, 0x00, 0x00, 0x00, 0x01, 0x41, 0x02, 0x10,
    0x00, 0x00, 0x00, 0x00, 0x0D, 0xFF, 0x7D, 0xB0, 0x00, 0x00, 0x00, 0x00, 0x3F, 0x5A, 0xFF, 0x30,
    0x00, 0x00, 0x00, 0x00, 0x00, 0x14, 0x50, 0x00, 0x00, 0x00, 0x00, 0x00, 0x01, 0xDF, 0xF6, 0x00,
    0x00, 0x00, 0x00, 0x00, 0x0D, 0xE6, 0xBF, 0x50, 0x00, 0x00, 0x00, 0x00, 0x05, 0x10, 0x05, 0x10,
    0x00, 0x00, 0x00, 0x00, 0x4B, 0xEF, 0xFD, 0x81, 0x00, 0x00, 0x00, 0x0A, 0xFF, 0xFF, 0xFF, 0xFE,
    0x30, 0x00, 0x00, 0x9F, 0xF9, 0x30, 0x16, 0xEF, 0xF1, 0x00, 0x03, 0xFF, 0x70, 0x00, 0x00, 0x1E,
    0xFA, 0x00, 0x09, 0xFD, 0x00, 0x00, 0x00, 0x06, 0xFF, 0x00, 0x0D, 0xF7, 0x00, 0x00, 0x00, 0x00,
    0xFF, 0x50, 0x0F, 0xF4, 0x00, 0x00, 0x00, 0x00, 0xDF, 0x60, 0x0F, 0xF3, 0x00, 0x00, 0x00, 0x00,
    0xCF, 0x80, 0x0F, 0xF4, 0x00, 0x00, 0x00, 0x00, 0xDF, 0x70, 0x0E, 0xF6, 0x00, 0x00, 0x00, 0x00,
    0xFF, 0x50, 0x0A, 0xFB, 0x00, 0x00, 0x00, 0x04, 0xFF, 0x10, 0x04, 0xFF, 0x40, 0x00, 0x00, 0x0D,
    0xFC, 0x00, 0x00, 0xBF, 0xF6, 0x00, 0x02, 0xCF, 0xF3, 0x00, 0x00, 0x1C, 0xFF, 0xFD, 0xEF, 0xFF,
    0x60, 0x00, 0x00, 0x00, 0x8E, 0xFF, 0xFF, 0xB3, 0x00, 0x00, 0x00, 0x00, 0x00, 0x23, 0x31, 0x00,
    0x00, 0x00, 0x00, 0x00, 0x20, 0x00, 0x00, 0x00, 0x00, 0x0B, 0xFE, 0x59, 0xE0, 0x00, 0x00, 0x4F,
    0xAD, 0xFF, 0x90, 0x00, 0x00, 0x04, 0x01, 0x76, 0x00, 0x00, 0x00, 0x00, 0x9F, 0xF2, 0x00, 0x00,
    0x00, 0x05, 0xFD, 0xFD, 0x00, 0x00, 0x00, 0x0E, 0xC1, 0x5F, 0x80, 0x00, 0x00, 0x03, 0x00, 0x03,
    0x00, 0x00, 0x00, 0x07, 0xDF, 0xFC, 0x50, 0x00, 0x00, 0xCF, 0xFF, 0xFF, 0xF7, 0x00, 0x07, 0xFF,
    0x50, 0x08, 0xFF, 0x20, 0x0D, 0xF7, 0x00, 0x00, 0xBF, 0x80, 0x1F, 0xF1, 0x00, 0x00, 0x6F, 0xC0,
    0x2F, 0xF0, 0x00, 0x00, 0x5F, 0xD0, 0x1F, 0xF1, 0x00, 0x00, 0x6F, 0xC0, 0x0E, 0xF5, 0x00, 0x00,
    0xAF, 0x90, 0x09, 0xFE, 0x20, 0x05, 0xFF, 0x40, 0x01, 0xEF, 0xFC, 0xDF, 0xFA, 0x00, 0x00, 0x1B,
    0xFF, 0xFF, 0x80, 0x00, 0x00, 0x00, 0x13, 0x30, 0x00, 0x00, 0x00, 0x00, 0x00, 0x49, 0x80, 0x00,
    0x00, 0x00, 0x00, 0x00, 0x03, 0xFF, 0xFA, 0x00, 0x00, 0x00, 0x00, 0x00, 0x0E, 0xE4, 0x9F, 0x60,
    0x00, 0x00, 0x00, 0x00, 0x04, 0x10, 0x05, 0x10, 0x00, 0x00, 0x00, 0x00, 0x4B, 0xEF, 0xFD, 0x81,
    0x00, 0x00, 0x00, 0x0A, 0xFF, 0xFF, 0xFF, 0xFE, 0x30, 0x00, 0x00, 0x9F, 0xF9, 0x30, 0x16, 0xEF,
    0xF1, 0x00, 0x03, 0xFF, 0x70, 0x00, 0x00, 0x1E, 0xFA, 0x00, 0x09, 0xFD, 0x00, 0x00, 0x00, 0x06,
    0xFF, 0x00, 0x0D, 0xF7, 0x00, 0x00, 0x00, 0x00, 0xFF, 0x50, 0x0F, 0xF4, 0x00, 0x00, 0x00, 0x00,
    0xDF, 0x60, 0x0F, 0xF3, 0x00, 0x00, 0x00, 0x00, 0xCF, 0x80, 0x0F, 0xF4, 0x00, 0x00, 0x00, 0x00,
    0xDF, 0x70, 0x0E, 0xF6, 0x00, 0x00, 0x00, 0x00, 0xFF, 0x50, 0x0A, 0xFB, 0x00, 0x00, 0x00, 0x04,
    0xFF, 0x10, 0x04, 0xFF, 0x40, 0x00, 0x00, 0x0D, 0xFC, 0x00, 0x00, 0xBF, 0xF6, 0x00, 0x02, 0xCF,
    0xF3, 0x00, 0x00, 0x1C, 0xFF, 0xFD, 0xEF, 0xFF, 0x60, 0x00, 0x00, 0x00, 0x8E, 0xFF, 0xFF, 0xB3,
    0x00, 0x00, 0x00, 0x00, 0x00, 0x23, 0x31, 0x00, 0x00, 0x00, 0x00, 0x00, 0x00, 0x29, 0x60, 0x00,
    0x00, 0x00, 0x00, 0x00, 0x00, 0x9F, 0xF0, 0x00, 0x00, 0x00, 0x00, 0x00, 0x00, 0x5F, 0xC0, 0x00,
    0x00, 0x00, 0x00, 0x00, 0x00, 0x00, 0x00, 0x00, 0x00, 0x00, 0x00, 0x00, 0x02, 0x10, 0x00, 0x00,
    0x00, 0x00, 0x9F, 0xF3, 0x00, 0x00, 0x00, 0x05, 0xFD, 0xFE, 0x10, 0x00, 0x00, 0x0E, 0xC0, 0x3F,
    0x80, 0x00, 0x00, 0x02, 0x00, 0x02, 0x00, 0x00, 0x00, 0x08, 0xEF, 0xFC, 0x40, 0x00, 0x00, 0xCF,
    0xFF, 0xFF, 0xF6, 0x00, 0x08, 0xFF, 0x40, 0x09, 0xFF, 0x20, 0x0E, 0xF6, 0x00, 0x00, 0xCF, 0x80,
    0x1F, 0xF1, 0x00, 0x00, 0x7F, 0xB0, 0x2F, 0xF0, 0x00, 0x00, 0x5F, 0xC0, 0x1F, 0xF0, 0x00, 0x00,
    0x6F, 0xB0, 0x0E, 0xF4, 0x00, 0x00, 0xBF, 0x90, 0x09, 0xFD, 0x10, 0x05, 0xFF, 0x30, 0x01, 0xEF,
    0xFC, 0xDF, 0xF9, 0x00, 0x00, 0x2B, 0xFF, 0xFF, 0x80, 0x00, 0x00, 0x00, 0x13, 0x30, 0x00, 0x00,
    0x00, 0x00, 0x19, 0x60, 0x00, 0x00, 0x00, 0x00, 0x7F, 0xF1, 0x00, 0x00, 0x00, 0x00, 0x4F, 0xC0,
    0x00, 0x00, 0x00, 0x00, 0x00, 0x00, 0x00, 0x00, 0x00, 0x00, 0x00, 0x00, 0x10, 0x00, 0x00, 0x00,
    0x00, 0x00, 0x00, 0x02, 0xE5, 0x00, 0x00, 0x00, 0x00, 0x00, 0x00, 0x1D, 0xFA, 0x00, 0x2C, 0x10,
    0x00, 0x00, 0x00, 0x9F, 0x70, 0x00, 0x8F, 0x70, 0x00, 0x00, 0x00, 0x04, 0x00, 0x00, 0x8F, 0x70,
    0x00, 0x00, 0x4B, 0xEF, 0xFF, 0xFF, 0xFF, 0x20, 0x00, 0x0A, 0xFF, 0xFF, 0xFF, 0xFF, 0x91, 0x00,
    0x00, 0x9F, 0xF9, 0x30, 0x16, 0xEF, 0xD0, 0x00, 0x03, 0xFF, 0x70, 0x00, 0x00, 0x1E, 0xF9, 0x00,
    0x09, 0xFD, 0x00, 0x00, 0x00, 0x06, 0xFF, 0x00, 0x0D, 0xF7, 0x00, 0x00, 0x00, 0x00, 0xFF, 0x40,
    0x0F, 0xF4, 0x00, 0x00, 0x00, 0x00, 0xDF, 0x60, 0x0F, 0xF3, 0x00, 0x00, 0x00, 0x00, 0xCF, 0x80,
    0x0F, 0xF4, 0x00, 0x00, 0x00, 0x00, 0xDF, 0x70, 0x0E, 0xF6, 0x00, 0x00, 0x00, 0x00, 0xFF, 0x50,
    0x0A, 0xFB, 0x00, 0x00, 0x00, 0x04, 0xFF, 0x10, 0x04, 0xFF, 0x40, 0x00, 0x00, 0x0D, 0xFC, 0x00,
    0x00, 0xBF, 0xF6, 0x00, 0x02, 0xCF, 0xF3, 0x00, 0x00, 0x1C, 0xFF, 0xFD, 0xEF, 0xFF, 0x60, 0x00,
    0x00, 0x00, 0x8E, 0xFF, 0xFF, 0xB3, 0x00, 0x00, 0x00, 0x00, 0x00, 0x23, 0x31, 0x00, 0x00, 0x00,
    0x00, 0x00, 0x00, 0x66, 0x00, 0x00, 0x00, 0x00, 0x02, 0xFF, 0x40, 0x00, 0x00, 0x00, 0x0C, 0xF7,
    0x05, 0xB0, 0x00, 0x00, 0x2E, 0x70, 0x0C, 0xF2, 0x00, 0x00, 0x01, 0x00, 0x0B, 0xF3, 0x00, 0x08,
    0xEF, 0xFF, 0xFF, 0xD0, 0x00, 0xCF, 0xFF, 0xFF, 0xFB, 0x00, 0x08, 0xFF, 0x40, 0x09, 0xFF, 0x10,
    0x0E, 0xF6, 0x00, 0x00, 0xCF, 0x70, 0x1F, 0xF1, 0x00, 0x00, 0x7F, 0xB0, 0x2F, 0xF0, 0x00, 0x00,
    0x5F, 0xC0, 0x1F, 0xF0, 0x00, 0x00, 0x6F, 0xB0, 0x0E, 0xF4, 0x00, 0x00, 0xBF, 0x90, 0x09, 0xFD,
    0x10, 0x05, 0xFF, 0x30, 0x01, 0xEF, 0xFC, 0xDF, 0xF9, 0x00, 0x00, 0x2B, 0xFF, 0xFF, 0x80, 0x00,
    0x00, 0x00, 0x13, 0x30, 0x00, 0x00, 0x00, 0x00, 0x00, 0x00, 0x00, 0x00, 0x00, 0x00, 0x00, 0x00,
    0x00, 0xCA, 0x00, 0x00, 0x00, 0x00, 0x00, 0x00, 0x03, 0xEF, 0x70, 0x00, 0x2C, 0x10, 0x00, 0x00,
    0x00, 0x2C, 0xF1, 0x00, 0x8F, 0x70, 0x00, 0x00, 0x00, 0x01, 0x40, 0x00, 0x8F, 0x70, 0x00, 0x00,
    0x4B, 0xEF, 0xFF, 0xFF, 0xFF, 0x20, 0x00, 0x0A, 0xFF, 0xFF, 0xFF, 0xFF, 0x91, 0x00, 0x00, 0x9F,
    0xF9, 0x30, 0x16, 0xEF, 0xD0, 0x00, 0x03, 0xFF, 0x70, 0x00, 0x00, 0x1E, 0xF9, 0x00, 0x09, 0xFD,
    0x00, 0x00, 0x00, 0x06, 0xFF, 0x00, 0x0D, 0xF7, 0x00, 0x00, 0x00, 0x00, 0xFF, 0x40, 0x0F, 0xF4,
    0x00, 0x00, 0x00, 0x00, 0xDF, 0x60, 0x0F, 0xF3, 0x00, 0x00, 0x00, 0x00, 0xCF, 0x80, 0x0F, 0xF4,
    0x00, 0x00, 0x00, 0x00, 0xDF, 0x70, 0x0E, 0xF6, 0x00, 0x00, 0x00, 0x00, 0xFF, 0x50, 0x0A, 0xFB,
    0x00, 0x00, 0x00, 0x04, 0xFF, 0x10, 0x04, 0xFF, 0x40, 0x00, 0x00, 0x0D, 0xFC, 0x00, 0x00, 0xBF,
    0xF6, 0x00, 0x02, 0xCF, 0xF3, 0x00, 0x00, 0x1C, 0xFF, 0xFD, 0xEF, 0xFF, 0x60, 0x00, 0x00, 0x00,
    0x8E, 0xFF, 0xFF, 0xB3, 0x00, 0x00, 0x00, 0x00, 0x00, 0x23, 0x31, 0x00, 0x00, 0x00, 0x00, 0x00,
    0xA1, 0x00, 0x00, 0x00, 0x00, 0x0A, 0xFB, 0x00, 0x00, 0x00, 0x00, 0x01, 0xCF, 0x60, 0x05, 0xB0,
    0x00, 0x00, 0x0C, 0xB0, 0x0C, 0xF2, 0x00, 0x00, 0x01, 0x00, 0x0B, 0xF3, 0x00, 0x08, 0xEF, 0xFF,
    0xFF, 0xD0, 0x00, 0xCF, 0xFF, 0xFF, 0xFB, 0x00, 0x08, 0xFF, 0x40, 0x09, 0xFF, 0x10, 0x0E, 0xF6,
    0x00, 0x00, 0xCF, 0x70, 0x1F, 0xF1, 0x00, 0x00, 0x7F, 0xB0, 0x2F, 0xF0, 0x00, 0x00, 0x5F, 0xC0,
    0x1F, 0xF0, 0x00, 0x00, 0x6F, 0xB0, 0x0E, 0xF4, 0x00, 0x00, 0xBF, 0x90, 0x09, 0xFD, 0x10, 0x05,
    0xFF, 0x30, 0x01, 0xEF, 0xFC, 0xDF, 0xF9, 0x00, 0x00, 0x2B, 0xFF, 0xFF, 0x80, 0x00, 0x00, 0x00,
    0x13, 0x30, 0x00, 0x00, 0x00, 0x00, 0x01, 0x9B, 0xA3, 0x00, 0x00, 0x00, 0x00, 0x00, 0x00, 0xCA,
    0xFD, 0x00, 0x2C, 0x10, 0x00, 0x00, 0x00, 0x0A, 0xFA, 0x00, 0x8F, 0x70, 0x00, 0x00, 0x00, 0x05,
    0x50, 0x00, 0x8F, 0x70, 0x00, 0x00, 0x4B, 0xEF, 0xFF, 0xFF, 0xFF, 0x20, 0x00, 0x0A, 0xFF, 0xFF,
    0xFF, 0xFF, 0x91, 0x00, 0x00, 0x9F, 0xF9, 0x30, 0x16, 0xEF, 0xD0, 0x00, 0x03, 0xFF, 0x70, 0x00,
    0x00, 0x1E, 0xF9, 0x00, 0x09, 0xFD, 0x00, 0x00, 0x00, 0x06, 0xFF, 0x00, 0x0D, 0xF7, 0x00, 0x00,
    0x00, 0x00, 0xFF, 0x40, 0x0F, 0xF4, 0x00, 0x00, 0x00, 0x00, 0xDF, 0x60, 0x0F, 0xF3, 0x00, 0x00,
    0x00, 0x00, 0xCF, 0x80, 0x0F, 0xF4, 0x00, 0x00, 0x00, 0x00, 0xDF, 0x70, 0x0E, 0xF6, 0x00, 0x00,
    0x00, 0x00, 0xFF, 0x50, 0x0A, 0xFB, 0x00, 0x00, 0x00, 0x04, 0xFF, 0x10, 0x04, 0xFF, 0x40, 0x00,
    0x00, 0x0D, 0xFC, 0x00, 0x00, 0xBF, 0xF6, 0x00, 0x02, 0xCF, 0xF3, 0x00, 0x00, 0x1C, 0xFF, 0xFD,
    0xEF, 0xFF, 0x60, 0x00, 0x00, 0x00, 0x8E, 0xFF, 0xFF, 0xB3, 0x00, 0x00, 0x00, 0x00, 0x00, 0x23,
    0x31, 0x00, 0x00, 0x00, 0x00, 0x00, 0x47, 0x60, 0x00, 0x00, 0x00, 0x01, 0xFF, 0xFB, 0x00, 0x00,
    0x00, 0x00, 0x21, 0xEE, 0x05, 0xB0, 0x00, 0x00, 0x0C, 0xF6, 0x0C, 0xF2, 0x00, 0x00, 0x02, 0x10,
    0x0B, 0xF3, 0x00, 0x08, 0xEF, 0xFF, 0xFF, 0xD0, 0x00, 0xCF, 0xFF, 0xFF, 0xFB, 0x00, 0x08, 0xFF,
    0x40, 0x09, 0xFF, 0x10, 0x0E, 0xF6, 0x00, 0x00, 0xCF, 0x70, 0x1F, 0xF1, 0x00, 0x00, 0x7F, 0xB0,
    0x2F, 0xF0, 0x00, 0x00, 0x5F, 0xC0, 0x1F, 0xF0, 0x00, 0x00, 0x6F, 0xB0, 0x0E, 0xF4, 0x00, 0x00,
    0xBF, 0x90, 0x09, 0xFD, 0x10, 0x05, 0xFF, 0x30, 0x01, 0xEF, 0xFC, 0xDF, 0xF9, 0x00, 0x00, 0x2B,
    0xFF, 0xFF, 0x80, 0x00, 0x00, 0x00, 0x13, 0x30, 0x00, 0x00, 0x00, 0x00, 0x00, 0x41, 0x01, 0x10,
    0x00, 0x00, 0x00, 0x00, 0x0D, 0xFF, 0x6C, 0xD0, 0x2C, 0x10, 0x00, 0x00, 0x5F, 0x7C, 0xFF, 0x60,
    0x8F, 0x70, 0x00, 0x00, 0x02, 0x01, 0x53, 0x00, 0x8F, 0x70, 0x00, 0x00, 0x4B, 0xEF, 0xFF, 0xFF,
    0xFF, 0x20, 0x00, 0x0A, 0xFF, 0xFF, 0xFF, 0xFF, 0x91, 0x00, 0x00, 0x9F, 0xF9, 0x30, 0x16, 0xEF,
    0xD0, 0x00, 0x03, 0xFF, 0x70, 0x00, 0x00, 0x1E, 0xF9, 0x00, 0x09, 0xFD, 0x00, 0x00, 0x00, 0x06,
    0xFF, 0x00, 0x0D, 0xF7, 0x00, 0x00, 0x00, 0x00, 0xFF, 0x40, 0x0F, 0xF4, 0x00, 0x00, 0x00, 0x00,
    0xDF, 0x60, 0x0F, 0xF3, 0x00, 0x00, 0x00, 0x00, 0xCF, 0x80, 0x0F, 0xF4, 0x00, 0x00, 0x00, 0x00,
    0xDF, 0x70, 0x0E, 0xF6, 0x00, 0x00, 0x00, 0x00, 0xFF, 0x50, 0x0A, 0xFB, 0x00, 0x00, 0x00, 0x04,
    0xFF, 0x10, 0x04, 0xFF, 0x40, 0x00, 0x00, 0x0D, 0xFC, 0x00, 0x00, 0xBF, 0xF6, 0x00, 0x02, 0xCF,
    0xF3, 0x00, 0x00, 0x1C, 0xFF, 0xFD, 0xEF, 0xFF, 0x60, 0x00, 0x00, 0x00, 0x8E, 0xFF, 0xFF, 0xB3,
    0x00, 0x00, 0x00, 0x00, 0x00, 0x23, 0x31, 0x00, 0x00, 0x00, 0x00, 0x03, 0x82, 0x04, 0x20, 0x00,
    0x00, 0x2F, 0xFF, 0x9F, 0x95, 0xB0, 0x00, 0x5E, 0x3B, 0xFE, 0x1C, 0xF2, 0x00, 0x00, 0x00, 0x20,
    0x0B, 0xF3, 0x00, 0x08, 0xEF, 0xFF, 0xFF, 0xD0, 0x00, 0xCF, 0xFF, 0xFF, 0xFB, 0x00, 0x08, 0xFF,
    0x40, 0x09, 0xFF, 0x10, 0x0E, 0xF6, 0x00, 0x00, 0xCF, 0x70, 0x1F, 0xF1, 0x00, 0x00, 0x7F, 0xB0,
    0x2F, 0xF0, 0x00, 0x00, 0x5F, 0xC0, 0x1F, 0xF0, 0x00, 0x00, 0x6F, 0xB0, 0x0E, 0xF4, 0x00, 0x00,
    0xBF, 0x90, 0x09, 0xFD, 0x10, 0x05, 0xFF, 0x30, 0x01, 0xEF, 0xFC, 0xDF, 0xF9, 0x00, 0x00, 0x2B,
    0xFF, 0xFF, 0x80, 0x00, 0x00, 0x00, 0x13, 0x30, 0x00, 0x00, 0x00, 0x00, 0x00, 0x00, 0x00, 0x00,
    0x00, 0x00, 0x00, 0x00, 0x00, 0x00, 0x00, 0x00, 0x2C, 0x10, 0x00, 0x00, 0x00, 0x00, 0x00, 0x00,
    0x8F, 0x70, 0x00, 0x00, 0x00, 0x00, 0x00, 0x00, 0x8F, 0x70, 0x00, 0x00, 0x4B, 0xEF, 0xFF, 0xFF,
    0xFF, 0x20, 0x00, 0x0A, 0xFF, 0xFF, 0xFF, 0xFF, 0x91, 0x00, 0x00, 0x9F, 0xF9, 0x30, 0x16, 0xEF,
    0xD0, 0x00, 0x03, 0xFF, 0x70, 0x00, 0x00, 0x1E, 0xF9, 0x00, 0x09, 0xFD, 0x00, 0x00, 0x00, 0x06,
    0xFF, 0x00, 0x0D, 0xF7, 0x00, 0x00, 0x00, 0x00, 0xFF, 0x40, 0x0F, 0xF4, 0x00, 0x00, 0x00, 0x00,
    0xDF, 0x60, 0x0F, 0xF3, 0x00, 0x00, 0x00, 0x00, 0xCF, 0x80, 0x0F, 0xF4, 0x00, 0x00, 0x00, 0x00,
    0xDF, 0x70, 0x0E, 0xF6, 0x00, 0x00, 0x00, 0x00, 0xFF, 0x50, 0x0A, 0xFB, 0x00, 0x00, 0x00, 0x04,
    0xFF, 0x10, 0x04, 0xFF, 0x40, 0x00, 0x00, 0x0D, 0xFC, 0x00, 0x00, 0xBF, 0xF6, 0x00, 0x02, 0xCF,
    0xF3, 0x00, 0x00, 0x1C, 0xFF, 0xFD, 0xEF, 0xFF, 0x60, 0x00, 0x00, 0x00, 0x8E, 0xFF, 0xFF, 0xB3,
    0x00, 0x00, 0x00, 0x00, 0x00, 0x23, 0x31, 0x00, 0x00, 0x00, 0x00, 0x00, 0x00, 0x19, 0x60, 0x00,
    0x00, 0x00, 0x00, 0x00, 0x00, 0x8F, 0xF1, 0x00, 0x00, 0x00, 0x00, 0x00, 0x00, 0x4F, 0xC0, 0x00,
    0x00, 0x00, 0x00, 0x00, 0x00, 0x00, 0x00, 0x00, 0x00, 0x00, 0x00, 0x00, 0x00, 0x00, 0x00, 0x00,
    0x00, 0x00, 0x00, 0x00, 0x05, 0xB0, 0x00, 0x00, 0x00, 0x00, 0x0C, 0xF2, 0x00, 0x00, 0x00, 0x00,
    0x0B, 0xF3, 0x00, 0x08, 0xEF, 0xFF, 0xFF, 0xD0, 0x00, 0xCF, 0xFF, 0xFF, 0xFB, 0x00, 0x08, 0xFF,
    0x40, 0x09, 0xFF, 0x10, 0x0E, 0xF6, 0x00, 0x00, 0xCF, 0x70, 0x1F, 0xF1, 0x00, 0x00, 0x7F, 0xB0,
    0x2F, 0xF0, 0x00, 0x00, 0x5F, 0xC0, 0x1F, 0xF0, 0x00, 0x00, 0x6F, 0xB0, 0x0E, 0xF4, 0x00, 0x00,
    0xBF, 0x90, 0x09, 0xFD, 0x10, 0x05, 0xFF, 0x30, 0x01, 0xEF, 0xFC, 0xDF, 0xF9, 0x00, 0x00, 0x2B,
    0xFF, 0xFF, 0x80, 0x00, 0x00, 0x00, 0x13, 0x30, 0x00, 0x00, 0x00, 0x00, 0x19, 0x60, 0x00, 0x00,
    0x00, 0x00, 0x7F, 0xF1, 0x00, 0x00, 0x00, 0x00, 0x4F, 0xC0, 0x00, 0x00, 0x00, 0x00, 0x00, 0x00,
    0x00, 0x00, 0x06, 0xC8, 0x00, 0x00, 0x00, 0x5C, 0x90, 0x08, 0xFB, 0x00, 0x00, 0x00, 0x7F, 0xC0,
    0x08, 0xFB, 0x00, 0x00, 0x00, 0x7F, 0xC0, 0x08, 0xFB, 0x00, 0x00, 0x00, 0x7F, 0xC0, 0x08, 0xFB,
    0x00, 0x00, 0x00, 0x7F, 0xC0, 0x08, 0xFB, 0x00, 0x00, 0x00, 0x7F, 0xC0, 0x08, 0xFB, 0x00, 0x00,
    0x00, 0x7F, 0xC0, 0x08, 0xFB, 0x00, 0x00, 0x00, 0x7F, 0xC0, 0x08, 0xFB, 0x00, 0x00, 0x00, 0x7F,
    0xC0, 0x08, 0xFB, 0x00, 0x00, 0x00, 0x8F, 0xB0, 0x06, 0xFD, 0x00, 0x00, 0x00, 0xAF, 0xA0, 0x03,
    0xFF, 0x30, 0x00, 0x01, 0xEF, 0x70, 0x00, 0xDF, 0xD2, 0x00, 0x1B, 0xFF, 0x10, 0x00, 0x2F, 0xFF,
    0xDD, 0xFF, 0xF5, 0x00, 0x00, 0x02, 0xBF, 0xFF, 0xFC, 0x40, 0x00, 0x00, 0x00, 0x01, 0x33, 0x10,
    0x00, 0x00, 0x00, 0x00, 0x00, 0x79, 0x00, 0x00, 0x00, 0x00, 0x00, 0x03, 0xFF, 0x60, 0x00, 0x00,
    0x00, 0x00, 0x01, 0xEF, 0x30, 0x00, 0x00, 0x00, 0x00, 0x00, 0x00, 0x00, 0x00, 0x00, 0x08, 0xC5,
    0x00, 0x00, 0x8C, 0x50, 0x0B, 0xF6, 0x00, 0x00, 0xAF, 0x70, 0x0B, 0xF6, 0x00, 0x00, 0xAF, 0x70,
    0x0B, 0xF6, 0x00, 0x00, 0xAF, 0x70, 0x0B, 0xF6, 0x00, 0x00, 0xAF, 0x70, 0x0B, 0xF6, 0x00, 0x00,
    0xAF, 0x70, 0x0B, 0xF6, 0x00, 0x00, 0xAF, 0x70, 0x0A, 0xF8, 0x00, 0x00, 0xDF, 0x70, 0x08, 0xFE,
    0x10, 0x06, 0xFF, 0x70, 0x02, 0xFF, 0xFB, 0xDF, 0xDF, 0x70, 0x00, 0x6F, 0xFF, 0xE5, 0xAF, 0x70,
    0x00, 0x00, 0x33, 0x00, 0x00, 0x00, 0x00, 0x00, 0x07, 0x90, 0x00, 0x00, 0x00, 0x00, 0x3F, 0xF6,
    0x00, 0x00, 0x00, 0x00, 0x1E, 0xF3, 0x00, 0x00, 0x00, 0x00, 0x00, 0x00, 0x00, 0x00, 0x00, 0x00,
    0x07, 0xBB, 0x60, 0x00, 0x00, 0x00, 0x00, 0x08, 0xAD, 0xF2, 0x00, 0x00, 0x00, 0x00, 0x00, 0x5E,
    0xE1, 0x00, 0x00, 0x00, 0x00, 0x00, 0x25, 0x00, 0x00, 0x00, 0x06, 0xC8, 0x00, 0x00, 0x00, 0x5C,
    0x90, 0x08, 0xFB, 0x00, 0x00, 0x00, 0x7F, 0xC0, 0x08, 0xFB, 0x00, 0x00, 0x00, 0x7F, 0xC0, 0x08,
    0xFB, 0x00, 0x00, 0x00, 0x7F, 0xC0, 0x08, 0xFB, 0x00, 0x00, 0x00, 0x7F, 0xC0, 0x08, 0xFB, 0x00,
    0x00, 0x00, 0x7F, 0xC0, 0x08, 0xFB, 0x00, 0x00, 0x00, 0x7F, 0xC0, 0x08, 0xFB, 0x00, 0x00, 0x00,
    0x7F, 0xC0, 0x08, 0xFB, 0x00, 0x00, 0x00, 0x7F, 0xC0, 0x08, 0xFB, 0x00, 0x00, 0x00, 0x8F, 0xB0,
    0x06, 0xFD, 0x00, 0x00, 0x00, 0xAF, 0xA0, 0x03, 0xFF, 0x30, 0x00, 0x01, 0xEF, 0x70, 0x00, 0xDF,
    0xD2, 0x00, 0x1B, 0xFF, 0x10, 0x00, 0x2F, 0xFF, 0xDD, 0xFF, 0xF5, 0x00, 0x00, 0x02, 0xBF, 0xFF,
    0xFC, 0x40, 0x00, 0x00, 0x00, 0x01, 0x33, 0x10, 0x00, 0x00, 0x00, 0x00, 0x47, 0x61, 0x00, 0x00,
    0x00, 0x00, 0xEF, 0xFD, 0x00, 0x00, 0x00, 0x00, 0x20, 0xCF, 0x00, 0x00, 0x00, 0x00, 0x0A, 0xF8,
    0x00, 0x00, 0x00, 0x00, 0x01, 0x10, 0x00, 0x00, 0x08, 0xC5, 0x00, 0x00, 0x8C, 0x50, 0x0B, 0xF6,
    0x00, 0x00, 0xAF, 0x70, 0x0B, 0xF6, 0x00, 0x00, 0xAF, 0x70, 0x0B, 0xF6, 0x00, 0x00, 0xAF, 0x70,
    0x0B, 0xF6, 0x00, 0x00, 0xAF, 0x70, 0x0B, 0xF6, 0x00, 0x00, 0xAF, 0x70, 0x0B, 0xF6, 0x00, 0x00,
    0xAF, 0x70, 0x0A, 0xF8, 0x00, 0x00, 0xDF, 0x70, 0x08, 0xFE, 0x10, 0x06, 0xFF, 0x70, 0x02, 0xFF,
    0xFB, 0xDF, 0xDF, 0x70, 0x00, 0x6F, 0xFF, 0xE5, 0xAF, 0x70, 0x00, 0x00, 0x33, 0x00, 0x00, 0x00,
    0x00, 0x00, 0x00, 0x01, 0x00, 0x00, 0x00, 0x00, 0x00, 0x00, 0x00, 0x0C, 0xA0, 0x00, 0x00, 0x00,
    0x00, 0x00, 0x00, 0x9F, 0xD2, 0x00, 0x0A, 0x50, 0x00, 0x00, 0x03, 0xFB, 0x10, 0x00, 0x3F, 0xC0,
    0x00, 0x00, 0x00, 0x40, 0x00, 0x00, 0x2F, 0xD0, 0x06, 0xC8, 0x00, 0x00, 0x00, 0x5F, 0xFF, 0x80,
    0x08, 0xFB, 0x00, 0x00, 0x00, 0x7F, 0xF6, 0x00, 0x08, 0xFB, 0x00, 0x00, 0x00, 0x7F, 0xC0, 0x00,
    0x08, 0xFB, 0x00, 0x00, 0x00, 0x7F, 0xC0, 0x00, 0x08, 0xFB, 0x00, 0x00, 0x00, 0x7F, 0xC0, 0x00,
    0x08, 0xFB, 0x00, 0x00, 0x00, 0x7F, 0xC0, 0x00, 0x08, 0xFB, 0x00, 0x00, 0x00, 0x7F, 0xC0, 0x00,
    0x08, 0xFB, 0x00, 0x00, 0x00, 0x7F, 0xC0, 0x00, 0x08, 0xFB, 0x00, 0x00, 0x00, 0x7F, 0xC0, 0x00,
    0x08, 0xFB, 0x00, 0x00, 0x00, 0x8F, 0xB0, 0x00, 0x06, 0xFD, 0x00, 0x00, 0x00, 0xAF, 0xA0, 0x00,
    0x03, 0xFF, 0x30, 0x00, 0x01, 0xEF, 0x70, 0x00, 0x00, 0xDF, 0xD2, 0x00, 0x1B, 0xFF, 0x10, 0x00,
    0x00, 0x2F, 0xFF, 0xDD, 0xFF, 0xF5, 0x00, 0x00, 0x00, 0x02, 0xBF, 0xFF, 0xFC, 0x40, 0x00, 0x00,
    0x00, 0x00, 0x01, 0x33, 0x10, 0x00, 0x00, 0x00, 0x00, 0x00, 0x00, 0x57, 0x00, 0x00, 0x00, 0x00,
    0x00, 0x01, 0xEF, 0x50, 0x00, 0x00, 0x00, 0x00, 0x0A, 0xF9, 0x00, 0x2C, 0x10, 0x00, 0x00, 0x1E,
    0x80, 0x00, 0x7F, 0x70, 0x00, 0x00, 0x00, 0x00, 0x00, 0x7F, 0x80, 0x08, 0xC5, 0x00, 0x00, 0x8F,
    0xFF, 0x30, 0x0B, 0xF6, 0x00, 0x00, 0xAF, 0xF4, 0x00, 0x0B, 0xF6, 0x00, 0x00, 0xAF, 0x70, 0x00,
    0x0B, 0xF6, 0x00, 0x00, 0xAF, 0x70, 0x00, 0x0B, 0xF6, 0x00, 0x00, 0xAF, 0x70, 0x00, 0x0B, 0xF6,
    0x00, 0x00, 0xAF, 0x70, 0x00, 0x0B, 0xF6, 0x00, 0x00, 0xAF, 0x70, 0x00, 0x0A, 0xF8, 0x00, 0x00,
    0xDF, 0x70, 0x00, 0x08, 0xFE, 0x10, 0x06, 0xFF, 0x70, 0x00, 0x02, 0xFF, 0xFB, 0xDF, 0xDF, 0x70,
    0x00, 0x00, 0x6F, 0xFF, 0xE5, 0xAF, 0x70, 0x00, 0x00, 0x00, 0x33, 0x00, 0x00, 0x00, 0x00, 0x00,
    0x00, 0x00, 0x10, 0x00, 0x00, 0x00, 0x00, 0x00, 0x00, 0x07, 0xE1, 0x00, 0x00, 0x00, 0x00, 0x00,
    0x00, 0x0C, 0xFC, 0x00, 0x00, 0x0A, 0x50, 0x00, 0x00, 0x00, 0x9F, 0x70, 0x00, 0x3F, 0xC0, 0x00,
    0x00, 0x00, 0x04, 0x00, 0x00, 0x2F, 0xD0, 0x06, 0xC8, 0x00, 0x00, 0x00, 0x5F, 0xFF, 0x80, 0x08,
    0xFB, 0x00, 0x00, 0x00, 0x7F, 0xF6, 0x00, 0x08, 0xFB, 0x00, 0x00, 0x00, 0x7F, 0xC0, 0x00, 0x08,
    0xFB, 0x00, 0x00, 0x00, 0x7F, 0xC0, 0x00, 0x08, 0xFB, 0x00, 0x00, 0x00, 0x7F, 0xC0, 0x00, 0x08,
    0xFB, 0x00, 0x00, 0x00, 0x7F, 0xC0, 0x00, 0x08, 0xFB, 0x00, 0x00, 0x00, 0x7F, 0xC0, 0x00, 0x08,
    0xFB, 0x00, 0x00, 0x00, 0x7F, 0xC0, 0x00, 0x08, 0xFB, 0x00, 0x00, 0x00, 0x7F, 0xC0, 0x00, 0x08,
    0xFB, 0x00, 0x00, 0x00, 0x8F, 0xB0, 0x00, 0x06, 0xFD, 0x00, 0x00, 0x00, 0xAF, 0xA0, 0x00, 0x03,
    0xFF, 0x30, 0x00, 0x01, 0xEF, 0x70, 0x00, 0x00, 0xDF, 0xD2, 0x00, 0x1B, 0xFF, 0x10, 0x00, 0x00,
    0x2F, 0xFF, 0xDD, 0xFF, 0xF5, 0x00, 0x00, 0x00, 0x02, 0xBF, 0xFF, 0xFC, 0x40, 0x00, 0x00, 0x00,
    0x00, 0x01, 0x33, 0x10, 0x00, 0x00, 0x00, 0x00, 0x00, 0x92, 0x00, 0x00, 0x00, 0x00, 0x00, 0x08,
    0xFD, 0x00, 0x00, 0x00, 0x00, 0x00, 0x00, 0xBF, 0x80, 0x00, 0x2C, 0x10, 0x00, 0x00, 0x0B, 0xC0,
    0x00, 0x7F, 0x70, 0x00, 0x00, 0x00, 0x00, 0x00, 0x7F, 0x80, 0x08, 0xC5, 0x00, 0x00, 0x8F, 0xFF,
    0x30, 0x0B, 0xF6, 0x00, 0x00, 0xAF, 0xF4, 0x00, 0x0B, 0xF6, 0x00, 0x00, 0xAF, 0x70, 0x00, 0x0B,
    0xF6, 0x00, 0x00, 0xAF, 0x70, 0x00, 0x0B, 0xF6, 0x00, 0x00, 0xAF, 0x70, 0x00, 0x0B, 0xF6, 0x00,
    0x00, 0xAF, 0x70, 0x00, 0x0B, 0xF6, 0x00, 0x00, 0xAF, 0x70, 0x00, 0x0A, 0xF8, 0x00, 0x00, 0xDF,
    0x70, 0x00, 0x08, 0xFE, 0x10, 0x06, 0xFF, 0x70, 0x00, 0x02, 0xFF, 0xFB, 0xDF, 0xDF, 0x70, 0x00,
    0x00, 0x6F, 0xFF, 0xE5, 0xAF, 0x70, 0x00, 0x00, 0x00, 0x33, 0x00, 0x00, 0x00, 0x00, 0x00, 0x00,
    0x07, 0xBB, 0x60, 0x00, 0x00, 0x00, 0x00, 0x00, 0x08, 0xAD, 0xF2, 0x00, 0x0A, 0x50, 0x00, 0x00,
    0x00, 0x5E, 0xE1, 0x00, 0x3F, 0xC0, 0x00, 0x00, 0x00, 0x25, 0x00, 0x00, 0x2F, 0xD0, 0x06, 0xC8,
    0x00, 0x00, 0x00, 0x5F, 0xFF, 0x80, 0x08, 0xFB, 0x00, 0x00, 0x00, 0x7F, 0xF6, 0x00, 0x08, 0xFB,
    0x00, 0x00, 0x00, 0x7F, 0xC0, 0x00, 0x08, 0xFB, 0x00, 0x00, 0x00, 0x7F, 0xC0, 0x00, 0x08, 0xFB,
    0x00, 0x00, 0x00, 0x7F, 0xC0, 0x00, 0x08, 0xFB, 0x00, 0x00, 0x00, 0x7F, 0xC0, 0x00, 0x08, 0xFB,
    0x00, 0x00, 0x00, 0x7F, 0xC0, 0x00, 0x08, 0xFB, 0x00, 0x00, 0x00, 0x7F, 0xC0, 0x00, 0x08, 0xFB,
    0x00, 0x00, 0x00, 0x7F, 0xC0, 0x00, 0x08, 0xFB, 0x00, 0x00, 0x00, 0x8F, 0xB0, 0x00, 0x06, 0xFD,
    0x00, 0x00, 0x00, 0xAF, 0xA0, 0x00, 0x03, 0xFF, 0x30, 0x00, 0x01, 0xEF, 0x70, 0x00, 0x00, 0xDF,
    0xD2, 0x00, 0x1B, 0xFF, 0x10, 0x00, 0x00, 0x2F, 0xFF, 0xDD, 0xFF, 0xF5, 0x00, 0x00, 0x00, 0x02,
    0xBF, 0xFF, 0xFC, 0x40, 0x00, 0x00, 0x00, 0x00, 0x01, 0x33, 0x10, 0x00, 0x00, 0x00, 0x00, 0x00,
    0x47, 0x61, 0x00, 0x00, 0x00, 0x00, 0x00, 0xEF, 0xFD, 0x00, 0x00, 0x00, 0x00, 0x00, 0x20, 0xCF,
    0x00, 0x2C, 0x10, 0x00, 0x00, 0x0A, 0xF8, 0x00, 0x7F, 0x70, 0x00, 0x00, 0x01, 0x10, 0x00, 0x7F,
    0x80, 0x08, 0xC5, 0x00, 0x00, 0x8F, 0xFF, 0x30, 0x0B, 0xF6, 0x00, 0x00, 0xAF, 0xF4, 0x00, 0x0B,
    0xF6, 0x00, 0x00, 0xAF, 0x70, 0x00, 0x0B, 0xF6, 0x00, 0x00, 0xAF, 0x70, 0x00, 0x0B, 0xF6, 0x00,
    0x00, 0xAF, 0x70, 0x00, 0x0B, 0xF6, 0x00, 0x00, 0xAF, 0x70, 0x00, 0x0B, 0xF6, 0x00, 0x00, 0xAF,
    0x70, 0x00, 0x0A, 0xF8, 0x00, 0x00, 0xDF, 0x70, 0x00, 0x08, 0xFE, 0x10, 0x06, 0xFF, 0x70, 0x00,
    0x02, 0xFF, 0xFB, 0xDF, 0xDF, 0x70, 0x00, 0x00, 0x6F, 0xFF, 0xE5, 0xAF, 0x70, 0x00, 0x00, 0x00,
    0x33, 0x00, 0x00, 0x00, 0x00, 0x00, 0x00, 0x04, 0x20, 0x03, 0x00, 0x00, 0x00, 0x00, 0x00, 0x8F,
    0xF9, 0x8F, 0x30, 0x0A, 0x50, 0x00, 0x00, 0xFA, 0x9F, 0xFC, 0x00, 0x3F, 0xC0, 0x00, 0x00, 0x20,
    0x03, 0x50, 0x00, 0x2F, 0xD0, 0x06, 0xC8, 0x00, 0x00, 0x00, 0x5F, 0xFF, 0x80, 0x08, 0xFB, 0x00,
    0x00, 0x00, 0x7F, 0xF6, 0x00, 0x08, 0xFB, 0x00, 0x00, 0x00, 0x7F, 0xC0, 0x00, 0x08, 0xFB, 0x00,
    0x00, 0x00, 0x7F, 0xC0, 0x00, 0x08, 0xFB, 0x00, 0x00, 0x00, 0x7F, 0xC0, 0x00, 0x08, 0xFB, 0x00,
    0x00, 0x00, 0x7F, 0xC0, 0x00, 0x08, 0xFB, 0x00, 0x00, 0x00, 0x7F, 0xC0, 0x00, 0x08, 0xFB, 0x00,
    0x00, 0x00, 0x7F, 0xC0, 0x00, 0x08, 0xFB, 0x00, 0x00, 0x00, 0x7F, 0xC0, 0x00, 0x08, 0xFB, 0x00,
    0x00, 0x00, 0x8F, 0xB0, 0x00, 0x06, 0xFD, 0x00, 0x00, 0x00, 0xAF, 0xA0, 0x00, 0x03, 0xFF, 0x30,
    0x00, 0x01, 0xEF, 0x70, 0x00, 0x00, 0xDF, 0xD2, 0x00, 0x1B, 0xFF, 0x10, 0x00, 0x00, 0x2F, 0xFF,
    0xDD, 0xFF, 0xF5, 0x00, 0x00, 0x00, 0x02, 0xBF, 0xFF, 0xFC, 0x40, 0x00, 0x00, 0x00, 0x00, 0x01,
    0x33, 0x10, 0x00, 0x00, 0x00, 0x00, 0x01, 0x75, 0x01, 0x60, 0x00, 0x00, 0x00, 0x0D, 0xFF, 0xBC,
    0xF1, 0x2C, 0x10, 0x00, 0x2E, 0x66, 0xFF, 0x70, 0x7F, 0x70, 0x00, 0x00, 0x00, 0x01, 0x00, 0x7F,
    0x80, 0x08, 0xC5, 0x00, 0x00, 0x8F, 0xFF, 0x30, 0x0B, 0xF6, 0x00, 0x00, 0xAF, 0xF4, 0x00, 0x0B,
    0xF6, 0x00, 0x00, 0xAF, 0x70, 0x00, 0x0B, 0xF6, 0x00, 0x00, 0xAF, 0x70, 0x00, 0x0B, 0xF6, 0x00,
    0x00, 0xAF, 0x70, 0x00, 0x0B, 0xF6, 0x00, 0x00, 0xAF, 0x70, 0x00, 0x0B, 0xF6, 0x00, 0x00, 0xAF,
    0x70, 0x00, 0x0A, 0xF8, 0x00, 0x00, 0xDF, 0x70, 0x00, 0x08, 0xFE, 0x10, 0x06, 0xFF, 0x70, 0x00,
    0x02, 0xFF, 0xFB, 0xDF, 0xDF, 0x70, 0x00, 0x00, 0x6F, 0xFF, 0xE5, 0xAF, 0x70, 0x00, 0x00, 0x00,
    0x33, 0x00, 0x00, 0x00, 0x00, 0x00, 0x00, 0x00, 0x00, 0x00, 0x00, 0x00, 0x00, 0x00, 0x00, 0x00,
    0x00, 0x00, 0x00, 0x0A, 0x50, 0x00, 0x00, 0x00, 0x00, 0x00, 0x00, 0x3F, 0xC0, 0x00, 0x00, 0x00,
    0x00, 0x00, 0x00, 0x2F, 0xD0, 0x06, 0xC8, 0x00, 0x00, 0x00, 0x5F, 0xFF, 0x80, 0x08, 0xFB, 0x00,
    0x00, 0x00, 0x7F, 0xF6, 0x00, 0x08, 0xFB, 0x00, 0x00, 0x00, 0x7F, 0xC0, 0x00, 0x08, 0xFB, 0x00,
    0x00, 0x00, 0x7F, 0xC0, 0x00, 0x08, 0xFB, 0x00, 0x00, 0x00, 0x7F, 0xC0, 0x00, 0x08, 0xFB, 0x00,
    0x00, 0x00, 0x7F, 0xC0, 0x00, 0x08, 0xFB, 0x00, 0x00, 0x00, 0x7F, 0xC0, 0x00, 0x08, 0xFB, 0x00,
    0x00, 0x00, 0x7F, 0xC0, 0x00, 0x08, 0xFB, 0x00, 0x00, 0x00, 0x7F, 0xC0, 0x00, 0x08, 0xFB, 0x00,
    0x00, 0x00, 0x8F, 0xB0, 0x00, 0x06, 0xFD, 0x00, 0x00, 0x00, 0xAF, 0xA0, 0x00, 0x03, 0xFF, 0x30,
    0x00, 0x01, 0xEF, 0x70, 0x00, 0x00, 0xDF, 0xD2, 0x00, 0x1B, 0xFF, 0x10, 0x00, 0x00, 0x2F, 0xFF,
    0xDD, 0xFF, 0xF5, 0x00, 0x00, 0x00, 0x02, 0xBF, 0xFF, 0xFC, 0x40, 0x00, 0x00, 0x00, 0x00, 0x01,
    0x33, 0x10, 0x00, 0x00, 0x00, 0x00, 0x00, 0x00, 0x00, 0x00, 0x00, 0x00, 0x00, 0x00, 0x00, 0x00,
    0x9A, 0x10, 0x00, 0x00, 0x00, 0x00, 0x00, 0x03, 0xFF, 0x60, 0x00, 0x00, 0x00, 0x00, 0x00, 0x00,
    0xCD, 0x20, 0x00, 0x00, 0x00, 0x00, 0x00, 0x00, 0x00, 0x00, 0x00, 0x00, 0x00, 0x00, 0x00, 0x00,
    0x00, 0x2C, 0x10, 0x00, 0x00, 0x00, 0x00, 0x00, 0x7F, 0x70, 0x00, 0x00, 0x00, 0x00, 0x00, 0x7F,
    0x80, 0x08, 0xC5, 0x00, 0x00, 0x8F, 0xFF, 0x30, 0x0B, 0xF6, 0x00, 0x00, 0xAF, 0xF4, 0x00, 0x0B,
    0xF6, 0x00, 0x00, 0xAF, 0x70, 0x00, 0x0B, 0xF6, 0x00, 0x00, 0xAF, 0x70, 0x00, 0x0B, 0xF6, 0x00,
    0x00, 0xAF, 0x70, 0x00, 0x0B, 0xF6, 0x00, 0x00, 0xAF, 0x70, 0x00, 0x0B, 0xF6, 0x00, 0x00, 0xAF,
    0x70, 0x00, 0x0A, 0xF8, 0x00, 0x00, 0xDF, 0x70, 0x00, 0x08, 0xFE, 0x10, 0x06, 0xFF, 0x70, 0x00,
    0x02, 0xFF, 0xFB, 0xDF, 0xDF, 0x70, 0x00, 0x00, 0x6F, 0xFF, 0xE5, 0xAF, 0x70, 0x00, 0x00, 0x00,
    0x33, 0x00, 0x00, 0x00, 0x00, 0x00, 0x00, 0x07, 0x90, 0x00, 0x00, 0x00, 0x00, 0x00, 0x3F, 0xF6,
    0x00, 0x00, 0x00, 0x00, 0x00, 0x1E, 0xF3, 0x00, 0x00, 0x00, 0x00, 0x00, 0x00, 0x00, 0x00, 0x00,
    0x00, 0x00, 0x00, 0x01, 0x00, 0x00, 0x00, 0x00, 0x00, 0x00, 0x3E, 0x50, 0x00, 0x00, 0x00, 0x00,
    0x00, 0x7F, 0xF3, 0x00, 0x00, 0x00, 0x00, 0x00, 0x04, 0xFC, 0x00, 0x00, 0x00, 0x00, 0x00, 0x00,
    0x21, 0x00, 0x00, 0x00, 0x8C, 0xB0, 0x00, 0x00, 0x00, 0xCC, 0x60, 0x2F, 0xF6, 0x00, 0x00, 0x08,
    0xFE, 0x10, 0x08, 0xFE, 0x00, 0x00, 0x1F, 0xF6, 0x00, 0x00, 0xEF, 0x70, 0x00, 0x9F, 0xD0, 0x00,
    0x00, 0x5F, 0xF1, 0x02, 0xFF, 0x40, 0x00, 0x00, 0x0C, 0xF9, 0x0A, 0xFA, 0x00, 0x00, 0x00, 0x03,
    0xFF, 0x5F, 0xF1, 0x00, 0x00, 0x00, 0x00, 0x9F, 0xFF, 0x70, 0x00, 0x00, 0x00, 0x00, 0x1F, 0xFE,
    0x00, 0x00, 0x00, 0x00, 0x00, 0x0A, 0xF8, 0x00, 0x00, 0x00, 0x00, 0x00, 0x0A, 0xF8, 0x00, 0x00,
    0x00, 0x00, 0x00, 0x0A, 0xF8, 0x00, 0x00, 0x00, 0x00, 0x00, 0x0A, 0xF8, 0x00, 0x00, 0x00, 0x00,
    0x00, 0x0A, 0xF8, 0x00, 0x00, 0x00, 0x00, 0x00, 0x0A, 0xF8, 0x00, 0x00, 0x00, 0x00, 0x00, 0x48,
    0x00, 0x00, 0x00, 0x00, 0x02, 0xFF, 0x30, 0x00, 0x00, 0x00, 0x00, 0x5F, 0xD0, 0x00, 0x00, 0x00,
    0x00, 0x05, 0xF3, 0x00, 0x00, 0x00, 0x00, 0x00, 0x00, 0x00, 0x00, 0x0B, 0xC6, 0x00, 0x00, 0x0A,
    0xC6, 0x08, 0xFC, 0x00, 0x00, 0x2F, 0xF2, 0x02, 0xFF, 0x20, 0x00, 0x8F, 0xC0, 0x00, 0xCF, 0x80,
    0x00, 0xDF, 0x60, 0x00, 0x6F, 0xD0, 0x03, 0xFF, 0x00, 0x00, 0x0F, 0xF3, 0x09, 0xF9, 0x00, 0x00,
    0x09, 0xF9, 0x0E, 0xF3, 0x00, 0x00, 0x03, 0xFE, 0x5F, 0xC0, 0x00, 0x00, 0x00, 0xDF, 0xEF, 0x60,
    0x00, 0x00, 0x00, 0x7F, 0xFF, 0x00, 0x00, 0x00, 0x00, 0x1F, 0xF9, 0x00, 0x00, 0x00, 0x00, 0x1F,
    0xF3, 0x00, 0x00, 0x00, 0x00, 0x7F, 0xC0, 0x00, 0x00, 0x00, 0x00, 0xDF, 0x60, 0x00, 0x00, 0x00,
    0x04, 0xFF, 0x00, 0x00, 0x00, 0x00, 0x01, 0x22, 0x00, 0x00, 0x00, 0x8C, 0xB0, 0x00, 0x00, 0x00,
    0xCC, 0x60, 0x2F, 0xF6, 0x00, 0x00, 0x08, 0xFE, 0x10, 0x08, 0xFE, 0x00, 0x00, 0x1F, 0xF6, 0x00,
    0x00, 0xEF, 0x70, 0x00, 0x9F, 0xD0, 0x00, 0x00, 0x5F, 0xF1, 0x02, 0xFF, 0x40, 0x00, 0x00, 0x0C,
    0xF9, 0x0A, 0xFA, 0x00, 0x00, 0x00, 0x03, 0xFF, 0x5F, 0xF1, 0x00, 0x00, 0x00, 0x00, 0x9F, 0xFF,
    0x70, 0x00, 0x00, 0x00, 0x00, 0x1F, 0xFE, 0x00, 0x00, 0x00, 0x00, 0x00, 0x0A, 0xF8, 0x00, 0x00,
    0x00, 0x00, 0x00, 0x0A, 0xF8, 0x00, 0x00, 0x00, 0x00, 0x00, 0x0A, 0xF8, 0x00, 0x00, 0x00, 0x00,
    0x00, 0x0A, 0xF8, 0x00, 0x00, 0x00, 0x00, 0x00, 0x0A, 0xF8, 0x00, 0x00, 0x00, 0x00, 0x00, 0x0A,
    0xF8, 0x00, 0x00, 0x00, 0x00, 0x00, 0x00, 0x00, 0x00, 0x00, 0x00, 0x00, 0x00, 0x00, 0x00, 0x00,
    0x00, 0x00, 0x00, 0x00, 0x05, 0xB4, 0x00, 0x00, 0x00, 0x00, 0x00, 0x0D, 0xFC, 0x00, 0x00, 0x00,
    0x00, 0x00, 0x08, 0xE6, 0x00, 0x00, 0x00, 0x0B, 0xC6, 0x00, 0x00, 0x0A, 0xC6, 0x08, 0xFC, 0x00,
    0x00, 0x2F, 0xF2, 0x02, 0xFF, 0x20, 0x00, 0x8F, 0xC0, 0x00, 0xCF, 0x80, 0x00, 0xDF, 0x60, 0x00,
    0x6F, 0xD0, 0x03, 0xFF, 0x00, 0x00, 0x0F, 0xF3, 0x09, 0xF9, 0x00, 0x00, 0x09, 0xF9, 0x0E, 0xF3,
    0x00, 0x00, 0x03, 0xFE, 0x5F, 0xC0, 0x00, 0x00, 0x00, 0xDF, 0xEF, 0x60, 0x00, 0x00, 0x00, 0x7F,
    0xFF, 0x00, 0x00, 0x00, 0x00, 0x1F, 0xF9, 0x00, 0x00, 0x00, 0x00, 0x1F, 0xF3, 0x00, 0x00, 0x00,
    0x00, 0x7F, 0xC0, 0x09, 0x70, 0x00, 0x00, 0xDF, 0x60, 0x6F, 0xF3, 0x00, 0x04, 0xFF, 0x00, 0x3F,
    0xD1, 0x00, 0x01, 0x22, 0x00, 0x00, 0x00, 0x00, 0x00, 0x3A, 0xC9, 0x10, 0x00, 0x00, 0x00, 0x00,
    0x4B, 0xBF, 0x80, 0x00, 0x00, 0x00, 0x00, 0x01, 0xDF, 0x50, 0x00, 0x00, 0x00, 0x00, 0x00, 0x62,
    0x00, 0x00, 0x00, 0x8C, 0xB0, 0x00, 0x00, 0x00, 0xCC, 0x60, 0x2F, 0xF6, 0x00, 0x00, 0x08, 0xFE,
    0x10, 0x08, 0xFE, 0x00, 0x00, 0x1F, 0xF6, 0x00, 0x00, 0xEF, 0x70, 0x00, 0x9F, 0xD0, 0x00, 0x00,
    0x5F, 0xF1, 0x02, 0xFF, 0x40, 0x00, 0x00, 0x0C, 0xF9, 0x0A, 0xFA, 0x00, 0x00, 0x00, 0x03, 0xFF,
    0x5F, 0xF1, 0x00, 0x00, 0x00, 0x00, 0x9F, 0xFF, 0x70, 0x00, 0x00, 0x00, 0x00, 0x1F, 0xFE, 0x00,
    0x00, 0x00, 0x00, 0x00, 0x0A, 0xF8, 0x00, 0x00, 0x00, 0x00, 0x00, 0x0A, 0xF8, 0x00, 0x00, 0x00,
    0x00, 0x00, 0x0A, 0xF8, 0x00, 0x00, 0x00, 0x00, 0x00, 0x0A, 0xF8, 0x00, 0x00, 0x00, 0x00, 0x00,
    0x0A, 0xF8, 0x00, 0x00, 0x00, 0x00, 0x00, 0x0A, 0xF8, 0x00, 0x00, 0x00, 0x00, 0x00, 0x26, 0x73,
    0x00, 0x00, 0x00, 0x00, 0x8F, 0xFF, 0x30, 0x00, 0x00, 0x00, 0x11, 0x7F, 0x60, 0x00, 0x00, 0x00,
    0x04, 0xFD, 0x10, 0x00, 0x00, 0x00, 0x00, 0x20, 0x00, 0x00, 0x0B, 0xC6, 0x00, 0x00, 0x0A, 0xC6,
    0x08, 0xFC, 0x00, 0x00, 0x2F, 0xF2, 0x02, 0xFF, 0x20, 0x00, 0x8F, 0xC0, 0x00, 0xCF, 0x80, 0x00,
    0xDF, 0x60, 0x00, 0x6F, 0xD0, 0x03, 0xFF, 0x00, 0x00, 0x0F, 0xF3, 0x09, 0xF9, 0x00, 0x00, 0x09,
    0xF9, 0x0E, 0xF3, 0x00, 0x00, 0x03, 0xFE, 0x5F, 0xC0, 0x00, 0x00, 0x00, 0xDF, 0xEF, 0x60, 0x00,
    0x00, 0x00, 0x7F, 0xFF, 0x00, 0x00, 0x00, 0x00, 0x1F, 0xF9, 0x00, 0x00, 0x00, 0x00, 0x1F, 0xF3,
    0x00, 0x00, 0x00, 0x00, 0x7F, 0xC0, 0x00, 0x00, 0x00, 0x00, 0xDF, 0x60, 0x00, 0x00, 0x00, 0x04,
    0xFF, 0x00, 0x00, 0x00, 0x00, 0x01, 0x22, 0x00, 0x00, 0x00, 0x00, 0x00, 0x24, 0x00, 0x20, 0x00,
    0x00, 0x00, 0x03, 0xFF, 0xC6, 0xF8, 0x00, 0x00, 0x00, 0x0A, 0xE7, 0xEF, 0xF2, 0x00, 0x00, 0x00,
    0x00, 0x20, 0x15, 0x20, 0x00, 0x00, 0x8C, 0xB0, 0x00, 0x00, 0x00, 0xCC, 0x60, 0x2F, 0xF6, 0x00,
    0x00, 0x08, 0xFE, 0x10, 0x08, 0xFE, 0x00, 0x00, 0x1F, 0xF6, 0x00, 0x00, 0xEF, 0x70, 0x00, 0x9F,
    0xD0, 0x00, 0x00, 0x5F, 0xF1, 0x02, 0xFF, 0x40, 0x00, 0x00, 0x0C, 0xF9, 0x0A, 0xFA, 0x00, 0x00,
    0x00, 0x03, 0xFF, 0x5F, 0xF1, 0x00, 0x00, 0x00, 0x00, 0x9F, 0xFF, 0x70, 0x00, 0x00, 0x00, 0x00,
    0x1F, 0xFE, 0x00, 0x00, 0x00, 0x00, 0x00, 0x0A, 0xF8, 0x00, 0x00, 0x00, 0x00, 0x00, 0x0A, 0xF8,
    0x00, 0x00, 0x00, 0x00, 0x00, 0x0A, 0xF8, 0x00, 0x00, 0x00, 0x00, 0x00, 0x0A, 0xF8, 0x00, 0x00,
    0x00, 0x00, 0x00, 0x0A, 0xF8, 0x00, 0x00, 0x00, 0x00, 0x00, 0x0A, 0xF8, 0x00, 0x00, 0x00, 0x00,
    0x00, 0x67, 0x10, 0x61, 0x00, 0x00, 0x07, 0xFF, 0xE9, 0xF7, 0x00, 0x00, 0x0A, 0xB3, 0xCF, 0xD0,
    0x00, 0x00, 0x00, 0x00, 0x01, 0x00, 0x00, 0x0B, 0xC6, 0x00, 0x00, 0x0A, 0xC6, 0x08, 0xFC, 0x00,
    0x00, 0x2F, 0xF2, 0x02, 0xFF, 0x20, 0x00, 0x8F, 0xC0, 0x00, 0xCF, 0x80, 0x00, 0xDF, 0x60, 0x00,
    0x6F, 0xD0, 0x03, 0xFF, 0x00, 0x00, 0x0F, 0xF3, 0x09, 0xF9, 0x00, 0x00, 0x09, 0xF9, 0x0E, 0xF3,
    0x00, 0x00, 0x03, 0xFE, 0x5F, 0xC0, 0x00, 0x00, 0x00, 0xDF, 0xEF, 0x60, 0x00, 0x00, 0x00, 0x7F,
    0xFF, 0x00, 0x00, 0x00, 0x00, 0x1F, 0xF9, 0x00, 0x00, 0x00, 0x00, 0x1F, 0xF3, 0x00, 0x00, 0x00,
    0x00, 0x7F, 0xC0, 0x00, 0x00, 0x00, 0x00, 0xDF, 0x60, 0x00, 0x00, 0x00, 0x04, 0xFF, 0x00, 0x00,
    0x00, 0x00, 0x01, 0x22, 0x00, 0x00, 0x00, 0x00, 0x69, 0x20, 0x00, 0x19, 0x80, 0x00, 0x05, 0xA3,
    0x00, 0x01, 0xFF, 0xC0, 0x00, 0x8F, 0xF4, 0x00, 0x0F, 0xFD, 0x00, 0x00, 0xEF, 0x90, 0x00, 0x6F,
    0xF2, 0x00, 0x0D, 0xFB, 0x00, 0x00, 0x13, 0x00, 0x00, 0x03, 0x20, 0x00, 0x01, 0x30, 0x00,
};

const kiosk_glyph_t kiosk_ui_20_glyphs[] = {
    { 32, 6, 0, 0, 21, 6, 0 },
    { 33, 6, 16, 0, 6, 6, 0 },
    { 34, 7, 17, 0, 4, 7, 48 },
    { 35, 14, 15, 0, 6, 14, 116 },
    { 36, 12, 19, 0, 4, 12, 221 },
    { 37, 17, 15, 0, 6, 17, 335 },
    { 38, 15, 17, 0, 5, 14, 470 },
    { 39, 4, 17, 0, 4, 4, 606 },
    { 40, 7, 19, 0, 4, 7, 640 },
    { 41, 7, 19, 0, 4, 7, 716 },
    { 42, 9, 15, 0, 6, 9, 792 },
    { 43, 12, 13, 0, 8, 12, 867 },
    { 44, 6, 6, 0, 18, 6, 945 },
    { 45, 9, 9, 0, 12, 9, 963 },
    { 46, 6, 4, 0, 18, 6, 1008 },
    { 47, 8, 15, 0, 6, 8, 1020 },
    { 48, 13, 17, 0, 5, 13, 1080 },
    { 49, 9, 15, 0, 6, 9, 1199 },
    { 50, 12, 16, 0, 5, 12, 1274 },
    { 51, 12, 16, 0, 6, 12, 1370 },
    { 52, 12, 15, 0, 6, 12, 1466 },
    { 53, 12, 16, 0, 6, 12, 1556 },
    { 54, 12, 16, 0, 6, 12, 1652 },
    { 55, 11, 15, 0, 6, 11, 1748 },
    { 56, 13, 17, 0, 5, 13, 1838 },
    { 57, 12, 16, 0, 5, 12, 1957 },
    { 58, 6, 12, 0, 10, 6, 2053 },
    { 59, 6, 15, 0, 9, 6, 2089 },
    { 60, 12, 14, 0, 7, 12, 2134 },
    { 61, 12, 11, 0, 10, 12, 2218 },
    { 62, 12, 14, 0, 7, 12, 2284 },
    { 63, 10, 17, 0, 5, 10, 2368 },
    { 64, 17, 17, 0, 5, 17, 2453 },
    { 65, 14, 15, 0, 6, 14, 2606 },
    { 66, 13, 15, 0, 6, 13, 2711 },
    { 67, 14, 17, 0, 5, 14, 2816 },
    { 68, 15, 15, 0, 6, 15, 2935 },
    { 69, 12, 15, 0, 6, 12, 3055 },
    { 70, 11, 15, 0, 6, 11, 3145 },
    { 71, 15, 17, 0, 5, 15, 3235 },
    { 72, 15, 15, 0, 6, 15, 3371 },
    { 73, 5, 15, 0, 6, 5, 3491 },
    { 74, 10, 16, 0, 6, 10, 3536 },
    { 75, 14, 15, 0, 6, 13, 3616 },
    { 76, 12, 15, 0, 6, 11, 3721 },
    { 77, 18, 15, 0, 6, 18, 3811 },
    { 78, 15, 15, 0, 6, 15, 3946 },
    { 79, 15, 17, 0, 5, 15, 4066 },
    { 80, 13, 15, 0, 6, 13, 4202 },
    { 81, 16, 18, 0, 5, 16, 4307 },
    { 82, 13, 15, 0, 6, 13, 4451 },
    { 83, 12, 17, 0, 5, 12, 4556 },
    { 84, 12, 15, 0, 6, 12, 4658 },
    { 85, 14, 16, 0, 6, 14, 4748 },
    { 86, 14, 15, 0, 6, 14, 4860 },
    { 87, 20, 15, 0, 6, 20, 4965 },
    { 88, 14, 15, 0, 6, 13, 5115 },
    { 89, 13, 15, 0, 6, 13, 5220 },
    { 90, 12, 15, 0, 6, 12, 5325 },
    { 91, 7, 19, 0, 4, 7, 5415 },
    { 92, 7, 15, 0, 6, 7, 5491 },
    { 93, 7, 19, 0, 4, 7, 5551 },
    { 94, 9, 17, 0, 4, 9, 5627 },
    { 95, 10, 4, 0, 21, 9, 5712 },
    { 96, 6, 16, 0, 5, 6, 5732 },
    { 97, 11, 13, 0, 9, 11, 5780 },
    { 98, 12, 16, 0, 6, 12, 5858 },
    { 99, 11, 13, 0, 9, 11, 5954 },
    { 100, 12, 16, 0, 6, 12, 6032 },
    { 101, 11, 13, 0, 9, 11, 6128 },
    { 102, 7, 16, 0, 5, 7, 6206 },
    { 103, 12, 17, 0, 9, 12, 6270 },
    { 104, 12, 15, 0, 6, 12, 6372 },
    { 105, 5, 16, 0, 5, 5, 6462 },
    { 106, 7, 21, -2, 5, 5, 6510 },
    { 107, 11, 15, 0, 6, 11, 6594 },
    { 108, 5, 16, 0, 6, 5, 6684 },
    { 109, 18, 12, 0, 9, 18, 6732 },
    { 110, 12, 12, 0, 9, 12, 6840 },
    { 111, 12, 13, 0, 9, 12, 6912 },
    { 112, 12, 17, 0, 9, 12, 6990 },
    { 113, 12, 17, 0, 9, 12, 7092 },
    { 114, 8, 12, 0, 9, 8, 7194 },
    { 115, 10, 13, 0, 9, 10, 7242 },
    { 116, 8, 15, 0, 7, 8, 7307 },
    { 117, 12, 12, 0, 10, 12, 7367 },
    { 118, 12, 11, -1, 10, 10, 7439 },
    { 119, 18, 11, -1, 10, 16, 7505 },
    { 120, 11, 11, 0, 10, 10, 7604 },
    { 121, 12, 16, -1, 10, 11, 7670 },
    { 122, 10, 11, 0, 10, 10, 7766 },
    { 123, 7, 19, 0, 4, 7, 7821 },
    { 124, 5, 19, 0, 4, 5, 7897 },
    { 125, 7, 19, 0, 4, 7, 7954 },
    { 126, 11, 10, 0, 11, 11, 8030 },
    { 176, 8, 16, 0, 5, 8, 8090 },
    { 183, 10, 10, 0, 11, 10, 8154 },
    { 192, 14, 20, 0, 1, 14, 8204 },
    { 193, 14, 20, 0, 1, 14, 8344 },
    { 194, 14, 19, 0, 2, 14, 8484 },
    { 195, 14, 19, 0, 2, 14, 8617 },
    { 200, 12, 20, 0, 1, 12, 8750 },
    { 201, 12, 20, 0, 1, 12, 8870 },
    { 202, 12, 19, 0, 2, 12, 8990 },
    { 204, 5, 20, 0, 1, 5, 9104 },
    { 205, 5, 20, 0, 1, 5, 9164 },
    { 210, 15, 21, 0, 1, 15, 9224 },
    { 211, 15, 21, 0, 1, 15, 9392 },
    { 212, 15, 20, 0, 2, 15, 9560 },
    { 213, 15, 20, 0, 2, 15, 9720 },
    { 217, 14, 21, 0, 1, 14, 9880 },
    { 218, 14, 21, 0, 1, 14, 10027 },
    { 221, 13, 20, 0, 1, 13, 10174 },
    { 224, 11, 17, 0, 5, 11, 10314 },
    { 225, 11, 17, 0, 5, 11, 10416 },
    { 226, 11, 17, 0, 5, 11, 10518 },
    { 227, 11, 16, 0, 6, 11, 10620 },
    { 232, 11, 17, 0, 5, 11, 10716 },
    { 233, 11, 17, 0, 5, 11, 10818 },
    { 234, 11, 17, 0, 5, 11, 10920 },
    { 236, 6, 16, -1, 5, 5, 11022 },
    { 237, 6, 16, 0, 5, 5, 11070 },
    { 242, 12, 17, 0, 5, 12, 11118 },
    { 243, 12, 17, 0, 5, 12, 11220 },
    { 244, 12, 17, 0, 5, 12, 11322 },
    { 245, 12, 16, 0, 6, 12, 11424 },
    { 249, 12, 17, 0, 5, 12, 11520 },
    { 250, 12, 17, 0, 5, 12, 11622 },
    { 253, 12, 21, -1, 5, 11, 11724 },
    { 258, 14, 19, 0, 2, 14, 11850 },
    { 259, 11, 17, 0, 5, 11, 11983 },
    { 272, 16, 15, 0, 6, 16, 12085 },
    { 273, 13, 16, 0, 6, 12, 12205 },
    { 296, 7, 19, -1, 2, 5, 12317 },
    { 297, 7, 15, -1, 6, 5, 12393 },
    { 360, 14, 20, 0, 2, 14, 12453 },
    { 361, 12, 16, 0, 6, 12, 12593 },
    { 416, 16, 20, 0, 2, 16, 12689 },
    { 417, 12, 16, 0, 6, 12, 12849 },
    { 431, 15, 20, 0, 2, 15, 12945 },
    { 432, 13, 16, 0, 6, 12, 13105 },
    { 7840, 14, 20, 0, 6, 14, 13217 },
    { 7841, 11, 17, 0, 9, 11, 13357 },
    { 7842, 14, 19, 0, 2, 14, 13459 },
    { 7843, 11, 17, 0, 5, 11, 13592 },
    { 7844, 14, 22, 0, -1, 14, 13694 },
    { 7845, 11, 20, 0, 2, 11, 13848 },
    { 7846, 14, 22, 0, -1, 14, 13968 },
    { 7847, 11, 20, 0, 2, 11, 14122 },
    { 7848, 14, 22, 0, -1, 14, 14242 },
    { 7849, 11, 20, 0, 2, 11, 14396 },
    { 7850, 14, 22, 0, -1, 14, 14516 },
    { 7851, 11, 20, 0, 2, 11, 14670 },
    { 7852, 14, 24, 0, 2, 14, 14790 },
    { 7853, 11, 21, 0, 5, 11, 14958 },
    { 7854, 14, 22, 0, -1, 14, 15084 },
    { 7855, 11, 21, 0, 1, 11, 15238 },
    { 7856, 14, 22, 0, -1, 14, 15364 },
    { 7857, 11, 21, 0, 1, 11, 15518 },
    { 7858, 14, 22, 0, -1, 14, 15644 },
    { 7859, 11, 21, 0, 1, 11, 15798 },
    { 7860, 14, 22, 0, -1, 14, 15924 },
    { 7861, 11, 20, 0, 2, 11, 16078 },
    { 7862, 14, 24, 0, 2, 14, 16198 },
    { 7863, 11, 21, 0, 5, 11, 16366 },
    { 7864, 12, 20, 0, 6, 12, 16492 },
    { 7865, 11, 17, 0, 9, 11, 16612 },
    { 7866, 12, 19, 0, 2, 12, 16714 },
    { 7867, 11, 17, 0, 5, 11, 16828 },
    { 7868, 12, 19, 0, 2, 12, 16930 },
    { 7869, 11, 16, 0, 6, 11, 17044 },
    { 7870, 12, 22, 0, -1, 12, 17140 },
    { 7871, 12, 20, 0, 2, 11, 17272 },
    { 7872, 12, 22, 0, -1, 12, 17392 },
    { 7873, 11, 20, 0, 2, 11, 17524 },
    { 7874, 12, 22, 0, -1, 12, 17644 },
    { 7875, 11, 20, 0, 2, 11, 17776 },
    { 7876, 12, 22, 0, -1, 12, 17896 },
    { 7877, 11, 20, 0, 2, 11, 18028 },
    { 7878, 12, 24, 0, 2, 12, 18148 },
    { 7879, 11, 21, 0, 5, 11, 18292 },
    { 7880, 5, 19, 0, 2, 5, 18418 },
    { 7881, 5, 16, 0, 5, 5, 18475 },
    { 7882, 5, 20, 0, 6, 5, 18523 },
    { 7883, 5, 21, 0, 5, 5, 18583 },
    { 7884, 15, 21, 0, 5, 15, 18646 },
    { 7885, 12, 17, 0, 9, 12, 18814 },
    { 7886, 15, 20, 0, 2, 15, 18916 },
    { 7887, 12, 17, 0, 5, 12, 19076 },
    { 7888, 15, 23, 0, -1, 15, 19178 },
    { 7889, 12, 20, 0, 2, 12, 19362 },
    { 7890, 15, 23, 0, -1, 15, 19482 },
    { 7891, 12, 20, 0, 2, 12, 19666 },
    { 7892, 15, 23, 0, -1, 15, 19786 },
    { 7893, 12, 20, 0, 2, 12, 19970 },
    { 7894, 15, 23, 0, -1, 15, 20090 },
    { 7895, 12, 20, 0, 2, 12, 20274 },
    { 7896, 15, 24, 0, 2, 15, 20394 },
    { 7897, 12, 21, 0, 5, 12, 20586 },
    { 7898, 16, 21, 0, 1, 16, 20712 },
    { 7899, 12, 17, 0, 5, 12, 20880 },
    { 7900, 16, 21, 0, 1, 16, 20982 },
    { 7901, 12, 17, 0, 5, 12, 21150 },
    { 7902, 16, 20, 0, 2, 16, 21252 },
    { 7903, 12, 17, 0, 5, 12, 21412 },
    { 7904, 16, 20, 0, 2, 16, 21514 },
    { 7905, 12, 16, 0, 6, 12, 21674 },
    { 7906, 16, 24, 0, 2, 16, 21770 },
    { 7907, 12, 20, 0, 6, 12, 21962 },
    { 7908, 14, 20, 0, 6, 14, 22082 },
    { 7909, 12, 16, 0, 10, 12, 22222 },
    { 7910, 14, 20, 0, 2, 14, 22318 },
    { 7911, 12, 17, 0, 5, 12, 22458 },
    { 7912, 15, 21, 0, 1, 15, 22560 },
    { 7913, 13, 17, 0, 5, 12, 22728 },
    { 7914, 15, 21, 0, 1, 15, 22847 },
    { 7915, 13, 17, 0, 5, 12, 23015 },
    { 7916, 15, 20, 0, 2, 15, 23134 },
    { 7917, 13, 17, 0, 5, 12, 23294 },
    { 7918, 15, 20, 0, 2, 15, 23413 },
    { 7919, 13, 16, 0, 6, 12, 23573 },
    { 7920, 15, 24, 0, 2, 15, 23685 },
    { 7921, 13, 20, 0, 6, 12, 23877 },
    { 7922, 13, 20, 0, 1, 13, 24017 },
    { 7923, 12, 21, -1, 5, 11, 24157 },
    { 7924, 13, 20, 0, 6, 13, 24283 },
    { 7925, 12, 16, -1, 10, 11, 24423 },
    { 7926, 13, 19, 0, 2, 13, 24519 },
    { 7927, 12, 21, -1, 5, 11, 24652 },
    { 7928, 13, 19, 0, 2, 13, 24778 },
    { 7929, 12, 20, -1, 6, 11, 24911 },
    { 8230, 20, 4, 0, 18, 20, 25031 },
};
