// GENERATED FILE - DO NOT EDIT.
// Source: firmware/assets/fonts/gen_font.py
// Regenerate: ml/.venv/bin/python firmware/assets/fonts/gen_font.py

#include "kiosk_ui_28.h"

const uint8_t kiosk_ui_28_line_h = 38;
const uint8_t kiosk_ui_28_ascent = 30;
const uint16_t kiosk_ui_28_count = 232;

const uint8_t kiosk_ui_28_bitmap[] = {
    0x02, 0xBB, 0xBB, 0xB4, 0x00, 0x02, 0xFF, 0xFF, 0xF5, 0x00, 0x01, 0xFF, 0xFF, 0xF4, 0x00, 0x00,
    0xFF, 0xFF, 0xF3, 0x00, 0x00, 0xFF, 0xFF, 0xF2, 0x00, 0x00, 0xFF, 0xFF, 0xF1, 0x00, 0x00, 0xEF,
    0xFF, 0xF1, 0x00, 0x00, 0xDF, 0xFF, 0xF0, 0x00, 0x00, 0xCF, 0xFF, 0xF0, 0x00, 0x00, 0xBF, 0xFF,
    0xE0, 0x00, 0x00, 0xBF, 0xFF, 0xD0, 0x00, 0x00, 0xAF, 0xFF, 0xD0, 0x00, 0x00, 0x9F, 0xFF, 0xC0,
    0x00, 0x00, 0x8F, 0xFF, 0xB0, 0x00, 0x00, 0x12, 0x22, 0x10, 0x00, 0x00, 0x02, 0x53, 0x00, 0x00,
    0x00, 0x7F, 0xFF, 0xA0, 0x00, 0x01, 0xFF, 0xFF, 0xF4, 0x00, 0x04, 0xFF, 0xFF, 0xF6, 0x00, 0x01,
    0xFF, 0xFF, 0xF4, 0x00, 0x00, 0x7F, 0xFF, 0x90, 0x00, 0x00, 0x02, 0x52, 0x00, 0x00, 0x0C, 0xFF,
    0xFB, 0x5F, 0xFF, 0xF3, 0x0B, 0xFF, 0xFA, 0x3F, 0xFF, 0xF2, 0x09, 0xFF, 0xF8, 0x1F, 0xFF, 0xF0,
    0x08, 0xFF, 0xF6, 0x0F, 0xFF, 0xE0, 0x06, 0xFF, 0xF4, 0x0E, 0xFF, 0xC0, 0x04, 0xFF, 0xF2, 0x0C,
    0xFF, 0xA0, 0x02, 0xFF, 0xF0, 0x0A, 0xFF, 0x80, 0x00, 0xFF, 0xE0, 0x08, 0xFF, 0x60, 0x00, 0xCE,
    0xB0, 0x06, 0xEE, 0x40, 0x00, 0x00, 0x00, 0x00, 0x00, 0x00, 0x00, 0x00, 0x00, 0x00, 0x00, 0x00,
    0x00, 0x00, 0x00, 0x00, 0x00, 0x00, 0x00, 0x00, 0x00, 0x00, 0x00, 0x00, 0x00, 0x00, 0x00, 0x00,
    0x00, 0x00, 0x00, 0x00, 0x00, 0x00, 0x00, 0x00, 0x00, 0x00, 0x00, 0x00, 0x00, 0x00, 0x00, 0x00,
    0x00, 0x00, 0x00, 0x00, 0x00, 0x00, 0x00, 0x00, 0x00, 0x00, 0x00, 0x00, 0x00, 0x00, 0x00, 0x00,
    0x00, 0x00, 0x00, 0x00, 0x00, 0x00, 0x00, 0x00, 0x00, 0x00, 0x00, 0x00, 0x00, 0x00, 0x00, 0x00,
    0x00, 0x00, 0x00, 0x00, 0x00, 0x00, 0x00, 0x00, 0x00, 0x00, 0x00, 0x00, 0x00, 0x00, 0x00, 0x00,
    0x00, 0x0B, 0xBB, 0x70, 0x06, 0xBB, 0xB1, 0x00, 0x00, 0x00, 0x00, 0x3F, 0xFF, 0x70, 0x0B, 0xFF,
    0xE0, 0x00, 0x00, 0x00, 0x00, 0x6F, 0xFF, 0x40, 0x0E, 0xFF, 0xB0, 0x00, 0x00, 0x00, 0x00, 0x9F,
    0xFF, 0x10, 0x2F, 0xFF, 0x80, 0x00, 0x00, 0x00, 0x00, 0xCF, 0xFE, 0x00, 0x5F, 0xFF, 0x50, 0x00,
    0x00, 0x44, 0x44, 0xFF, 0xFF, 0x44, 0xCF, 0xFF, 0x64, 0x40, 0x01, 0xFF, 0xFF, 0xFF, 0xFF, 0xFF,
    0xFF, 0xFF, 0xFF, 0xF0, 0x01, 0xFF, 0xFF, 0xFF, 0xFF, 0xFF, 0xFF, 0xFF, 0xFF, 0xF0, 0x01, 0xFF,
    0xFF, 0xFF, 0xFF, 0xFF, 0xFF, 0xFF, 0xFF, 0xF0, 0x00, 0x00, 0x0D, 0xFF, 0xF0, 0x05, 0xFF, 0xF6,
    0x00, 0x00, 0x00, 0x00, 0x0F, 0xFF, 0xB0, 0x08, 0xFF, 0xF2, 0x00, 0x00, 0x00, 0x00, 0x2F, 0xFF,
    0x80, 0x0B, 0xFF, 0xF0, 0x00, 0x00, 0x0B, 0xCC, 0xFF, 0xFF, 0xFC, 0xCF, 0xFF, 0xFC, 0xCC, 0x20,
    0x0E, 0xFF, 0xFF, 0xFF, 0xFF, 0xFF, 0xFF, 0xFF, 0xFF, 0x30, 0x0E, 0xFF, 0xFF, 0xFF, 0xFF, 0xFF,
    0xFF, 0xFF, 0xFF, 0x30, 0x08, 0x99, 0xFF, 0xFF, 0x99, 0xFF, 0xFF, 0xB9, 0x99, 0x10, 0x00, 0x02,
    0xFF, 0xF8, 0x00, 0xAF, 0xFF, 0x00, 0x00, 0x00, 0x00, 0x05, 0xFF, 0xF5, 0x00, 0xEF, 0xFC, 0x00,
    0x00, 0x00, 0x00, 0x08, 0xFF, 0xF2, 0x01, 0xFF, 0xF9, 0x00, 0x00, 0x00, 0x00, 0x0B, 0xFF, 0xE0,
    0x04, 0xFF, 0xF6, 0x00, 0x00, 0x00, 0x00, 0x0E, 0xFF, 0xB0, 0x07, 0xFF, 0xF3, 0x00, 0x00, 0x00,
    0x00, 0x00, 0x00, 0x23, 0x33, 0x20, 0x00, 0x00, 0x00, 0x00, 0x00, 0x00, 0xBF, 0xFF, 0xA0, 0x00,
    0x00, 0x00, 0x00, 0x00, 0x00, 0xBF, 0xFF, 0xA0, 0x00, 0x00, 0x00, 0x00, 0x00, 0x28, 0xFF, 0xFF,
    0xF9, 0x30, 0x00, 0x00, 0x00, 0x07, 0xFF, 0xFF, 0xFF, 0xFF, 0xF8, 0x00, 0x00, 0x00, 0x9F, 0xFF,
    0xFF, 0xFF, 0xFF, 0xFF, 0xA0, 0x00, 0x05, 0xFF, 0xFF, 0xFF, 0xFF, 0xFF, 0xFF, 0xF6, 0x00, 0x0C,
    0xFF, 0xFF, 0xFF, 0xFF, 0xFF, 0xFF, 0xFC, 0x00, 0x0F, 0xFF, 0xF7, 0x7F, 0xFF, 0x79, 0xFF, 0x90,
    0x00, 0x0F, 0xFF, 0xF4, 0x7F, 0xFF, 0x60, 0xA4, 0x00, 0x00, 0x0E, 0xFF, 0xFD, 0xBF, 0xFF, 0x60,
    0x00, 0x00, 0x00, 0x0A, 0xFF, 0xFF, 0xFF, 0xFF, 0x70, 0x00, 0x00, 0x00, 0x02, 0xFF, 0xFF, 0xFF,
    0xFF, 0xFB, 0x50, 0x00, 0x00, 0x00, 0x3E, 0xFF, 0xFF, 0xFF, 0xFF, 0xFC, 0x20, 0x00, 0x00, 0x00,
    0x7D, 0xFF, 0xFF, 0xFF, 0xFF, 0xE2, 0x00, 0x00, 0x00, 0x00, 0xAF, 0xFF, 0xFF, 0xFF, 0xFB, 0x00,
    0x00, 0x00, 0x00, 0x7F, 0xFF, 0xEF, 0xFF, 0xFF, 0x10, 0x00, 0x1B, 0x30, 0x7F, 0xFF, 0x64, 0xFF,
    0xFF, 0x30, 0x05, 0xEF, 0xD1, 0x7F, 0xFF, 0x63, 0xFF, 0xFF, 0x20, 0x7F, 0xFF, 0xFE, 0xEF, 0xFF,
    0xCD, 0xFF, 0xFF, 0x00, 0x3F, 0xFF, 0xFF, 0xFF, 0xFF, 0xFF, 0xFF, 0xFA, 0x00, 0x07, 0xFF, 0xFF,
    0xFF, 0xFF, 0xFF, 0xFF, 0xE1, 0x00, 0x00, 0x6F, 0xFF, 0xFF, 0xFF, 0xFF, 0xFD, 0x20, 0x00, 0x00,
    0x02, 0xAF, 0xFF, 0xFF, 0xFD, 0x70, 0x00, 0x00, 0x00, 0x00, 0x00, 0xEF, 0xFF, 0xC0, 0x00, 0x00,
    0x00, 0x00, 0x00, 0x00, 0xBF, 0xFF, 0xA0, 0x00, 0x00, 0x00, 0x00, 0x00, 0x00, 0x57, 0x77, 0x40,
    0x00, 0x00, 0x00, 0x00, 0x06, 0x9B, 0x94, 0x00, 0x00, 0x00, 0x00, 0x07, 0xBB, 0xB9, 0x00, 0x02,
    0xDF, 0xFF, 0xFF, 0xA0, 0x00, 0x00, 0x00, 0x5F, 0xFF, 0xF3, 0x00, 0x0D, 0xFF, 0xFF, 0xFF, 0xF8,
    0x00, 0x00, 0x02, 0xEF, 0xFF, 0x70, 0x00, 0x5F, 0xFF, 0x74, 0xBF, 0xFF, 0x00, 0x00, 0x0C, 0xFF,
    0xFB, 0x00, 0x00, 0x8F, 0xFA, 0x00, 0x0F, 0xFF, 0x30, 0x00, 0x8F, 0xFF, 0xE1, 0x00, 0x00, 0x8F,
    0xFA, 0x00, 0x0E, 0xFF, 0x30, 0x04, 0xFF, 0xFF, 0x40, 0x00, 0x00, 0x5F, 0xFF, 0x52, 0x9F, 0xFF,
    0x10, 0x1E, 0xFF, 0xF8, 0x00, 0x00, 0x00, 0x0E, 0xFF, 0xFF, 0xFF, 0xFA, 0x00, 0xCF, 0xFF, 0xC0,
    0x00, 0x00, 0x00, 0x03, 0xEF, 0xFF, 0xFF, 0xC0, 0x08, 0xFF, 0xFE, 0x10, 0x00, 0x00, 0x00, 0x00,
    0x18, 0xCD, 0xB6, 0x00, 0x4F, 0xFF, 0xF5, 0x00, 0x00, 0x00, 0x00, 0x00, 0x00, 0x00, 0x00, 0x01,
    0xEF, 0xFF, 0x90, 0x00, 0x00, 0x00, 0x00, 0x00, 0x00, 0x00, 0x00, 0x0B, 0xFF, 0xFC, 0x00, 0x05,
    0x88, 0x50, 0x00, 0x00, 0x00, 0x00, 0x00, 0x7F, 0xFF, 0xF2, 0x03, 0xEF, 0xFF, 0xFE, 0x40, 0x00,
    0x00, 0x00, 0x03, 0xFF, 0xFF, 0x50, 0x1E, 0xFF, 0xFF, 0xFF, 0xF2, 0x00, 0x00, 0x00, 0x1E, 0xFF,
    0xF9, 0x00, 0x8F, 0xFF, 0x87, 0xEF, 0xFA, 0x00, 0x00, 0x00, 0xBF, 0xFF, 0xD0, 0x00, 0xCF, 0xF7,
    0x00, 0x5F, 0xFE, 0x00, 0x00, 0x06, 0xFF, 0xFF, 0x20, 0x00, 0xDF, 0xF5, 0x00, 0x3F, 0xFE, 0x00,
    0x00, 0x3F, 0xFF, 0xF6, 0x00, 0x00, 0xAF, 0xFC, 0x11, 0xBF, 0xFC, 0x00, 0x00, 0xDF, 0xFF, 0xA0,
    0x00, 0x00, 0x4F, 0xFF, 0xFF, 0xFF, 0xF6, 0x00, 0x0A, 0xFF, 0xFD, 0x00, 0x00, 0x00, 0x09, 0xFF,
    0xFF, 0xFF, 0xA0, 0x00, 0x6F, 0xFF, 0xF3, 0x00, 0x00, 0x00, 0x00, 0x5C, 0xFF, 0xC6, 0x00, 0x00,
    0x00, 0x00, 0x00, 0x00, 0x00, 0x00, 0x00, 0x00, 0x00, 0x00, 0x00, 0x00, 0x00, 0x6C, 0xFF, 0xFC,
    0x60, 0x00, 0x00, 0x00, 0x00, 0x00, 0x00, 0x1D, 0xFF, 0xFF, 0xFF, 0xFB, 0x00, 0x00, 0x00, 0x00,
    0x00, 0x00, 0xCF, 0xFF, 0xFF, 0xFF, 0xFF, 0x90, 0x00, 0x00, 0x00, 0x00, 0x05, 0xFF, 0xFF, 0xFF,
    0xFF, 0xFF, 0xF1, 0x00, 0x00, 0x00, 0x00, 0x0A, 0xFF, 0xFF, 0x60, 0xAF, 0xFF, 0xF4, 0x00, 0x00,
    0x00, 0x00, 0x0C, 0xFF, 0xFF, 0x00, 0x5F, 0xFF, 0xF5, 0x00, 0x00, 0x00, 0x00, 0x0B, 0xFF, 0xFF,
    0x11, 0xCF, 0xFF, 0xF3, 0x00, 0x00, 0x00, 0x00, 0x07, 0xFF, 0xFF, 0xFE, 0xFF, 0xFF, 0xD0, 0x00,
    0x00, 0x00, 0x00, 0x01, 0xFF, 0xFF, 0xFF, 0xFF, 0xFF, 0x50, 0x00, 0x00, 0x00, 0x00, 0x00, 0xCF,
    0xFF, 0xFF, 0xFF, 0xF6, 0x00, 0x00, 0x00, 0x00, 0x00, 0x1B, 0xFF, 0xFF, 0xFF, 0xFF, 0x30, 0x5E,
    0xA6, 0x20, 0x00, 0x00, 0xCF, 0xFF, 0xFF, 0xFF, 0xFF, 0x40, 0xAF, 0xFF, 0xF4, 0x00, 0x07, 0xFF,
    0xFF, 0xFF, 0xFF, 0xFF, 0xF4, 0xFF, 0xFF, 0xE0, 0x00, 0x0E, 0xFF, 0xFF, 0x61, 0xDF, 0xFF, 0xFF,
    0xFF, 0xFF, 0x90, 0x00, 0x1F, 0xFF, 0xFA, 0x00, 0x2E, 0xFF, 0xFF, 0xFF, 0xFF, 0x20, 0x00, 0x1F,
    0xFF, 0xFA, 0x00, 0x03, 0xFF, 0xFF, 0xFF, 0xF9, 0x00, 0x00, 0x0F, 0xFF, 0xFF, 0x40, 0x00, 0x8F,
    0xFF, 0xFF, 0xF1, 0x00, 0x00, 0x0A, 0xFF, 0xFF, 0xFD, 0xBE, 0xFF, 0xFF, 0xFF, 0xFA, 0x00, 0x00,
    0x02, 0xFF, 0xFF, 0xFF, 0xFF, 0xFF, 0xFF, 0xFF, 0xFF, 0x80, 0x00, 0x00, 0x4F, 0xFF, 0xFF, 0xFF,
    0xFF, 0xFF, 0xFF, 0xFF, 0xF6, 0x00, 0x00, 0x01, 0x9F, 0xFF, 0xFF, 0xFC, 0x60, 0x9F, 0xFF, 0xFF,
    0x50, 0x00, 0x00, 0x00, 0x35, 0x54, 0x10, 0x00, 0x00, 0x00, 0x00, 0x00, 0x1F, 0xFF, 0xF7, 0x0F,
    0xFF, 0xF5, 0x0E, 0xFF, 0xF4, 0x0C, 0xFF, 0xF2, 0x0A, 0xFF, 0xF0, 0x08, 0xFF, 0xE0, 0x06, 0xFF,
    0xC0, 0x05, 0xFF, 0xA0, 0x02, 0xEE, 0x70, 0x00, 0x00, 0x00, 0x00, 0x00, 0x00, 0x00, 0x00, 0x00,
    0x00, 0x00, 0x00, 0x00, 0x00, 0x00, 0x00, 0x00, 0x00, 0x00, 0x00, 0x00, 0x00, 0x00, 0x00, 0x00,
    0x00, 0x00, 0x00, 0x00, 0x00, 0x00, 0x00, 0x00, 0x00, 0x00, 0x00, 0x00, 0x00, 0x00, 0x00, 0x00,
    0x00, 0x00, 0x00, 0x00, 0x00, 0x00, 0x08, 0x88, 0x84, 0x00, 0x00, 0x5F, 0xFF, 0xF2, 0x00, 0x00,
    0xCF, 0xFF, 0xA0, 0x00, 0x03, 0xFF, 0xFF, 0x30, 0x00, 0x09, 0xFF, 0xFD, 0x00, 0x00, 0x0E, 0xFF,
    0xF8, 0x00, 0x00, 0x3F, 0xFF, 0xF3, 0x00, 0x00, 0x6F, 0xFF, 0xF0, 0x00, 0x00, 0x9F, 0xFF, 0xD0,
    0x00, 0x00, 0xCF, 0xFF, 0xA0, 0x00, 0x00, 0xDF, 0xFF, 0x80, 0x00, 0x00, 0xEF, 0xFF, 0x70, 0x00,
    0x00, 0xEF, 0xFF, 0x70, 0x00, 0x00, 0xDF, 0xFF, 0x80, 0x00, 0x00, 0xCF, 0xFF, 0x90, 0x00, 0x00,
    0xBF, 0xFF, 0xB0, 0x00, 0x00, 0x8F, 0xFF, 0xE0, 0x00, 0x00, 0x4F, 0xFF, 0xF2, 0x00, 0x00, 0x1F,
    0xFF, 0xF5, 0x00, 0x00, 0x0B, 0xFF, 0xFB, 0x00, 0x00, 0x06, 0xFF, 0xFF, 0x10, 0x00, 0x01, 0xFF,
    0xFF, 0x60, 0x00, 0x00, 0x8F, 0xFF, 0xD0, 0x00, 0x00, 0x1F, 0xFF, 0xF5, 0x00, 0x00, 0x00, 0x00,
    0x00, 0x18, 0x88, 0x82, 0x00, 0x00, 0x0C, 0xFF, 0xFA, 0x00, 0x00, 0x04, 0xFF, 0xFF, 0x20, 0x00,
    0x00, 0xDF, 0xFF, 0x90, 0x00, 0x00, 0x8F, 0xFF, 0xE0, 0x00, 0x00, 0x3F, 0xFF, 0xF4, 0x00, 0x00,
    0x0E, 0xFF, 0xF8, 0x00, 0x00, 0x0A, 0xFF, 0xFB, 0x00, 0x00, 0x07, 0xFF, 0xFF, 0x00, 0x00, 0x04,
    0xFF, 0xFF, 0x10, 0x00, 0x03, 0xFF, 0xFF, 0x30, 0x00, 0x02, 0xFF, 0xFF, 0x40, 0x00, 0x02, 0xFF,
    0xFF, 0x40, 0x00, 0x03, 0xFF, 0xFF, 0x30, 0x00, 0x04, 0xFF, 0xFF, 0x20, 0x00, 0x06, 0xFF, 0xFF,
    0x00, 0x00, 0x09, 0xFF, 0xFD, 0x00, 0x00, 0x0C, 0xFF, 0xFA, 0x00, 0x00, 0x0F, 0xFF, 0xF6, 0x00,
    0x00, 0x5F, 0xFF, 0xF1, 0x00, 0x00, 0xAF, 0xFF, 0xB0, 0x00, 0x01, 0xFF, 0xFF, 0x60, 0x00, 0x08,
    0xFF, 0xFD, 0x00, 0x00, 0x1F, 0xFF, 0xF6, 0x00, 0x00, 0x00, 0x00, 0x00, 0x00, 0x00, 0x00, 0x00,
    0x7B, 0xB5, 0x00, 0x00, 0x00, 0x62, 0x7F, 0xF4, 0x35, 0x00, 0x01, 0xFD, 0x4F, 0xF3, 0xFE, 0x00,
    0x0A, 0xFF, 0xDF, 0xEE, 0xFF, 0x80, 0x03, 0x7C, 0xFF, 0xFF, 0xB7, 0x30, 0x03, 0x7B, 0xFF, 0xFF,
    0xB7, 0x20, 0x0A, 0xFF, 0xDF, 0xEE, 0xFF, 0x80, 0x01, 0xFD, 0x4F, 0xF3, 0xEE, 0x00, 0x00, 0x61,
    0x6F, 0xF4, 0x34, 0x00, 0x00, 0x00, 0x7B, 0xB5, 0x00, 0x00, 0x00, 0x00, 0x00, 0x00, 0x00, 0x00,
    0x00, 0x00, 0x00, 0x00, 0x00, 0x00, 0x00, 0x00, 0x00, 0x00, 0x00, 0x00, 0x00, 0x00, 0x00, 0x00,
    0x00, 0x00, 0x00, 0x00, 0x00, 0x00, 0x00, 0x00, 0x00, 0x00, 0x00, 0x00, 0x00, 0x00, 0x00, 0x00,
    0x00, 0x00, 0x00, 0x00, 0x00, 0x00, 0x00, 0x00, 0x00, 0x00, 0x00, 0x00, 0x00, 0x00, 0x00, 0x00,
    0x00, 0x00, 0x00, 0x00, 0x00, 0x00, 0x00, 0x00, 0x00, 0x00, 0x00, 0x00, 0x00, 0x00, 0x00, 0x45,
    0x55, 0x50, 0x00, 0x00, 0x00, 0x00, 0x00, 0x00, 0xBF, 0xFF, 0xF0, 0x00, 0x00, 0x00, 0x00, 0x00,
    0x00, 0xBF, 0xFF, 0xF0, 0x00, 0x00, 0x00, 0x00, 0x00, 0x00, 0xBF, 0xFF, 0xF0, 0x00, 0x00, 0x00,
    0x00, 0x00, 0x00, 0xBF, 0xFF, 0xF0, 0x00, 0x00, 0x00, 0x03, 0x99, 0x99, 0xFF, 0xFF, 0xF9, 0x99,
    0x96, 0x00, 0x05, 0xFF, 0xFF, 0xFF, 0xFF, 0xFF, 0xFF, 0xFA, 0x00, 0x05, 0xFF, 0xFF, 0xFF, 0xFF,
    0xFF, 0xFF, 0xFA, 0x00, 0x05, 0xFF, 0xFF, 0xFF, 0xFF, 0xFF, 0xFF, 0xFA, 0x00, 0x04, 0xDD, 0xDD,
    0xFF, 0xFF, 0xFD, 0xDD, 0xD9, 0x00, 0x00, 0x00, 0x00, 0xBF, 0xFF, 0xF0, 0x00, 0x00, 0x00, 0x00,
    0x00, 0x00, 0xBF, 0xFF, 0xF0, 0x00, 0x00, 0x00, 0x00, 0x00, 0x00, 0xBF, 0xFF, 0xF0, 0x00, 0x00,
    0x00, 0x00, 0x00, 0x00, 0xBF, 0xFF, 0xF0, 0x00, 0x00, 0x00, 0x00, 0x00, 0x00, 0x7A, 0xAA, 0xA0,
    0x00, 0x00, 0x00, 0x00, 0x00, 0x00, 0x00, 0x00, 0x00, 0x00, 0x00, 0x00, 0x00, 0x00, 0x00, 0x00,
    0x00, 0x00, 0x00, 0x00, 0x00, 0x00, 0x00, 0x00, 0x00, 0x00, 0x00, 0x00, 0x00, 0x00, 0x00, 0x13,
    0x33, 0x33, 0x00, 0x00, 0x8F, 0xFF, 0xF9, 0x00, 0x00, 0xAF, 0xFF, 0xF3, 0x00, 0x00, 0xCF, 0xFF,
    0xE0, 0x00, 0x00, 0xFF, 0xFF, 0x80, 0x00, 0x01, 0xFF, 0xFF, 0x20, 0x00, 0x04, 0xFF, 0xFC, 0x00,
    0x00, 0x06, 0xFF, 0xF6, 0x00, 0x00, 0x08, 0xFF, 0xF1, 0x00, 0x00, 0x06, 0x99, 0x70, 0x00, 0x00,
    0x0F, 0xFF, 0xFF, 0xFF, 0xFF, 0xFF, 0x00, 0x0F, 0xFF, 0xFF, 0xFF, 0xFF, 0xFF, 0x10, 0x0F, 0xFF,
    0xFF, 0xFF, 0xFF, 0xFF, 0x10, 0x0F, 0xFF, 0xFF, 0xFF, 0xFF, 0xFF, 0x10, 0x07, 0x77, 0x77, 0x77,
    0x77, 0x77, 0x00, 0x00, 0x00, 0x00, 0x00, 0x00, 0x00, 0x00, 0x00, 0x00, 0x00, 0x00, 0x00, 0x00,
    0x00, 0x00, 0x00, 0x00, 0x00, 0x00, 0x00, 0x00, 0x00, 0x00, 0x00, 0x00, 0x00, 0x00, 0x00, 0x00,
    0x00, 0x00, 0x00, 0x00, 0x00, 0x00, 0x00, 0x00, 0x00, 0x00, 0x00, 0x00, 0x00, 0x00, 0x00, 0x00,
    0x00, 0x00, 0x00, 0x00, 0x00, 0x00, 0x00, 0x00, 0x00, 0x00, 0x00, 0x00, 0x04, 0x52, 0x00, 0x00,
    0x00, 0xBF, 0xFF, 0x60, 0x00, 0x06, 0xFF, 0xFF, 0xF0, 0x00, 0x08, 0xFF, 0xFF, 0xF2, 0x00, 0x05,
    0xFF, 0xFF, 0xF0, 0x00, 0x00, 0xBF, 0xFF, 0x50, 0x00, 0x00, 0x03, 0x41, 0x00, 0x00, 0x00, 0x00,
    0x00, 0x0B, 0xBB, 0xB6, 0x00, 0x00, 0x00, 0x00, 0x4F, 0xFF, 0xF4, 0x00, 0x00, 0x00, 0x00, 0x9F,
    0xFF, 0xF0, 0x00, 0x00, 0x00, 0x00, 0xEF, 0xFF, 0xA0, 0x00, 0x00, 0x00, 0x02, 0xFF, 0xFF, 0x60,
    0x00, 0x00, 0x00, 0x07, 0xFF, 0xFF, 0x10, 0x00, 0x00, 0x00, 0x0C, 0xFF, 0xFC, 0x00, 0x00, 0x00,
    0x00, 0x1F, 0xFF, 0xF7, 0x00, 0x00, 0x00, 0x00, 0x6F, 0xFF, 0xF2, 0x00, 0x00, 0x00, 0x00, 0xAF,
    0xFF, 0xE0, 0x00, 0x00, 0x00, 0x00, 0xFF, 0xFF, 0x90, 0x00, 0x00, 0x00, 0x04, 0xFF, 0xFF, 0x40,
    0x00, 0x00, 0x00, 0x09, 0xFF, 0xFF, 0x00, 0x00, 0x00, 0x00, 0x0D, 0xFF, 0xFB, 0x00, 0x00, 0x00,
    0x00, 0x2F, 0xFF, 0xF6, 0x00, 0x00, 0x00, 0x00, 0x7F, 0xFF, 0xF1, 0x00, 0x00, 0x00, 0x00, 0xCF,
    0xFF, 0xC0, 0x00, 0x00, 0x00, 0x01, 0xFF, 0xFF, 0x70, 0x00, 0x00, 0x00, 0x05, 0xFF, 0xFF, 0x30,
    0x00, 0x00, 0x00, 0x0A, 0xFF, 0xFE, 0x00, 0x00, 0x00, 0x00, 0x0F, 0xFF, 0xF9, 0x00, 0x00, 0x00,
    0x00, 0x00, 0x00, 0x00, 0x00, 0x00, 0x00, 0x00, 0x00, 0x00, 0x00, 0x00, 0x04, 0xAE, 0xFF, 0xEA,
    0x40, 0x00, 0x00, 0x00, 0x00, 0xAF, 0xFF, 0xFF, 0xFF, 0xFA, 0x00, 0x00, 0x00, 0x0B, 0xFF, 0xFF,
    0xFF, 0xFF, 0xFF, 0xA0, 0x00, 0x00, 0x5F, 0xFF, 0xFF, 0xFF, 0xFF, 0xFF, 0xF5, 0x00, 0x00, 0xDF,
    0xFF, 0xFF, 0x99, 0xFF, 0xFF, 0xFD, 0x00, 0x03, 0xFF, 0xFF, 0xF3, 0x00, 0x3F, 0xFF, 0xFF, 0x30,
    0x07, 0xFF, 0xFF, 0xA0, 0x00, 0x0A, 0xFF, 0xFF, 0x70, 0x0A, 0xFF, 0xFF, 0x50, 0x00, 0x06, 0xFF,
    0xFF, 0xA0, 0x0C, 0xFF, 0xFF, 0x30, 0x00, 0x03, 0xFF, 0xFF, 0xC0, 0x0D, 0xFF, 0xFF, 0x10, 0x00,
    0x02, 0xFF, 0xFF, 0xD0, 0x0E, 0xFF, 0xFF, 0x10, 0x00, 0x01, 0xFF, 0xFF, 0xE0, 0x0D, 0xFF, 0xFF,
    0x10, 0x00, 0x01, 0xFF, 0xFF, 0xD0, 0x0D, 0xFF, 0xFF, 0x20, 0x00, 0x02, 0xFF, 0xFF, 0xC0, 0x0B,
    0xFF, 0xFF, 0x40, 0x00, 0x05, 0xFF, 0xFF, 0xB0, 0x08, 0xFF, 0xFF, 0x80, 0x00, 0x09, 0xFF, 0xFF,
    0x80, 0x05, 0xFF, 0xFF, 0xE0, 0x00, 0x1E, 0xFF, 0xFF, 0x40, 0x00, 0xFF, 0xFF, 0xFC, 0x44, 0xCF,
    0xFF, 0xFF, 0x00, 0x00, 0x8F, 0xFF, 0xFF, 0xFF, 0xFF, 0xFF, 0xF8, 0x00, 0x00, 0x0E, 0xFF, 0xFF,
    0xFF, 0xFF, 0xFF, 0xE0, 0x00, 0x00, 0x02, 0xEF, 0xFF, 0xFF, 0xFF, 0xFE, 0x20, 0x00, 0x00, 0x00,
    0x19, 0xFF, 0xFF, 0xFF, 0x91, 0x00, 0x00, 0x00, 0x00, 0x00, 0x03, 0x55, 0x30, 0x00, 0x00, 0x00,
    0x00, 0x00, 0x02, 0x9B, 0xBB, 0x80, 0x00, 0x00, 0x01, 0x9F, 0xFF, 0xFF, 0xC0, 0x00, 0x01, 0x9F,
    0xFF, 0xFF, 0xFF, 0xC0, 0x00, 0x0D, 0xFF, 0xFF, 0xFF, 0xFF, 0xC0, 0x00, 0x0D, 0xFF, 0xFF, 0xFF,
    0xFF, 0xC0, 0x00, 0x0D, 0xFF, 0xFE, 0xFF, 0xFF, 0xC0, 0x00, 0x0D, 0xFE, 0x72, 0xFF, 0xFF, 0xC0,
    0x00, 0x0C, 0x70, 0x02, 0xFF, 0xFF, 0xC0, 0x00, 0x00, 0x00, 0x02, 0xFF, 0xFF, 0xC0, 0x00, 0x00,
    0x00, 0x02, 0xFF, 0xFF, 0xC0, 0x00, 0x00, 0x00, 0x02, 0xFF, 0xFF, 0xC0, 0x00, 0x00, 0x00, 0x02,
    0xFF, 0xFF, 0xC0, 0x00, 0x00, 0x00, 0x02, 0xFF, 0xFF, 0xC0, 0x00, 0x00, 0x00, 0x02, 0xFF, 0xFF,
    0xC0, 0x00, 0x00, 0x00, 0x02, 0xFF, 0xFF, 0xC0, 0x00, 0x00, 0x00, 0x02, 0xFF, 0xFF, 0xC0, 0x00,
    0x00, 0x00, 0x02, 0xFF, 0xFF, 0xC0, 0x00, 0x00, 0x00, 0x02, 0xFF, 0xFF, 0xC0, 0x00, 0x00, 0x00,
    0x02, 0xFF, 0xFF, 0xC0, 0x00, 0x00, 0x00, 0x02, 0xFF, 0xFF, 0xC0, 0x00, 0x00, 0x00, 0x02, 0xFF,
    0xFF, 0xC0, 0x00, 0x00, 0x00, 0x00, 0x00, 0x00, 0x00, 0x00, 0x00, 0x00, 0x00, 0x00, 0x3A, 0xEF,
    0xFF, 0xC7, 0x00, 0x00, 0x00, 0x00, 0x09, 0xFF, 0xFF, 0xFF, 0xFF, 0xD3, 0x00, 0x00, 0x00, 0xBF,
    0xFF, 0xFF, 0xFF, 0xFF, 0xFE, 0x20, 0x00, 0x06, 0xFF, 0xFF, 0xFF, 0xFF, 0xFF, 0xFF, 0xA0, 0x00,
    0x0C, 0xFF, 0xFF, 0xD7, 0x7C, 0xFF, 0xFF, 0xF0, 0x00, 0x00, 0x8F, 0xFB, 0x00, 0x00, 0xEF, 0xFF,
    0xF2, 0x00, 0x00, 0x03, 0xD1, 0x00, 0x00, 0xBF, 0xFF, 0xF3, 0x00, 0x00, 0x00, 0x00, 0x00, 0x00,
    0xDF, 0xFF, 0xF2, 0x00, 0x00, 0x00, 0x00, 0x00, 0x04, 0xFF, 0xFF, 0xE0, 0x00, 0x00, 0x00, 0x00,
    0x00, 0x1E, 0xFF, 0xFF, 0x70, 0x00, 0x00, 0x00, 0x00, 0x01, 0xDF, 0xFF, 0xFD, 0x00, 0x00, 0x00,
    0x00, 0x00, 0x1C, 0xFF, 0xFF, 0xF3, 0x00, 0x00, 0x00, 0x00, 0x00, 0xCF, 0xFF, 0xFF, 0x40, 0x00,
    0x00, 0x00, 0x00, 0x0C, 0xFF, 0xFF, 0xF5, 0x00, 0x00, 0x00, 0x00, 0x00, 0xCF, 0xFF, 0xFF, 0x60,
    0x00, 0x00, 0x00, 0x00, 0x0B, 0xFF, 0xFF, 0xF6, 0x00, 0x00, 0x00, 0x00, 0x00, 0xBF, 0xFF, 0xFF,
    0xF9, 0x99, 0x99, 0x96, 0x00, 0x0B, 0xFF, 0xFF, 0xFF, 0xFF, 0xFF, 0xFF, 0xFB, 0x00, 0x0F, 0xFF,
    0xFF, 0xFF, 0xFF, 0xFF, 0xFF, 0xFB, 0x00, 0x0F, 0xFF, 0xFF, 0xFF, 0xFF, 0xFF, 0xFF, 0xFB, 0x00,
    0x0F, 0xFF, 0xFF, 0xFF, 0xFF, 0xFF, 0xFF, 0xFB, 0x00, 0x01, 0xBB, 0xBB, 0xBB, 0xBB, 0xBB, 0xBB,
    0x90, 0x00, 0x02, 0xFF, 0xFF, 0xFF, 0xFF, 0xFF, 0xFF, 0xE0, 0x00, 0x02, 0xFF, 0xFF, 0xFF, 0xFF,
    0xFF, 0xFF, 0xE0, 0x00, 0x02, 0xFF, 0xFF, 0xFF, 0xFF, 0xFF, 0xFF, 0xE0, 0x00, 0x01, 0xEE, 0xEE,
    0xEE, 0xFF, 0xFF, 0xFF, 0x80, 0x00, 0x00, 0x00, 0x00, 0x06, 0xFF, 0xFF, 0xF6, 0x00, 0x00, 0x00,
    0x00, 0x00, 0x7F, 0xFF, 0xFE, 0x30, 0x00, 0x00, 0x00, 0x00, 0x08, 0xFF, 0xFF, 0xC1, 0x00, 0x00,
    0x00, 0x00, 0x00, 0x9F, 0xFF, 0xFF, 0xC9, 0x30, 0x00, 0x00, 0x00, 0x00, 0xDF, 0xFF, 0xFF, 0xFF,
    0xF9, 0x00, 0x00, 0x00, 0x00, 0x2F, 0xFF, 0xFF, 0xFF, 0xFF, 0x80, 0x00, 0x00, 0x00, 0x05, 0xFE,
    0xDF, 0xFF, 0xFF, 0xF2, 0x00, 0x00, 0x00, 0x00, 0x30, 0x01, 0xCF, 0xFF, 0xF8, 0x00, 0x00, 0x00,
    0x00, 0x00, 0x00, 0x3F, 0xFF, 0xFB, 0x00, 0x00, 0x00, 0x71, 0x00, 0x00, 0x0F, 0xFF, 0xFC, 0x00,
    0x00, 0x2C, 0xF9, 0x00, 0x00, 0x4F, 0xFF, 0xFA, 0x00, 0x06, 0xFF, 0xFF, 0x92, 0x04, 0xDF, 0xFF,
    0xF7, 0x00, 0x08, 0xFF, 0xFF, 0xFF, 0xFF, 0xFF, 0xFF, 0xF1, 0x00, 0x00, 0xDF, 0xFF, 0xFF, 0xFF,
    0xFF, 0xFF, 0x70, 0x00, 0x00, 0x1C, 0xFF, 0xFF, 0xFF, 0xFF, 0xF9, 0x00, 0x00, 0x00, 0x00, 0x8E,
    0xFF, 0xFF, 0xFC, 0x40, 0x00, 0x00, 0x00, 0x00, 0x00, 0x35, 0x54, 0x10, 0x00, 0x00, 0x00, 0x00,
    0x00, 0x00, 0x04, 0xBB, 0xBB, 0xBB, 0x50, 0x00, 0x00, 0x00, 0x00, 0x0D, 0xFF, 0xFF, 0xFF, 0x80,
    0x00, 0x00, 0x00, 0x00, 0x5F, 0xFF, 0xFF, 0xFF, 0x80, 0x00, 0x00, 0x00, 0x00, 0xDF, 0xFF, 0xFF,
    0xFF, 0x80, 0x00, 0x00, 0x00, 0x05, 0xFF, 0xFF, 0xFF, 0xFF, 0x80, 0x00, 0x00, 0x00, 0x0D, 0xFF,
    0xFF, 0xFF, 0xFF, 0x80, 0x00, 0x00, 0x00, 0x5F, 0xFF, 0xFC, 0xFF, 0xFF, 0x80, 0x00, 0x00, 0x00,
    0xDF, 0xFF, 0xE6, 0xFF, 0xFF, 0x80, 0x00, 0x00, 0x06, 0xFF, 0xFF, 0x66, 0xFF, 0xFF, 0x80, 0x00,
    0x00, 0x0E, 0xFF, 0xFE, 0x06, 0xFF, 0xFF, 0x80, 0x00, 0x00, 0x6F, 0xFF, 0xF7, 0x06, 0xFF, 0xFF,
    0x80, 0x00, 0x00, 0xEF, 0xFF, 0xE0, 0x06, 0xFF, 0xFF, 0x80, 0x00, 0x06, 0xFF, 0xFF, 0x92, 0x28,
    0xFF, 0xFF, 0xB2, 0x20, 0x0E, 0xFF, 0xFF, 0xFF, 0xFF, 0xFF, 0xFF, 0xFF, 0xF0, 0x5F, 0xFF, 0xFF,
    0xFF, 0xFF, 0xFF, 0xFF, 0xFF, 0xF0, 0x6F, 0xFF, 0xFF, 0xFF, 0xFF, 0xFF, 0xFF, 0xFF, 0xF0, 0x6F,
    0xFF, 0xFF, 0xFF, 0xFF, 0xFF, 0xFF, 0xFF, 0xF0, 0x26, 0x66, 0x66, 0x66, 0x6C, 0xFF, 0xFF, 0xE6,
    0x60, 0x00, 0x00, 0x00, 0x00, 0x06, 0xFF, 0xFF, 0x80, 0x00, 0x00, 0x00, 0x00, 0x00, 0x06, 0xFF,
    0xFF, 0x80, 0x00, 0x00, 0x00, 0x00, 0x00, 0x06, 0xFF, 0xFF, 0x80, 0x00, 0x00, 0x9B, 0xBB, 0xBB,
    0xBB, 0xBB, 0xBB, 0xA0, 0x00, 0x00, 0xFF, 0xFF, 0xFF, 0xFF, 0xFF, 0xFF, 0xE0, 0x00, 0x00, 0xFF,
    0xFF, 0xFF, 0xFF, 0xFF, 0xFF, 0xE0, 0x00, 0x01, 0xFF, 0xFF, 0xFF, 0xFF, 0xFF, 0xFF, 0xE0, 0x00,
    0x03, 0xFF, 0xFF, 0xEB, 0xBB, 0xBB, 0xBB, 0xA0, 0x00, 0x04, 0xFF, 0xFF, 0xA0, 0x00, 0x00, 0x00,
    0x00, 0x00, 0x05, 0xFF, 0xFF, 0x80, 0x00, 0x00, 0x00, 0x00, 0x00, 0x06, 0xFF, 0xFF, 0x86, 0x9A,
    0x85, 0x00, 0x00, 0x00, 0x07, 0xFF, 0xFF, 0xFF, 0xFF, 0xFF, 0xE4, 0x00, 0x00, 0x09, 0xFF, 0xFF,
    0xFF, 0xFF, 0xFF, 0xFF, 0x40, 0x00, 0x0A, 0xFF, 0xFF, 0xFF, 0xFF, 0xFF, 0xFF, 0xE0, 0x00, 0x09,
    0xFF, 0xFF, 0xFC, 0xBE, 0xFF, 0xFF, 0xF6, 0x00, 0x00, 0x4B, 0xFE, 0x30, 0x00, 0xAF, 0xFF, 0xFA,
    0x00, 0x00, 0x00, 0x24, 0x00, 0x00, 0x1F, 0xFF, 0xFC, 0x00, 0x00, 0x00, 0x30, 0x00, 0x00, 0x0F,
    0xFF, 0xFD, 0x00, 0x00, 0x09, 0xF8, 0x00, 0x00, 0x3F, 0xFF, 0xFB, 0x00, 0x03, 0xDF, 0xFF, 0x81,
    0x04, 0xDF, 0xFF, 0xF8, 0x00, 0x0C, 0xFF, 0xFF, 0xFF, 0xFF, 0xFF, 0xFF, 0xF2, 0x00, 0x03, 0xFF,
    0xFF, 0xFF, 0xFF, 0xFF, 0xFF, 0x90, 0x00, 0x00, 0x4F, 0xFF, 0xFF, 0xFF, 0xFF, 0xFA, 0x00, 0x00,
    0x00, 0x02, 0xAF, 0xFF, 0xFF, 0xFC, 0x50, 0x00, 0x00, 0x00, 0x00, 0x00, 0x45, 0x54, 0x10, 0x00,
    0x00, 0x00, 0x00, 0x00, 0x00, 0x09, 0xBB, 0xBB, 0x90, 0x00, 0x00, 0x00, 0x00, 0x00, 0x5F, 0xFF,
    0xFF, 0x60, 0x00, 0x00, 0x00, 0x00, 0x00, 0xDF, 0xFF, 0xFC, 0x00, 0x00, 0x00, 0x00, 0x00, 0x07,
    0xFF, 0xFF, 0xF3, 0x00, 0x00, 0x00, 0x00, 0x00, 0x1F, 0xFF, 0xFF, 0x90, 0x00, 0x00, 0x00, 0x00,
    0x00, 0x9F, 0xFF, 0xFE, 0x10, 0x00, 0x00, 0x00, 0x00, 0x02, 0xFF, 0xFF, 0xF5, 0x00, 0x00, 0x00,
    0x00, 0x00, 0x0A, 0xFF, 0xFF, 0xFF, 0xCA, 0x60, 0x00, 0x00, 0x00, 0x3F, 0xFF, 0xFF, 0xFF, 0xFF,
    0xFE, 0x30, 0x00, 0x00, 0xCF, 0xFF, 0xFF, 0xFF, 0xFF, 0xFF, 0xF2, 0x00, 0x03, 0xFF, 0xFF, 0xFF,
    0xFF, 0xFF, 0xFF, 0xFC, 0x00, 0x09, 0xFF, 0xFF, 0xFD, 0x99, 0xEF, 0xFF, 0xFF, 0x30, 0x0D, 0xFF,
    0xFF, 0xA0, 0x00, 0x1D, 0xFF, 0xFF, 0x80, 0x0F, 0xFF, 0xFF, 0x10, 0x00, 0x06, 0xFF, 0xFF, 0xA0,
    0x0F, 0xFF, 0xFF, 0x00, 0x00, 0x05, 0xFF, 0xFF, 0xA0, 0x0D, 0xFF, 0xFF, 0x40, 0x00, 0x0A, 0xFF,
    0xFF, 0x80, 0x09, 0xFF, 0xFF, 0xE5, 0x01, 0x8F, 0xFF, 0xFF, 0x40, 0x02, 0xFF, 0xFF, 0xFF, 0xFF,
    0xFF, 0xFF, 0xFD, 0x00, 0x00, 0x7F, 0xFF, 0xFF, 0xFF, 0xFF, 0xFF, 0xF3, 0x00, 0x00, 0x08, 0xFF,
    0xFF, 0xFF, 0xFF, 0xFE, 0x40, 0x00, 0x00, 0x00, 0x4B, 0xFF, 0xFF, 0xFE, 0x91, 0x00, 0x00, 0x00,
    0x00, 0x00, 0x14, 0x55, 0x30, 0x00, 0x00, 0x00, 0x4B, 0xBB, 0xBB, 0xBB, 0xBB, 0xBB, 0xBB, 0xB0,
    0x6F, 0xFF, 0xFF, 0xFF, 0xFF, 0xFF, 0xFF, 0xF0, 0x6F, 0xFF, 0xFF, 0xFF, 0xFF, 0xFF, 0xFF, 0xF0,
    0x6F, 0xFF, 0xFF, 0xFF, 0xFF, 0xFF, 0xFF, 0xE0, 0x6F, 0xFF, 0xFF, 0xFF, 0xFF, 0xFF, 0xFF, 0x80,
    0x00, 0x00, 0x00, 0x00, 0x2F, 0xFF, 0xFF, 0x10, 0x00, 0x00, 0x00, 0x00, 0x9F, 0xFF, 0xF9, 0x00,
    0x00, 0x00, 0x00, 0x01, 0xFF, 0xFF, 0xF2, 0x00, 0x00, 0x00, 0x00, 0x08, 0xFF, 0xFF, 0xB0, 0x00,
    0x00, 0x00, 0x00, 0x0E, 0xFF, 0xFF, 0x30, 0x00, 0x00, 0x00, 0x00, 0x7F, 0xFF, 0xFC, 0x00, 0x00,
    0x00, 0x00, 0x00, 0xEF, 0xFF, 0xF5, 0x00, 0x00, 0x00, 0x00, 0x06, 0xFF, 0xFF, 0xD0, 0x00, 0x00,
    0x00, 0x00, 0x0D, 0xFF, 0xFF, 0x60, 0x00, 0x00, 0x00, 0x00, 0x5F, 0xFF, 0xFE, 0x00, 0x00, 0x00,
    0x00, 0x00, 0xDF, 0xFF, 0xF7, 0x00, 0x00, 0x00, 0x00, 0x05, 0xFF, 0xFF, 0xF1, 0x00, 0x00, 0x00,
    0x00, 0x0C, 0xFF, 0xFF, 0x90, 0x00, 0x00, 0x00, 0x00, 0x4F, 0xFF, 0xFF, 0x20, 0x00, 0x00, 0x00,
    0x00, 0xBF, 0xFF, 0xFA, 0x00, 0x00, 0x00, 0x00, 0x03, 0xFF, 0xFF, 0xF3, 0x00, 0x00, 0x00, 0x00,
    0x00, 0x00, 0x00, 0x00, 0x00, 0x00, 0x00, 0x00, 0x00, 0x00, 0x00, 0x06, 0xBF, 0xFF, 0xFC, 0x71,
    0x00, 0x00, 0x00, 0x04, 0xEF, 0xFF, 0xFF, 0xFF, 0xFE, 0x50, 0x00, 0x00, 0x3F, 0xFF, 0xFF, 0xFF,
    0xFF, 0xFF, 0xF4, 0x00, 0x00, 0xBF, 0xFF, 0xFF, 0xFF, 0xFF, 0xFF, 0xFD, 0x00, 0x00, 0xFF, 0xFF,
    0xFC, 0x65, 0xBF, 0xFF, 0xFF, 0x20, 0x01, 0xFF, 0xFF, 0xE0, 0x00, 0x0D, 0xFF, 0xFF, 0x40, 0x00,
    0xFF, 0xFF, 0xE0, 0x00, 0x0C, 0xFF, 0xFF, 0x10, 0x00, 0x9F, 0xFF, 0xF9, 0x22, 0x8F, 0xFF, 0xFB,
    0x00, 0x00, 0x1D, 0xFF, 0xFF, 0xFF, 0xFF, 0xFF, 0xE2, 0x00, 0x00, 0x01, 0xBF, 0xFF, 0xFF, 0xFF,
    0xFC, 0x20, 0x00, 0x00, 0x02, 0xBF, 0xFF, 0xFF, 0xFF, 0xFC, 0x30, 0x00, 0x00, 0x4F, 0xFF, 0xFF,
    0xFF, 0xFF, 0xFF, 0xF5, 0x00, 0x01, 0xEF, 0xFF, 0xF8, 0x43, 0x7F, 0xFF, 0xFF, 0x20, 0x08, 0xFF,
    0xFF, 0x60, 0x00, 0x04, 0xFF, 0xFF, 0xA0, 0x0C, 0xFF, 0xFF, 0x20, 0x00, 0x00, 0xFF, 0xFF, 0xE0,
    0x0D, 0xFF, 0xFF, 0x50, 0x00, 0x03, 0xFF, 0xFF, 0xF0, 0x0B, 0xFF, 0xFF, 0xE5, 0x00, 0x4D, 0xFF,
    0xFF, 0xD0, 0x06, 0xFF, 0xFF, 0xFF, 0xFF, 0xFF, 0xFF, 0xFF, 0x80, 0x00, 0xDF, 0xFF, 0xFF, 0xFF,
    0xFF, 0xFF, 0xFE, 0x10, 0x00, 0x1C, 0xFF, 0xFF, 0xFF, 0xFF, 0xFF, 0xD2, 0x00, 0x00, 0x00, 0x6C,
    0xFF, 0xFF, 0xFF, 0xD7, 0x00, 0x00, 0x00, 0x00, 0x00, 0x14, 0x55, 0x42, 0x00, 0x00, 0x00, 0x00,
    0x00, 0x00, 0x00, 0x00, 0x00, 0x00, 0x00, 0x00, 0x00, 0x00, 0x06, 0xCE, 0xFF, 0xEA, 0x40, 0x00,
    0x00, 0x00, 0x03, 0xEF, 0xFF, 0xFF, 0xFF, 0xFB, 0x10, 0x00, 0x00, 0x3F, 0xFF, 0xFF, 0xFF, 0xFF,
    0xFF, 0xD1, 0x00, 0x00, 0xEF, 0xFF, 0xFF, 0xFF, 0xFF, 0xFF, 0xFB, 0x00, 0x06, 0xFF, 0xFF, 0xFA,
    0x56, 0xDF, 0xFF, 0xFF, 0x30, 0x0C, 0xFF, 0xFF, 0x70, 0x00, 0x0C, 0xFF, 0xFF, 0x70, 0x0E, 0xFF,
    0xFF, 0x00, 0x00, 0x06, 0xFF, 0xFF, 0xA0, 0x0F, 0xFF, 0xFF, 0x00, 0x00, 0x05, 0xFF, 0xFF, 0xA0,
    0x0D, 0xFF, 0xFF, 0x50, 0x00, 0x0B, 0xFF, 0xFF, 0x90, 0x0A, 0xFF, 0xFF, 0xF8, 0x45, 0xBF, 0xFF,
    0xFF, 0x50, 0x04, 0xFF, 0xFF, 0xFF, 0xFF, 0xFF, 0xFF, 0xFF, 0x00, 0x00, 0xAF, 0xFF, 0xFF, 0xFF,
    0xFF, 0xFF, 0xF9, 0x00, 0x00, 0x0B, 0xFF, 0xFF, 0xFF, 0xFF, 0xFF, 0xF2, 0x00, 0x00, 0x00, 0x6C,
    0xFF, 0xFF, 0xFF, 0xFF, 0x80, 0x00, 0x00, 0x00, 0x00, 0x01, 0x9F, 0xFF, 0xFE, 0x10, 0x00, 0x00,
    0x00, 0x00, 0x02, 0xFF, 0xFF, 0xF7, 0x00, 0x00, 0x00, 0x00, 0x00, 0x0B, 0xFF, 0xFF, 0xD0, 0x00,
    0x00, 0x00, 0x00, 0x00, 0x4F, 0xFF, 0xFF, 0x50, 0x00, 0x00, 0x00, 0x00, 0x00, 0xDF, 0xFF, 0xFC,
    0x00, 0x00, 0x00, 0x00, 0x00, 0x08, 0xFF, 0xFF, 0xF3, 0x00, 0x00, 0x00, 0x00, 0x00, 0x2F, 0xFF,
    0xFF, 0xA0, 0x00, 0x00, 0x00, 0x00, 0x00, 0x10, 0x00, 0x00, 0x00, 0x7F, 0xFD, 0x30, 0x00, 0x04,
    0xFF, 0xFF, 0xE0, 0x00, 0x08, 0xFF, 0xFF, 0xF2, 0x00, 0x07, 0xFF, 0xFF, 0xF1, 0x00, 0x01, 0xEF,
    0xFF, 0x90, 0x00, 0x00, 0x17, 0x95, 0x00, 0x00, 0x00, 0x00, 0x00, 0x00, 0x00, 0x00, 0x00, 0x00,
    0x00, 0x00, 0x00, 0x00, 0x00, 0x00, 0x00, 0x00, 0x04, 0x52, 0x00, 0x00, 0x00, 0xBF, 0xFF, 0x60,
    0x00, 0x06, 0xFF, 0xFF, 0xF0, 0x00, 0x08, 0xFF, 0xFF, 0xF2, 0x00, 0x05, 0xFF, 0xFF, 0xF0, 0x00,
    0x00, 0xBF, 0xFF, 0x50, 0x00, 0x00, 0x03, 0x41, 0x00, 0x00, 0x00, 0x00, 0x00, 0x00, 0x00, 0x00,
    0x1B, 0xFF, 0xA0, 0x00, 0x00, 0x9F, 0xFF, 0xF8, 0x00, 0x00, 0xDF, 0xFF, 0xFC, 0x00, 0x00, 0xCF,
    0xFF, 0xFB, 0x00, 0x00, 0x5F, 0xFF, 0xF4, 0x00, 0x00, 0x03, 0x98, 0x30, 0x00, 0x00, 0x00, 0x00,
    0x00, 0x00, 0x00, 0x00, 0x00, 0x00, 0x00, 0x00, 0x00, 0x00, 0x00, 0x00, 0x00, 0x00, 0x00, 0x00,
    0x00, 0x00, 0x13, 0x33, 0x33, 0x00, 0x00, 0x8F, 0xFF, 0xF9, 0x00, 0x00, 0xAF, 0xFF, 0xF3, 0x00,
    0x00, 0xCF, 0xFF, 0xE0, 0x00, 0x00, 0xFF, 0xFF, 0x80, 0x00, 0x01, 0xFF, 0xFF, 0x20, 0x00, 0x04,
    0xFF, 0xFC, 0x00, 0x00, 0x06, 0xFF, 0xF6, 0x00, 0x00, 0x08, 0xFF, 0xF1, 0x00, 0x00, 0x06, 0x99,
    0x70, 0x00, 0x00, 0x00, 0x00, 0x00, 0x00, 0x00, 0x00, 0x00, 0x04, 0x00, 0x00, 0x00, 0x00, 0x00,
    0x00, 0x00, 0x06, 0xEA, 0x00, 0x00, 0x00, 0x00, 0x00, 0x00, 0x05, 0xDF, 0xFA, 0x00, 0x00, 0x00,
    0x00, 0x00, 0x04, 0xDF, 0xFF, 0xFA, 0x00, 0x00, 0x00, 0x00, 0x03, 0xCF, 0xFF, 0xFF, 0xFA, 0x00,
    0x00, 0x00, 0x02, 0xAF, 0xFF, 0xFF, 0xFF, 0xF6, 0x00, 0x00, 0x01, 0x9F, 0xFF, 0xFF, 0xFF, 0xF8,
    0x10, 0x00, 0x01, 0x8F, 0xFF, 0xFF, 0xFF, 0xE7, 0x10, 0x00, 0x00, 0x05, 0xFF, 0xFF, 0xFF, 0xE7,
    0x00, 0x00, 0x00, 0x00, 0x05, 0xFF, 0xFF, 0xF9, 0x00, 0x00, 0x00, 0x00, 0x00, 0x05, 0xFF, 0xFF,
    0xFF, 0xA3, 0x00, 0x00, 0x00, 0x00, 0x02, 0xDF, 0xFF, 0xFF, 0xFF, 0xB3, 0x00, 0x00, 0x00, 0x00,
    0x05, 0xDF, 0xFF, 0xFF, 0xFF, 0xB3, 0x00, 0x00, 0x00, 0x00, 0x06, 0xEF, 0xFF, 0xFF, 0xFF, 0xC3,
    0x00, 0x00, 0x00, 0x00, 0x08, 0xFF, 0xFF, 0xFF, 0xFA, 0x00, 0x00, 0x00, 0x00, 0x00, 0x19, 0xFF,
    0xFF, 0xFA, 0x00, 0x00, 0x00, 0x00, 0x00, 0x00, 0x2A, 0xFF, 0xFA, 0x00, 0x00, 0x00, 0x00, 0x00,
    0x00, 0x00, 0x2B, 0xFA, 0x00, 0x00, 0x00, 0x00, 0x00, 0x00, 0x00, 0x00, 0x37, 0x00, 0x00, 0x00,
    0x00, 0x00, 0x00, 0x00, 0x00, 0x00, 0x00, 0x05, 0xFF, 0xFF, 0xFF, 0xFF, 0xFF, 0xFF, 0xFA, 0x00,
    0x05, 0xFF, 0xFF, 0xFF, 0xFF, 0xFF, 0xFF, 0xFA, 0x00, 0x05, 0xFF, 0xFF, 0xFF, 0xFF, 0xFF, 0xFF,
    0xFA, 0x00, 0x05, 0xFF, 0xFF, 0xFF, 0xFF, 0xFF, 0xFF, 0xFA, 0x00, 0x02, 0x77, 0x77, 0x77, 0x77,
    0x77, 0x77, 0x74, 0x00, 0x00, 0x00, 0x00, 0x00, 0x00, 0x00, 0x00, 0x00, 0x00, 0x00, 0x22, 0x22,
    0x22, 0x22, 0x22, 0x22, 0x21, 0x00, 0x05, 0xFF, 0xFF, 0xFF, 0xFF, 0xFF, 0xFF, 0xFA, 0x00, 0x05,
    0xFF, 0xFF, 0xFF, 0xFF, 0xFF, 0xFF, 0xFA, 0x00, 0x05, 0xFF, 0xFF, 0xFF, 0xFF, 0xFF, 0xFF, 0xFA,
    0x00, 0x05, 0xFF, 0xFF, 0xFF, 0xFF, 0xFF, 0xFF, 0xFA, 0x00, 0x01, 0x33, 0x33, 0x33, 0x33, 0x33,
    0x33, 0x32, 0x00, 0x00, 0x00, 0x00, 0x00, 0x00, 0x00, 0x00, 0x00, 0x00, 0x00, 0x00, 0x00, 0x00,
    0x00, 0x00, 0x00, 0x00, 0x00, 0x00, 0x00, 0x00, 0x00, 0x00, 0x00, 0x00, 0x00, 0x00, 0x00, 0x00,
    0x00, 0x00, 0x00, 0x00, 0x00, 0x00, 0x00, 0x02, 0x20, 0x00, 0x00, 0x00, 0x00, 0x00, 0x00, 0x00,
    0x05, 0xF9, 0x10, 0x00, 0x00, 0x00, 0x00, 0x00, 0x00, 0x05, 0xFF, 0xF8, 0x00, 0x00, 0x00, 0x00,
    0x00, 0x00, 0x05, 0xFF, 0xFF, 0xE7, 0x00, 0x00, 0x00, 0x00, 0x00, 0x05, 0xFF, 0xFF, 0xFF, 0xE6,
    0x00, 0x00, 0x00, 0x00, 0x03, 0xDF, 0xFF, 0xFF, 0xFF, 0xD5, 0x00, 0x00, 0x00, 0x00, 0x05, 0xDF,
    0xFF, 0xFF, 0xFF, 0xC3, 0x00, 0x00, 0x00, 0x00, 0x05, 0xDF, 0xFF, 0xFF, 0xFF, 0xB2, 0x00, 0x00,
    0x00, 0x00, 0x05, 0xDF, 0xFF, 0xFF, 0xFA, 0x00, 0x00, 0x00, 0x00, 0x00, 0x06, 0xFF, 0xFF, 0xFA,
    0x00, 0x00, 0x00, 0x00, 0x01, 0x8F, 0xFF, 0xFF, 0xFA, 0x00, 0x00, 0x00, 0x01, 0x8F, 0xFF, 0xFF,
    0xFF, 0xE5, 0x00, 0x00, 0x01, 0x9F, 0xFF, 0xFF, 0xFF, 0xF8, 0x10, 0x00, 0x01, 0x9F, 0xFF, 0xFF,
    0xFF, 0xF9, 0x10, 0x00, 0x00, 0x05, 0xFF, 0xFF, 0xFF, 0xFA, 0x20, 0x00, 0x00, 0x00, 0x05, 0xFF,
    0xFF, 0xFB, 0x30, 0x00, 0x00, 0x00, 0x00, 0x05, 0xFF, 0xFC, 0x40, 0x00, 0x00, 0x00, 0x00, 0x00,
    0x05, 0xFD, 0x50, 0x00, 0x00, 0x00, 0x00, 0x00, 0x00, 0x04, 0x60, 0x00, 0x00, 0x00, 0x00, 0x00,
    0x00, 0x00, 0x00, 0x00, 0x00, 0x00, 0x00, 0x00, 0x00, 0x00, 0x00, 0x00, 0x00, 0x00, 0x00, 0x00,
    0x00, 0x00, 0x00, 0x00, 0x01, 0x8D, 0xFF, 0xFE, 0x92, 0x00, 0x00, 0x00, 0x6F, 0xFF, 0xFF, 0xFF,
    0xFF, 0x70, 0x00, 0x07, 0xFF, 0xFF, 0xFF, 0xFF, 0xFF, 0xF5, 0x00, 0x2F, 0xFF, 0xFF, 0xFF, 0xFF,
    0xFF, 0xFD, 0x00, 0x9F, 0xFF, 0xFF, 0x97, 0xCF, 0xFF, 0xFF, 0x20, 0x1A, 0xFF, 0xD1, 0x00, 0x0D,
    0xFF, 0xFF, 0x30, 0x00, 0x5E, 0x30, 0x00, 0x0D, 0xFF, 0xFF, 0x20, 0x00, 0x00, 0x00, 0x00, 0xAF,
    0xFF, 0xFD, 0x00, 0x00, 0x00, 0x00, 0x1C, 0xFF, 0xFF, 0xF3, 0x00, 0x00, 0x00, 0x00, 0xDF, 0xFF,
    0xFE, 0x30, 0x00, 0x00, 0x00, 0x07, 0xFF, 0xFF, 0xC1, 0x00, 0x00, 0x00, 0x00, 0x0C, 0xFF, 0xFF,
    0x10, 0x00, 0x00, 0x00, 0x00, 0x0C, 0xFF, 0xFB, 0x00, 0x00, 0x00, 0x00, 0x00, 0x0B, 0xFF, 0xF9,
    0x00, 0x00, 0x00, 0x00, 0x00, 0x01, 0x22, 0x21, 0x00, 0x00, 0x00, 0x00, 0x00, 0x00, 0x35, 0x30,
    0x00, 0x00, 0x00, 0x00, 0x00, 0x08, 0xFF, 0xF9, 0x00, 0x00, 0x00, 0x00, 0x00, 0x2F, 0xFF, 0xFF,
    0x30, 0x00, 0x00, 0x00, 0x00, 0x5F, 0xFF, 0xFF, 0x50, 0x00, 0x00, 0x00, 0x00, 0x2F, 0xFF, 0xFF,
    0x20, 0x00, 0x00, 0x00, 0x00, 0x08, 0xFF, 0xF8, 0x00, 0x00, 0x00, 0x00, 0x00, 0x00, 0x25, 0x20,
    0x00, 0x00, 0x00, 0x00, 0x00, 0x00, 0x00, 0x00, 0x00, 0x00, 0x00, 0x00, 0x00, 0x00, 0x00, 0x00,
    0x00, 0x00, 0x05, 0xAD, 0xFF, 0xFF, 0xD9, 0x40, 0x00, 0x00, 0x00, 0x00, 0x00, 0x05, 0xEF, 0xFF,
    0xFF, 0xFF, 0xFF, 0xFD, 0x50, 0x00, 0x00, 0x00, 0x00, 0xAF, 0xFF, 0xFF, 0xFF, 0xFF, 0xFF, 0xFF,
    0xFA, 0x00, 0x00, 0x00, 0x0B, 0xFF, 0xFF, 0xA4, 0x10, 0x01, 0x5A, 0xFF, 0xFF, 0xA0, 0x00, 0x00,
    0x9F, 0xFF, 0xD2, 0x00, 0x00, 0x00, 0x00, 0x3D, 0xFF, 0xF6, 0x00, 0x02, 0xFF, 0xFD, 0x00, 0x6D,
    0xFE, 0x90, 0x9A, 0xA4, 0xEF, 0xFE, 0x00, 0x0A, 0xFF, 0xF2, 0x0A, 0xFF, 0xFF, 0xFB, 0xEF, 0xF4,
    0x4F, 0xFF, 0x50, 0x0F, 0xFF, 0x90, 0x5F, 0xFF, 0xFF, 0xFF, 0xFF, 0xF4, 0x0D, 0xFF, 0x90, 0x3F,
    0xFF, 0x30, 0xCF, 0xFF, 0xF9, 0xBF, 0xFF, 0xF4, 0x0A, 0xFF, 0xC0, 0x5F, 0xFF, 0x00, 0xFF, 0xFF,
    0x40, 0x09, 0xFF, 0xF4, 0x08, 0xFF, 0xC0, 0x6F, 0xFF, 0x01, 0xFF, 0xFF, 0x00, 0x05, 0xFF, 0xF4,
    0x09, 0xFF, 0xB0, 0x5F, 0xFF, 0x00, 0xFF, 0xFF, 0x30, 0x08, 0xFF, 0xF4, 0x0C, 0xFF, 0x90, 0x3F,
    0xFF, 0x20, 0xCF, 0xFF, 0xE9, 0xAF, 0xFF, 0xF8, 0x4F, 0xFF, 0x40, 0x0F, 0xFF, 0x70, 0x6F, 0xFF,
    0xFF, 0xFF, 0xDF, 0xFF, 0xFF, 0xFD, 0x00, 0x0B, 0xFF, 0xE0, 0x0A, 0xFF, 0xFF, 0xFD, 0x1F, 0xFF,
    0xFF, 0xE3, 0x00, 0x04, 0xFF, 0xFA, 0x00, 0x7D, 0xFF, 0xA1, 0x03, 0xCF, 0xFA, 0x20, 0x00, 0x00,
    0xBF, 0xFF, 0x90, 0x00, 0x00, 0x00, 0x00, 0x00, 0x00, 0x00, 0x00, 0x00, 0x1E, 0xFF, 0xFD, 0x60,
    0x00, 0x00, 0x03, 0xA8, 0x00, 0x00, 0x00, 0x00, 0x02, 0xDF, 0xFF, 0xFF, 0xDB, 0xBC, 0xFF, 0xFF,
    0x00, 0x00, 0x00, 0x00, 0x00, 0x1A, 0xFF, 0xFF, 0xFF, 0xFF, 0xFF, 0xFF, 0x50, 0x00, 0x00, 0x00,
    0x00, 0x00, 0x29, 0xEF, 0xFF, 0xFF, 0xFE, 0xA3, 0x00, 0x00, 0x00, 0x00, 0x00, 0x00, 0x00, 0x02,
    0x45, 0x54, 0x20, 0x00, 0x00, 0x00, 0x00, 0x00, 0x00, 0x00, 0x03, 0xBB, 0xBB, 0xA0, 0x00, 0x00,
    0x00, 0x00, 0x00, 0x00, 0x00, 0x0A, 0xFF, 0xFF, 0xF3, 0x00, 0x00, 0x00, 0x00, 0x00, 0x00, 0x00,
    0x0F, 0xFF, 0xFF, 0xF9, 0x00, 0x00, 0x00, 0x00, 0x00, 0x00, 0x00, 0x6F, 0xFF, 0xFF, 0xFF, 0x00,
    0x00, 0x00, 0x00, 0x00, 0x00, 0x00, 0xCF, 0xFF, 0xFF, 0xFF, 0x60, 0x00, 0x00, 0x00, 0x00, 0x00,
    0x02, 0xFF, 0xFF, 0xFF, 0xFF, 0xC0, 0x00, 0x00, 0x00, 0x00, 0x00, 0x08, 0xFF, 0xFF, 0xEF, 0xFF,
    0xF2, 0x00, 0x00, 0x00, 0x00, 0x00, 0x0E, 0xFF, 0xFE, 0x5F, 0xFF, 0xF8, 0x00, 0x00, 0x00, 0x00,
    0x00, 0x4F, 0xFF, 0xF9, 0x0E, 0xFF, 0xFE, 0x00, 0x00, 0x00, 0x00, 0x00, 0xAF, 0xFF, 0xF3, 0x09,
    0xFF, 0xFF, 0x40, 0x00, 0x00, 0x00, 0x01, 0xFF, 0xFF, 0xD0, 0x04, 0xFF, 0xFF, 0xA0, 0x00, 0x00,
    0x00, 0x06, 0xFF, 0xFF, 0x80, 0x00, 0xEF, 0xFF, 0xF0, 0x00, 0x00, 0x00, 0x0C, 0xFF, 0xFF, 0xFD,
    0xDD, 0xFF, 0xFF, 0xF6, 0x00, 0x00, 0x00, 0x2F, 0xFF, 0xFF, 0xFF, 0xFF, 0xFF, 0xFF, 0xFC, 0x00,
    0x00, 0x00, 0x8F, 0xFF, 0xFF, 0xFF, 0xFF, 0xFF, 0xFF, 0xFF, 0x20, 0x00, 0x00, 0xEF, 0xFF, 0xFF,
    0xFF, 0xFF, 0xFF, 0xFF, 0xFF, 0x80, 0x00, 0x04, 0xFF, 0xFF, 0xFB, 0xBB, 0xBB, 0xBE, 0xFF, 0xFF,
    0xE0, 0x00, 0x0A, 0xFF, 0xFF, 0x60, 0x00, 0x00, 0x00, 0xCF, 0xFF, 0xF4, 0x00, 0x1F, 0xFF, 0xFF,
    0x10, 0x00, 0x00, 0x00, 0x7F, 0xFF, 0xFA, 0x00, 0x6F, 0xFF, 0xFA, 0x00, 0x00, 0x00, 0x00, 0x1F,
    0xFF, 0xFF, 0x10, 0xDF, 0xFF, 0xF5, 0x00, 0x00, 0x00, 0x00, 0x0C, 0xFF, 0xFF, 0x60, 0x03, 0xBB,
    0xBB, 0xBB, 0xBB, 0xAA, 0x85, 0x00, 0x00, 0x00, 0x05, 0xFF, 0xFF, 0xFF, 0xFF, 0xFF, 0xFF, 0xE5,
    0x00, 0x00, 0x05, 0xFF, 0xFF, 0xFF, 0xFF, 0xFF, 0xFF, 0xFF, 0x60, 0x00, 0x05, 0xFF, 0xFF, 0xFF,
    0xFF, 0xFF, 0xFF, 0xFF, 0xE0, 0x00, 0x05, 0xFF, 0xFF, 0xDB, 0xBB, 0xCF, 0xFF, 0xFF, 0xF4, 0x00,
    0x05, 0xFF, 0xFF, 0x80, 0x00, 0x00, 0xDF, 0xFF, 0xF6, 0x00, 0x05, 0xFF, 0xFF, 0x80, 0x00, 0x00,
    0x9F, 0xFF, 0xF6, 0x00, 0x05, 0xFF, 0xFF, 0x80, 0x00, 0x01, 0xDF, 0xFF, 0xF3, 0x00, 0x05, 0xFF,
    0xFF, 0xFB, 0xBB, 0xBF, 0xFF, 0xFF, 0xD0, 0x00, 0x05, 0xFF, 0xFF, 0xFF, 0xFF, 0xFF, 0xFF, 0xFD,
    0x20, 0x00, 0x05, 0xFF, 0xFF, 0xFF, 0xFF, 0xFF, 0xFF, 0xF7, 0x00, 0x00, 0x05, 0xFF, 0xFF, 0xFF,
    0xFF, 0xFF, 0xFF, 0xFF, 0xE2, 0x00, 0x05, 0xFF, 0xFF, 0xFB, 0xBB, 0xBC, 0xFF, 0xFF, 0xFD, 0x00,
    0x05, 0xFF, 0xFF, 0x80, 0x00, 0x00, 0x2E, 0xFF, 0xFF, 0x40, 0x05, 0xFF, 0xFF, 0x80, 0x00, 0x00,
    0x09, 0xFF, 0xFF, 0x60, 0x05, 0xFF, 0xFF, 0x80, 0x00, 0x00, 0x0C, 0xFF, 0xFF, 0x70, 0x05, 0xFF,
    0xFF, 0xB6, 0x66, 0x67, 0xCF, 0xFF, 0xFF, 0x50, 0x05, 0xFF, 0xFF, 0xFF, 0xFF, 0xFF, 0xFF, 0xFF,
    0xFF, 0x00, 0x05, 0xFF, 0xFF, 0xFF, 0xFF, 0xFF, 0xFF, 0xFF, 0xF6, 0x00, 0x05, 0xFF, 0xFF, 0xFF,
    0xFF, 0xFF, 0xFF, 0xFF, 0x70, 0x00, 0x05, 0xFF, 0xFF, 0xFF, 0xFF, 0xFF, 0xEC, 0x82, 0x00, 0x00,
    0x00, 0x00, 0x00, 0x00, 0x00, 0x00, 0x00, 0x00, 0x00, 0x00, 0x00, 0x00, 0x00, 0x28, 0xCF, 0xFF,
    0xFC, 0x70, 0x00, 0x00, 0x00, 0x00, 0x09, 0xFF, 0xFF, 0xFF, 0xFF, 0xFE, 0x40, 0x00, 0x00, 0x01,
    0xDF, 0xFF, 0xFF, 0xFF, 0xFF, 0xFF, 0xF7, 0x00, 0x00, 0x0C, 0xFF, 0xFF, 0xFF, 0xFF, 0xFF, 0xFF,
    0xFF, 0x40, 0x00, 0x8F, 0xFF, 0xFF, 0xFB, 0x88, 0xCF, 0xFF, 0xFF, 0xD0, 0x01, 0xFF, 0xFF, 0xFD,
    0x20, 0x00, 0x04, 0xFF, 0xFB, 0x10, 0x06, 0xFF, 0xFF, 0xE1, 0x00, 0x00, 0x00, 0x4F, 0x60, 0x00,
    0x0B, 0xFF, 0xFF, 0x70, 0x00, 0x00, 0x00, 0x01, 0x00, 0x00, 0x0E, 0xFF, 0xFF, 0x20, 0x00, 0x00,
    0x00, 0x00, 0x00, 0x00, 0x0F, 0xFF, 0xFF, 0x00, 0x00, 0x00, 0x00, 0x00, 0x00, 0x00, 0x0F, 0xFF,
    0xFF, 0x00, 0x00, 0x00, 0x00, 0x00, 0x00, 0x00, 0x0F, 0xFF, 0xFF, 0x00, 0x00, 0x00, 0x00, 0x00,
    0x00, 0x00, 0x0E, 0xFF, 0xFF, 0x20, 0x00, 0x00, 0x00, 0x00, 0x00, 0x00, 0x0B, 0xFF, 0xFF, 0x60,
    0x00, 0x00, 0x00, 0x00, 0x00, 0x00, 0x07, 0xFF, 0xFF, 0xD0, 0x00, 0x00, 0x00, 0x1B, 0x20, 0x00,
    0x01, 0xFF, 0xFF, 0xFA, 0x00, 0x00, 0x01, 0xCF, 0xF6, 0x00, 0x00, 0x9F, 0xFF, 0xFF, 0xD6, 0x44,
    0x7E, 0xFF, 0xFF, 0xB0, 0x00, 0x1E, 0xFF, 0xFF, 0xFF, 0xFF, 0xFF, 0xFF, 0xFF, 0x80, 0x00, 0x03,
    0xEF, 0xFF, 0xFF, 0xFF, 0xFF, 0xFF, 0xFB, 0x00, 0x00, 0x00, 0x2C, 0xFF, 0xFF, 0xFF, 0xFF, 0xFF,
    0x90, 0x00, 0x00, 0x00, 0x00, 0x6C, 0xFF, 0xFF, 0xFF, 0xC4, 0x00, 0x00, 0x00, 0x00, 0x00, 0x00,
    0x14, 0x55, 0x31, 0x00, 0x00, 0x00, 0x03, 0xBB, 0xBB, 0xBB, 0xBA, 0xA9, 0x62, 0x00, 0x00, 0x00,
    0x00, 0x05, 0xFF, 0xFF, 0xFF, 0xFF, 0xFF, 0xFF, 0xD5, 0x00, 0x00, 0x00, 0x05, 0xFF, 0xFF, 0xFF,
    0xFF, 0xFF, 0xFF, 0xFF, 0xA0, 0x00, 0x00, 0x05, 0xFF, 0xFF, 0xFF, 0xFF, 0xFF, 0xFF, 0xFF, 0xFB,
    0x00, 0x00, 0x05, 0xFF, 0xFF, 0xED, 0xDD, 0xFF, 0xFF, 0xFF, 0xFF, 0x70, 0x00, 0x05, 0xFF, 0xFF,
    0x80, 0x00, 0x01, 0x7F, 0xFF, 0xFF, 0xF1, 0x00, 0x05, 0xFF, 0xFF, 0x80, 0x00, 0x00, 0x03, 0xFF,
    0xFF, 0xF7, 0x00, 0x05, 0xFF, 0xFF, 0x80, 0x00, 0x00, 0x00, 0x8F, 0xFF, 0xFB, 0x00, 0x05, 0xFF,
    0xFF, 0x80, 0x00, 0x00, 0x00, 0x2F, 0xFF, 0xFE, 0x00, 0x05, 0xFF, 0xFF, 0x80, 0x00, 0x00, 0x00,
    0x0F, 0xFF, 0xFF, 0x00, 0x05, 0xFF, 0xFF, 0x80, 0x00, 0x00, 0x00, 0x0E, 0xFF, 0xFF, 0x10, 0x05,
    0xFF, 0xFF, 0x80, 0x00, 0x00, 0x00, 0x0F, 0xFF, 0xFF, 0x10, 0x05, 0xFF, 0xFF, 0x80, 0x00, 0x00,
    0x00, 0x1F, 0xFF, 0xFF, 0x00, 0x05, 0xFF, 0xFF, 0x80, 0x00, 0x00, 0x00, 0x7F, 0xFF, 0xFC, 0x00,
    0x05, 0xFF, 0xFF, 0x80, 0x00, 0x00, 0x01, 0xEF, 0xFF, 0xF8, 0x00, 0x05, 0xFF, 0xFF, 0x80, 0x00,
    0x00, 0x4E, 0xFF, 0xFF, 0xF2, 0x00, 0x05, 0xFF, 0xFF, 0xC9, 0x99, 0xAD, 0xFF, 0xFF, 0xFF, 0x90,
    0x00, 0x05, 0xFF, 0xFF, 0xFF, 0xFF, 0xFF, 0xFF, 0xFF, 0xFD, 0x10, 0x00, 0x05, 0xFF, 0xFF, 0xFF,
    0xFF, 0xFF, 0xFF, 0xFF, 0xD1, 0x00, 0x00, 0x05, 0xFF, 0xFF, 0xFF, 0xFF, 0xFF, 0xFF, 0xF8, 0x00,
    0x00, 0x00, 0x05, 0xFF, 0xFF, 0xFF, 0xFF, 0xFD, 0xA6, 0x10, 0x00, 0x00, 0x00, 0x03, 0xBB, 0xBB,
    0xBB, 0xBB, 0xBB, 0xBB, 0xB8, 0x00, 0x05, 0xFF, 0xFF, 0xFF, 0xFF, 0xFF, 0xFF, 0xFC, 0x00, 0x05,
    0xFF, 0xFF, 0xFF, 0xFF, 0xFF, 0xFF, 0xFC, 0x00, 0x05, 0xFF, 0xFF, 0xFF, 0xFF, 0xFF, 0xFF, 0xFC,
    0x00, 0x05, 0xFF, 0xFF, 0xDB, 0xBB, 0xBB, 0xBB, 0xB8, 0x00, 0x05, 0xFF, 0xFF, 0x80, 0x00, 0x00,
    0x00, 0x00, 0x00, 0x05, 0xFF, 0xFF, 0x80, 0x00, 0x00, 0x00, 0x00, 0x00, 0x05, 0xFF, 0xFF, 0x80,
    0x00, 0x00, 0x00, 0x00, 0x00, 0x05, 0xFF, 0xFF, 0xDB, 0xBB, 0xBB, 0xBB, 0xB2, 0x00, 0x05, 0xFF,
    0xFF, 0xFF, 0xFF, 0xFF, 0xFF, 0xF4, 0x00, 0x05, 0xFF, 0xFF, 0xFF, 0xFF, 0xFF, 0xFF, 0xF4, 0x00,
    0x05, 0xFF, 0xFF, 0xFF, 0xFF, 0xFF, 0xFF, 0xF4, 0x00, 0x05, 0xFF, 0xFF, 0xDB, 0xBB, 0xBB, 0xBB,
    0xB3, 0x00, 0x05, 0xFF, 0xFF, 0x80, 0x00, 0x00, 0x00, 0x00, 0x00, 0x05, 0xFF, 0xFF, 0x80, 0x00,
    0x00, 0x00, 0x00, 0x00, 0x05, 0xFF, 0xFF, 0x80, 0x00, 0x00, 0x00, 0x00, 0x00, 0x05, 0xFF, 0xFF,
    0xB6, 0x66, 0x66, 0x66, 0x66, 0x00, 0x05, 0xFF, 0xFF, 0xFF, 0xFF, 0xFF, 0xFF, 0xFF, 0x10, 0x05,
    0xFF, 0xFF, 0xFF, 0xFF, 0xFF, 0xFF, 0xFF, 0x10, 0x05, 0xFF, 0xFF, 0xFF, 0xFF, 0xFF, 0xFF, 0xFF,
    0x10, 0x05, 0xFF, 0xFF, 0xFF, 0xFF, 0xFF, 0xFF, 0xFF, 0x10, 0x03, 0xBB, 0xBB, 0xBB, 0xBB, 0xBB,
    0xBB, 0xB6, 0x00, 0x05, 0xFF, 0xFF, 0xFF, 0xFF, 0xFF, 0xFF, 0xF8, 0x00, 0x05, 0xFF, 0xFF, 0xFF,
    0xFF, 0xFF, 0xFF, 0xF8, 0x00, 0x05, 0xFF, 0xFF, 0xFF, 0xFF, 0xFF, 0xFF, 0xF8, 0x00, 0x05, 0xFF,
    0xFF, 0xED, 0xDD, 0xDD, 0xDD, 0xD7, 0x00, 0x05, 0xFF, 0xFF, 0x80, 0x00, 0x00, 0x00, 0x00, 0x00,
    0x05, 0xFF, 0xFF, 0x80, 0x00, 0x00, 0x00, 0x00, 0x00, 0x05, 0xFF, 0xFF, 0x80, 0x00, 0x00, 0x00,
    0x00, 0x00, 0x05, 0xFF, 0xFF, 0x90, 0x00, 0x00, 0x00, 0x00, 0x00, 0x05, 0xFF, 0xFF, 0xFF, 0xFF,
    0xFF, 0xFF, 0xE0, 0x00, 0x05, 0xFF, 0xFF, 0xFF, 0xFF, 0xFF, 0xFF, 0xE0, 0x00, 0x05, 0xFF, 0xFF,
    0xFF, 0xFF, 0xFF, 0xFF, 0xE0, 0x00, 0x05, 0xFF, 0xFF, 0xFF, 0xFF, 0xFF, 0xFF, 0xE0, 0x00, 0x05,
    0xFF, 0xFF, 0xC8, 0x88, 0x88, 0x88, 0x70, 0x00, 0x05, 0xFF, 0xFF, 0x80, 0x00, 0x00, 0x00, 0x00,
    0x00, 0x05, 0xFF, 0xFF, 0x80, 0x00, 0x00, 0x00, 0x00, 0x00, 0x05, 0xFF, 0xFF, 0x80, 0x00, 0x00,
    0x00, 0x00, 0x00, 0x05, 0xFF, 0xFF, 0x80, 0x00, 0x00, 0x00, 0x00, 0x00, 0x05, 0xFF, 0xFF, 0x80,
    0x00, 0x00, 0x00, 0x00, 0x00, 0x05, 0xFF, 0xFF, 0x80, 0x00, 0x00, 0x00, 0x00, 0x00, 0x05, 0xFF,
    0xFF, 0x80, 0x00, 0x00, 0x00, 0x00, 0x00, 0x00, 0x00, 0x00, 0x00, 0x00, 0x00, 0x00, 0x00, 0x00,
    0x00, 0x00, 0x00, 0x00, 0x00, 0x17, 0xCF, 0xFF, 0xFD, 0x93, 0x00, 0x00, 0x00, 0x00, 0x00, 0x08,
    0xFF, 0xFF, 0xFF, 0xFF, 0xFF, 0x90, 0x00, 0x00, 0x00, 0x01, 0xCF, 0xFF, 0xFF, 0xFF, 0xFF, 0xFF,
    0xFB, 0x00, 0x00, 0x00, 0x0C, 0xFF, 0xFF, 0xFF, 0xFF, 0xFF, 0xFF, 0xFF, 0x70, 0x00, 0x00, 0x7F,
    0xFF, 0xFF, 0xFC, 0x98, 0xBF, 0xFF, 0xFF, 0x70, 0x00, 0x01, 0xFF, 0xFF, 0xFD, 0x30, 0x00, 0x02,
    0xDF, 0xC2, 0x00, 0x00, 0x06, 0xFF, 0xFF, 0xF1, 0x00, 0x00, 0x00, 0x27, 0x00, 0x00, 0x00, 0x0B,
    0xFF, 0xFF, 0x80, 0x00, 0x00, 0x00, 0x00, 0x00, 0x00, 0x00, 0x0E, 0xFF, 0xFF, 0x30, 0x00, 0x01,
    0x11, 0x11, 0x11, 0x10, 0x00, 0x0F, 0xFF, 0xFF, 0x00, 0x00, 0x1F, 0xFF, 0xFF, 0xFF, 0xF3, 0x00,
    0x0F, 0xFF, 0xFF, 0x00, 0x00, 0x1F, 0xFF, 0xFF, 0xFF, 0xF3, 0x00, 0x0F, 0xFF, 0xFF, 0x00, 0x00,
    0x1F, 0xFF, 0xFF, 0xFF, 0xF3, 0x00, 0x0E, 0xFF, 0xFF, 0x10, 0x00, 0x1F, 0xFF, 0xFF, 0xFF, 0xF3,
    0x00, 0x0C, 0xFF, 0xFF, 0x60, 0x00, 0x05, 0x55, 0x9F, 0xFF, 0xF3, 0x00, 0x08, 0xFF, 0xFF, 0xD0,
    0x00, 0x00, 0x00, 0x6F, 0xFF, 0xF3, 0x00, 0x02, 0xFF, 0xFF, 0xF9, 0x00, 0x00, 0x00, 0x9F, 0xFF,
    0xF3, 0x00, 0x00, 0xBF, 0xFF, 0xFF, 0xD6, 0x43, 0x6C, 0xFF, 0xFF, 0xF3, 0x00, 0x00, 0x2F, 0xFF,
    0xFF, 0xFF, 0xFF, 0xFF, 0xFF, 0xFF, 0xF2, 0x00, 0x00, 0x04, 0xFF, 0xFF, 0xFF, 0xFF, 0xFF, 0xFF,
    0xFF, 0x50, 0x00, 0x00, 0x00, 0x3D, 0xFF, 0xFF, 0xFF, 0xFF, 0xFF, 0xD4, 0x00, 0x00, 0x00, 0x00,
    0x00, 0x6D, 0xFF, 0xFF, 0xFF, 0xC7, 0x00, 0x00, 0x00, 0x00, 0x00, 0x00, 0x00, 0x14, 0x55, 0x31,
    0x00, 0x00, 0x00, 0x00, 0x03, 0xBB, 0xBB, 0x60, 0x00, 0x00, 0x00, 0x1B, 0xBB, 0xB8, 0x00, 0x05,
    0xFF, 0xFF, 0x80, 0x00, 0x00, 0x00, 0x1F, 0xFF, 0xFC, 0x00, 0x05, 0xFF, 0xFF, 0x80, 0x00, 0x00,
    0x00, 0x1F, 0xFF, 0xFC, 0x00, 0x05, 0xFF, 0xFF, 0x80, 0x00, 0x00, 0x00, 0x1F, 0xFF, 0xFC, 0x00,
    0x05, 0xFF, 0xFF, 0x80, 0x00, 0x00, 0x00, 0x1F, 0xFF, 0xFC, 0x00, 0x05, 0xFF, 0xFF, 0x80, 0x00,
    0x00, 0x00, 0x1F, 0xFF, 0xFC, 0x00, 0x05, 0xFF, 0xFF, 0x80, 0x00, 0x00, 0x00, 0x1F, 0xFF, 0xFC,
    0x00, 0x05, 0xFF, 0xFF, 0xC3, 0x33, 0x33, 0x33, 0x5F, 0xFF, 0xFC, 0x00, 0x05, 0xFF, 0xFF, 0xFF,
    0xFF, 0xFF, 0xFF, 0xFF, 0xFF, 0xFC, 0x00, 0x05, 0xFF, 0xFF, 0xFF, 0xFF, 0xFF, 0xFF, 0xFF, 0xFF,
    0xFC, 0x00, 0x05, 0xFF, 0xFF, 0xFF, 0xFF, 0xFF, 0xFF, 0xFF, 0xFF, 0xFC, 0x00, 0x05, 0xFF, 0xFF,
    0xFF, 0xFF, 0xFF, 0xFF, 0xFF, 0xFF, 0xFC, 0x00, 0x05, 0xFF, 0xFF, 0xE5, 0x55, 0x55, 0x55, 0x7F,
    0xFF, 0xFC, 0x00, 0x05, 0xFF, 0xFF, 0x80, 0x00, 0x00, 0x00, 0x1F, 0xFF, 0xFC, 0x00, 0x05, 0xFF,
    0xFF, 0x80, 0x00, 0x00, 0x00, 0x1F, 0xFF, 0xFC, 0x00, 0x05, 0xFF, 0xFF, 0x80, 0x00, 0x00, 0x00,
    0x1F, 0xFF, 0xFC, 0x00, 0x05, 0xFF, 0xFF, 0x80, 0x00, 0x00, 0x00, 0x1F, 0xFF, 0xFC, 0x00, 0x05,
    0xFF, 0xFF, 0x80, 0x00, 0x00, 0x00, 0x1F, 0xFF, 0xFC, 0x00, 0x05, 0xFF, 0xFF, 0x80, 0x00, 0x00,
    0x00, 0x1F, 0xFF, 0xFC, 0x00, 0x05, 0xFF, 0xFF, 0x80, 0x00, 0x00, 0x00, 0x1F, 0xFF, 0xFC, 0x00,
    0x05, 0xFF, 0xFF, 0x80, 0x00, 0x00, 0x00, 0x1F, 0xFF, 0xFC, 0x00, 0x03, 0xBB, 0xBB, 0x60, 0x05,
    0xFF, 0xFF, 0x80, 0x05, 0xFF, 0xFF, 0x80, 0x05, 0xFF, 0xFF, 0x80, 0x05, 0xFF, 0xFF, 0x80, 0x05,
    0xFF, 0xFF, 0x80, 0x05, 0xFF, 0xFF, 0x80, 0x05, 0xFF, 0xFF, 0x80, 0x05, 0xFF, 0xFF, 0x80, 0x05,
    0xFF, 0xFF, 0x80, 0x05, 0xFF, 0xFF, 0x80, 0x05, 0xFF, 0xFF, 0x80, 0x05, 0xFF, 0xFF, 0x80, 0x05,
    0xFF, 0xFF, 0x80, 0x05, 0xFF, 0xFF, 0x80, 0x05, 0xFF, 0xFF, 0x80, 0x05, 0xFF, 0xFF, 0x80, 0x05,
    0xFF, 0xFF, 0x80, 0x05, 0xFF, 0xFF, 0x80, 0x05, 0xFF, 0xFF, 0x80, 0x05, 0xFF, 0xFF, 0x80, 0x00,
    0x00, 0x00, 0x00, 0x3B, 0xBB, 0xB5, 0x00, 0x00, 0x00, 0x00, 0x00, 0x5F, 0xFF, 0xF8, 0x00, 0x00,
    0x00, 0x00, 0x00, 0x5F, 0xFF, 0xF8, 0x00, 0x00, 0x00, 0x00, 0x00, 0x5F, 0xFF, 0xF8, 0x00, 0x00,
    0x00, 0x00, 0x00, 0x5F, 0xFF, 0xF8, 0x00, 0x00, 0x00, 0x00, 0x00, 0x5F, 0xFF, 0xF8, 0x00, 0x00,
    0x00, 0x00, 0x00, 0x5F, 0xFF, 0xF8, 0x00, 0x00, 0x00, 0x00, 0x00, 0x5F, 0xFF, 0xF8, 0x00, 0x00,
    0x00, 0x00, 0x00, 0x5F, 0xFF, 0xF8, 0x00, 0x00, 0x00, 0x00, 0x00, 0x5F, 0xFF, 0xF8, 0x00, 0x00,
    0x00, 0x00, 0x00, 0x5F, 0xFF, 0xF8, 0x00, 0x00, 0x00, 0x00, 0x00, 0x5F, 0xFF, 0xF8, 0x00, 0x00,
    0x00, 0x00, 0x00, 0x5F, 0xFF, 0xF8, 0x00, 0x00, 0x00, 0x00, 0x00, 0x5F, 0xFF, 0xF8, 0x00, 0x00,
    0x04, 0x00, 0x00, 0x5F, 0xFF, 0xF8, 0x00, 0x01, 0xAF, 0x70, 0x00, 0x8F, 0xFF, 0xF7, 0x00, 0x4E,
    0xFF, 0xF7, 0x36, 0xFF, 0xFF, 0xF5, 0x00, 0xDF, 0xFF, 0xFF, 0xFF, 0xFF, 0xFF, 0xF1, 0x00, 0x5F,
    0xFF, 0xFF, 0xFF, 0xFF, 0xFF, 0x80, 0x00, 0x08, 0xFF, 0xFF, 0xFF, 0xFF, 0xFB, 0x00, 0x00, 0x00,
    0x4C, 0xFF, 0xFF, 0xFE, 0x70, 0x00, 0x00, 0x00, 0x00, 0x14, 0x54, 0x20, 0x00, 0x00, 0x00, 0x03,
    0xBB, 0xBB, 0x60, 0x00, 0x00, 0x02, 0xAB, 0xBB, 0xB9, 0x00, 0x05, 0xFF, 0xFF, 0x80, 0x00, 0x00,
    0x1D, 0xFF, 0xFF, 0xE2, 0x00, 0x05, 0xFF, 0xFF, 0x80, 0x00, 0x00, 0xCF, 0xFF, 0xFE, 0x20, 0x00,
    0x05, 0xFF, 0xFF, 0x80, 0x00, 0x0C, 0xFF, 0xFF, 0xF3, 0x00, 0x00, 0x05, 0xFF, 0xFF, 0x80, 0x00,
    0xBF, 0xFF, 0xFF, 0x30, 0x00, 0x00, 0x05, 0xFF, 0xFF, 0x80, 0x09, 0xFF, 0xFF, 0xF4, 0x00, 0x00,
    0x00, 0x05, 0xFF, 0xFF, 0x80, 0x8F, 0xFF, 0xFF, 0x40, 0x00, 0x00, 0x00, 0x05, 0xFF, 0xFF, 0x87,
    0xFF, 0xFF, 0xF4, 0x00, 0x00, 0x00, 0x00, 0x05, 0xFF, 0xFF, 0xEF, 0xFF, 0xFF, 0xE0, 0x00, 0x00,
    0x00, 0x00, 0x05, 0xFF, 0xFF, 0xFF, 0xFF, 0xFF, 0xF3, 0x00, 0x00, 0x00, 0x00, 0x05, 0xFF, 0xFF,
    0xFF, 0xFF, 0xFF, 0xFD, 0x00, 0x00, 0x00, 0x00, 0x05, 0xFF, 0xFF, 0xFF, 0xFF, 0xFF, 0xFF, 0x70,
    0x00, 0x00, 0x00, 0x05, 0xFF, 0xFF, 0xFF, 0x7C, 0xFF, 0xFF, 0xF2, 0x00, 0x00, 0x00, 0x05, 0xFF,
    0xFF, 0xF8, 0x02, 0xFF, 0xFF, 0xFC, 0x00, 0x00, 0x00, 0x05, 0xFF, 0xFF, 0xF0, 0x00, 0x8F, 0xFF,
    0xFF, 0x60, 0x00, 0x00, 0x05, 0xFF, 0xFF, 0x80, 0x00, 0x0E, 0xFF, 0xFF, 0xE1, 0x00, 0x00, 0x05,
    0xFF, 0xFF, 0x80, 0x00, 0x05, 0xFF, 0xFF, 0xFA, 0x00, 0x00, 0x05, 0xFF, 0xFF, 0x80, 0x00, 0x00,
    0xBF, 0xFF, 0xFF, 0x40, 0x00, 0x05, 0xFF, 0xFF, 0x80, 0x00, 0x00, 0x2F, 0xFF, 0xFF, 0xE0, 0x00,
    0x05, 0xFF, 0xFF, 0x80, 0x00, 0x00, 0x07, 0xFF, 0xFF, 0xF9, 0x00, 0x05, 0xFF, 0xFF, 0x80, 0x00,
    0x00, 0x00, 0xDF, 0xFF, 0xFF, 0x30, 0x03, 0xBB, 0xBB, 0x60, 0x00, 0x00, 0x00, 0x00, 0x00, 0x05,
    0xFF, 0xFF, 0x80, 0x00, 0x00, 0x00, 0x00, 0x00, 0x05, 0xFF, 0xFF, 0x80, 0x00, 0x00, 0x00, 0x00,
    0x00, 0x05, 0xFF, 0xFF, 0x80, 0x00, 0x00, 0x00, 0x00, 0x00, 0x05, 0xFF, 0xFF, 0x80, 0x00, 0x00,
    0x00, 0x00, 0x00, 0x05, 0xFF, 0xFF, 0x80, 0x00, 0x00, 0x00, 0x00, 0x00, 0x05, 0xFF, 0xFF, 0x80,
    0x00, 0x00, 0x00, 0x00, 0x00, 0x05, 0xFF, 0xFF, 0x80, 0x00, 0x00, 0x00, 0x00, 0x00, 0x05, 0xFF,
    0xFF, 0x80, 0x00, 0x00, 0x00, 0x00, 0x00, 0x05, 0xFF, 0xFF, 0x80, 0x00, 0x00, 0x00, 0x00, 0x00,
    0x05, 0xFF, 0xFF, 0x80, 0x00, 0x00, 0x00, 0x00, 0x00, 0x05, 0xFF, 0xFF, 0x80, 0x00, 0x00, 0x00,
    0x00, 0x00, 0x05, 0xFF, 0xFF, 0x80, 0x00, 0x00, 0x00, 0x00, 0x00, 0x05, 0xFF, 0xFF, 0x80, 0x00,
    0x00, 0x00, 0x00, 0x00, 0x05, 0xFF, 0xFF, 0x80, 0x00, 0x00, 0x00, 0x00, 0x00, 0x05, 0xFF, 0xFF,
    0x80, 0x00, 0x00, 0x00, 0x00, 0x00, 0x05, 0xFF, 0xFF, 0xB6, 0x66, 0x66, 0x66, 0x66, 0x00, 0x05,
    0xFF, 0xFF, 0xFF, 0xFF, 0xFF, 0xFF, 0xFF, 0x00, 0x05, 0xFF, 0xFF, 0xFF, 0xFF, 0xFF, 0xFF, 0xFF,
    0x00, 0x05, 0xFF, 0xFF, 0xFF, 0xFF, 0xFF, 0xFF, 0xFF, 0x00, 0x05, 0xFF, 0xFF, 0xFF, 0xFF, 0xFF,
    0xFF, 0xFF, 0x00, 0x03, 0xBB, 0xBA, 0x20, 0x00, 0x00, 0x00, 0x00, 0x00, 0x08, 0xBB, 0xB8, 0x00,
    0x05, 0xFF, 0xFF, 0xC0, 0x00, 0x00, 0x00, 0x00, 0x00, 0x5F, 0xFF, 0xFC, 0x00, 0x05, 0xFF, 0xFF,
    0xF6, 0x00, 0x00, 0x00, 0x00, 0x00, 0xEF, 0xFF, 0xFC, 0x00, 0x05, 0xFF, 0xFF, 0xFF, 0x10, 0x00,
    0x00, 0x00, 0x09, 0xFF, 0xFF, 0xFC, 0x00, 0x05, 0xFF, 0xFF, 0xFF, 0xB0, 0x00, 0x00, 0x00, 0x4F,
    0xFF, 0xFF, 0xFC, 0x00, 0x05, 0xFF, 0xFF, 0xFF, 0xF5, 0x00, 0x00, 0x00, 0xDF, 0xFF, 0xFF, 0xFC,
    0x00, 0x05, 0xFF, 0xFF, 0xFF, 0xFE, 0x10, 0x00, 0x08, 0xFF, 0xFF, 0xFF, 0xFC, 0x00, 0x05, 0xFF,
    0xFF, 0xFF, 0xFF, 0xA0, 0x00, 0x3F, 0xFF, 0xFF, 0xFF, 0xFC, 0x00, 0x05, 0xFF, 0xFF, 0xFF, 0xFF,
    0xF4, 0x00, 0xDF, 0xFF, 0xFF, 0xFF, 0xFC, 0x00, 0x05, 0xFF, 0xFF, 0xAF, 0xFF, 0xFE, 0x17, 0xFF,
    0xFF, 0xAF, 0xFF, 0xFC, 0x00, 0x05, 0xFF, 0xFF, 0x69, 0xFF, 0xFF, 0xBF, 0xFF, 0xFE, 0x1F, 0xFF,
    0xFC, 0x00, 0x05, 0xFF, 0xFF, 0x60, 0xEF, 0xFF, 0xFF, 0xFF, 0xF5, 0x0F, 0xFF, 0xFC, 0x00, 0x05,
    0xFF, 0xFF, 0x60, 0x4F, 0xFF, 0xFF, 0xFF, 0xA0, 0x0F, 0xFF, 0xFC, 0x00, 0x05, 0xFF, 0xFF, 0x60,
    0x09, 0xFF, 0xFF, 0xFE, 0x10, 0x0F, 0xFF, 0xFC, 0x00, 0x05, 0xFF, 0xFF, 0x60, 0x00, 0xEF, 0xFF,
    0xF5, 0x00, 0x0F, 0xFF, 0xFC, 0x00, 0x05, 0xFF, 0xFF, 0x60, 0x00, 0x4B, 0xBB, 0x90, 0x00, 0x0F,
    0xFF, 0xFC, 0x00, 0x05, 0xFF, 0xFF, 0x60, 0x00, 0x00, 0x00, 0x00, 0x00, 0x0F, 0xFF, 0xFC, 0x00,
    0x05, 0xFF, 0xFF, 0x60, 0x00, 0x00, 0x00, 0x00, 0x00, 0x0F, 0xFF, 0xFC, 0x00, 0x05, 0xFF, 0xFF,
    0x60, 0x00, 0x00, 0x00, 0x00, 0x00, 0x0F, 0xFF, 0xFC, 0x00, 0x05, 0xFF, 0xFF, 0x60, 0x00, 0x00,
    0x00, 0x00, 0x00, 0x0F, 0xFF, 0xFC, 0x00, 0x05, 0xFF, 0xFF, 0x60, 0x00, 0x00, 0x00, 0x00, 0x00,
    0x0F, 0xFF, 0xFC, 0x00, 0x03, 0xBB, 0xBA, 0x10, 0x00, 0x00, 0x00, 0x6B, 0xBB, 0xB1, 0x00, 0x05,
    0xFF, 0xFF, 0xB0, 0x00, 0x00, 0x00, 0x8F, 0xFF, 0xF1, 0x00, 0x05, 0xFF, 0xFF, 0xF7, 0x00, 0x00,
    0x00, 0x8F, 0xFF, 0xF1, 0x00, 0x05, 0xFF, 0xFF, 0xFF, 0x20, 0x00, 0x00, 0x8F, 0xFF, 0xF1, 0x00,
    0x05, 0xFF, 0xFF, 0xFF, 0xD0, 0x00, 0x00, 0x8F, 0xFF, 0xF1, 0x00, 0x05, 0xFF, 0xFF, 0xFF, 0xF8,
    0x00, 0x00, 0x8F, 0xFF, 0xF1, 0x00, 0x05, 0xFF, 0xFF, 0xFF, 0xFF, 0x40, 0x00, 0x8F, 0xFF, 0xF1,
    0x00, 0x05, 0xFF, 0xFF, 0xFF, 0xFF, 0xE1, 0x00, 0x8F, 0xFF, 0xF1, 0x00, 0x05, 0xFF, 0xFF, 0xFF,
    0xFF, 0xFA, 0x00, 0x8F, 0xFF, 0xF1, 0x00, 0x05, 0xFF, 0xFF, 0x8F, 0xFF, 0xFF, 0x60, 0x8F, 0xFF,
    0xF1, 0x00, 0x05, 0xFF, 0xFF, 0x57, 0xFF, 0xFF, 0xF2, 0x8F, 0xFF, 0xF1, 0x00, 0x05, 0xFF, 0xFF,
    0x50, 0xBF, 0xFF, 0xFC, 0x8F, 0xFF, 0xF1, 0x00, 0x05, 0xFF, 0xFF, 0x50, 0x1E, 0xFF, 0xFF, 0xFF,
    0xFF, 0xF1, 0x00, 0x05, 0xFF, 0xFF, 0x50, 0x04, 0xFF, 0xFF, 0xFF, 0xFF, 0xF1, 0x00, 0x05, 0xFF,
    0xFF, 0x50, 0x00, 0x9F, 0xFF, 0xFF, 0xFF, 0xF1, 0x00, 0x05, 0xFF, 0xFF, 0x50, 0x00, 0x0D, 0xFF,
    0xFF, 0xFF, 0xF1, 0x00, 0x05, 0xFF, 0xFF, 0x50, 0x00, 0x02, 0xFF, 0xFF, 0xFF, 0xF1, 0x00, 0x05,
    0xFF, 0xFF, 0x50, 0x00, 0x00, 0x6F, 0xFF, 0xFF, 0xF1, 0x00, 0x05, 0xFF, 0xFF, 0x50, 0x00, 0x00,
    0x0A, 0xFF, 0xFF, 0xF1, 0x00, 0x05, 0xFF, 0xFF, 0x50, 0x00, 0x00, 0x01, 0xEF, 0xFF, 0xF1, 0x00,
    0x05, 0xFF, 0xFF, 0x50, 0x00, 0x00, 0x00, 0x3F, 0xFF, 0xF1, 0x00, 0x00, 0x00, 0x00, 0x00, 0x00,
    0x00, 0x00, 0x00, 0x00, 0x00, 0x00, 0x00, 0x00, 0x00, 0x49, 0xDF, 0xFF, 0xFC, 0x71, 0x00, 0x00,
    0x00, 0x00, 0x00, 0x2C, 0xFF, 0xFF, 0xFF, 0xFF, 0xFF, 0x60, 0x00, 0x00, 0x00, 0x03, 0xEF, 0xFF,
    0xFF, 0xFF, 0xFF, 0xFF, 0xF9, 0x00, 0x00, 0x00, 0x1E, 0xFF, 0xFF, 0xFF, 0xFF, 0xFF, 0xFF, 0xFF,
    0x70, 0x00, 0x00, 0xAF, 0xFF, 0xFF, 0xFA, 0x89, 0xDF, 0xFF, 0xFF, 0xF2, 0x00, 0x01, 0xFF, 0xFF,
    0xFC, 0x10, 0x00, 0x06, 0xFF, 0xFF, 0xF9, 0x00, 0x07, 0xFF, 0xFF, 0xE1, 0x00, 0x00, 0x00, 0x8F,
    0xFF, 0xFF, 0x00, 0x0B, 0xFF, 0xFF, 0x70, 0x00, 0x00, 0x00, 0x0F, 0xFF, 0xFF, 0x30, 0x0E, 0xFF,
    0xFF, 0x20, 0x00, 0x00, 0x00, 0x0B, 0xFF, 0xFF, 0x60, 0x0F, 0xFF, 0xFF, 0x00, 0x00, 0x00, 0x00,
    0x08, 0xFF, 0xFF, 0x70, 0x0F, 0xFF, 0xFF, 0x00, 0x00, 0x00, 0x00, 0x07, 0xFF, 0xFF, 0x80, 0x0F,
    0xFF, 0xFF, 0x00, 0x00, 0x00, 0x00, 0x08, 0xFF, 0xFF, 0x80, 0x0E, 0xFF, 0xFF, 0x10, 0x00, 0x00,
    0x00, 0x09, 0xFF, 0xFF, 0x60, 0x0C, 0xFF, 0xFF, 0x60, 0x00, 0x00, 0x00, 0x0E, 0xFF, 0xFF, 0x40,
    0x08, 0xFF, 0xFF, 0xC0, 0x00, 0x00, 0x00, 0x5F, 0xFF, 0xFF, 0x00, 0x03, 0xFF, 0xFF, 0xF8, 0x00,
    0x00, 0x02, 0xEF, 0xFF, 0xFB, 0x00, 0x00, 0xCF, 0xFF, 0xFF, 0xC6, 0x34, 0x8F, 0xFF, 0xFF, 0xF4,
    0x00, 0x00, 0x3F, 0xFF, 0xFF, 0xFF, 0xFF, 0xFF, 0xFF, 0xFF, 0xB0, 0x00, 0x00, 0x06, 0xFF, 0xFF,
    0xFF, 0xFF, 0xFF, 0xFF, 0xFD, 0x10, 0x00, 0x00, 0x00, 0x5F, 0xFF, 0xFF, 0xFF, 0xFF, 0xFF, 0xB1,
    0x00, 0x00, 0x00, 0x00, 0x01, 0x8E, 0xFF, 0xFF, 0xFF, 0xB5, 0x00, 0x00, 0x00, 0x00, 0x00, 0x00,
    0x00, 0x24, 0x55, 0x30, 0x00, 0x00, 0x00, 0x00, 0x03, 0xBB, 0xBB, 0xBB, 0xBB, 0xA9, 0x62, 0x00,
    0x00, 0x05, 0xFF, 0xFF, 0xFF, 0xFF, 0xFF, 0xFF, 0xA1, 0x00, 0x05, 0xFF, 0xFF, 0xFF, 0xFF, 0xFF,
    0xFF, 0xFE, 0x10, 0x05, 0xFF, 0xFF, 0xFF, 0xFF, 0xFF, 0xFF, 0xFF, 0xC0, 0x05, 0xFF, 0xFF, 0xDB,
    0xBB, 0xDF, 0xFF, 0xFF, 0xF4, 0x05, 0xFF, 0xFF, 0x80, 0x00, 0x03, 0xEF, 0xFF, 0xF9, 0x05, 0xFF,
    0xFF, 0x80, 0x00, 0x00, 0x5F, 0xFF, 0xFC, 0x05, 0xFF, 0xFF, 0x80, 0x00, 0x00, 0x2F, 0xFF, 0xFD,
    0x05, 0xFF, 0xFF, 0x80, 0x00, 0x00, 0x5F, 0xFF, 0xFC, 0x05, 0xFF, 0xFF, 0x80, 0x00, 0x02, 0xEF,
    0xFF, 0xF9, 0x05, 0xFF, 0xFF, 0xFA, 0xAB, 0xCF, 0xFF, 0xFF, 0xF5, 0x05, 0xFF, 0xFF, 0xFF, 0xFF,
    0xFF, 0xFF, 0xFF, 0xD0, 0x05, 0xFF, 0xFF, 0xFF, 0xFF, 0xFF, 0xFF, 0xFF, 0x20, 0x05, 0xFF, 0xFF,
    0xFF, 0xFF, 0xFF, 0xFF, 0xC2, 0x00, 0x05, 0xFF, 0xFF, 0xFB, 0xBB, 0xBA, 0x73, 0x00, 0x00, 0x05,
    0xFF, 0xFF, 0x80, 0x00, 0x00, 0x00, 0x00, 0x00, 0x05, 0xFF, 0xFF, 0x80, 0x00, 0x00, 0x00, 0x00,
    0x00, 0x05, 0xFF, 0xFF, 0x80, 0x00, 0x00, 0x00, 0x00, 0x00, 0x05, 0xFF, 0xFF, 0x80, 0x00, 0x00,
    0x00, 0x00, 0x00, 0x05, 0xFF, 0xFF, 0x80, 0x00, 0x00, 0x00, 0x00, 0x00, 0x05, 0xFF, 0xFF, 0x80,
    0x00, 0x00, 0x00, 0x00, 0x00, 0x00, 0x00, 0x00, 0x00, 0x00, 0x00, 0x00, 0x00, 0x00, 0x00, 0x00,
    0x00, 0x00, 0x00, 0x49, 0xDF, 0xFF, 0xFC, 0x71, 0x00, 0x00, 0x00, 0x00, 0x00, 0x2C, 0xFF, 0xFF,
    0xFF, 0xFF, 0xFF, 0x60, 0x00, 0x00, 0x00, 0x03, 0xEF, 0xFF, 0xFF, 0xFF, 0xFF, 0xFF, 0xF9, 0x00,
    0x00, 0x00, 0x1E, 0xFF, 0xFF, 0xFF, 0xFF, 0xFF, 0xFF, 0xFF, 0x70, 0x00, 0x00, 0xAF, 0xFF, 0xFF,
    0xFA, 0x89, 0xDF, 0xFF, 0xFF, 0xF2, 0x00, 0x01, 0xFF, 0xFF, 0xFC, 0x10, 0x00, 0x06, 0xFF, 0xFF,
    0xF9, 0x00, 0x07, 0xFF, 0xFF, 0xE1, 0x00, 0x00, 0x00, 0x8F, 0xFF, 0xFF, 0x00, 0x0B, 0xFF, 0xFF,
    0x70, 0x00, 0x00, 0x00, 0x0F, 0xFF, 0xFF, 0x30, 0x0E, 0xFF, 0xFF, 0x20, 0x00, 0x00, 0x00, 0x0B,
    0xFF, 0xFF, 0x60, 0x0F, 0xFF, 0xFF, 0x00, 0x00, 0x00, 0x00, 0x08, 0xFF, 0xFF, 0x70, 0x0F, 0xFF,
    0xFF, 0x00, 0x00, 0x00, 0x00, 0x07, 0xFF, 0xFF, 0x80, 0x0F, 0xFF, 0xFF, 0x00, 0x00, 0x00, 0x00,
    0x08, 0xFF, 0xFF, 0x80, 0x0E, 0xFF, 0xFF, 0x10, 0x00, 0x00, 0x38, 0x09, 0xFF, 0xFF, 0x60, 0x0C,
    0xFF, 0xFF, 0x60, 0x00, 0x05, 0xFF, 0x7E, 0xFF, 0xFF, 0x40, 0x08, 0xFF, 0xFF, 0xC0, 0x00, 0x7F,
    0xFF, 0xFF, 0xFF, 0xFF, 0x00, 0x03, 0xFF, 0xFF, 0xF8, 0x01, 0xEF, 0xFF, 0xFF, 0xFF, 0xFB, 0x00,
    0x00, 0xCF, 0xFF, 0xFF, 0xC6, 0x7F, 0xFF, 0xFF, 0xFF, 0xF4, 0x00, 0x00, 0x3F, 0xFF, 0xFF, 0xFF,
    0xFF, 0xFF, 0xFF, 0xFF, 0xB0, 0x00, 0x00, 0x06, 0xFF, 0xFF, 0xFF, 0xFF, 0xFF, 0xFF, 0xFF, 0xC0,
    0x00, 0x00, 0x00, 0x5F, 0xFF, 0xFF, 0xFF, 0xFF, 0xFF, 0xFF, 0xF9, 0x00, 0x00, 0x00, 0x01, 0x8E,
    0xFF, 0xFF, 0xFF, 0xFF, 0xFF, 0xFF, 0x60, 0x00, 0x00, 0x00, 0x00, 0x24, 0x55, 0x30, 0x2E, 0xFF,
    0xFC, 0x10, 0x00, 0x00, 0x00, 0x00, 0x00, 0x00, 0x00, 0x04, 0xFF, 0xA0, 0x00, 0x00, 0x00, 0x00,
    0x00, 0x00, 0x00, 0x00, 0x00, 0x67, 0x00, 0x00, 0x03, 0xBB, 0xBB, 0xBB, 0xBB, 0xA9, 0x61, 0x00,
    0x00, 0x00, 0x05, 0xFF, 0xFF, 0xFF, 0xFF, 0xFF, 0xFF, 0x90, 0x00, 0x00, 0x05, 0xFF, 0xFF, 0xFF,
    0xFF, 0xFF, 0xFF, 0xFD, 0x10, 0x00, 0x05, 0xFF, 0xFF, 0xFF, 0xFF, 0xFF, 0xFF, 0xFF, 0xA0, 0x00,
    0x05, 0xFF, 0xFF, 0xDB, 0xBB, 0xDF, 0xFF, 0xFF, 0xF2, 0x00, 0x05, 0xFF, 0xFF, 0x80, 0x00, 0x03,
    0xFF, 0xFF, 0xF6, 0x00, 0x05, 0xFF, 0xFF, 0x80, 0x00, 0x00, 0x8F, 0xFF, 0xF8, 0x00, 0x05, 0xFF,
    0xFF, 0x80, 0x00, 0x00, 0x7F, 0xFF, 0xF9, 0x00, 0x05, 0xFF, 0xFF, 0x80, 0x00, 0x00, 0xCF, 0xFF,
    0xF7, 0x00, 0x05, 0xFF, 0xFF, 0xE6, 0x66, 0x8D, 0xFF, 0xFF, 0xF4, 0x00, 0x05, 0xFF, 0xFF, 0xFF,
    0xFF, 0xFF, 0xFF, 0xFF, 0xD0, 0x00, 0x05, 0xFF, 0xFF, 0xFF, 0xFF, 0xFF, 0xFF, 0xFF, 0x40, 0x00,
    0x05, 0xFF, 0xFF, 0xFF, 0xFF, 0xFF, 0xFF, 0xF5, 0x00, 0x00, 0x05, 0xFF, 0xFF, 0xFF, 0xFF, 0xFF,
    0xFF, 0x60, 0x00, 0x00, 0x05, 0xFF, 0xFF, 0x91, 0x17, 0xFF, 0xFF, 0xD0, 0x00, 0x00, 0x05, 0xFF,
    0xFF, 0x80, 0x00, 0xDF, 0xFF, 0xF7, 0x00, 0x00, 0x05, 0xFF, 0xFF, 0x80, 0x00, 0x6F, 0xFF, 0xFF,
    0x10, 0x00, 0x05, 0xFF, 0xFF, 0x80, 0x00, 0x0D, 0xFF, 0xFF, 0xA0, 0x00, 0x05, 0xFF, 0xFF, 0x80,
    0x00, 0x05, 0xFF, 0xFF, 0xF3, 0x00, 0x05, 0xFF, 0xFF, 0x80, 0x00, 0x00, 0xCF, 0xFF, 0xFC, 0x00,
    0x05, 0xFF, 0xFF, 0x80, 0x00, 0x00, 0x4F, 0xFF, 0xFF, 0x60, 0x00, 0x00, 0x00, 0x00, 0x00, 0x00,
    0x00, 0x00, 0x00, 0x00, 0x00, 0x05, 0xBE, 0xFF, 0xFC, 0x81, 0x00, 0x00, 0x00, 0x04, 0xDF, 0xFF,
    0xFF, 0xFF, 0xFF, 0x60, 0x00, 0x00, 0x4F, 0xFF, 0xFF, 0xFF, 0xFF, 0xFF, 0xF8, 0x00, 0x01, 0xFF,
    0xFF, 0xFF, 0xFF, 0xFF, 0xFF, 0xFF, 0x50, 0x08, 0xFF, 0xFF, 0xFA, 0x76, 0x9F, 0xFF, 0xFF, 0xA0,
    0x0C, 0xFF, 0xFF, 0x60, 0x00, 0x01, 0xCF, 0xF7, 0x00, 0x0C, 0xFF, 0xFF, 0x30, 0x00, 0x00, 0x1B,
    0x20, 0x00, 0x0B, 0xFF, 0xFF, 0xD4, 0x00, 0x00, 0x00, 0x00, 0x00, 0x06, 0xFF, 0xFF, 0xFF, 0xE9,
    0x40, 0x00, 0x00, 0x00, 0x00, 0xCF, 0xFF, 0xFF, 0xFF, 0xFF, 0xA4, 0x00, 0x00, 0x00, 0x0B, 0xFF,
    0xFF, 0xFF, 0xFF, 0xFF, 0xC1, 0x00, 0x00, 0x00, 0x5C, 0xFF, 0xFF, 0xFF, 0xFF, 0xFD, 0x10, 0x00,
    0x00, 0x00, 0x16, 0xBF, 0xFF, 0xFF, 0xFF, 0x90, 0x00, 0x00, 0x00, 0x00, 0x00, 0x6E, 0xFF, 0xFF,
    0xE0, 0x00, 0x07, 0xA0, 0x00, 0x00, 0x01, 0xFF, 0xFF, 0xF0, 0x02, 0xCF, 0xF6, 0x00, 0x00, 0x00,
    0xFF, 0xFF, 0xF0, 0x3F, 0xFF, 0xFF, 0xA3, 0x11, 0x4B, 0xFF, 0xFF, 0xD0, 0x0D, 0xFF, 0xFF, 0xFF,
    0xFF, 0xFF, 0xFF, 0xFF, 0x70, 0x03, 0xFF, 0xFF, 0xFF, 0xFF, 0xFF, 0xFF, 0xFC, 0x00, 0x00, 0x3D,
    0xFF, 0xFF, 0xFF, 0xFF, 0xFF, 0xB1, 0x00, 0x00, 0x00, 0x7D, 0xFF, 0xFF, 0xFF, 0xB5, 0x00, 0x00,
    0x00, 0x00, 0x00, 0x14, 0x54, 0x30, 0x00, 0x00, 0x00, 0x3B, 0xBB, 0xBB, 0xBB, 0xBB, 0xBB, 0xBB,
    0xBB, 0x90, 0x5F, 0xFF, 0xFF, 0xFF, 0xFF, 0xFF, 0xFF, 0xFF, 0xE0, 0x5F, 0xFF, 0xFF, 0xFF, 0xFF,
    0xFF, 0xFF, 0xFF, 0xE0, 0x5F, 0xFF, 0xFF, 0xFF, 0xFF, 0xFF, 0xFF, 0xFF, 0xE0, 0x4D, 0xDD, 0xDD,
    0xFF, 0xFF, 0xFE, 0xDD, 0xDD, 0xC0, 0x00, 0x00, 0x00, 0xAF, 0xFF, 0xF3, 0x00, 0x00, 0x00, 0x00,
    0x00, 0x00, 0xAF, 0xFF, 0xF3, 0x00, 0x00, 0x00, 0x00, 0x00, 0x00, 0xAF, 0xFF, 0xF3, 0x00, 0x00,
    0x00, 0x00, 0x00, 0x00, 0xAF, 0xFF, 0xF3, 0x00, 0x00, 0x00, 0x00, 0x00, 0x00, 0xAF, 0xFF, 0xF3,
    0x00, 0x00, 0x00, 0x00, 0x00, 0x00, 0xAF, 0xFF, 0xF3, 0x00, 0x00, 0x00, 0x00, 0x00, 0x00, 0xAF,
    0xFF, 0xF3, 0x00, 0x00, 0x00, 0x00, 0x00, 0x00, 0xAF, 0xFF, 0xF3, 0x00, 0x00, 0x00, 0x00, 0x00,
    0x00, 0xAF, 0xFF, 0xF3, 0x00, 0x00, 0x00, 0x00, 0x00, 0x00, 0xAF, 0xFF, 0xF3, 0x00, 0x00, 0x00,
    0x00, 0x00, 0x00, 0xAF, 0xFF, 0xF3, 0x00, 0x00, 0x00, 0x00, 0x00, 0x00, 0xAF, 0xFF, 0xF3, 0x00,
    0x00, 0x00, 0x00, 0x00, 0x00, 0xAF, 0xFF, 0xF3, 0x00, 0x00, 0x00, 0x00, 0x00, 0x00, 0xAF, 0xFF,
    0xF3, 0x00, 0x00, 0x00, 0x00, 0x00, 0x00, 0xAF, 0xFF, 0xF3, 0x00, 0x00, 0x00, 0x00, 0x00, 0x00,
    0xAF, 0xFF, 0xF3, 0x00, 0x00, 0x00, 0x03, 0xBB, 0xBB, 0x60, 0x00, 0x00, 0x01, 0xBB, 0xBB, 0x80,
    0x05, 0xFF, 0xFF, 0x80, 0x00, 0x00, 0x01, 0xFF, 0xFF, 0xC0, 0x05, 0xFF, 0xFF, 0x80, 0x00, 0x00,
    0x01, 0xFF, 0xFF, 0xC0, 0x05, 0xFF, 0xFF, 0x80, 0x00, 0x00, 0x01, 0xFF, 0xFF, 0xC0, 0x05, 0xFF,
    0xFF, 0x80, 0x00, 0x00, 0x01, 0xFF, 0xFF, 0xC0, 0x05, 0xFF, 0xFF, 0x80, 0x00, 0x00, 0x01, 0xFF,
    0xFF, 0xC0, 0x05, 0xFF, 0xFF, 0x80, 0x00, 0x00, 0x01, 0xFF, 0xFF, 0xC0, 0x05, 0xFF, 0xFF, 0x80,
    0x00, 0x00, 0x01, 0xFF, 0xFF, 0xC0, 0x05, 0xFF, 0xFF, 0x80, 0x00, 0x00, 0x01, 0xFF, 0xFF, 0xC0,
    0x05, 0xFF, 0xFF, 0x80, 0x00, 0x00, 0x01, 0xFF, 0xFF, 0xC0, 0x05, 0xFF, 0xFF, 0x80, 0x00, 0x00,
    0x01, 0xFF, 0xFF, 0xC0, 0x05, 0xFF, 0xFF, 0x80, 0x00, 0x00, 0x01, 0xFF, 0xFF, 0xC0, 0x05, 0xFF,
    0xFF, 0x80, 0x00, 0x00, 0x01, 0xFF, 0xFF, 0xC0, 0x04, 0xFF, 0xFF, 0x90, 0x00, 0x00, 0x02, 0xFF,
    0xFF, 0xB0, 0x03, 0xFF, 0xFF, 0xD0, 0x00, 0x00, 0x05, 0xFF, 0xFF, 0xA0, 0x00, 0xFF, 0xFF, 0xF5,
    0x00, 0x00, 0x0D, 0xFF, 0xFF, 0x70, 0x00, 0xBF, 0xFF, 0xFF, 0x94, 0x46, 0xDF, 0xFF, 0xFF, 0x20,
    0x00, 0x4F, 0xFF, 0xFF, 0xFF, 0xFF, 0xFF, 0xFF, 0xFA, 0x00, 0x00, 0x08, 0xFF, 0xFF, 0xFF, 0xFF,
    0xFF, 0xFF, 0xE1, 0x00, 0x00, 0x00, 0x8F, 0xFF, 0xFF, 0xFF, 0xFF, 0xFD, 0x20, 0x00, 0x00, 0x00,
    0x04, 0xAF, 0xFF, 0xFF, 0xFD, 0x70, 0x00, 0x00, 0x00, 0x00, 0x00, 0x00, 0x34, 0x53, 0x10, 0x00,
    0x00, 0x00, 0x9B, 0xBB, 0xB3, 0x00, 0x00, 0x00, 0x00, 0x06, 0xBB, 0xBB, 0x60, 0x8F, 0xFF, 0xFA,
    0x00, 0x00, 0x00, 0x00, 0x0E, 0xFF, 0xFF, 0x40, 0x2F, 0xFF, 0xFF, 0x00, 0x00, 0x00, 0x00, 0x4F,
    0xFF, 0xFE, 0x00, 0x0C, 0xFF, 0xFF, 0x60, 0x00, 0x00, 0x00, 0xAF, 0xFF, 0xF8, 0x00, 0x06, 0xFF,
    0xFF, 0xB0, 0x00, 0x00, 0x00, 0xFF, 0xFF, 0xF2, 0x00, 0x00, 0xFF, 0xFF, 0xF1, 0x00, 0x00, 0x05,
    0xFF, 0xFF, 0xC0, 0x00, 0x00, 0xAF, 0xFF, 0xF7, 0x00, 0x00, 0x0B, 0xFF, 0xFF, 0x60, 0x00, 0x00,
    0x4F, 0xFF, 0xFD, 0x00, 0x00, 0x1F, 0xFF, 0xFF, 0x00, 0x00, 0x00, 0x0D, 0xFF, 0xFF, 0x20, 0x00,
    0x7F, 0xFF, 0xFA, 0x00, 0x00, 0x00, 0x07, 0xFF, 0xFF, 0x80, 0x00, 0xCF, 0xFF, 0xF4, 0x00, 0x00,
    0x00, 0x01, 0xFF, 0xFF, 0xE0, 0x02, 0xFF, 0xFF, 0xD0, 0x00, 0x00, 0x00, 0x00, 0xBF, 0xFF, 0xF4,
    0x08, 0xFF, 0xFF, 0x70, 0x00, 0x00, 0x00, 0x00, 0x5F, 0xFF, 0xFA, 0x0E, 0xFF, 0xFF, 0x10, 0x00,
    0x00, 0x00, 0x00, 0x0E, 0xFF, 0xFF, 0x4F, 0xFF, 0xFB, 0x00, 0x00, 0x00, 0x00, 0x00, 0x09, 0xFF,
    0xFF, 0xEF, 0xFF, 0xF5, 0x00, 0x00, 0x00, 0x00, 0x00, 0x03, 0xFF, 0xFF, 0xFF, 0xFF, 0xE0, 0x00,
    0x00, 0x00, 0x00, 0x00, 0x00, 0xDF, 0xFF, 0xFF, 0xFF, 0x90, 0x00, 0x00, 0x00, 0x00, 0x00, 0x00,
    0x7F, 0xFF, 0xFF, 0xFF, 0x30, 0x00, 0x00, 0x00, 0x00, 0x00, 0x00, 0x1F, 0xFF, 0xFF, 0xFD, 0x00,
    0x00, 0x00, 0x00, 0x00, 0x00, 0x00, 0x0A, 0xFF, 0xFF, 0xF7, 0x00, 0x00, 0x00, 0x00, 0x00, 0x00,
    0x00, 0x04, 0xFF, 0xFF, 0xF1, 0x00, 0x00, 0x00, 0x00, 0x7B, 0xBB, 0xB4, 0x00, 0x00, 0x00, 0x5B,
    0xBB, 0xBA, 0x00, 0x00, 0x00, 0x07, 0xBB, 0xBB, 0x40, 0x7F, 0xFF, 0xF9, 0x00, 0x00, 0x00, 0xCF,
    0xFF, 0xFF, 0x20, 0x00, 0x00, 0x0E, 0xFF, 0xFF, 0x20, 0x3F, 0xFF, 0xFD, 0x00, 0x00, 0x00, 0xFF,
    0xFF, 0xFF, 0x70, 0x00, 0x00, 0x2F, 0xFF, 0xFD, 0x00, 0x0E, 0xFF, 0xFF, 0x10, 0x00, 0x04, 0xFF,
    0xFF, 0xFF, 0xC0, 0x00, 0x00, 0x6F, 0xFF, 0xF9, 0x00, 0x0A, 0xFF, 0xFF, 0x40, 0x00, 0x09, 0xFF,
    0xFF, 0xFF, 0xF1, 0x00, 0x00, 0xAF, 0xFF, 0xF4, 0x00, 0x06, 0xFF, 0xFF, 0x80, 0x00, 0x0D, 0xFF,
    0xFF, 0xFF, 0xF5, 0x00, 0x00, 0xEF, 0xFF, 0xF0, 0x00, 0x02, 0xFF, 0xFF, 0xC0, 0x00, 0x2F, 0xFF,
    0xFF, 0xFF, 0xFA, 0x00, 0x01, 0xFF, 0xFF, 0xB0, 0x00, 0x00, 0xEF, 0xFF, 0xF0, 0x00, 0x6F, 0xFF,
    0xFC, 0xFF, 0xFE, 0x00, 0x05, 0xFF, 0xFF, 0x70, 0x00, 0x00, 0x9F, 0xFF, 0xF4, 0x00, 0xBF, 0xFF,
    0xC5, 0xFF, 0xFF, 0x30, 0x09, 0xFF, 0xFF, 0x20, 0x00, 0x00, 0x5F, 0xFF, 0xF7, 0x00, 0xFF, 0xFF,
    0x70, 0xFF, 0xFF, 0x80, 0x0D, 0xFF, 0xFE, 0x00, 0x00, 0x00, 0x1F, 0xFF, 0xFB, 0x03, 0xFF, 0xFF,
    0x10, 0xBF, 0xFF, 0xD0, 0x1F, 0xFF, 0xFA, 0x00, 0x00, 0x00, 0x0D, 0xFF, 0xFF, 0x08, 0xFF, 0xFC,
    0x00, 0x6F, 0xFF, 0xF2, 0x5F, 0xFF, 0xF5, 0x00, 0x00, 0x00, 0x08, 0xFF, 0xFF, 0x3C, 0xFF, 0xF7,
    0x00, 0x1F, 0xFF, 0xF6, 0x9F, 0xFF, 0xF1, 0x00, 0x00, 0x00, 0x04, 0xFF, 0xFF, 0x8F, 0xFF, 0xF2,
    0x00, 0x0B, 0xFF, 0xFB, 0xCF, 0xFF, 0xC0, 0x00, 0x00, 0x00, 0x00, 0xFF, 0xFF, 0xFF, 0xFF, 0xD0,
    0x00, 0x06, 0xFF, 0xFF, 0xFF, 0xFF, 0x80, 0x00, 0x00, 0x00, 0x00, 0xCF, 0xFF, 0xFF, 0xFF, 0x70,
    0x00, 0x01, 0xFF, 0xFF, 0xFF, 0xFF, 0x30, 0x00, 0x00, 0x00, 0x00, 0x7F, 0xFF, 0xFF, 0xFF, 0x20,
    0x00, 0x00, 0xCF, 0xFF, 0xFF, 0xFF, 0x00, 0x00, 0x00, 0x00, 0x00, 0x3F, 0xFF, 0xFF, 0xFD, 0x00,
    0x00, 0x00, 0x6F, 0xFF, 0xFF, 0xFA, 0x00, 0x00, 0x00, 0x00, 0x00, 0x0E, 0xFF, 0xFF, 0xF8, 0x00,
    0x00, 0x00, 0x1F, 0xFF, 0xFF, 0xF6, 0x00, 0x00, 0x00, 0x00, 0x00, 0x0A, 0xFF, 0xFF, 0xF3, 0x00,
    0x00, 0x00, 0x0C, 0xFF, 0xFF, 0xF1, 0x00, 0x00, 0x00, 0x00, 0x00, 0x06, 0xFF, 0xFF, 0xD0, 0x00,
    0x00, 0x00, 0x07, 0xFF, 0xFF, 0xD0, 0x00, 0x00, 0x00, 0x09, 0xBB, 0xBB, 0xA0, 0x00, 0x00, 0x00,
    0x6B, 0xBB, 0xBB, 0x30, 0x05, 0xFF, 0xFF, 0xF9, 0x00, 0x00, 0x02, 0xFF, 0xFF, 0xFB, 0x00, 0x00,
    0x9F, 0xFF, 0xFF, 0x40, 0x00, 0x0C, 0xFF, 0xFF, 0xE1, 0x00, 0x00, 0x0D, 0xFF, 0xFF, 0xD0, 0x00,
    0x7F, 0xFF, 0xFF, 0x40, 0x00, 0x00, 0x03, 0xFF, 0xFF, 0xF9, 0x02, 0xFF, 0xFF, 0xF9, 0x00, 0x00,
    0x00, 0x00, 0x7F, 0xFF, 0xFF, 0x4B, 0xFF, 0xFF, 0xD0, 0x00, 0x00, 0x00, 0x00, 0x0B, 0xFF, 0xFF,
    0xFF, 0xFF, 0xFF, 0x20, 0x00, 0x00, 0x00, 0x00, 0x01, 0xEF, 0xFF, 0xFF, 0xFF, 0xF7, 0x00, 0x00,
    0x00, 0x00, 0x00, 0x00, 0x5F, 0xFF, 0xFF, 0xFF, 0xB0, 0x00, 0x00, 0x00, 0x00, 0x00, 0x00, 0x09,
    0xFF, 0xFF, 0xFF, 0x10, 0x00, 0x00, 0x00, 0x00, 0x00, 0x00, 0x07, 0xFF, 0xFF, 0xFD, 0x00, 0x00,
    0x00, 0x00, 0x00, 0x00, 0x00, 0x2F, 0xFF, 0xFF, 0xFF, 0x60, 0x00, 0x00, 0x00, 0x00, 0x00, 0x00,
    0xCF, 0xFF, 0xFF, 0xFF, 0xF2, 0x00, 0x00, 0x00, 0x00, 0x00, 0x07, 0xFF, 0xFF, 0xFF, 0xFF, 0xFC,
    0x00, 0x00, 0x00, 0x00, 0x00, 0x2F, 0xFF, 0xFF, 0xAF, 0xFF, 0xFF, 0x70, 0x00, 0x00, 0x00, 0x00,
    0xCF, 0xFF, 0xFC, 0x09, 0xFF, 0xFF, 0xF3, 0x00, 0x00, 0x00, 0x07, 0xFF, 0xFF, 0xF3, 0x00, 0xEF,
    0xFF, 0xFD, 0x00, 0x00, 0x00, 0x3F, 0xFF, 0xFF, 0x90, 0x00, 0x4F, 0xFF, 0xFF, 0x80, 0x00, 0x00,
    0xDF, 0xFF, 0xFE, 0x10, 0x00, 0x0A, 0xFF, 0xFF, 0xF4, 0x00, 0x08, 0xFF, 0xFF, 0xF6, 0x00, 0x00,
    0x01, 0xEF, 0xFF, 0xFE, 0x10, 0x3F, 0xFF, 0xFF, 0xC0, 0x00, 0x00, 0x00, 0x5F, 0xFF, 0xFF, 0xA0,
    0x8B, 0xBB, 0xBA, 0x00, 0x00, 0x00, 0x00, 0x8B, 0xBB, 0xBA, 0x00, 0x4F, 0xFF, 0xFF, 0x70, 0x00,
    0x00, 0x03, 0xFF, 0xFF, 0xF8, 0x00, 0x0B, 0xFF, 0xFF, 0xE0, 0x00, 0x00, 0x0A, 0xFF, 0xFF, 0xE0,
    0x00, 0x02, 0xFF, 0xFF, 0xF7, 0x00, 0x00, 0x2F, 0xFF, 0xFF, 0x50, 0x00, 0x00, 0x7F, 0xFF, 0xFE,
    0x00, 0x00, 0xAF, 0xFF, 0xFC, 0x00, 0x00, 0x00, 0x0D, 0xFF, 0xFF, 0x60, 0x02, 0xFF, 0xFF, 0xF2,
    0x00, 0x00, 0x00, 0x04, 0xFF, 0xFF, 0xE0, 0x0A, 0xFF, 0xFF, 0x90, 0x00, 0x00, 0x00, 0x00, 0xBF,
    0xFF, 0xF6, 0x2F, 0xFF, 0xFE, 0x00, 0x00, 0x00, 0x00, 0x00, 0x2F, 0xFF, 0xFD, 0xAF, 0xFF, 0xF6,
    0x00, 0x00, 0x00, 0x00, 0x00, 0x08, 0xFF, 0xFF, 0xFF, 0xFF, 0xC0, 0x00, 0x00, 0x00, 0x00, 0x00,
    0x00, 0xDF, 0xFF, 0xFF, 0xFF, 0x30, 0x00, 0x00, 0x00, 0x00, 0x00, 0x00, 0x4F, 0xFF, 0xFF, 0xF9,
    0x00, 0x00, 0x00, 0x00, 0x00, 0x00, 0x00, 0x0B, 0xFF, 0xFF, 0xE1, 0x00, 0x00, 0x00, 0x00, 0x00,
    0x00, 0x00, 0x04, 0xFF, 0xFF, 0x90, 0x00, 0x00, 0x00, 0x00, 0x00, 0x00, 0x00, 0x04, 0xFF, 0xFF,
    0x90, 0x00, 0x00, 0x00, 0x00, 0x00, 0x00, 0x00, 0x04, 0xFF, 0xFF, 0x90, 0x00, 0x00, 0x00, 0x00,
    0x00, 0x00, 0x00, 0x04, 0xFF, 0xFF, 0x90, 0x00, 0x00, 0x00, 0x00, 0x00, 0x00, 0x00, 0x04, 0xFF,
    0xFF, 0x90, 0x00, 0x00, 0x00, 0x00, 0x00, 0x00, 0x00, 0x04, 0xFF, 0xFF, 0x90, 0x00, 0x00, 0x00,
    0x00, 0x00, 0x00, 0x00, 0x04, 0xFF, 0xFF, 0x90, 0x00, 0x00, 0x00, 0x00, 0x00, 0x00, 0x00, 0x04,
    0xFF, 0xFF, 0x90, 0x00, 0x00, 0x00, 0x00, 0x09, 0xBB, 0xBB, 0xBB, 0xBB, 0xBB, 0xBB, 0xBB, 0xB0,
    0x0D, 0xFF, 0xFF, 0xFF, 0xFF, 0xFF, 0xFF, 0xFF, 0xF0, 0x0D, 0xFF, 0xFF, 0xFF, 0xFF, 0xFF, 0xFF,
    0xFF, 0xF0, 0x0D, 0xFF, 0xFF, 0xFF, 0xFF, 0xFF, 0xFF, 0xFF, 0xF0, 0x0B, 0xDD, 0xDD, 0xDD, 0xDD,
    0xFF, 0xFF, 0xFF, 0xA0, 0x00, 0x00, 0x00, 0x00, 0x02, 0xFF, 0xFF, 0xFD, 0x00, 0x00, 0x00, 0x00,
    0x00, 0x0D, 0xFF, 0xFF, 0xF2, 0x00, 0x00, 0x00, 0x00, 0x00, 0xAF, 0xFF, 0xFF, 0x50, 0x00, 0x00,
    0x00, 0x00, 0x06, 0xFF, 0xFF, 0xF9, 0x00, 0x00, 0x00, 0x00, 0x00, 0x3F, 0xFF, 0xFF, 0xC0, 0x00,
    0x00, 0x00, 0x00, 0x01, 0xDF, 0xFF, 0xFE, 0x10, 0x00, 0x00, 0x00, 0x00, 0x0B, 0xFF, 0xFF, 0xF4,
    0x00, 0x00, 0x00, 0x00, 0x00, 0x7F, 0xFF, 0xFF, 0x80, 0x00, 0x00, 0x00, 0x00, 0x04, 0xFF, 0xFF,
    0xFB, 0x00, 0x00, 0x00, 0x00, 0x00, 0x1E, 0xFF, 0xFF, 0xE1, 0x00, 0x00, 0x00, 0x00, 0x00, 0xCF,
    0xFF, 0xFF, 0x30, 0x00, 0x00, 0x00, 0x00, 0x09, 0xFF, 0xFF, 0xFD, 0x99, 0x99, 0x99, 0x99, 0x94,
    0x2F, 0xFF, 0xFF, 0xFF, 0xFF, 0xFF, 0xFF, 0xFF, 0xF7, 0x2F, 0xFF, 0xFF, 0xFF, 0xFF, 0xFF, 0xFF,
    0xFF, 0xF7, 0x2F, 0xFF, 0xFF, 0xFF, 0xFF, 0xFF, 0xFF, 0xFF, 0xF7, 0x2F, 0xFF, 0xFF, 0xFF, 0xFF,
    0xFF, 0xFF, 0xFF, 0xF7, 0x00, 0x48, 0x88, 0x88, 0x87, 0x00, 0x7F, 0xFF, 0xFF, 0xFD, 0x00, 0x7F,
    0xFF, 0xFF, 0xFD, 0x00, 0x7F, 0xFF, 0xFF, 0xFD, 0x00, 0x7F, 0xFF, 0xF6, 0x65, 0x00, 0x7F, 0xFF,
    0xE0, 0x00, 0x00, 0x7F, 0xFF, 0xE0, 0x00, 0x00, 0x7F, 0xFF, 0xE0, 0x00, 0x00, 0x7F, 0xFF, 0xE0,
    0x00, 0x00, 0x7F, 0xFF, 0xE0, 0x00, 0x00, 0x7F, 0xFF, 0xE0, 0x00, 0x00, 0x7F, 0xFF, 0xE0, 0x00,
    0x00, 0x7F, 0xFF, 0xE0, 0x00, 0x00, 0x7F, 0xFF, 0xE0, 0x00, 0x00, 0x7F, 0xFF, 0xE0, 0x00, 0x00,
    0x7F, 0xFF, 0xE0, 0x00, 0x00, 0x7F, 0xFF, 0xE0, 0x00, 0x00, 0x7F, 0xFF, 0xE0, 0x00, 0x00, 0x7F,
    0xFF, 0xE0, 0x00, 0x00, 0x7F, 0xFF, 0xE0, 0x00, 0x00, 0x7F, 0xFF, 0xFE, 0xEC, 0x00, 0x7F, 0xFF,
    0xFF, 0xFD, 0x00, 0x7F, 0xFF, 0xFF, 0xFD, 0x00, 0x7F, 0xFF, 0xFF, 0xFD, 0x00, 0x00, 0x00, 0x00,
    0x00, 0x9B, 0xBB, 0x80, 0x00, 0x00, 0x00, 0x8F, 0xFF, 0xF0, 0x00, 0x00, 0x00, 0x3F, 0xFF, 0xF5,
    0x00, 0x00, 0x00, 0x0E, 0xFF, 0xFA, 0x00, 0x00, 0x00, 0x0A, 0xFF, 0xFE, 0x00, 0x00, 0x00, 0x05,
    0xFF, 0xFF, 0x30, 0x00, 0x00, 0x00, 0xFF, 0xFF, 0x80, 0x00, 0x00, 0x00, 0xBF, 0xFF, 0xD0, 0x00,
    0x00, 0x00, 0x7F, 0xFF, 0xF2, 0x00, 0x00, 0x00, 0x2F, 0xFF, 0xF6, 0x00, 0x00, 0x00, 0x0D, 0xFF,
    0xFB, 0x00, 0x00, 0x00, 0x08, 0xFF, 0xFF, 0x00, 0x00, 0x00, 0x03, 0xFF, 0xFF, 0x50, 0x00, 0x00,
    0x00, 0xEF, 0xFF, 0x90, 0x00, 0x00, 0x00, 0xAF, 0xFF, 0xE0, 0x00, 0x00, 0x00, 0x5F, 0xFF, 0xF3,
    0x00, 0x00, 0x00, 0x1F, 0xFF, 0xF8, 0x00, 0x00, 0x00, 0x0C, 0xFF, 0xFD, 0x00, 0x00, 0x00, 0x07,
    0xFF, 0xFF, 0x10, 0x00, 0x00, 0x02, 0xFF, 0xFF, 0x60, 0x00, 0x00, 0x00, 0xDF, 0xFF, 0xB0, 0x68,
    0x88, 0x88, 0x84, 0x00, 0xCF, 0xFF, 0xFF, 0xF9, 0x00, 0xCF, 0xFF, 0xFF, 0xF9, 0x00, 0xCF, 0xFF,
    0xFF, 0xF9, 0x00, 0x46, 0x6E, 0xFF, 0xF9, 0x00, 0x00, 0x0D, 0xFF, 0xF9, 0x00, 0x00, 0x0D, 0xFF,
    0xF9, 0x00, 0x00, 0x0D, 0xFF, 0xF9, 0x00, 0x00, 0x0D, 0xFF, 0xF9, 0x00, 0x00, 0x0D, 0xFF, 0xF9,
    0x00, 0x00, 0x0D, 0xFF, 0xF9, 0x00, 0x00, 0x0D, 0xFF, 0xF9, 0x00, 0x00, 0x0D, 0xFF, 0xF9, 0x00,
    0x00, 0x0D, 0xFF, 0xF9, 0x00, 0x00, 0x0D, 0xFF, 0xF9, 0x00, 0x00, 0x0D, 0xFF, 0xF9, 0x00, 0x00,
    0x0D, 0xFF, 0xF9, 0x00, 0x00, 0x0D, 0xFF, 0xF9, 0x00, 0x00, 0x0D, 0xFF, 0xF9, 0x00, 0x00, 0x0D,
    0xFF, 0xF9, 0x00, 0xBE, 0xEF, 0xFF, 0xF9, 0x00, 0xCF, 0xFF, 0xFF, 0xF9, 0x00, 0xCF, 0xFF, 0xFF,
    0xF9, 0x00, 0xCF, 0xFF, 0xFF, 0xF9, 0x00, 0x00, 0x00, 0x00, 0x00, 0x00, 0x00, 0x00, 0x78, 0x88,
    0x81, 0x00, 0x00, 0x00, 0x04, 0xFF, 0xFF, 0xF8, 0x00, 0x00, 0x00, 0x0C, 0xFF, 0xFF, 0xFF, 0x10,
    0x00, 0x00, 0x4F, 0xFF, 0xFF, 0xFF, 0x80, 0x00, 0x00, 0xCF, 0xFF, 0x3F, 0xFF, 0xE0, 0x00, 0x04,
    0xFF, 0xFA, 0x07, 0xFF, 0xF7, 0x00, 0x0C, 0xFF, 0xF2, 0x00, 0xEF, 0xFE, 0x00, 0x4F, 0xFF, 0xA0,
    0x00, 0x7F, 0xFF, 0x70, 0x12, 0x22, 0x00, 0x00, 0x02, 0x22, 0x10, 0x00, 0x00, 0x00, 0x00, 0x00,
    0x00, 0x00, 0x00, 0x00, 0x00, 0x00, 0x00, 0x00, 0x00, 0x00, 0x00, 0x00, 0x00, 0x00, 0x00, 0x00,
    0x00, 0x00, 0x00, 0x00, 0x00, 0x00, 0x00, 0x00, 0x00, 0x00, 0x00, 0x00, 0x00, 0x00, 0x00, 0x00,
    0x00, 0x00, 0x00, 0x00, 0x00, 0x00, 0x00, 0x00, 0x00, 0x00, 0x00, 0x00, 0x00, 0x00, 0x00, 0x00,
    0x00, 0x00, 0x00, 0x00, 0x00, 0x00, 0x00, 0x00, 0x00, 0x00, 0x00, 0x00, 0x00, 0x00, 0x00, 0x00,
    0x00, 0x00, 0x00, 0x00, 0x00, 0x00, 0x00, 0x00, 0x00, 0x00, 0x00, 0x00, 0x00, 0x00, 0x00, 0x00,
    0x00, 0x00, 0x00, 0x00, 0x00, 0x00, 0x00, 0x00, 0x00, 0x00, 0x00, 0x00, 0x00, 0x00, 0x00, 0x00,
    0x00, 0x00, 0x00, 0x00, 0x00, 0x00, 0x00, 0x00, 0x00, 0x00, 0x00, 0xDD, 0xDD, 0xDD, 0xDD, 0xDD,
    0xDD, 0x70, 0xFF, 0xFF, 0xFF, 0xFF, 0xFF, 0xFF, 0x90, 0xFF, 0xFF, 0xFF, 0xFF, 0xFF, 0xFF, 0x90,
    0xFF, 0xFF, 0xFF, 0xFF, 0xFF, 0xFF, 0x90, 0x66, 0x66, 0x66, 0x66, 0x66, 0x66, 0x30, 0x00, 0x01,
    0x10, 0x00, 0x00, 0x00, 0x2D, 0xA0, 0x00, 0x00, 0x02, 0xEF, 0xF5, 0x00, 0x00, 0x2E, 0xFF, 0xFE,
    0x10, 0x00, 0x08, 0xFF, 0xFF, 0xB0, 0x00, 0x00, 0x6F, 0xFF, 0xF5, 0x00, 0x00, 0x04, 0xEF, 0xE3,
    0x00, 0x00, 0x00, 0x2B, 0x20, 0x00, 0x00, 0x00, 0x00, 0x00, 0x00, 0x00, 0x00, 0x00, 0x00, 0x00,
    0x00, 0x00, 0x00, 0x00, 0x00, 0x00, 0x00, 0x00, 0x00, 0x00, 0x00, 0x00, 0x00, 0x00, 0x00, 0x00,
    0x00, 0x00, 0x00, 0x00, 0x00, 0x00, 0x00, 0x00, 0x00, 0x00, 0x00, 0x00, 0x00, 0x00, 0x00, 0x00,
    0x00, 0x00, 0x00, 0x00, 0x00, 0x00, 0x00, 0x00, 0x00, 0x00, 0x00, 0x00, 0x00, 0x00, 0x00, 0x00,
    0x00, 0x00, 0x00, 0x00, 0x00, 0x00, 0x00, 0x00, 0x00, 0x00, 0x00, 0x00, 0x00, 0x00, 0x00, 0x00,
    0x00, 0x00, 0x00, 0x00, 0x00, 0x00, 0x00, 0x00, 0x00, 0x00, 0x00, 0x00, 0x00, 0x00, 0x12, 0x20,
    0x00, 0x00, 0x00, 0x00, 0x01, 0x8E, 0xFF, 0xFF, 0xB4, 0x00, 0x00, 0x00, 0x4E, 0xFF, 0xFF, 0xFF,
    0xFF, 0x90, 0x00, 0x02, 0xFF, 0xFF, 0xFF, 0xFF, 0xFF, 0xF7, 0x00, 0x03, 0xDF, 0xFF, 0xDB, 0xEF,
    0xFF, 0xFF, 0x10, 0x00, 0x09, 0xF4, 0x00, 0x0A, 0xFF, 0xFF, 0x50, 0x00, 0x00, 0x10, 0x00, 0x04,
    0xFF, 0xFF, 0x70, 0x00, 0x00, 0x5B, 0xDF, 0xFF, 0xFF, 0xFF, 0x80, 0x00, 0x3D, 0xFF, 0xFF, 0xFF,
    0xFF, 0xFF, 0x80, 0x02, 0xFF, 0xFF, 0xFF, 0xFF, 0xFF, 0xFF, 0x80, 0x0B, 0xFF, 0xFF, 0xFF, 0xEE,
    0xFF, 0xFF, 0x80, 0x1F, 0xFF, 0xFE, 0x40, 0x03, 0xFF, 0xFF, 0x80, 0x3F, 0xFF, 0xF9, 0x00, 0x07,
    0xFF, 0xFF, 0x80, 0x2F, 0xFF, 0xFF, 0x98, 0xBF, 0xFF, 0xFF, 0x80, 0x0E, 0xFF, 0xFF, 0xFF, 0xFF,
    0xFF, 0xFF, 0x80, 0x05, 0xFF, 0xFF, 0xFF, 0xFA, 0xFF, 0xFF, 0x80, 0x00, 0x5E, 0xFF, 0xFF, 0x83,
    0xFF, 0xFF, 0x80, 0x00, 0x00, 0x35, 0x41, 0x00, 0x00, 0x00, 0x00, 0x06, 0xBB, 0xBB, 0x20, 0x00,
    0x00, 0x00, 0x00, 0x00, 0x08, 0xFF, 0xFF, 0x30, 0x00, 0x00, 0x00, 0x00, 0x00, 0x08, 0xFF, 0xFF,
    0x30, 0x00, 0x00, 0x00, 0x00, 0x00, 0x08, 0xFF, 0xFF, 0x30, 0x00, 0x00, 0x00, 0x00, 0x00, 0x08,
    0xFF, 0xFF, 0x30, 0x01, 0x21, 0x00, 0x00, 0x00, 0x08, 0xFF, 0xFF, 0x33, 0xCF, 0xFF, 0xD5, 0x00,
    0x00, 0x08, 0xFF, 0xFF, 0x7F, 0xFF, 0xFF, 0xFF, 0x70, 0x00, 0x08, 0xFF, 0xFF, 0xFF, 0xFF, 0xFF,
    0xFF, 0xF4, 0x00, 0x08, 0xFF, 0xFF, 0xFF, 0xFF, 0xFF, 0xFF, 0xFC, 0x00, 0x08, 0xFF, 0xFF, 0xFB,
    0x44, 0xBF, 0xFF, 0xFF, 0x20, 0x08, 0xFF, 0xFF, 0xB0, 0x00, 0x0C, 0xFF, 0xFF, 0x60, 0x08, 0xFF,
    0xFF, 0x40, 0x00, 0x06, 0xFF, 0xFF, 0x80, 0x08, 0xFF, 0xFF, 0x10, 0x00, 0x03, 0xFF, 0xFF, 0x90,
    0x08, 0xFF, 0xFF, 0x10, 0x00, 0x03, 0xFF, 0xFF, 0x90, 0x08, 0xFF, 0xFF, 0x30, 0x00, 0x05, 0xFF,
    0xFF, 0x80, 0x08, 0xFF, 0xFF, 0x90, 0x00, 0x0B, 0xFF, 0xFF, 0x60, 0x08, 0xFF, 0xFF, 0xF7, 0x11,
    0x9F, 0xFF, 0xFF, 0x20, 0x08, 0xFF, 0xFF, 0xFF, 0xFF, 0xFF, 0xFF, 0xFD, 0x00, 0x08, 0xFF, 0xFF,
    0xFF, 0xFF, 0xFF, 0xFF, 0xF4, 0x00, 0x08, 0xFF, 0xFF, 0x8F, 0xFF, 0xFF, 0xFF, 0x90, 0x00, 0x08,
    0xFF, 0xFF, 0x35, 0xEF, 0xFF, 0xF7, 0x00, 0x00, 0x00, 0x00, 0x00, 0x00, 0x03, 0x54, 0x00, 0x00,
    0x00, 0x00, 0x00, 0x00, 0x02, 0x32, 0x00, 0x00, 0x00, 0x00, 0x00, 0x2A, 0xFF, 0xFF, 0xFA, 0x20,
    0x00, 0x00, 0x06, 0xFF, 0xFF, 0xFF, 0xFF, 0xF5, 0x00, 0x00, 0x5F, 0xFF, 0xFF, 0xFF, 0xFF, 0xFF,
    0x40, 0x01, 0xFF, 0xFF, 0xFF, 0xFF, 0xFF, 0xFF, 0xD0, 0x07, 0xFF, 0xFF, 0xF7, 0x47, 0xEF, 0xFC,
    0x20, 0x0D, 0xFF, 0xFF, 0x40, 0x00, 0x3F, 0x70, 0x00, 0x0F, 0xFF, 0xFD, 0x00, 0x00, 0x01, 0x00,
    0x00, 0x1F, 0xFF, 0xFB, 0x00, 0x00, 0x00, 0x00, 0x00, 0x1F, 0xFF, 0xFA, 0x00, 0x00, 0x00, 0x00,
    0x00, 0x0F, 0xFF, 0xFD, 0x00, 0x00, 0x00, 0x00, 0x00, 0x0D, 0xFF, 0xFF, 0x30, 0x00, 0x1D, 0x50,
    0x00, 0x08, 0xFF, 0xFF, 0xE4, 0x24, 0xDF, 0xFA, 0x10, 0x02, 0xFF, 0xFF, 0xFF, 0xFF, 0xFF, 0xFF,
    0xD0, 0x00, 0x7F, 0xFF, 0xFF, 0xFF, 0xFF, 0xFF, 0x60, 0x00, 0x08, 0xFF, 0xFF, 0xFF, 0xFF, 0xF8,
    0x00, 0x00, 0x00, 0x4B, 0xFF, 0xFF, 0xFD, 0x40, 0x00, 0x00, 0x00, 0x00, 0x13, 0x54, 0x20, 0x00,
    0x00, 0x00, 0x00, 0x00, 0x00, 0x00, 0x07, 0xBB, 0xBB, 0x00, 0x00, 0x00, 0x00, 0x00, 0x00, 0x0B,
    0xFF, 0xFF, 0x00, 0x00, 0x00, 0x00, 0x00, 0x00, 0x0B, 0xFF, 0xFF, 0x00, 0x00, 0x00, 0x00, 0x00,
    0x00, 0x0B, 0xFF, 0xFF, 0x00, 0x00, 0x00, 0x00, 0x12, 0x00, 0x0B, 0xFF, 0xFF, 0x00, 0x00, 0x01,
    0x8F, 0xFF, 0xF9, 0x0B, 0xFF, 0xFF, 0x00, 0x00, 0x1D, 0xFF, 0xFF, 0xFF, 0xCB, 0xFF, 0xFF, 0x00,
    0x00, 0xCF, 0xFF, 0xFF, 0xFF, 0xFF, 0xFF, 0xFF, 0x00, 0x04, 0xFF, 0xFF, 0xFF, 0xFF, 0xFF, 0xFF,
    0xFF, 0x00, 0x0A, 0xFF, 0xFF, 0xF6, 0x36, 0xEF, 0xFF, 0xFF, 0x00, 0x0E, 0xFF, 0xFF, 0x40, 0x00,
    0x3F, 0xFF, 0xFF, 0x00, 0x0F, 0xFF, 0xFD, 0x00, 0x00, 0x0C, 0xFF, 0xFF, 0x00, 0x1F, 0xFF, 0xFB,
    0x00, 0x00, 0x0A, 0xFF, 0xFF, 0x00, 0x1F, 0xFF, 0xFB, 0x00, 0x00, 0x09, 0xFF, 0xFF, 0x00, 0x0F,
    0xFF, 0xFD, 0x00, 0x00, 0x0C, 0xFF, 0xFF, 0x00, 0x0E, 0xFF, 0xFF, 0x30, 0x00, 0x2F, 0xFF, 0xFF,
    0x00, 0x0A, 0xFF, 0xFF, 0xE4, 0x13, 0xDF, 0xFF, 0xFF, 0x00, 0x04, 0xFF, 0xFF, 0xFF, 0xFF, 0xFF,
    0xFF, 0xFF, 0x00, 0x00, 0xBF, 0xFF, 0xFF, 0xFF, 0xFF, 0xFF, 0xFF, 0x00, 0x00, 0x1D, 0xFF, 0xFF,
    0xFF, 0xDC, 0xFF, 0xFF, 0x00, 0x00, 0x01, 0xAF, 0xFF, 0xFC, 0x1B, 0xFF, 0xFF, 0x00, 0x00, 0x00,
    0x01, 0x45, 0x30, 0x00, 0x00, 0x00, 0x00, 0x00, 0x00, 0x00, 0x02, 0x31, 0x00, 0x00, 0x00, 0x00,
    0x00, 0x00, 0x2A, 0xFF, 0xFF, 0xF9, 0x20, 0x00, 0x00, 0x00, 0x06, 0xFF, 0xFF, 0xFF, 0xFF, 0xF5,
    0x00, 0x00, 0x00, 0x5F, 0xFF, 0xFF, 0xFF, 0xFF, 0xFF, 0x40, 0x00, 0x01, 0xEF, 0xFF, 0xFD, 0xAD,
    0xFF, 0xFF, 0xE0, 0x00, 0x07, 0xFF, 0xFF, 0x90, 0x00, 0xAF, 0xFF, 0xF4, 0x00, 0x0C, 0xFF, 0xFF,
    0x10, 0x00, 0x3F, 0xFF, 0xF8, 0x00, 0x0F, 0xFF, 0xFF, 0xEE, 0xEE, 0xEF, 0xFF, 0xFA, 0x00, 0x1F,
    0xFF, 0xFF, 0xFF, 0xFF, 0xFF, 0xFF, 0xFA, 0x00, 0x1F, 0xFF, 0xFF, 0xFF, 0xFF, 0xFF, 0xFF, 0xF8,
    0x00, 0x0F, 0xFF, 0xFF, 0xBB, 0xBB, 0xBB, 0xBB, 0xB4, 0x00, 0x0E, 0xFF, 0xFF, 0x00, 0x00, 0x06,
    0x10, 0x00, 0x00, 0x09, 0xFF, 0xFF, 0x90, 0x00, 0x5F, 0xE4, 0x00, 0x00, 0x02, 0xFF, 0xFF, 0xFD,
    0xAC, 0xFF, 0xFF, 0x90, 0x00, 0x00, 0x7F, 0xFF, 0xFF, 0xFF, 0xFF, 0xFF, 0x80, 0x00, 0x00, 0x08,
    0xFF, 0xFF, 0xFF, 0xFF, 0xFA, 0x00, 0x00, 0x00, 0x00, 0x4B, 0xFF, 0xFF, 0xFE, 0x60, 0x00, 0x00,
    0x00, 0x00, 0x00, 0x13, 0x55, 0x20, 0x00, 0x00, 0x00, 0x00, 0x00, 0x00, 0x35, 0x43, 0x00, 0x00,
    0x00, 0x6E, 0xFF, 0xFF, 0xE0, 0x00, 0x07, 0xFF, 0xFF, 0xFF, 0xF0, 0x00, 0x1F, 0xFF, 0xFF, 0xFF,
    0xF0, 0x00, 0x6F, 0xFF, 0xFF, 0xEF, 0xF0, 0x00, 0x8F, 0xFF, 0xF7, 0x00, 0x30, 0x00, 0x9F, 0xFF,
    0xF2, 0x00, 0x00, 0x9D, 0xFF, 0xFF, 0xFF, 0xDD, 0xB0, 0xCF, 0xFF, 0xFF, 0xFF, 0xFF, 0xD0, 0xCF,
    0xFF, 0xFF, 0xFF, 0xFF, 0xD0, 0xCF, 0xFF, 0xFF, 0xFF, 0xFF, 0xD0, 0x46, 0xFF, 0xFF, 0xF8, 0x66,
    0x50, 0x00, 0x9F, 0xFF, 0xF2, 0x00, 0x00, 0x00, 0x9F, 0xFF, 0xF2, 0x00, 0x00, 0x00, 0x9F, 0xFF,
    0xF2, 0x00, 0x00, 0x00, 0x9F, 0xFF, 0xF2, 0x00, 0x00, 0x00, 0x9F, 0xFF, 0xF2, 0x00, 0x00, 0x00,
    0x9F, 0xFF, 0xF2, 0x00, 0x00, 0x00, 0x9F, 0xFF, 0xF2, 0x00, 0x00, 0x00, 0x9F, 0xFF, 0xF2, 0x00,
    0x00, 0x00, 0x9F, 0xFF, 0xF2, 0x00, 0x00, 0x00, 0x9F, 0xFF, 0xF2, 0x00, 0x00, 0x00, 0x00, 0x00,
    0x22, 0x00, 0x00, 0x00, 0x00, 0x00, 0x00, 0x02, 0x9F, 0xFF, 0xF8, 0x0A, 0xDD, 0xDD, 0x00, 0x00,
    0x3E, 0xFF, 0xFF, 0xFF, 0xBC, 0xFF, 0xFF, 0x00, 0x00, 0xDF, 0xFF, 0xFF, 0xFF, 0xFF, 0xFF, 0xFF,
    0x00, 0x07, 0xFF, 0xFF, 0xFF, 0xFF, 0xFF, 0xFF, 0xFF, 0x00, 0x0C, 0xFF, 0xFF, 0xE6, 0x36, 0xEF,
    0xFF, 0xFF, 0x00, 0x0F, 0xFF, 0xFF, 0x20, 0x00, 0x3F, 0xFF, 0xFF, 0x00, 0x2F, 0xFF, 0xFB, 0x00,
    0x00, 0x0C, 0xFF, 0xFF, 0x00, 0x3F, 0xFF, 0xF9, 0x00, 0x00, 0x0A, 0xFF, 0xFF, 0x00, 0x2F, 0xFF,
    0xFA, 0x00, 0x00, 0x0B, 0xFF, 0xFF, 0x00, 0x0F, 0xFF, 0xFE, 0x00, 0x00, 0x0F, 0xFF, 0xFF, 0x00,
    0x0D, 0xFF, 0xFF, 0xA0, 0x00, 0xAF, 0xFF, 0xFF, 0x00, 0x08, 0xFF, 0xFF, 0xFF, 0xDF, 0xFF, 0xFF,
    0xFF, 0x00, 0x01, 0xEF, 0xFF, 0xFF, 0xFF, 0xFF, 0xFF, 0xFF, 0x00, 0x00, 0x5F, 0xFF, 0xFF, 0xFF,
    0xED, 0xFF, 0xFF, 0x00, 0x00, 0x04, 0xEF, 0xFF, 0xFE, 0x3C, 0xFF, 0xFF, 0x00, 0x00, 0x00, 0x04,
    0x78, 0x60, 0x0C, 0xFF, 0xFE, 0x00, 0x00, 0x01, 0xB3, 0x00, 0x00, 0x1F, 0xFF, 0xFC, 0x00, 0x00,
    0x5E, 0xFE, 0x50, 0x02, 0xCF, 0xFF, 0xF7, 0x00, 0x05, 0xFF, 0xFF, 0xFF, 0xFF, 0xFF, 0xFF, 0xF1,
    0x00, 0x00, 0xDF, 0xFF, 0xFF, 0xFF, 0xFF, 0xFF, 0x60, 0x00, 0x00, 0x1C, 0xFF, 0xFF, 0xFF, 0xFF,
    0xF6, 0x00, 0x00, 0x00, 0x00, 0x5B, 0xFF, 0xFF, 0xE9, 0x20, 0x00, 0x00, 0x00, 0x00, 0x00, 0x01,
    0x10, 0x00, 0x00, 0x00, 0x00, 0x06, 0xBB, 0xBB, 0x20, 0x00, 0x00, 0x00, 0x00, 0x00, 0x08, 0xFF,
    0xFF, 0x30, 0x00, 0x00, 0x00, 0x00, 0x00, 0x08, 0xFF, 0xFF, 0x30, 0x00, 0x00, 0x00, 0x00, 0x00,
    0x08, 0xFF, 0xFF, 0x30, 0x00, 0x00, 0x00, 0x00, 0x00, 0x08, 0xFF, 0xFF, 0x30, 0x01, 0x22, 0x00,
    0x00, 0x00, 0x08, 0xFF, 0xFF, 0x32, 0xBF, 0xFF, 0xE6, 0x00, 0x00, 0x08, 0xFF, 0xFF, 0x5F, 0xFF,
    0xFF, 0xFF, 0x60, 0x00, 0x08, 0xFF, 0xFF, 0xFF, 0xFF, 0xFF, 0xFF, 0xF0, 0x00, 0x08, 0xFF, 0xFF,
    0xFF, 0xFF, 0xFF, 0xFF, 0xF5, 0x00, 0x08, 0xFF, 0xFF, 0xF9, 0x47, 0xFF, 0xFF, 0xF8, 0x00, 0x08,
    0xFF, 0xFF, 0x80, 0x00, 0x6F, 0xFF, 0xF9, 0x00, 0x08, 0xFF, 0xFF, 0x30, 0x00, 0x2F, 0xFF, 0xF9,
    0x00, 0x08, 0xFF, 0xFF, 0x30, 0x00, 0x2F, 0xFF, 0xF9, 0x00, 0x08, 0xFF, 0xFF, 0x30, 0x00, 0x2F,
    0xFF, 0xF9, 0x00, 0x08, 0xFF, 0xFF, 0x30, 0x00, 0x2F, 0xFF, 0xF9, 0x00, 0x08, 0xFF, 0xFF, 0x30,
    0x00, 0x2F, 0xFF, 0xF9, 0x00, 0x08, 0xFF, 0xFF, 0x30, 0x00, 0x2F, 0xFF, 0xF9, 0x00, 0x08, 0xFF,
    0xFF, 0x30, 0x00, 0x2F, 0xFF, 0xF9, 0x00, 0x08, 0xFF, 0xFF, 0x30, 0x00, 0x2F, 0xFF, 0xF9, 0x00,
    0x08, 0xFF, 0xFF, 0x30, 0x00, 0x2F, 0xFF, 0xF9, 0x00, 0x08, 0xFF, 0xFF, 0x30, 0x00, 0x2F, 0xFF,
    0xF9, 0x00, 0x00, 0x6C, 0xC7, 0x00, 0x05, 0xFF, 0xFF, 0x60, 0x09, 0xFF, 0xFF, 0xB0, 0x09, 0xFF,
    0xFF, 0xB0, 0x03, 0xFF, 0xFF, 0x40, 0x00, 0x38, 0x93, 0x00, 0x00, 0x00, 0x00, 0x00, 0x03, 0xDD,
    0xDD, 0x50, 0x04, 0xFF, 0xFF, 0x60, 0x04, 0xFF, 0xFF, 0x60, 0x04, 0xFF, 0xFF, 0x60, 0x04, 0xFF,
    0xFF, 0x60, 0x04, 0xFF, 0xFF, 0x60, 0x04, 0xFF, 0xFF, 0x60, 0x04, 0xFF, 0xFF, 0x60, 0x04, 0xFF,
    0xFF, 0x60, 0x04, 0xFF, 0xFF, 0x60, 0x04, 0xFF, 0xFF, 0x60, 0x04, 0xFF, 0xFF, 0x60, 0x04, 0xFF,
    0xFF, 0x60, 0x04, 0xFF, 0xFF, 0x60, 0x04, 0xFF, 0xFF, 0x60, 0x00, 0x00, 0x5C, 0xC8, 0x00, 0x00,
    0x03, 0xFF, 0xFF, 0x80, 0x00, 0x08, 0xFF, 0xFF, 0xD0, 0x00, 0x07, 0xFF, 0xFF, 0xD0, 0x00, 0x02,
    0xFF, 0xFF, 0x60, 0x00, 0x00, 0x28, 0x94, 0x00, 0x00, 0x00, 0x00, 0x00, 0x00, 0x00, 0x02, 0xDD,
    0xDD, 0x70, 0x00, 0x02, 0xFF, 0xFF, 0x80, 0x00, 0x02, 0xFF, 0xFF, 0x80, 0x00, 0x02, 0xFF, 0xFF,
    0x80, 0x00, 0x02, 0xFF, 0xFF, 0x80, 0x00, 0x02, 0xFF, 0xFF, 0x80, 0x00, 0x02, 0xFF, 0xFF, 0x80,
    0x00, 0x02, 0xFF, 0xFF, 0x80, 0x00, 0x02, 0xFF, 0xFF, 0x80, 0x00, 0x02, 0xFF, 0xFF, 0x80, 0x00,
    0x02, 0xFF, 0xFF, 0x80, 0x00, 0x02, 0xFF, 0xFF, 0x80, 0x00, 0x02, 0xFF, 0xFF, 0x80, 0x00, 0x02,
    0xFF, 0xFF, 0x80, 0x00, 0x02, 0xFF, 0xFF, 0x80, 0x00, 0x05, 0xFF, 0xFF, 0x80, 0x98, 0x8E, 0xFF,
    0xFF, 0x70, 0xEF, 0xFF, 0xFF, 0xFF, 0x40, 0xEF, 0xFF, 0xFF, 0xFE, 0x00, 0xEF, 0xFF, 0xFF, 0xF4,
    0x00, 0xAF, 0xFF, 0xFB, 0x30, 0x00, 0x00, 0x11, 0x00, 0x00, 0x00, 0x06, 0xBB, 0xBB, 0x20, 0x00,
    0x00, 0x00, 0x00, 0x00, 0x08, 0xFF, 0xFF, 0x30, 0x00, 0x00, 0x00, 0x00, 0x00, 0x08, 0xFF, 0xFF,
    0x30, 0x00, 0x00, 0x00, 0x00, 0x00, 0x08, 0xFF, 0xFF, 0x30, 0x00, 0x00, 0x00, 0x00, 0x00, 0x08,
    0xFF, 0xFF, 0x30, 0x00, 0x00, 0x00, 0x00, 0x00, 0x08, 0xFF, 0xFF, 0x30, 0x00, 0x1C, 0xDD, 0xDD,
    0x50, 0x08, 0xFF, 0xFF, 0x30, 0x01, 0xDF, 0xFF, 0xF8, 0x00, 0x08, 0xFF, 0xFF, 0x30, 0x0B, 0xFF,
    0xFF, 0x90, 0x00, 0x08, 0xFF, 0xFF, 0x30, 0xAF, 0xFF, 0xFA, 0x00, 0x00, 0x08, 0xFF, 0xFF, 0x38,
    0xFF, 0xFF, 0xB0, 0x00, 0x00, 0x08, 0xFF, 0xFF, 0x9F, 0xFF, 0xFC, 0x00, 0x00, 0x00, 0x08, 0xFF,
    0xFF, 0xFF, 0xFF, 0xF9, 0x00, 0x00, 0x00, 0x08, 0xFF, 0xFF, 0xFF, 0xFF, 0xFF, 0x20, 0x00, 0x00,
    0x08, 0xFF, 0xFF, 0xFF, 0xFF, 0xFF, 0xC0, 0x00, 0x00, 0x08, 0xFF, 0xFF, 0xFF, 0xFF, 0xFF, 0xF5,
    0x00, 0x00, 0x08, 0xFF, 0xFF, 0xF2, 0xBF, 0xFF, 0xFE, 0x00, 0x00, 0x08, 0xFF, 0xFF, 0x60, 0x2F,
    0xFF, 0xFF, 0x90, 0x00, 0x08, 0xFF, 0xFF, 0x30, 0x09, 0xFF, 0xFF, 0xF2, 0x00, 0x08, 0xFF, 0xFF,
    0x30, 0x01, 0xFF, 0xFF, 0xFC, 0x00, 0x08, 0xFF, 0xFF, 0x30, 0x00, 0x7F, 0xFF, 0xFF, 0x60, 0x08,
    0xFF, 0xFF, 0x30, 0x00, 0x0E, 0xFF, 0xFF, 0xE1, 0x06, 0xBB, 0xBB, 0x20, 0x08, 0xFF, 0xFF, 0x30,
    0x08, 0xFF, 0xFF, 0x30, 0x08, 0xFF, 0xFF, 0x30, 0x08, 0xFF, 0xFF, 0x30, 0x08, 0xFF, 0xFF, 0x30,
    0x08, 0xFF, 0xFF, 0x30, 0x08, 0xFF, 0xFF, 0x30, 0x08, 0xFF, 0xFF, 0x30, 0x08, 0xFF, 0xFF, 0x30,
    0x08, 0xFF, 0xFF, 0x30, 0x08, 0xFF, 0xFF, 0x30, 0x08, 0xFF, 0xFF, 0x30, 0x08, 0xFF, 0xFF, 0x30,
    0x08, 0xFF, 0xFF, 0x30, 0x08, 0xFF, 0xFF, 0x30, 0x08, 0xFF, 0xFF, 0xB6, 0x08, 0xFF, 0xFF, 0xFE,
    0x05, 0xFF, 0xFF, 0xFE, 0x00, 0xDF, 0xFF, 0xFE, 0x00, 0x19, 0xDF, 0xFE, 0x00, 0x00, 0x00, 0x00,
    0x01, 0x31, 0x00, 0x00, 0x00, 0x22, 0x00, 0x00, 0x00, 0x07, 0xDD, 0xDD, 0x13, 0xCF, 0xFF, 0xB1,
    0x01, 0xAF, 0xFF, 0xF9, 0x00, 0x00, 0x09, 0xFF, 0xFF, 0x5F, 0xFF, 0xFF, 0xFD, 0x2E, 0xFF, 0xFF,
    0xFF, 0xB0, 0x00, 0x09, 0xFF, 0xFF, 0xFF, 0xFF, 0xFF, 0xFF, 0xFF, 0xFF, 0xFF, 0xFF, 0xF4, 0x00,
    0x09, 0xFF, 0xFF, 0xFF, 0xFF, 0xFF, 0xFF, 0xFF, 0xFF, 0xFF, 0xFF, 0xFA, 0x00, 0x09, 0xFF, 0xFF,
    0xE6, 0x39, 0xFF, 0xFF, 0xFD, 0x53, 0xBF, 0xFF, 0xFC, 0x00, 0x09, 0xFF, 0xFF, 0x60, 0x00, 0xEF,
    0xFF, 0xF3, 0x00, 0x1F, 0xFF, 0xFD, 0x00, 0x09, 0xFF, 0xFF, 0x20, 0x00, 0xBF, 0xFF, 0xF0, 0x00,
    0x0E, 0xFF, 0xFD, 0x00, 0x09, 0xFF, 0xFF, 0x20, 0x00, 0xBF, 0xFF, 0xF0, 0x00, 0x0E, 0xFF, 0xFD,
    0x00, 0x09, 0xFF, 0xFF, 0x20, 0x00, 0xBF, 0xFF, 0xF0, 0x00, 0x0E, 0xFF, 0xFD, 0x00, 0x09, 0xFF,
    0xFF, 0x20, 0x00, 0xBF, 0xFF, 0xF0, 0x00, 0x0E, 0xFF, 0xFD, 0x00, 0x09, 0xFF, 0xFF, 0x20, 0x00,
    0xBF, 0xFF, 0xF0, 0x00, 0x0E, 0xFF, 0xFD, 0x00, 0x09, 0xFF, 0xFF, 0x20, 0x00, 0xBF, 0xFF, 0xF0,
    0x00, 0x0E, 0xFF, 0xFD, 0x00, 0x09, 0xFF, 0xFF, 0x20, 0x00, 0xBF, 0xFF, 0xF0, 0x00, 0x0E, 0xFF,
    0xFD, 0x00, 0x09, 0xFF, 0xFF, 0x20, 0x00, 0xBF, 0xFF, 0xF0, 0x00, 0x0E, 0xFF, 0xFD, 0x00, 0x09,
    0xFF, 0xFF, 0x20, 0x00, 0xBF, 0xFF, 0xF0, 0x00, 0x0E, 0xFF, 0xFD, 0x00, 0x09, 0xFF, 0xFF, 0x20,
    0x00, 0xBF, 0xFF, 0xF0, 0x00, 0x0E, 0xFF, 0xFD, 0x00, 0x00, 0x00, 0x00, 0x00, 0x01, 0x32, 0x00,
    0x00, 0x00, 0x07, 0xDD, 0xDD, 0x12, 0xCF, 0xFF, 0xE5, 0x00, 0x00, 0x09, 0xFF, 0xFF, 0x5F, 0xFF,
    0xFF, 0xFF, 0x50, 0x00, 0x09, 0xFF, 0xFF, 0xFF, 0xFF, 0xFF, 0xFF, 0xE0, 0x00, 0x09, 0xFF, 0xFF,
    0xFF, 0xFF, 0xFF, 0xFF, 0xF4, 0x00, 0x09, 0xFF, 0xFF, 0xF9, 0x47, 0xFF, 0xFF, 0xF7, 0x00, 0x09,
    0xFF, 0xFF, 0x80, 0x00, 0x6F, 0xFF, 0xF8, 0x00, 0x09, 0xFF, 0xFF, 0x20, 0x00, 0x3F, 0xFF, 0xF8,
    0x00, 0x09, 0xFF, 0xFF, 0x20, 0x00, 0x2F, 0xFF, 0xF8, 0x00, 0x09, 0xFF, 0xFF, 0x20, 0x00, 0x2F,
    0xFF, 0xF8, 0x00, 0x09, 0xFF, 0xFF, 0x20, 0x00, 0x2F, 0xFF, 0xF8, 0x00, 0x09, 0xFF, 0xFF, 0x20,
    0x00, 0x2F, 0xFF, 0xF8, 0x00, 0x09, 0xFF, 0xFF, 0x20, 0x00, 0x2F, 0xFF, 0xF8, 0x00, 0x09, 0xFF,
    0xFF, 0x20, 0x00, 0x2F, 0xFF, 0xF8, 0x00, 0x09, 0xFF, 0xFF, 0x20, 0x00, 0x2F, 0xFF, 0xF8, 0x00,
    0x09, 0xFF, 0xFF, 0x20, 0x00, 0x2F, 0xFF, 0xF8, 0x00, 0x09, 0xFF, 0xFF, 0x20, 0x00, 0x2F, 0xFF,
    0xF8, 0x00, 0x00, 0x00, 0x00, 0x02, 0x32, 0x00, 0x00, 0x00, 0x00, 0x00, 0x00, 0x3A, 0xFF, 0xFF,
    0xFB, 0x30, 0x00, 0x00, 0x00, 0x07, 0xFF, 0xFF, 0xFF, 0xFF, 0xF8, 0x00, 0x00, 0x00, 0x6F, 0xFF,
    0xFF, 0xFF, 0xFF, 0xFF, 0x70, 0x00, 0x02, 0xFF, 0xFF, 0xFF, 0xFF, 0xFF, 0xFF, 0xF2, 0x00, 0x08,
    0xFF, 0xFF, 0xF7, 0x47, 0xEF, 0xFF, 0xF9, 0x00, 0x0D, 0xFF, 0xFF, 0x40, 0x00, 0x3F, 0xFF, 0xFE,
    0x00, 0x0F, 0xFF, 0xFD, 0x00, 0x00, 0x0C, 0xFF, 0xFF, 0x10, 0x1F, 0xFF, 0xFB, 0x00, 0x00, 0x0A,
    0xFF, 0xFF, 0x20, 0x1F, 0xFF, 0xFB, 0x00, 0x00, 0x09, 0xFF, 0xFF, 0x30, 0x0F, 0xFF, 0xFD, 0x00,
    0x00, 0x0C, 0xFF, 0xFF, 0x10, 0x0D, 0xFF, 0xFF, 0x30, 0x00, 0x2F, 0xFF, 0xFF, 0x00, 0x08, 0xFF,
    0xFF, 0xE5, 0x24, 0xDF, 0xFF, 0xFA, 0x00, 0x02, 0xFF, 0xFF, 0xFF, 0xFF, 0xFF, 0xFF, 0xF3, 0x00,
    0x00, 0x8F, 0xFF, 0xFF, 0xFF, 0xFF, 0xFF, 0x90, 0x00, 0x00, 0x09, 0xFF, 0xFF, 0xFF, 0xFF, 0xFA,
    0x00, 0x00, 0x00, 0x00, 0x5C, 0xFF, 0xFF, 0xFC, 0x60, 0x00, 0x00, 0x00, 0x00, 0x00, 0x13, 0x54,
    0x20, 0x00, 0x00, 0x00, 0x00, 0x00, 0x00, 0x00, 0x01, 0x21, 0x00, 0x00, 0x00, 0x07, 0xDD, 0xDD,
    0x13, 0xCF, 0xFF, 0xC4, 0x00, 0x00, 0x09, 0xFF, 0xFF, 0x6F, 0xFF, 0xFF, 0xFF, 0x60, 0x00, 0x09,
    0xFF, 0xFF, 0xFF, 0xFF, 0xFF, 0xFF, 0xF3, 0x00, 0x09, 0xFF, 0xFF, 0xFF, 0xFF, 0xFF, 0xFF, 0xFC,
    0x00, 0x09, 0xFF, 0xFF, 0xFA, 0x44, 0xBF, 0xFF, 0xFF, 0x10, 0x09, 0xFF, 0xFF, 0xA0, 0x00, 0x0D,
    0xFF, 0xFF, 0x50, 0x09, 0xFF, 0xFF, 0x30, 0x00, 0x06, 0xFF, 0xFF, 0x70, 0x09, 0xFF, 0xFF, 0x00,
    0x00, 0x04, 0xFF, 0xFF, 0x90, 0x09, 0xFF, 0xFF, 0x00, 0x00, 0x04, 0xFF, 0xFF, 0x90, 0x09, 0xFF,
    0xFF, 0x30, 0x00, 0x06, 0xFF, 0xFF, 0x70, 0x09, 0xFF, 0xFF, 0x80, 0x00, 0x0C, 0xFF, 0xFF, 0x50,
    0x09, 0xFF, 0xFF, 0xF7, 0x12, 0x9F, 0xFF, 0xFF, 0x10, 0x09, 0xFF, 0xFF, 0xFF, 0xFF, 0xFF, 0xFF,
    0xFC, 0x00, 0x09, 0xFF, 0xFF, 0xFF, 0xFF, 0xFF, 0xFF, 0xF4, 0x00, 0x09, 0xFF, 0xFF, 0x8F, 0xFF,
    0xFF, 0xFF, 0x80, 0x00, 0x09, 0xFF, 0xFF, 0x25, 0xEF, 0xFF, 0xE6, 0x00, 0x00, 0x09, 0xFF, 0xFF,
    0x20, 0x04, 0x53, 0x00, 0x00, 0x00, 0x09, 0xFF, 0xFF, 0x20, 0x00, 0x00, 0x00, 0x00, 0x00, 0x09,
    0xFF, 0xFF, 0x20, 0x00, 0x00, 0x00, 0x00, 0x00, 0x09, 0xFF, 0xFF, 0x20, 0x00, 0x00, 0x00, 0x00,
    0x00, 0x09, 0xFF, 0xFF, 0x20, 0x00, 0x00, 0x00, 0x00, 0x00, 0x07, 0xCC, 0xCC, 0x10, 0x00, 0x00,
    0x00, 0x00, 0x00, 0x00, 0x00, 0x00, 0x12, 0x00, 0x00, 0x00, 0x00, 0x00, 0x00, 0x01, 0x8F, 0xFF,
    0xF9, 0x09, 0xDD, 0xDD, 0x00, 0x00, 0x1D, 0xFF, 0xFF, 0xFF, 0xCB, 0xFF, 0xFF, 0x00, 0x00, 0xCF,
    0xFF, 0xFF, 0xFF, 0xFF, 0xFF, 0xFF, 0x00, 0x04, 0xFF, 0xFF, 0xFF, 0xFF, 0xFF, 0xFF, 0xFF, 0x00,
    0x0A, 0xFF, 0xFF, 0xF6, 0x36, 0xEF, 0xFF, 0xFF, 0x00, 0x0E, 0xFF, 0xFF, 0x40, 0x00, 0x3F, 0xFF,
    0xFF, 0x00, 0x0F, 0xFF, 0xFD, 0x00, 0x00, 0x0C, 0xFF, 0xFF, 0x00, 0x1F, 0xFF, 0xFB, 0x00, 0x00,
    0x0A, 0xFF, 0xFF, 0x00, 0x1F, 0xFF, 0xFB, 0x00, 0x00, 0x09, 0xFF, 0xFF, 0x00, 0x0F, 0xFF, 0xFD,
    0x00, 0x00, 0x0C, 0xFF, 0xFF, 0x00, 0x0E, 0xFF, 0xFF, 0x30, 0x00, 0x2F, 0xFF, 0xFF, 0x00, 0x0A,
    0xFF, 0xFF, 0xE4, 0x13, 0xDF, 0xFF, 0xFF, 0x00, 0x04, 0xFF, 0xFF, 0xFF, 0xFF, 0xFF, 0xFF, 0xFF,
    0x00, 0x00, 0xBF, 0xFF, 0xFF, 0xFF, 0xFF, 0xFF, 0xFF, 0x00, 0x00, 0x1D, 0xFF, 0xFF, 0xFF, 0xDC,
    0xFF, 0xFF, 0x00, 0x00, 0x01, 0xAF, 0xFF, 0xFC, 0x1B, 0xFF, 0xFF, 0x00, 0x00, 0x00, 0x01, 0x45,
    0x30, 0x0B, 0xFF, 0xFF, 0x00, 0x00, 0x00, 0x00, 0x00, 0x00, 0x0B, 0xFF, 0xFF, 0x00, 0x00, 0x00,
    0x00, 0x00, 0x00, 0x0B, 0xFF, 0xFF, 0x00, 0x00, 0x00, 0x00, 0x00, 0x00, 0x0B, 0xFF, 0xFF, 0x00,
    0x00, 0x00, 0x00, 0x00, 0x00, 0x0B, 0xFF, 0xFF, 0x00, 0x00, 0x00, 0x00, 0x00, 0x00, 0x08, 0xCC,
    0xCC, 0x00, 0x00, 0x00, 0x00, 0x00, 0x00, 0x02, 0x00, 0x07, 0xDD, 0xDD, 0x10, 0x5C, 0xFF, 0x40,
    0x09, 0xFF, 0xFF, 0x29, 0xFF, 0xFF, 0x40, 0x09, 0xFF, 0xFF, 0x7F, 0xFF, 0xFF, 0x40, 0x09, 0xFF,
    0xFF, 0xFF, 0xFF, 0xFF, 0x40, 0x09, 0xFF, 0xFF, 0xFF, 0xD9, 0x65, 0x10, 0x09, 0xFF, 0xFF, 0xF6,
    0x00, 0x00, 0x00, 0x09, 0xFF, 0xFF, 0x80, 0x00, 0x00, 0x00, 0x09, 0xFF, 0xFF, 0x30, 0x00, 0x00,
    0x00, 0x09, 0xFF, 0xFF, 0x20, 0x00, 0x00, 0x00, 0x09, 0xFF, 0xFF, 0x20, 0x00, 0x00, 0x00, 0x09,
    0xFF, 0xFF, 0x20, 0x00, 0x00, 0x00, 0x09, 0xFF, 0xFF, 0x20, 0x00, 0x00, 0x00, 0x09, 0xFF, 0xFF,
    0x20, 0x00, 0x00, 0x00, 0x09, 0xFF, 0xFF, 0x20, 0x00, 0x00, 0x00, 0x09, 0xFF, 0xFF, 0x20, 0x00,
    0x00, 0x00, 0x09, 0xFF, 0xFF, 0x20, 0x00, 0x00, 0x00, 0x00, 0x00, 0x00, 0x23, 0x10, 0x00, 0x00,
    0x00, 0x00, 0x05, 0xCF, 0xFF, 0xFE, 0x81, 0x00, 0x00, 0x00, 0xAF, 0xFF, 0xFF, 0xFF, 0xFE, 0x40,
    0x00, 0x07, 0xFF, 0xFF, 0xFF, 0xFF, 0xFF, 0xF2, 0x00, 0x0D, 0xFF, 0xFF, 0xCA, 0xDF, 0xFF, 0xD3,
    0x00, 0x0F, 0xFF, 0xFD, 0x00, 0x09, 0xF9, 0x00, 0x00, 0x0F, 0xFF, 0xFF, 0x50, 0x00, 0x30, 0x00,
    0x00, 0x0A, 0xFF, 0xFF, 0xFF, 0xB7, 0x20, 0x00, 0x00, 0x02, 0xEF, 0xFF, 0xFF, 0xFF, 0xFA, 0x10,
    0x00, 0x00, 0x1A, 0xFF, 0xFF, 0xFF, 0xFF, 0xE2, 0x00, 0x00, 0x00, 0x28, 0xDF, 0xFF, 0xFF, 0xFA,
    0x00, 0x00, 0x07, 0x10, 0x01, 0x8F, 0xFF, 0xFF, 0x00, 0x02, 0xCF, 0xC1, 0x00, 0x0D, 0xFF, 0xFF,
    0x00, 0x4F, 0xFF, 0xFF, 0x97, 0xAF, 0xFF, 0xFD, 0x00, 0x1F, 0xFF, 0xFF, 0xFF, 0xFF, 0xFF, 0xF6,
    0x00, 0x03, 0xEF, 0xFF, 0xFF, 0xFF, 0xFF, 0x90, 0x00, 0x00, 0x18, 0xEF, 0xFF, 0xFF, 0xC5, 0x00,
    0x00, 0x00, 0x00, 0x02, 0x45, 0x41, 0x00, 0x00, 0x00, 0x00, 0x03, 0x33, 0x31, 0x00, 0x00, 0x00,
    0x5F, 0xFF, 0xF6, 0x00, 0x00, 0x00, 0x5F, 0xFF, 0xF6, 0x00, 0x00, 0x00, 0x5F, 0xFF, 0xF6, 0x00,
    0x00, 0x00, 0x5F, 0xFF, 0xF6, 0x00, 0x00, 0x9D, 0xFF, 0xFF, 0xFF, 0xDD, 0xD5, 0xCF, 0xFF, 0xFF,
    0xFF, 0xFF, 0xF7, 0xCF, 0xFF, 0xFF, 0xFF, 0xFF, 0xF7, 0xCF, 0xFF, 0xFF, 0xFF, 0xFF, 0xF7, 0x46,
    0xBF, 0xFF, 0xFD, 0x66, 0x62, 0x00, 0x5F, 0xFF, 0xF6, 0x00, 0x00, 0x00, 0x5F, 0xFF, 0xF6, 0x00,
    0x00, 0x00, 0x5F, 0xFF, 0xF6, 0x00, 0x00, 0x00, 0x5F, 0xFF, 0xF6, 0x00, 0x00, 0x00, 0x4F, 0xFF,
    0xF7, 0x00, 0x00, 0x00, 0x4F, 0xFF, 0xFE, 0x64, 0x61, 0x00, 0x2F, 0xFF, 0xFF, 0xFF, 0xF2, 0x00,
    0x0D, 0xFF, 0xFF, 0xFF, 0xF2, 0x00, 0x04, 0xFF, 0xFF, 0xFF, 0xF2, 0x00, 0x00, 0x4D, 0xFF, 0xFF,
    0xF2, 0x00, 0x00, 0x00, 0x25, 0x53, 0x10, 0x07, 0xDD, 0xDD, 0x10, 0x00, 0x2D, 0xDD, 0xD7, 0x00,
    0x09, 0xFF, 0xFF, 0x20, 0x00, 0x2F, 0xFF, 0xF8, 0x00, 0x09, 0xFF, 0xFF, 0x20, 0x00, 0x2F, 0xFF,
    0xF8, 0x00, 0x09, 0xFF, 0xFF, 0x20, 0x00, 0x2F, 0xFF, 0xF8, 0x00, 0x09, 0xFF, 0xFF, 0x20, 0x00,
    0x2F, 0xFF, 0xF8, 0x00, 0x09, 0xFF, 0xFF, 0x20, 0x00, 0x2F, 0xFF, 0xF8, 0x00, 0x09, 0xFF, 0xFF,
    0x20, 0x00, 0x2F, 0xFF, 0xF8, 0x00, 0x09, 0xFF, 0xFF, 0x20, 0x00, 0x2F, 0xFF, 0xF8, 0x00, 0x09,
    0xFF, 0xFF, 0x20, 0x00, 0x2F, 0xFF, 0xF8, 0x00, 0x09, 0xFF, 0xFF, 0x20, 0x00, 0x2F, 0xFF, 0xF8,
    0x00, 0x09, 0xFF, 0xFF, 0x40, 0x00, 0x6F, 0xFF, 0xF8, 0x00, 0x08, 0xFF, 0xFF, 0xD3, 0x15, 0xEF,
    0xFF, 0xF8, 0x00, 0x05, 0xFF, 0xFF, 0xFF, 0xFF, 0xFF, 0xFF, 0xF8, 0x00, 0x01, 0xFF, 0xFF, 0xFF,
    0xFF, 0xFF, 0xFF, 0xF8, 0x00, 0x00, 0x7F, 0xFF, 0xFF, 0xFF, 0x7F, 0xFF, 0xF8, 0x00, 0x00, 0x07,
    0xFF, 0xFF, 0xE5, 0x2F, 0xFF, 0xF8, 0x00, 0x00, 0x00, 0x04, 0x53, 0x00, 0x00, 0x00, 0x00, 0x00,
    0x5D, 0xDD, 0xDA, 0x00, 0x00, 0x00, 0xBD, 0xDD, 0xD4, 0x0F, 0xFF, 0xFF, 0x10, 0x00, 0x02, 0xFF,
    0xFF, 0xE0, 0x0A, 0xFF, 0xFF, 0x60, 0x00, 0x07, 0xFF, 0xFF, 0x80, 0x04, 0xFF, 0xFF, 0xB0, 0x00,
    0x0C, 0xFF, 0xFF, 0x20, 0x00, 0xDF, 0xFF, 0xF0, 0x00, 0x1F, 0xFF, 0xFC, 0x00, 0x00, 0x7F, 0xFF,
    0xF5, 0x00, 0x5F, 0xFF, 0xF6, 0x00, 0x00, 0x1F, 0xFF, 0xFA, 0x00, 0xAF, 0xFF, 0xF0, 0x00, 0x00,
    0x0B, 0xFF, 0xFF, 0x00, 0xFF, 0xFF, 0x90, 0x00, 0x00, 0x05, 0xFF, 0xFF, 0x44, 0xFF, 0xFF, 0x30,
    0x00, 0x00, 0x00, 0xEF, 0xFF, 0xA9, 0xFF, 0xFD, 0x00, 0x00, 0x00, 0x00, 0x9F, 0xFF, 0xEE, 0xFF,
    0xF7, 0x00, 0x00, 0x00, 0x00, 0x3F, 0xFF, 0xFF, 0xFF, 0xF1, 0x00, 0x00, 0x00, 0x00, 0x0D, 0xFF,
    0xFF, 0xFF, 0xA0, 0x00, 0x00, 0x00, 0x00, 0x07, 0xFF, 0xFF, 0xFF, 0x40, 0x00, 0x00, 0x00, 0x00,
    0x01, 0xFF, 0xFF, 0xFE, 0x00, 0x00, 0x00, 0x00, 0x00, 0x00, 0xAF, 0xFF, 0xF8, 0x00, 0x00, 0x00,
    0x3D, 0xDD, 0xDA, 0x00, 0x00, 0x6D, 0xDD, 0xD7, 0x00, 0x00, 0xAD, 0xDD, 0xD3, 0x0F, 0xFF, 0xFF,
    0x00, 0x00, 0xBF, 0xFF, 0xFB, 0x00, 0x00, 0xFF, 0xFF, 0xF0, 0x0A, 0xFF, 0xFF, 0x30, 0x00, 0xFF,
    0xFF, 0xFF, 0x00, 0x03, 0xFF, 0xFF, 0xA0, 0x05, 0xFF, 0xFF, 0x70, 0x03, 0xFF, 0xFF, 0xFF, 0x30,
    0x06, 0xFF, 0xFF, 0x50, 0x01, 0xFF, 0xFF, 0xA0, 0x06, 0xFF, 0xFF, 0xFF, 0x70, 0x0A, 0xFF, 0xFF,
    0x10, 0x00, 0xBF, 0xFF, 0xE0, 0x0A, 0xFF, 0xFF, 0xFF, 0xB0, 0x0E, 0xFF, 0xFB, 0x00, 0x00, 0x6F,
    0xFF, 0xF2, 0x0E, 0xFF, 0xCC, 0xFF, 0xE0, 0x1F, 0xFF, 0xF6, 0x00, 0x00, 0x1F, 0xFF, 0xF6, 0x2F,
    0xFF, 0x88, 0xFF, 0xF2, 0x5F, 0xFF, 0xF1, 0x00, 0x00, 0x0C, 0xFF, 0xF9, 0x6F, 0xFF, 0x44, 0xFF,
    0xF6, 0x9F, 0xFF, 0xC0, 0x00, 0x00, 0x07, 0xFF, 0xFD, 0xAF, 0xFF, 0x00, 0xFF, 0xFA, 0xDF, 0xFF,
    0x70, 0x00, 0x00, 0x03, 0xFF, 0xFF, 0xEF, 0xFC, 0x00, 0xCF, 0xFF, 0xFF, 0xFF, 0x20, 0x00, 0x00,
    0x00, 0xEF, 0xFF, 0xFF, 0xF7, 0x00, 0x8F, 0xFF, 0xFF, 0xFE, 0x00, 0x00, 0x00, 0x00, 0x9F, 0xFF,
    0xFF, 0xF3, 0x00, 0x3F, 0xFF, 0xFF, 0xF9, 0x00, 0x00, 0x00, 0x00, 0x4F, 0xFF, 0xFF, 0xF0, 0x00,
    0x0F, 0xFF, 0xFF, 0xF4, 0x00, 0x00, 0x00, 0x00, 0x0E, 0xFF, 0xFF, 0xB0, 0x00, 0x0B, 0xFF, 0xFF,
    0xE0, 0x00, 0x00, 0x00, 0x00, 0x0A, 0xFF, 0xFF, 0x70, 0x00, 0x07, 0xFF, 0xFF, 0xA0, 0x00, 0x00,
    0x0A, 0xDD, 0xDD, 0x90, 0x00, 0x09, 0xDD, 0xDD, 0xA0, 0x02, 0xFF, 0xFF, 0xF4, 0x00, 0x3F, 0xFF,
    0xFF, 0x20, 0x00, 0x6F, 0xFF, 0xFE, 0x00, 0xDF, 0xFF, 0xF6, 0x00, 0x00, 0x0A, 0xFF, 0xFF, 0x97,
    0xFF, 0xFF, 0xB0, 0x00, 0x00, 0x01, 0xEF, 0xFF, 0xFF, 0xFF, 0xFE, 0x10, 0x00, 0x00, 0x00, 0x4F,
    0xFF, 0xFF, 0xFF, 0xF4, 0x00, 0x00, 0x00, 0x00, 0x08, 0xFF, 0xFF, 0xFF, 0x90, 0x00, 0x00, 0x00,
    0x00, 0x00, 0xFF, 0xFF, 0xFF, 0x00, 0x00, 0x00, 0x00, 0x00, 0x01, 0xFF, 0xFF, 0xFF, 0x10, 0x00,
    0x00, 0x00, 0x00, 0x0C, 0xFF, 0xFF, 0xFF, 0xB0, 0x00, 0x00, 0x00, 0x00, 0x8F, 0xFF, 0xFF, 0xFF,
    0xF6, 0x00, 0x00, 0x00, 0x03, 0xFF, 0xFF, 0xFF, 0xFF, 0xFF, 0x30, 0x00, 0x00, 0x1E, 0xFF, 0xFF,
    0x57, 0xFF, 0xFF, 0xD0, 0x00, 0x00, 0xBF, 0xFF, 0xFB, 0x00, 0xCF, 0xFF, 0xFA, 0x00, 0x06, 0xFF,
    0xFF, 0xF1, 0x00, 0x2F, 0xFF, 0xFF, 0x60, 0x3F, 0xFF, 0xFF, 0x70, 0x00, 0x07, 0xFF, 0xFF, 0xF2,
    0x4D, 0xDD, 0xDB, 0x00, 0x00, 0x00, 0x6D, 0xDD, 0xD9, 0x0F, 0xFF, 0xFF, 0x20, 0x00, 0x00, 0xCF,
    0xFF, 0xF5, 0x09, 0xFF, 0xFF, 0x80, 0x00, 0x01, 0xFF, 0xFF, 0xE0, 0x03, 0xFF, 0xFF, 0xD0, 0x00,
    0x06, 0xFF, 0xFF, 0x80, 0x00, 0xCF, 0xFF, 0xF3, 0x00, 0x0B, 0xFF, 0xFF, 0x20, 0x00, 0x6F, 0xFF,
    0xF8, 0x00, 0x1F, 0xFF, 0xFC, 0x00, 0x00, 0x0F, 0xFF, 0xFE, 0x00, 0x6F, 0xFF, 0xF6, 0x00, 0x00,
    0x09, 0xFF, 0xFF, 0x30, 0xBF, 0xFF, 0xF0, 0x00, 0x00, 0x02, 0xFF, 0xFF, 0x90, 0xFF, 0xFF, 0x90,
    0x00, 0x00, 0x00, 0xCF, 0xFF, 0xE5, 0xFF, 0xFF, 0x30, 0x00, 0x00, 0x00, 0x6F, 0xFF, 0xFE, 0xFF,
    0xFD, 0x00, 0x00, 0x00, 0x00, 0x0F, 0xFF, 0xFF, 0xFF, 0xF6, 0x00, 0x00, 0x00, 0x00, 0x09, 0xFF,
    0xFF, 0xFF, 0xF1, 0x00, 0x00, 0x00, 0x00, 0x02, 0xFF, 0xFF, 0xFF, 0xA0, 0x00, 0x00, 0x00, 0x00,
    0x00, 0xCF, 0xFF, 0xFF, 0x30, 0x00, 0x00, 0x00, 0x00, 0x00, 0x5F, 0xFF, 0xFD, 0x00, 0x00, 0x00,
    0x00, 0x00, 0x00, 0x6F, 0xFF, 0xF7, 0x00, 0x00, 0x00, 0x00, 0x00, 0x00, 0xCF, 0xFF, 0xF1, 0x00,
    0x00, 0x00, 0x00, 0x00, 0x03, 0xFF, 0xFF, 0xA0, 0x00, 0x00, 0x00, 0x00, 0x00, 0x0A, 0xFF, 0xFF,
    0x40, 0x00, 0x00, 0x00, 0x00, 0x00, 0x1F, 0xFF, 0xFE, 0x00, 0x00, 0x00, 0x00, 0x00, 0x00, 0x5C,
    0xCC, 0xC6, 0x00, 0x00, 0x00, 0x00, 0x2D, 0xDD, 0xDD, 0xDD, 0xDD, 0xDD, 0xD3, 0x3F, 0xFF, 0xFF,
    0xFF, 0xFF, 0xFF, 0xF4, 0x3F, 0xFF, 0xFF, 0xFF, 0xFF, 0xFF, 0xF4, 0x3F, 0xFF, 0xFF, 0xFF, 0xFF,
    0xFF, 0xF2, 0x19, 0x99, 0x99, 0xAF, 0xFF, 0xFF, 0x70, 0x00, 0x00, 0x00, 0xBF, 0xFF, 0xFB, 0x00,
    0x00, 0x00, 0x08, 0xFF, 0xFF, 0xD0, 0x00, 0x00, 0x00, 0x5F, 0xFF, 0xFF, 0x20, 0x00, 0x00, 0x02,
    0xFF, 0xFF, 0xF5, 0x00, 0x00, 0x00, 0x0D, 0xFF, 0xFF, 0x80, 0x00, 0x00, 0x00, 0xBF, 0xFF, 0xFB,
    0x00, 0x00, 0x00, 0x07, 0xFF, 0xFF, 0xF7, 0x66, 0x66, 0x64, 0x3F, 0xFF, 0xFF, 0xFF, 0xFF, 0xFF,
    0xF9, 0x6F, 0xFF, 0xFF, 0xFF, 0xFF, 0xFF, 0xF9, 0x6F, 0xFF, 0xFF, 0xFF, 0xFF, 0xFF, 0xF9, 0x6F,
    0xFF, 0xFF, 0xFF, 0xFF, 0xFF, 0xF9, 0x00, 0x00, 0x00, 0x03, 0x67, 0x50, 0x00, 0x00, 0x05, 0xDF,
    0xFF, 0x90, 0x00, 0x00, 0x6F, 0xFF, 0xFF, 0x90, 0x00, 0x00, 0xEF, 0xFF, 0xFF, 0x90, 0x00, 0x04,
    0xFF, 0xFF, 0xE8, 0x30, 0x00, 0x07, 0xFF, 0xFF, 0x20, 0x00, 0x00, 0x08, 0xFF, 0xFE, 0x00, 0x00,
    0x00, 0x08, 0xFF, 0xFE, 0x00, 0x00, 0x00, 0x09, 0xFF, 0xFD, 0x00, 0x00, 0x00, 0x2E, 0xFF, 0xFC,
    0x00, 0x00, 0x9E, 0xFF, 0xFF, 0xF7, 0x00, 0x00, 0xBF, 0xFF, 0xFF, 0xA0, 0x00, 0x00, 0xBF, 0xFF,
    0xFE, 0x20, 0x00, 0x00, 0xBF, 0xFF, 0xFF, 0xF3, 0x00, 0x00, 0x36, 0xAF, 0xFF, 0xFA, 0x00, 0x00,
    0x00, 0x0B, 0xFF, 0xFD, 0x00, 0x00, 0x00, 0x08, 0xFF, 0xFD, 0x00, 0x00, 0x00, 0x08, 0xFF, 0xFE,
    0x00, 0x00, 0x00, 0x07, 0xFF, 0xFF, 0x00, 0x00, 0x00, 0x06, 0xFF, 0xFF, 0x80, 0x00, 0x00, 0x02,
    0xFF, 0xFF, 0xFF, 0x80, 0x00, 0x00, 0xBF, 0xFF, 0xFF, 0x90, 0x00, 0x00, 0x1C, 0xFF, 0xFF, 0x90,
    0x00, 0x00, 0x00, 0x5B, 0xEF, 0x90, 0x00, 0x00, 0x00, 0x00, 0x00, 0x00, 0x05, 0x88, 0x87, 0x00,
    0x09, 0xFF, 0xFD, 0x00, 0x09, 0xFF, 0xFD, 0x00, 0x09, 0xFF, 0xFD, 0x00, 0x09, 0xFF, 0xFD, 0x00,
    0x09, 0xFF, 0xFD, 0x00, 0x09, 0xFF, 0xFD, 0x00, 0x09, 0xFF, 0xFD, 0x00, 0x09, 0xFF, 0xFD, 0x00,
    0x09, 0xFF, 0xFD, 0x00, 0x09, 0xFF, 0xFD, 0x00, 0x09, 0xFF, 0xFD, 0x00, 0x09, 0xFF, 0xFD, 0x00,
    0x09, 0xFF, 0xFD, 0x00, 0x09, 0xFF, 0xFD, 0x00, 0x09, 0xFF, 0xFD, 0x00, 0x09, 0xFF, 0xFD, 0x00,
    0x09, 0xFF, 0xFD, 0x00, 0x09, 0xFF, 0xFD, 0x00, 0x09, 0xFF, 0xFD, 0x00, 0x09, 0xFF, 0xFD, 0x00,
    0x09, 0xFF, 0xFD, 0x00, 0x09, 0xFF, 0xFD, 0x00, 0x09, 0xFF, 0xFD, 0x00, 0x00, 0x00, 0x00, 0x00,
    0x57, 0x62, 0x00, 0x00, 0x00, 0x00, 0xBF, 0xFF, 0xD4, 0x00, 0x00, 0x00, 0xBF, 0xFF, 0xFF, 0x40,
    0x00, 0x00, 0xBF, 0xFF, 0xFF, 0xE0, 0x00, 0x00, 0x48, 0xEF, 0xFF, 0xF3, 0x00, 0x00, 0x00, 0x3F,
    0xFF, 0xF6, 0x00, 0x00, 0x00, 0x0F, 0xFF, 0xF7, 0x00, 0x00, 0x00, 0x0E, 0xFF, 0xF7, 0x00, 0x00,
    0x00, 0x0E, 0xFF, 0xF8, 0x00, 0x00, 0x00, 0x0D, 0xFF, 0xFE, 0x20, 0x00, 0x00, 0x08, 0xFF, 0xFF,
    0xFE, 0x80, 0x00, 0x00, 0xBF, 0xFF, 0xFF, 0x90, 0x00, 0x00, 0x3F, 0xFF, 0xFF, 0x90, 0x00, 0x03,
    0xFF, 0xFF, 0xFF, 0x90, 0x00, 0x0B, 0xFF, 0xFF, 0xA6, 0x30, 0x00, 0x0D, 0xFF, 0xFA, 0x00, 0x00,
    0x00, 0x0E, 0xFF, 0xF7, 0x00, 0x00, 0x00, 0x0E, 0xFF, 0xF7, 0x00, 0x00, 0x00, 0x0F, 0xFF, 0xF6,
    0x00, 0x00, 0x00, 0x9F, 0xFF, 0xF5, 0x00, 0x00, 0xAF, 0xFF, 0xFF, 0xF1, 0x00, 0x00, 0xBF, 0xFF,
    0xFF, 0xA0, 0x00, 0x00, 0xBF, 0xFF, 0xFC, 0x00, 0x00, 0x00, 0xBF, 0xDA, 0x50, 0x00, 0x00, 0x00,
    0x00, 0x00, 0x00, 0x00, 0x00, 0x00, 0x00, 0x00, 0x00, 0x00, 0x00, 0x00, 0x00, 0x00, 0x00, 0x00,
    0x01, 0x7A, 0x95, 0x00, 0x00, 0x0D, 0x70, 0x00, 0x00, 0x4E, 0xFF, 0xFF, 0xC4, 0x00, 0xAF, 0xFE,
    0x50, 0x03, 0xFF, 0xFF, 0xFF, 0xFF, 0xFE, 0xFF, 0xFF, 0xC0, 0x0E, 0xFF, 0xFF, 0xFF, 0xFF, 0xFF,
    0xFF, 0xFF, 0x40, 0x7F, 0xFF, 0xFF, 0xFF, 0xFF, 0xFF, 0xFF, 0xFA, 0x00, 0x08, 0xFF, 0xC1, 0x18,
    0xFF, 0xFF, 0xFF, 0xB0, 0x00, 0x00, 0x2A, 0x20, 0x00, 0x17, 0xBC, 0xA4, 0x00, 0x00, 0x00, 0x00,
    0x00, 0x00, 0x00, 0x00, 0x00, 0x00, 0x00, 0x00, 0x00, 0x00, 0x00, 0x00, 0x00, 0x00, 0x00, 0x00,
    0x00, 0x00, 0x00, 0x00, 0x00, 0x00, 0x00, 0x00, 0x00, 0x00, 0x00, 0x00, 0x00, 0x00, 0x00, 0x00,
    0x00, 0x00, 0x00, 0x00, 0x00, 0x00, 0x00, 0x00, 0x00, 0x00, 0x00, 0x00, 0x00, 0x00, 0x00, 0x00,
    0x00, 0x00, 0x00, 0x00, 0x00, 0x00, 0x00, 0x00, 0x00, 0x00, 0x00, 0x00, 0x00, 0x00, 0x00, 0x00,
    0x00, 0x00, 0x00, 0x00, 0x07, 0xDF, 0xFC, 0x40, 0x00, 0x00, 0xBF, 0xFF, 0xFF, 0xF6, 0x00, 0x06,
    0xFF, 0xE9, 0xAF, 0xFF, 0x10, 0x0B, 0xFF, 0x20, 0x07, 0xFF, 0x60, 0x0D, 0xFD, 0x00, 0x02, 0xFF,
    0x80, 0x0C, 0xFE, 0x00, 0x04, 0xFF, 0x70, 0x08, 0xFF, 0xB4, 0x5E, 0xFF, 0x30, 0x01, 0xEF, 0xFF,
    0xFF, 0xFA, 0x00, 0x00, 0x2C, 0xFF, 0xFF, 0x90, 0x00, 0x00, 0x00, 0x25, 0x41, 0x00, 0x00, 0x00,
    0x00, 0x00, 0x00, 0x00, 0x00, 0x00, 0x00, 0x00, 0x00, 0x00, 0x00, 0x00, 0x00, 0x00, 0x00, 0x00,
    0x00, 0x00, 0x00, 0x00, 0x00, 0x00, 0x00, 0x00, 0x00, 0x00, 0x00, 0x00, 0x00, 0x00, 0x00, 0x00,
    0x00, 0x00, 0x00, 0x00, 0x00, 0x00, 0x00, 0x00, 0x00, 0x00, 0x00, 0x00, 0x00, 0x00, 0x00, 0x00,
    0x00, 0x00, 0x00, 0x00, 0x00, 0x00, 0x00, 0x00, 0x00, 0x00, 0x00, 0x00, 0x00, 0x00, 0x00, 0x00,
    0x00, 0x00, 0x00, 0x03, 0x76, 0x10, 0x00, 0x00, 0x00, 0x00, 0x6F, 0xFF, 0xE1, 0x00, 0x00, 0x00,
    0x00, 0xEF, 0xFF, 0xF8, 0x00, 0x00, 0x00, 0x00, 0xFF, 0xFF, 0xFA, 0x00, 0x00, 0x00, 0x00, 0xDF,
    0xFF, 0xF6, 0x00, 0x00, 0x00, 0x00, 0x3E, 0xFF, 0xA0, 0x00, 0x00, 0x00, 0x00, 0x00, 0x32, 0x00,
    0x00, 0x00, 0x00, 0x00, 0x00, 0x00, 0x00, 0x00, 0x00, 0x00, 0x00, 0x00, 0x00, 0x00, 0x00, 0x00,
    0x00, 0x00, 0x00, 0x00, 0x00, 0x00, 0x00, 0x00, 0x00, 0x00, 0x00, 0x00, 0x00, 0x00, 0x00, 0x00,
    0x00, 0x00, 0x00, 0x00, 0x00, 0x00, 0x00, 0x00, 0x00, 0x00, 0x00, 0x00, 0x00, 0x00, 0x00, 0x00,
    0x00, 0x00, 0x00, 0x00, 0x00, 0x00, 0x00, 0x23, 0x00, 0x00, 0x00, 0x00, 0x00, 0x00, 0x00, 0x00,
    0x00, 0x01, 0xEE, 0x10, 0x00, 0x00, 0x00, 0x00, 0x00, 0x00, 0x00, 0x00, 0x1D, 0xFF, 0xD0, 0x00,
    0x00, 0x00, 0x00, 0x00, 0x00, 0x00, 0x00, 0xCF, 0xFF, 0xFB, 0x00, 0x00, 0x00, 0x00, 0x00, 0x00,
    0x00, 0x00, 0x3D, 0xFF, 0xFF, 0xA0, 0x00, 0x00, 0x00, 0x00, 0x00, 0x00, 0x00, 0x00, 0x8F, 0xFF,
    0xB0, 0x00, 0x00, 0x00, 0x00, 0x00, 0x00, 0x00, 0x00, 0x02, 0xCA, 0x00, 0x00, 0x00, 0x00, 0x00,
    0x00, 0x00, 0x00, 0x00, 0x00, 0x00, 0x00, 0x00, 0x00, 0x00, 0x00, 0x00, 0x00, 0x00, 0x03, 0xBB,
    0xBB, 0xA0, 0x00, 0x00, 0x00, 0x00, 0x00, 0x00, 0x00, 0x0A, 0xFF, 0xFF, 0xF3, 0x00, 0x00, 0x00,
    0x00, 0x00, 0x00, 0x00, 0x0F, 0xFF, 0xFF, 0xF9, 0x00, 0x00, 0x00, 0x00, 0x00, 0x00, 0x00, 0x6F,
    0xFF, 0xFF, 0xFF, 0x00, 0x00, 0x00, 0x00, 0x00, 0x00, 0x00, 0xCF, 0xFF, 0xFF, 0xFF, 0x60, 0x00,
    0x00, 0x00, 0x00, 0x00, 0x02, 0xFF, 0xFF, 0xFF, 0xFF, 0xC0, 0x00, 0x00, 0x00, 0x00, 0x00, 0x08,
    0xFF, 0xFF, 0xEF, 0xFF, 0xF2, 0x00, 0x00, 0x00, 0x00, 0x00, 0x0E, 0xFF, 0xFE, 0x5F, 0xFF, 0xF8,
    0x00, 0x00, 0x00, 0x00, 0x00, 0x4F, 0xFF, 0xF9, 0x0E, 0xFF, 0xFE, 0x00, 0x00, 0x00, 0x00, 0x00,
    0xAF, 0xFF, 0xF3, 0x09, 0xFF, 0xFF, 0x40, 0x00, 0x00, 0x00, 0x01, 0xFF, 0xFF, 0xD0, 0x04, 0xFF,
    0xFF, 0xA0, 0x00, 0x00, 0x00, 0x06, 0xFF, 0xFF, 0x80, 0x00, 0xEF, 0xFF, 0xF0, 0x00, 0x00, 0x00,
    0x0C, 0xFF, 0xFF, 0xFD, 0xDD, 0xFF, 0xFF, 0xF6, 0x00, 0x00, 0x00, 0x2F, 0xFF, 0xFF, 0xFF, 0xFF,
    0xFF, 0xFF, 0xFC, 0x00, 0x00, 0x00, 0x8F, 0xFF, 0xFF, 0xFF, 0xFF, 0xFF, 0xFF, 0xFF, 0x20, 0x00,
    0x00, 0xEF, 0xFF, 0xFF, 0xFF, 0xFF, 0xFF, 0xFF, 0xFF, 0x80, 0x00, 0x04, 0xFF, 0xFF, 0xFB, 0xBB,
    0xBB, 0xBE, 0xFF, 0xFF, 0xE0, 0x00, 0x0A, 0xFF, 0xFF, 0x60, 0x00, 0x00, 0x00, 0xCF, 0xFF, 0xF4,
    0x00, 0x1F, 0xFF, 0xFF, 0x10, 0x00, 0x00, 0x00, 0x7F, 0xFF, 0xFA, 0x00, 0x6F, 0xFF, 0xFA, 0x00,
    0x00, 0x00, 0x00, 0x1F, 0xFF, 0xFF, 0x10, 0xDF, 0xFF, 0xF5, 0x00, 0x00, 0x00, 0x00, 0x0C, 0xFF,
    0xFF, 0x60, 0x00, 0x00, 0x00, 0x00, 0x00, 0x04, 0x00, 0x00, 0x00, 0x00, 0x00, 0x00, 0x00, 0x00,
    0x00, 0x00, 0x4F, 0xB0, 0x00, 0x00, 0x00, 0x00, 0x00, 0x00, 0x00, 0x00, 0x03, 0xFF, 0xFA, 0x00,
    0x00, 0x00, 0x00, 0x00, 0x00, 0x00, 0x00, 0x2E, 0xFF, 0xFF, 0x80, 0x00, 0x00, 0x00, 0x00, 0x00,
    0x00, 0x01, 0xDF, 0xFF, 0xFA, 0x10, 0x00, 0x00, 0x00, 0x00, 0x00, 0x00, 0x02, 0xEF, 0xFE, 0x40,
    0x00, 0x00, 0x00, 0x00, 0x00, 0x00, 0x00, 0x00, 0x1D, 0x90, 0x00, 0x00, 0x00, 0x00, 0x00, 0x00,
    0x00, 0x00, 0x00, 0x00, 0x00, 0x00, 0x00, 0x00, 0x00, 0x00, 0x00, 0x00, 0x00, 0x03, 0xBB, 0xBB,
    0xA0, 0x00, 0x00, 0x00, 0x00, 0x00, 0x00, 0x00, 0x0A, 0xFF, 0xFF, 0xF3, 0x00, 0x00, 0x00, 0x00,
    0x00, 0x00, 0x00, 0x0F, 0xFF, 0xFF, 0xF9, 0x00, 0x00, 0x00, 0x00, 0x00, 0x00, 0x00, 0x6F, 0xFF,
    0xFF, 0xFF, 0x00, 0x00, 0x00, 0x00, 0x00, 0x00, 0x00, 0xCF, 0xFF, 0xFF, 0xFF, 0x60, 0x00, 0x00,
    0x00, 0x00, 0x00, 0x02, 0xFF, 0xFF, 0xFF, 0xFF, 0xC0, 0x00, 0x00, 0x00, 0x00, 0x00, 0x08, 0xFF,
    0xFF, 0xEF, 0xFF, 0xF2, 0x00, 0x00, 0x00, 0x00, 0x00, 0x0E, 0xFF, 0xFE, 0x5F, 0xFF, 0xF8, 0x00,
    0x00, 0x00, 0x00, 0x00, 0x4F, 0xFF, 0xF9, 0x0E, 0xFF, 0xFE, 0x00, 0x00, 0x00, 0x00, 0x00, 0xAF,
    0xFF, 0xF3, 0x09, 0xFF, 0xFF, 0x40, 0x00, 0x00, 0x00, 0x01, 0xFF, 0xFF, 0xD0, 0x04, 0xFF, 0xFF,
    0xA0, 0x00, 0x00, 0x00, 0x06, 0xFF, 0xFF, 0x80, 0x00, 0xEF, 0xFF, 0xF0, 0x00, 0x00, 0x00, 0x0C,
    0xFF, 0xFF, 0xFD, 0xDD, 0xFF, 0xFF, 0xF6, 0x00, 0x00, 0x00, 0x2F, 0xFF, 0xFF, 0xFF, 0xFF, 0xFF,
    0xFF, 0xFC, 0x00, 0x00, 0x00, 0x8F, 0xFF, 0xFF, 0xFF, 0xFF, 0xFF, 0xFF, 0xFF, 0x20, 0x00, 0x00,
    0xEF, 0xFF, 0xFF, 0xFF, 0xFF, 0xFF, 0xFF, 0xFF, 0x80, 0x00, 0x04, 0xFF, 0xFF, 0xFB, 0xBB, 0xBB,
    0xBE, 0xFF, 0xFF, 0xE0, 0x00, 0x0A, 0xFF, 0xFF, 0x60, 0x00, 0x00, 0x00, 0xCF, 0xFF, 0xF4, 0x00,
    0x1F, 0xFF, 0xFF, 0x10, 0x00, 0x00, 0x00, 0x7F, 0xFF, 0xFA, 0x00, 0x6F, 0xFF, 0xFA, 0x00, 0x00,
    0x00, 0x00, 0x1F, 0xFF, 0xFF, 0x10, 0xDF, 0xFF, 0xF5, 0x00, 0x00, 0x00, 0x00, 0x0C, 0xFF, 0xFF,
    0x60, 0x00, 0x00, 0x00, 0x00, 0x23, 0x33, 0x10, 0x00, 0x00, 0x00, 0x00, 0x00, 0x00, 0x00, 0x02,
    0xFF, 0xFF, 0xD0, 0x00, 0x00, 0x00, 0x00, 0x00, 0x00, 0x00, 0x1D, 0xFF, 0xFF, 0xFA, 0x00, 0x00,
    0x00, 0x00, 0x00, 0x00, 0x00, 0xBF, 0xFF, 0xFF, 0xFF, 0x60, 0x00, 0x00, 0x00, 0x00, 0x00, 0x07,
    0xFF, 0xF7, 0x0A, 0xFF, 0xF3, 0x00, 0x00, 0x00, 0x00, 0x00, 0x01, 0xCE, 0x30, 0x00, 0x7F, 0x90,
    0x00, 0x00, 0x00, 0x00, 0x00, 0x00, 0x01, 0x00, 0x00, 0x01, 0x00, 0x00, 0x00, 0x00, 0x00, 0x00,
    0x00, 0x03, 0xBB, 0xBB, 0xA0, 0x00, 0x00, 0x00, 0x00, 0x00, 0x00, 0x00, 0x0A, 0xFF, 0xFF, 0xF3,
    0x00, 0x00, 0x00, 0x00, 0x00, 0x00, 0x00, 0x0F, 0xFF, 0xFF, 0xF9, 0x00, 0x00, 0x00, 0x00, 0x00,
    0x00, 0x00, 0x6F, 0xFF, 0xFF, 0xFF, 0x00, 0x00, 0x00, 0x00, 0x00, 0x00, 0x00, 0xCF, 0xFF, 0xFF,
    0xFF, 0x60, 0x00, 0x00, 0x00, 0x00, 0x00, 0x02, 0xFF, 0xFF, 0xFF, 0xFF, 0xC0, 0x00, 0x00, 0x00,
    0x00, 0x00, 0x08, 0xFF, 0xFF, 0xEF, 0xFF, 0xF2, 0x00, 0x00, 0x00, 0x00, 0x00, 0x0E, 0xFF, 0xFE,
    0x5F, 0xFF, 0xF8, 0x00, 0x00, 0x00, 0x00, 0x00, 0x4F, 0xFF, 0xF9, 0x0E, 0xFF, 0xFE, 0x00, 0x00,
    0x00, 0x00, 0x00, 0xAF, 0xFF, 0xF3, 0x09, 0xFF, 0xFF, 0x40, 0x00, 0x00, 0x00, 0x01, 0xFF, 0xFF,
    0xD0, 0x04, 0xFF, 0xFF, 0xA0, 0x00, 0x00, 0x00, 0x06, 0xFF, 0xFF, 0x80, 0x00, 0xEF, 0xFF, 0xF0,
    0x00, 0x00, 0x00, 0x0C, 0xFF, 0xFF, 0xFD, 0xDD, 0xFF, 0xFF, 0xF6, 0x00, 0x00, 0x00, 0x2F, 0xFF,
    0xFF, 0xFF, 0xFF, 0xFF, 0xFF, 0xFC, 0x00, 0x00, 0x00, 0x8F, 0xFF, 0xFF, 0xFF, 0xFF, 0xFF, 0xFF,
    0xFF, 0x20, 0x00, 0x00, 0xEF, 0xFF, 0xFF, 0xFF, 0xFF, 0xFF, 0xFF, 0xFF, 0x80, 0x00, 0x04, 0xFF,
    0xFF, 0xFB, 0xBB, 0xBB, 0xBE, 0xFF, 0xFF, 0xE0, 0x00, 0x0A, 0xFF, 0xFF, 0x60, 0x00, 0x00, 0x00,
    0xCF, 0xFF, 0xF4, 0x00, 0x1F, 0xFF, 0xFF, 0x10, 0x00, 0x00, 0x00, 0x7F, 0xFF, 0xFA, 0x00, 0x6F,
    0xFF, 0xFA, 0x00, 0x00, 0x00, 0x00, 0x1F, 0xFF, 0xFF, 0x10, 0xDF, 0xFF, 0xF5, 0x00, 0x00, 0x00,
    0x00, 0x0C, 0xFF, 0xFF, 0x60, 0x00, 0x00, 0x00, 0x00, 0x00, 0x00, 0x01, 0x00, 0x00, 0x00, 0x00,
    0x00, 0x00, 0x00, 0x9F, 0xFA, 0x10, 0x0E, 0xA2, 0x00, 0x00, 0x00, 0x00, 0x00, 0x08, 0xFF, 0xFF,
    0xE5, 0x9F, 0xFF, 0x10, 0x00, 0x00, 0x00, 0x00, 0x2F, 0xFF, 0xFF, 0xFF, 0xFF, 0xFC, 0x00, 0x00,
    0x00, 0x00, 0x00, 0x7F, 0xFF, 0xAF, 0xFF, 0xFF, 0xF4, 0x00, 0x00, 0x00, 0x00, 0x00, 0x06, 0xE7,
    0x02, 0xDF, 0xFF, 0x90, 0x00, 0x00, 0x00, 0x00, 0x00, 0x00, 0x10, 0x00, 0x04, 0x63, 0x00, 0x00,
    0x00, 0x00, 0x00, 0x00, 0x00, 0x03, 0xBB, 0xBB, 0xA0, 0x00, 0x00, 0x00, 0x00, 0x00, 0x00, 0x00,
    0x0A, 0xFF, 0xFF, 0xF3, 0x00, 0x00, 0x00, 0x00, 0x00, 0x00, 0x00, 0x0F, 0xFF, 0xFF, 0xF9, 0x00,
    0x00, 0x00, 0x00, 0x00, 0x00, 0x00, 0x6F, 0xFF, 0xFF, 0xFF, 0x00, 0x00, 0x00, 0x00, 0x00, 0x00,
    0x00, 0xCF, 0xFF, 0xFF, 0xFF, 0x60, 0x00, 0x00, 0x00, 0x00, 0x00, 0x02, 0xFF, 0xFF, 0xFF, 0xFF,
    0xC0, 0x00, 0x00, 0x00, 0x00, 0x00, 0x08, 0xFF, 0xFF, 0xEF, 0xFF, 0xF2, 0x00, 0x00, 0x00, 0x00,
    0x00, 0x0E, 0xFF, 0xFE, 0x5F, 0xFF, 0xF8, 0x00, 0x00, 0x00, 0x00, 0x00, 0x4F, 0xFF, 0xF9, 0x0E,
    0xFF, 0xFE, 0x00, 0x00, 0x00, 0x00, 0x00, 0xAF, 0xFF, 0xF3, 0x09, 0xFF, 0xFF, 0x40, 0x00, 0x00,
    0x00, 0x01, 0xFF, 0xFF, 0xD0, 0x04, 0xFF, 0xFF, 0xA0, 0x00, 0x00, 0x00, 0x06, 0xFF, 0xFF, 0x80,
    0x00, 0xEF, 0xFF, 0xF0, 0x00, 0x00, 0x00, 0x0C, 0xFF, 0xFF, 0xFD, 0xDD, 0xFF, 0xFF, 0xF6, 0x00,
    0x00, 0x00, 0x2F, 0xFF, 0xFF, 0xFF, 0xFF, 0xFF, 0xFF, 0xFC, 0x00, 0x00, 0x00, 0x8F, 0xFF, 0xFF,
    0xFF, 0xFF, 0xFF, 0xFF, 0xFF, 0x20, 0x00, 0x00, 0xEF, 0xFF, 0xFF, 0xFF, 0xFF, 0xFF, 0xFF, 0xFF,
    0x80, 0x00, 0x04, 0xFF, 0xFF, 0xFB, 0xBB, 0xBB, 0xBE, 0xFF, 0xFF, 0xE0, 0x00, 0x0A, 0xFF, 0xFF,
    0x60, 0x00, 0x00, 0x00, 0xCF, 0xFF, 0xF4, 0x00, 0x1F, 0xFF, 0xFF, 0x10, 0x00, 0x00, 0x00, 0x7F,
    0xFF, 0xFA, 0x00, 0x6F, 0xFF, 0xFA, 0x00, 0x00, 0x00, 0x00, 0x1F, 0xFF, 0xFF, 0x10, 0xDF, 0xFF,
    0xF5, 0x00, 0x00, 0x00, 0x00, 0x0C, 0xFF, 0xFF, 0x60, 0x00, 0x00, 0x00, 0x04, 0x00, 0x00, 0x00,
    0x00, 0x00, 0x00, 0x00, 0x00, 0xAF, 0x50, 0x00, 0x00, 0x00, 0x00, 0x00, 0x00, 0x09, 0xFF, 0xF3,
    0x00, 0x00, 0x00, 0x00, 0x00, 0x00, 0x7F, 0xFF, 0xFE, 0x20, 0x00, 0x00, 0x00, 0x00, 0x00, 0x1A,
    0xFF, 0xFF, 0xD1, 0x00, 0x00, 0x00, 0x00, 0x00, 0x00, 0x4E, 0xFF, 0xE2, 0x00, 0x00, 0x00, 0x00,
    0x00, 0x00, 0x00, 0x9D, 0x20, 0x00, 0x00, 0x00, 0x00, 0x00, 0x00, 0x00, 0x00, 0x00, 0x00, 0x00,
    0x00, 0x03, 0xBB, 0xBB, 0xBB, 0xBB, 0xBB, 0xBB, 0xB8, 0x00, 0x05, 0xFF, 0xFF, 0xFF, 0xFF, 0xFF,
    0xFF, 0xFC, 0x00, 0x05, 0xFF, 0xFF, 0xFF, 0xFF, 0xFF, 0xFF, 0xFC, 0x00, 0x05, 0xFF, 0xFF, 0xFF,
    0xFF, 0xFF, 0xFF, 0xFC, 0x00, 0x05, 0xFF, 0xFF, 0xDB, 0xBB, 0xBB, 0xBB, 0xB8, 0x00, 0x05, 0xFF,
    0xFF, 0x80, 0x00, 0x00, 0x00, 0x00, 0x00, 0x05, 0xFF, 0xFF, 0x80, 0x00, 0x00, 0x00, 0x00, 0x00,
    0x05, 0xFF, 0xFF, 0x80, 0x00, 0x00, 0x00, 0x00, 0x00, 0x05, 0xFF, 0xFF, 0xDB, 0xBB, 0xBB, 0xBB,
    0xB2, 0x00, 0x05, 0xFF, 0xFF, 0xFF, 0xFF, 0xFF, 0xFF, 0xF4, 0x00, 0x05, 0xFF, 0xFF, 0xFF, 0xFF,
    0xFF, 0xFF, 0xF4, 0x00, 0x05, 0xFF, 0xFF, 0xFF, 0xFF, 0xFF, 0xFF, 0xF4, 0x00, 0x05, 0xFF, 0xFF,
    0xDB, 0xBB, 0xBB, 0xBB, 0xB3, 0x00, 0x05, 0xFF, 0xFF, 0x80, 0x00, 0x00, 0x00, 0x00, 0x00, 0x05,
    0xFF, 0xFF, 0x80, 0x00, 0x00, 0x00, 0x00, 0x00, 0x05, 0xFF, 0xFF, 0x80, 0x00, 0x00, 0x00, 0x00,
    0x00, 0x05, 0xFF, 0xFF, 0xB6, 0x66, 0x66, 0x66, 0x66, 0x00, 0x05, 0xFF, 0xFF, 0xFF, 0xFF, 0xFF,
    0xFF, 0xFF, 0x10, 0x05, 0xFF, 0xFF, 0xFF, 0xFF, 0xFF, 0xFF, 0xFF, 0x10, 0x05, 0xFF, 0xFF, 0xFF,
    0xFF, 0xFF, 0xFF, 0xFF, 0x10, 0x05, 0xFF, 0xFF, 0xFF, 0xFF, 0xFF, 0xFF, 0xFF, 0x10, 0x00, 0x00,
    0x00, 0x00, 0x02, 0x20, 0x00, 0x00, 0x00, 0x00, 0x00, 0x00, 0x00, 0x1D, 0xE2, 0x00, 0x00, 0x00,
    0x00, 0x00, 0x00, 0x00, 0xCF, 0xFD, 0x10, 0x00, 0x00, 0x00, 0x00, 0x00, 0x0B, 0xFF, 0xFF, 0xC0,
    0x00, 0x00, 0x00, 0x00, 0x00, 0x9F, 0xFF, 0xFD, 0x30, 0x00, 0x00, 0x00, 0x00, 0x00, 0xBF, 0xFF,
    0x80, 0x00, 0x00, 0x00, 0x00, 0x00, 0x00, 0x09, 0xC2, 0x00, 0x00, 0x00, 0x00, 0x00, 0x00, 0x00,
    0x00, 0x00, 0x00, 0x00, 0x00, 0x00, 0x03, 0xBB, 0xBB, 0xBB, 0xBB, 0xBB, 0xBB, 0xB8, 0x00, 0x05,
    0xFF, 0xFF, 0xFF, 0xFF, 0xFF, 0xFF, 0xFC, 0x00, 0x05, 0xFF, 0xFF, 0xFF, 0xFF, 0xFF, 0xFF, 0xFC,
    0x00, 0x05, 0xFF, 0xFF, 0xFF, 0xFF, 0xFF, 0xFF, 0xFC, 0x00, 0x05, 0xFF, 0xFF, 0xDB, 0xBB, 0xBB,
    0xBB, 0xB8, 0x00, 0x05, 0xFF, 0xFF, 0x80, 0x00, 0x00, 0x00, 0x00, 0x00, 0x05, 0xFF, 0xFF, 0x80,
    0x00, 0x00, 0x00, 0x00, 0x00, 0x05, 0xFF, 0xFF, 0x80, 0x00, 0x00, 0x00, 0x00, 0x00, 0x05, 0xFF,
    0xFF, 0xDB, 0xBB, 0xBB, 0xBB, 0xB2, 0x00, 0x05, 0xFF, 0xFF, 0xFF, 0xFF, 0xFF, 0xFF, 0xF4, 0x00,
    0x05, 0xFF, 0xFF, 0xFF, 0xFF, 0xFF, 0xFF, 0xF4, 0x00, 0x05, 0xFF, 0xFF, 0xFF, 0xFF, 0xFF, 0xFF,
    0xF4, 0x00, 0x05, 0xFF, 0xFF, 0xDB, 0xBB, 0xBB, 0xBB, 0xB3, 0x00, 0x05, 0xFF, 0xFF, 0x80, 0x00,
    0x00, 0x00, 0x00, 0x00, 0x05, 0xFF, 0xFF, 0x80, 0x00, 0x00, 0x00, 0x00, 0x00, 0x05, 0xFF, 0xFF,
    0x80, 0x00, 0x00, 0x00, 0x00, 0x00, 0x05, 0xFF, 0xFF, 0xB6, 0x66, 0x66, 0x66, 0x66, 0x00, 0x05,
    0xFF, 0xFF, 0xFF, 0xFF, 0xFF, 0xFF, 0xFF, 0x10, 0x05, 0xFF, 0xFF, 0xFF, 0xFF, 0xFF, 0xFF, 0xFF,
    0x10, 0x05, 0xFF, 0xFF, 0xFF, 0xFF, 0xFF, 0xFF, 0xFF, 0x10, 0x05, 0xFF, 0xFF, 0xFF, 0xFF, 0xFF,
    0xFF, 0xFF, 0x10, 0x00, 0x00, 0x00, 0x13, 0x33, 0x20, 0x00, 0x00, 0x00, 0x00, 0x00, 0x00, 0xCF,
    0xFF, 0xF3, 0x00, 0x00, 0x00, 0x00, 0x00, 0x09, 0xFF, 0xFF, 0xFE, 0x10, 0x00, 0x00, 0x00, 0x00,
    0x6F, 0xFF, 0xFF, 0xFF, 0xB0, 0x00, 0x00, 0x00, 0x03, 0xFF, 0xFB, 0x16, 0xFF, 0xF7, 0x00, 0x00,
    0x00, 0x00, 0x8F, 0x70, 0x00, 0x3E, 0xC2, 0x00, 0x00, 0x00, 0x00, 0x01, 0x00, 0x00, 0x01, 0x00,
    0x00, 0x00, 0x03, 0xBB, 0xBB, 0xBB, 0xBB, 0xBB, 0xBB, 0xB8, 0x00, 0x05, 0xFF, 0xFF, 0xFF, 0xFF,
    0xFF, 0xFF, 0xFC, 0x00, 0x05, 0xFF, 0xFF, 0xFF, 0xFF, 0xFF, 0xFF, 0xFC, 0x00, 0x05, 0xFF, 0xFF,
    0xFF, 0xFF, 0xFF, 0xFF, 0xFC, 0x00, 0x05, 0xFF, 0xFF, 0xDB, 0xBB, 0xBB, 0xBB, 0xB8, 0x00, 0x05,
    0xFF, 0xFF, 0x80, 0x00, 0x00, 0x00, 0x00, 0x00, 0x05, 0xFF, 0xFF, 0x80, 0x00, 0x00, 0x00, 0x00,
    0x00, 0x05, 0xFF, 0xFF, 0x80, 0x00, 0x00, 0x00, 0x00, 0x00, 0x05, 0xFF, 0xFF, 0xDB, 0xBB, 0xBB,
    0xBB, 0xB2, 0x00, 0x05, 0xFF, 0xFF, 0xFF, 0xFF, 0xFF, 0xFF, 0xF4, 0x00, 0x05, 0xFF, 0xFF, 0xFF,
    0xFF, 0xFF, 0xFF, 0xF4, 0x00, 0x05, 0xFF, 0xFF, 0xFF, 0xFF, 0xFF, 0xFF, 0xF4, 0x00, 0x05, 0xFF,
    0xFF, 0xDB, 0xBB, 0xBB, 0xBB, 0xB3, 0x00, 0x05, 0xFF, 0xFF, 0x80, 0x00, 0x00, 0x00, 0x00, 0x00,
    0x05, 0xFF, 0xFF, 0x80, 0x00, 0x00, 0x00, 0x00, 0x00, 0x05, 0xFF, 0xFF, 0x80, 0x00, 0x00, 0x00,
    0x00, 0x00, 0x05, 0xFF, 0xFF, 0xB6, 0x66, 0x66, 0x66, 0x66, 0x00, 0x05, 0xFF, 0xFF, 0xFF, 0xFF,
    0xFF, 0xFF, 0xFF, 0x10, 0x05, 0xFF, 0xFF, 0xFF, 0xFF, 0xFF, 0xFF, 0xFF, 0x10, 0x05, 0xFF, 0xFF,
    0xFF, 0xFF, 0xFF, 0xFF, 0xFF, 0x10, 0x05, 0xFF, 0xFF, 0xFF, 0xFF, 0xFF, 0xFF, 0xFF, 0x10, 0x00,
    0x04, 0x00, 0x00, 0x00, 0x00, 0x4F, 0xB0, 0x00, 0x00, 0x03, 0xFF, 0xFA, 0x00, 0x00, 0x1E, 0xFF,
    0xFF, 0x80, 0x00, 0x05, 0xEF, 0xFF, 0xF6, 0x00, 0x00, 0x1A, 0xFF, 0xF8, 0x00, 0x00, 0x00, 0x4E,
    0x60, 0x00, 0x00, 0x00, 0x00, 0x00, 0x00, 0x00, 0x3B, 0xBB, 0xB6, 0x00, 0x00, 0x5F, 0xFF, 0xF8,
    0x00, 0x00, 0x5F, 0xFF, 0xF8, 0x00, 0x00, 0x5F, 0xFF, 0xF8, 0x00, 0x00, 0x5F, 0xFF, 0xF8, 0x00,
    0x00, 0x5F, 0xFF, 0xF8, 0x00, 0x00, 0x5F, 0xFF, 0xF8, 0x00, 0x00, 0x5F, 0xFF, 0xF8, 0x00, 0x00,
    0x5F, 0xFF, 0xF8, 0x00, 0x00, 0x5F, 0xFF, 0xF8, 0x00, 0x00, 0x5F, 0xFF, 0xF8, 0x00, 0x00, 0x5F,
    0xFF, 0xF8, 0x00, 0x00, 0x5F, 0xFF, 0xF8, 0x00, 0x00, 0x5F, 0xFF, 0xF8, 0x00, 0x00, 0x5F, 0xFF,
    0xF8, 0x00, 0x00, 0x5F, 0xFF, 0xF8, 0x00, 0x00, 0x5F, 0xFF, 0xF8, 0x00, 0x00, 0x5F, 0xFF, 0xF8,
    0x00, 0x00, 0x5F, 0xFF, 0xF8, 0x00, 0x00, 0x5F, 0xFF, 0xF8, 0x00, 0x00, 0x5F, 0xFF, 0xF8, 0x00,
    0x00, 0x00, 0x05, 0x00, 0x00, 0x00, 0x00, 0x8F, 0x70, 0x00, 0x00, 0x06, 0xFF, 0xF6, 0x00, 0x00,
    0x4F, 0xFF, 0xFF, 0x40, 0x03, 0xFF, 0xFF, 0xF8, 0x00, 0x05, 0xFF, 0xFC, 0x20, 0x00, 0x00, 0x4E,
    0x70, 0x00, 0x00, 0x00, 0x00, 0x00, 0x00, 0x00, 0x03, 0xBB, 0xBB, 0x60, 0x00, 0x05, 0xFF, 0xFF,
    0x80, 0x00, 0x05, 0xFF, 0xFF, 0x80, 0x00, 0x05, 0xFF, 0xFF, 0x80, 0x00, 0x05, 0xFF, 0xFF, 0x80,
    0x00, 0x05, 0xFF, 0xFF, 0x80, 0x00, 0x05, 0xFF, 0xFF, 0x80, 0x00, 0x05, 0xFF, 0xFF, 0x80, 0x00,
    0x05, 0xFF, 0xFF, 0x80, 0x00, 0x05, 0xFF, 0xFF, 0x80, 0x00, 0x05, 0xFF, 0xFF, 0x80, 0x00, 0x05,
    0xFF, 0xFF, 0x80, 0x00, 0x05, 0xFF, 0xFF, 0x80, 0x00, 0x05, 0xFF, 0xFF, 0x80, 0x00, 0x05, 0xFF,
    0xFF, 0x80, 0x00, 0x05, 0xFF, 0xFF, 0x80, 0x00, 0x05, 0xFF, 0xFF, 0x80, 0x00, 0x05, 0xFF, 0xFF,
    0x80, 0x00, 0x05, 0xFF, 0xFF, 0x80, 0x00, 0x05, 0xFF, 0xFF, 0x80, 0x00, 0x05, 0xFF, 0xFF, 0x80,
    0x00, 0x00, 0x00, 0x00, 0x00, 0x05, 0x00, 0x00, 0x00, 0x00, 0x00, 0x00, 0x00, 0x00, 0x00, 0x00,
    0x9F, 0x60, 0x00, 0x00, 0x00, 0x00, 0x00, 0x00, 0x00, 0x00, 0x08, 0xFF, 0xF4, 0x00, 0x00, 0x00,
    0x00, 0x00, 0x00, 0x00, 0x00, 0x6F, 0xFF, 0xFF, 0x30, 0x00, 0x00, 0x00, 0x00, 0x00, 0x00, 0x00,
    0x09, 0xFF, 0xFF, 0xE1, 0x00, 0x00, 0x00, 0x00, 0x00, 0x00, 0x00, 0x00, 0x4D, 0xFF, 0xE3, 0x00,
    0x00, 0x00, 0x00, 0x00, 0x00, 0x00, 0x00, 0x00, 0x8D, 0x20, 0x00, 0x00, 0x00, 0x00, 0x00, 0x00,
    0x00, 0x00, 0x00, 0x00, 0x00, 0x00, 0x00, 0x00, 0x00, 0x00, 0x00, 0x00, 0x49, 0xDF, 0xFF, 0xFC,
    0x71, 0x00, 0x00, 0x00, 0x00, 0x00, 0x2C, 0xFF, 0xFF, 0xFF, 0xFF, 0xFF, 0x60, 0x00, 0x00, 0x00,
    0x03, 0xEF, 0xFF, 0xFF, 0xFF, 0xFF, 0xFF, 0xF9, 0x00, 0x00, 0x00, 0x1E, 0xFF, 0xFF, 0xFF, 0xFF,
    0xFF, 0xFF, 0xFF, 0x70, 0x00, 0x00, 0xAF, 0xFF, 0xFF, 0xFA, 0x89, 0xDF, 0xFF, 0xFF, 0xF2, 0x00,
    0x01, 0xFF, 0xFF, 0xFC, 0x10, 0x00, 0x06, 0xFF, 0xFF, 0xF9, 0x00, 0x07, 0xFF, 0xFF, 0xE1, 0x00,
    0x00, 0x00, 0x8F, 0xFF, 0xFF, 0x00, 0x0B, 0xFF, 0xFF, 0x70, 0x00, 0x00, 0x00, 0x0F, 0xFF, 0xFF,
    0x30, 0x0E, 0xFF, 0xFF, 0x20, 0x00, 0x00, 0x00, 0x0B, 0xFF, 0xFF, 0x60, 0x0F, 0xFF, 0xFF, 0x00,
    0x00, 0x00, 0x00, 0x08, 0xFF, 0xFF, 0x70, 0x0F, 0xFF, 0xFF, 0x00, 0x00, 0x00, 0x00, 0x07, 0xFF,
    0xFF, 0x80, 0x0F, 0xFF, 0xFF, 0x00, 0x00, 0x00, 0x00, 0x08, 0xFF, 0xFF, 0x80, 0x0E, 0xFF, 0xFF,
    0x10, 0x00, 0x00, 0x00, 0x09, 0xFF, 0xFF, 0x60, 0x0C, 0xFF, 0xFF, 0x60, 0x00, 0x00, 0x00, 0x0E,
    0xFF, 0xFF, 0x40, 0x08, 0xFF, 0xFF, 0xC0, 0x00, 0x00, 0x00, 0x5F, 0xFF, 0xFF, 0x00, 0x03, 0xFF,
    0xFF, 0xF8, 0x00, 0x00, 0x02, 0xEF, 0xFF, 0xFB, 0x00, 0x00, 0xCF, 0xFF, 0xFF, 0xC6, 0x34, 0x8F,
    0xFF, 0xFF, 0xF4, 0x00, 0x00, 0x3F, 0xFF, 0xFF, 0xFF, 0xFF, 0xFF, 0xFF, 0xFF, 0xB0, 0x00, 0x00,
    0x06, 0xFF, 0xFF, 0xFF, 0xFF, 0xFF, 0xFF, 0xFD, 0x10, 0x00, 0x00, 0x00, 0x5F, 0xFF, 0xFF, 0xFF,
    0xFF, 0xFF, 0xB1, 0x00, 0x00, 0x00, 0x00, 0x01, 0x8E, 0xFF, 0xFF, 0xFF, 0xB5, 0x00, 0x00, 0x00,
    0x00, 0x00, 0x00, 0x00, 0x24, 0x55, 0x30, 0x00, 0x00, 0x00, 0x00, 0x00, 0x00, 0x00, 0x00, 0x00,
    0x02, 0x30, 0x00, 0x00, 0x00, 0x00, 0x00, 0x00, 0x00, 0x00, 0x00, 0x1D, 0xE2, 0x00, 0x00, 0x00,
    0x00, 0x00, 0x00, 0x00, 0x00, 0x00, 0xCF, 0xFE, 0x20, 0x00, 0x00, 0x00, 0x00, 0x00, 0x00, 0x00,
    0x0A, 0xFF, 0xFF, 0xD0, 0x00, 0x00, 0x00, 0x00, 0x00, 0x00, 0x00, 0x8F, 0xFF, 0xFD, 0x40, 0x00,
    0x00, 0x00, 0x00, 0x00, 0x00, 0x00, 0xAF, 0xFF, 0x90, 0x00, 0x00, 0x00, 0x00, 0x00, 0x00, 0x00,
    0x00, 0x09, 0xD3, 0x00, 0x00, 0x00, 0x00, 0x00, 0x00, 0x00, 0x00, 0x00, 0x00, 0x10, 0x00, 0x00,
    0x00, 0x00, 0x00, 0x00, 0x00, 0x00, 0x49, 0xDF, 0xFF, 0xFC, 0x71, 0x00, 0x00, 0x00, 0x00, 0x00,
    0x2C, 0xFF, 0xFF, 0xFF, 0xFF, 0xFF, 0x60, 0x00, 0x00, 0x00, 0x03, 0xEF, 0xFF, 0xFF, 0xFF, 0xFF,
    0xFF, 0xF9, 0x00, 0x00, 0x00, 0x1E, 0xFF, 0xFF, 0xFF, 0xFF, 0xFF, 0xFF, 0xFF, 0x70, 0x00, 0x00,
    0xAF, 0xFF, 0xFF, 0xFA, 0x89, 0xDF, 0xFF, 0xFF, 0xF2, 0x00, 0x01, 0xFF, 0xFF, 0xFC, 0x10, 0x00,
    0x06, 0xFF, 0xFF, 0xF9, 0x00, 0x07, 0xFF, 0xFF, 0xE1, 0x00, 0x00, 0x00, 0x8F, 0xFF, 0xFF, 0x00,
    0x0B, 0xFF, 0xFF, 0x70, 0x00, 0x00, 0x00, 0x0F, 0xFF, 0xFF, 0x30, 0x0E, 0xFF, 0xFF, 0x20, 0x00,
    0x00, 0x00, 0x0B, 0xFF, 0xFF, 0x60, 0x0F, 0xFF, 0xFF, 0x00, 0x00, 0x00, 0x00, 0x08, 0xFF, 0xFF,
    0x70, 0x0F, 0xFF, 0xFF, 0x00, 0x00, 0x00, 0x00, 0x07, 0xFF, 0xFF, 0x80, 0x0F, 0xFF, 0xFF, 0x00,
    0x00, 0x00, 0x00, 0x08, 0xFF, 0xFF, 0x80, 0x0E, 0xFF, 0xFF, 0x10, 0x00, 0x00, 0x00, 0x09, 0xFF,
    0xFF, 0x60, 0x0C, 0xFF, 0xFF, 0x60, 0x00, 0x00, 0x00, 0x0E, 0xFF, 0xFF, 0x40, 0x08, 0xFF, 0xFF,
    0xC0, 0x00, 0x00, 0x00, 0x5F, 0xFF, 0xFF, 0x00, 0x03, 0xFF, 0xFF, 0xF8, 0x00, 0x00, 0x02, 0xEF,
    0xFF, 0xFB, 0x00, 0x00, 0xCF, 0xFF, 0xFF, 0xC6, 0x34, 0x8F, 0xFF, 0xFF, 0xF4, 0x00, 0x00, 0x3F,
    0xFF, 0xFF, 0xFF, 0xFF, 0xFF, 0xFF, 0xFF, 0xB0, 0x00, 0x00, 0x06, 0xFF, 0xFF, 0xFF, 0xFF, 0xFF,
    0xFF, 0xFD, 0x10, 0x00, 0x00, 0x00, 0x5F, 0xFF, 0xFF, 0xFF, 0xFF, 0xFF, 0xB1, 0x00, 0x00, 0x00,
    0x00, 0x01, 0x8E, 0xFF, 0xFF, 0xFF, 0xB5, 0x00, 0x00, 0x00, 0x00, 0x00, 0x00, 0x00, 0x24, 0x55,
    0x30, 0x00, 0x00, 0x00, 0x00, 0x00, 0x00, 0x00, 0x00, 0x03, 0x33, 0x20, 0x00, 0x00, 0x00, 0x00,
    0x00, 0x00, 0x00, 0x00, 0xBF, 0xFF, 0xF4, 0x00, 0x00, 0x00, 0x00, 0x00, 0x00, 0x00, 0x08, 0xFF,
    0xFF, 0xFE, 0x10, 0x00, 0x00, 0x00, 0x00, 0x00, 0x00, 0x5F, 0xFF, 0xFF, 0xFF, 0xC0, 0x00, 0x00,
    0x00, 0x00, 0x00, 0x02, 0xFF, 0xFB, 0x15, 0xFF, 0xF9, 0x00, 0x00, 0x00, 0x00, 0x00, 0x00, 0x8F,
    0x80, 0x00, 0x2D, 0xD2, 0x00, 0x00, 0x00, 0x00, 0x00, 0x00, 0x01, 0x00, 0x00, 0x00, 0x00, 0x00,
    0x00, 0x00, 0x00, 0x00, 0x00, 0x49, 0xDF, 0xFF, 0xFC, 0x71, 0x00, 0x00, 0x00, 0x00, 0x00, 0x2C,
    0xFF, 0xFF, 0xFF, 0xFF, 0xFF, 0x60, 0x00, 0x00, 0x00, 0x03, 0xEF, 0xFF, 0xFF, 0xFF, 0xFF, 0xFF,
    0xF9, 0x00, 0x00, 0x00, 0x1E, 0xFF, 0xFF, 0xFF, 0xFF, 0xFF, 0xFF, 0xFF, 0x70, 0x00, 0x00, 0xAF,
    0xFF, 0xFF, 0xFA, 0x89, 0xDF, 0xFF, 0xFF, 0xF2, 0x00, 0x01, 0xFF, 0xFF, 0xFC, 0x10, 0x00, 0x06,
    0xFF, 0xFF, 0xF9, 0x00, 0x07, 0xFF, 0xFF, 0xE1, 0x00, 0x00, 0x00, 0x8F, 0xFF, 0xFF, 0x00, 0x0B,
    0xFF, 0xFF, 0x70, 0x00, 0x00, 0x00, 0x0F, 0xFF, 0xFF, 0x30, 0x0E, 0xFF, 0xFF, 0x20, 0x00, 0x00,
    0x00, 0x0B, 0xFF, 0xFF, 0x60, 0x0F, 0xFF, 0xFF, 0x00, 0x00, 0x00, 0x00, 0x08, 0xFF, 0xFF, 0x70,
    0x0F, 0xFF, 0xFF, 0x00, 0x00, 0x00, 0x00, 0x07, 0xFF, 0xFF, 0x80, 0x0F, 0xFF, 0xFF, 0x00, 0x00,
    0x00, 0x00, 0x08, 0xFF, 0xFF, 0x80, 0x0E, 0xFF, 0xFF, 0x10, 0x00, 0x00, 0x00, 0x09, 0xFF, 0xFF,
    0x60, 0x0C, 0xFF, 0xFF, 0x60, 0x00, 0x00, 0x00, 0x0E, 0xFF, 0xFF, 0x40, 0x08, 0xFF, 0xFF, 0xC0,
    0x00, 0x00, 0x00, 0x5F, 0xFF, 0xFF, 0x00, 0x03, 0xFF, 0xFF, 0xF8, 0x00, 0x00, 0x02, 0xEF, 0xFF,
    0xFB, 0x00, 0x00, 0xCF, 0xFF, 0xFF, 0xC6, 0x34, 0x8F, 0xFF, 0xFF, 0xF4, 0x00, 0x00, 0x3F, 0xFF,
    0xFF, 0xFF, 0xFF, 0xFF, 0xFF, 0xFF, 0xB0, 0x00, 0x00, 0x06, 0xFF, 0xFF, 0xFF, 0xFF, 0xFF, 0xFF,
    0xFD, 0x10, 0x00, 0x00, 0x00, 0x5F, 0xFF, 0xFF, 0xFF, 0xFF, 0xFF, 0xB1, 0x00, 0x00, 0x00, 0x00,
    0x01, 0x8E, 0xFF, 0xFF, 0xFF, 0xB5, 0x00, 0x00, 0x00, 0x00, 0x00, 0x00, 0x00, 0x24, 0x55, 0x30,
    0x00, 0x00, 0x00, 0x00, 0x00, 0x00, 0x00, 0x00, 0x00, 0x00, 0x00, 0x00, 0x00, 0x00, 0x00, 0x00,
    0x00, 0x00, 0x4D, 0xFD, 0x40, 0x08, 0xD5, 0x00, 0x00, 0x00, 0x00, 0x00, 0x02, 0xFF, 0xFF, 0xF8,
    0x5F, 0xFF, 0x60, 0x00, 0x00, 0x00, 0x00, 0x0B, 0xFF, 0xFF, 0xFF, 0xFF, 0xFF, 0x20, 0x00, 0x00,
    0x00, 0x00, 0x1F, 0xFF, 0xCD, 0xFF, 0xFF, 0xFB, 0x00, 0x00, 0x00, 0x00, 0x00, 0x03, 0xCD, 0x00,
    0x9F, 0xFF, 0xD1, 0x00, 0x00, 0x00, 0x00, 0x00, 0x00, 0x01, 0x00, 0x03, 0x65, 0x00, 0x00, 0x00,
    0x00, 0x00, 0x00, 0x00, 0x49, 0xDF, 0xFF, 0xFC, 0x71, 0x00, 0x00, 0x00, 0x00, 0x00, 0x2C, 0xFF,
    0xFF, 0xFF, 0xFF, 0xFF, 0x60, 0x00, 0x00, 0x00, 0x03, 0xEF, 0xFF, 0xFF, 0xFF, 0xFF, 0xFF, 0xF9,
    0x00, 0x00, 0x00, 0x1E, 0xFF, 0xFF, 0xFF, 0xFF, 0xFF, 0xFF, 0xFF, 0x70, 0x00, 0x00, 0xAF, 0xFF,
    0xFF, 0xFA, 0x89, 0xDF, 0xFF, 0xFF, 0xF2, 0x00, 0x01, 0xFF, 0xFF, 0xFC, 0x10, 0x00, 0x06, 0xFF,
    0xFF, 0xF9, 0x00, 0x07, 0xFF, 0xFF, 0xE1, 0x00, 0x00, 0x00, 0x8F, 0xFF, 0xFF, 0x00, 0x0B, 0xFF,
    0xFF, 0x70, 0x00, 0x00, 0x00, 0x0F, 0xFF, 0xFF, 0x30, 0x0E, 0xFF, 0xFF, 0x20, 0x00, 0x00, 0x00,
    0x0B, 0xFF, 0xFF, 0x60, 0x0F, 0xFF, 0xFF, 0x00, 0x00, 0x00, 0x00, 0x08, 0xFF, 0xFF, 0x70, 0x0F,
    0xFF, 0xFF, 0x00, 0x00, 0x00, 0x00, 0x07, 0xFF, 0xFF, 0x80, 0x0F, 0xFF, 0xFF, 0x00, 0x00, 0x00,
    0x00, 0x08, 0xFF, 0xFF, 0x80, 0x0E, 0xFF, 0xFF, 0x10, 0x00, 0x00, 0x00, 0x09, 0xFF, 0xFF, 0x60,
    0x0C, 0xFF, 0xFF, 0x60, 0x00, 0x00, 0x00, 0x0E, 0xFF, 0xFF, 0x40, 0x08, 0xFF, 0xFF, 0xC0, 0x00,
    0x00, 0x00, 0x5F, 0xFF, 0xFF, 0x00, 0x03, 0xFF, 0xFF, 0xF8, 0x00, 0x00, 0x02, 0xEF, 0xFF, 0xFB,
    0x00, 0x00, 0xCF, 0xFF, 0xFF, 0xC6, 0x34, 0x8F, 0xFF, 0xFF, 0xF4, 0x00, 0x00, 0x3F, 0xFF, 0xFF,
    0xFF, 0xFF, 0xFF, 0xFF, 0xFF, 0xB0, 0x00, 0x00, 0x06, 0xFF, 0xFF, 0xFF, 0xFF, 0xFF, 0xFF, 0xFD,
    0x10, 0x00, 0x00, 0x00, 0x5F, 0xFF, 0xFF, 0xFF, 0xFF, 0xFF, 0xB1, 0x00, 0x00, 0x00, 0x00, 0x01,
    0x8E, 0xFF, 0xFF, 0xFF, 0xB5, 0x00, 0x00, 0x00, 0x00, 0x00, 0x00, 0x00, 0x24, 0x55, 0x30, 0x00,
    0x00, 0x00, 0x00, 0x00, 0x00, 0x00, 0x00, 0x31, 0x00, 0x00, 0x00, 0x00, 0x00, 0x00, 0x00, 0x00,
    0x03, 0xFD, 0x00, 0x00, 0x00, 0x00, 0x00, 0x00, 0x00, 0x00, 0x2E, 0xFF, 0xB0, 0x00, 0x00, 0x00,
    0x00, 0x00, 0x00, 0x00, 0xEF, 0xFF, 0xF9, 0x00, 0x00, 0x00, 0x00, 0x00, 0x00, 0x00, 0x4E, 0xFF,
    0xFF, 0x70, 0x00, 0x00, 0x00, 0x00, 0x00, 0x00, 0x00, 0x9F, 0xFF, 0x90, 0x00, 0x00, 0x00, 0x00,
    0x00, 0x00, 0x00, 0x03, 0xD8, 0x00, 0x00, 0x00, 0x00, 0x00, 0x00, 0x00, 0x00, 0x00, 0x00, 0x00,
    0x00, 0x00, 0x00, 0x03, 0xBB, 0xBB, 0x60, 0x00, 0x00, 0x01, 0xBB, 0xBB, 0x80, 0x05, 0xFF, 0xFF,
    0x80, 0x00, 0x00, 0x01, 0xFF, 0xFF, 0xC0, 0x05, 0xFF, 0xFF, 0x80, 0x00, 0x00, 0x01, 0xFF, 0xFF,
    0xC0, 0x05, 0xFF, 0xFF, 0x80, 0x00, 0x00, 0x01, 0xFF, 0xFF, 0xC0, 0x05, 0xFF, 0xFF, 0x80, 0x00,
    0x00, 0x01, 0xFF, 0xFF, 0xC0, 0x05, 0xFF, 0xFF, 0x80, 0x00, 0x00, 0x01, 0xFF, 0xFF, 0xC0, 0x05,
    0xFF, 0xFF, 0x80, 0x00, 0x00, 0x01, 0xFF, 0xFF, 0xC0, 0x05, 0xFF, 0xFF, 0x80, 0x00, 0x00, 0x01,
    0xFF, 0xFF, 0xC0, 0x05, 0xFF, 0xFF, 0x80, 0x00, 0x00, 0x01, 0xFF, 0xFF, 0xC0, 0x05, 0xFF, 0xFF,
    0x80, 0x00, 0x00, 0x01, 0xFF, 0xFF, 0xC0, 0x05, 0xFF, 0xFF, 0x80, 0x00, 0x00, 0x01, 0xFF, 0xFF,
    0xC0, 0x05, 0xFF, 0xFF, 0x80, 0x00, 0x00, 0x01, 0xFF, 0xFF, 0xC0, 0x05, 0xFF, 0xFF, 0x80, 0x00,
    0x00, 0x01, 0xFF, 0xFF, 0xC0, 0x04, 0xFF, 0xFF, 0x90, 0x00, 0x00, 0x02, 0xFF, 0xFF, 0xB0, 0x03,
    0xFF, 0xFF, 0xD0, 0x00, 0x00, 0x05, 0xFF, 0xFF, 0xA0, 0x00, 0xFF, 0xFF, 0xF5, 0x00, 0x00, 0x0D,
    0xFF, 0xFF, 0x70, 0x00, 0xBF, 0xFF, 0xFF, 0x94, 0x46, 0xDF, 0xFF, 0xFF, 0x20, 0x00, 0x4F, 0xFF,
    0xFF, 0xFF, 0xFF, 0xFF, 0xFF, 0xFA, 0x00, 0x00, 0x08, 0xFF, 0xFF, 0xFF, 0xFF, 0xFF, 0xFF, 0xE1,
    0x00, 0x00, 0x00, 0x8F, 0xFF, 0xFF, 0xFF, 0xFF, 0xFD, 0x20, 0x00, 0x00, 0x00, 0x04, 0xAF, 0xFF,
    0xFF, 0xFD, 0x70, 0x00, 0x00, 0x00, 0x00, 0x00, 0x00, 0x34, 0x53, 0x10, 0x00, 0x00, 0x00, 0x00,
    0x00, 0x00, 0x00, 0x00, 0x05, 0x00, 0x00, 0x00, 0x00, 0x00, 0x00, 0x00, 0x00, 0x00, 0x6F, 0x90,
    0x00, 0x00, 0x00, 0x00, 0x00, 0x00, 0x00, 0x05, 0xFF, 0xF7, 0x00, 0x00, 0x00, 0x00, 0x00, 0x00,
    0x00, 0x3F, 0xFF, 0xFF, 0x60, 0x00, 0x00, 0x00, 0x00, 0x00, 0x02, 0xEF, 0xFF, 0xF9, 0x00, 0x00,
    0x00, 0x00, 0x00, 0x00, 0x03, 0xFF, 0xFD, 0x30, 0x00, 0x00, 0x00, 0x00, 0x00, 0x00, 0x00, 0x2E,
    0x80, 0x00, 0x00, 0x00, 0x00, 0x00, 0x00, 0x00, 0x00, 0x00, 0x00, 0x00, 0x00, 0x00, 0x00, 0x03,
    0xBB, 0xBB, 0x60, 0x00, 0x00, 0x01, 0xBB, 0xBB, 0x80, 0x05, 0xFF, 0xFF, 0x80, 0x00, 0x00, 0x01,
    0xFF, 0xFF, 0xC0, 0x05, 0xFF, 0xFF, 0x80, 0x00, 0x00, 0x01, 0xFF, 0xFF, 0xC0, 0x05, 0xFF, 0xFF,
    0x80, 0x00, 0x00, 0x01, 0xFF, 0xFF, 0xC0, 0x05, 0xFF, 0xFF, 0x80, 0x00, 0x00, 0x01, 0xFF, 0xFF,
    0xC0, 0x05, 0xFF, 0xFF, 0x80, 0x00, 0x00, 0x01, 0xFF, 0xFF, 0xC0, 0x05, 0xFF, 0xFF, 0x80, 0x00,
    0x00, 0x01, 0xFF, 0xFF, 0xC0, 0x05, 0xFF, 0xFF, 0x80, 0x00, 0x00, 0x01, 0xFF, 0xFF, 0xC0, 0x05,
    0xFF, 0xFF, 0x80, 0x00, 0x00, 0x01, 0xFF, 0xFF, 0xC0, 0x05, 0xFF, 0xFF, 0x80, 0x00, 0x00, 0x01,
    0xFF, 0xFF, 0xC0, 0x05, 0xFF, 0xFF, 0x80, 0x00, 0x00, 0x01, 0xFF, 0xFF, 0xC0, 0x05, 0xFF, 0xFF,
    0x80, 0x00, 0x00, 0x01, 0xFF, 0xFF, 0xC0, 0x05, 0xFF, 0xFF, 0x80, 0x00, 0x00, 0x01, 0xFF, 0xFF,
    0xC0, 0x04, 0xFF, 0xFF, 0x90, 0x00, 0x00, 0x02, 0xFF, 0xFF, 0xB0, 0x03, 0xFF, 0xFF, 0xD0, 0x00,
    0x00, 0x05, 0xFF, 0xFF, 0xA0, 0x00, 0xFF, 0xFF, 0xF5, 0x00, 0x00, 0x0D, 0xFF, 0xFF, 0x70, 0x00,
    0xBF, 0xFF, 0xFF, 0x94, 0x46, 0xDF, 0xFF, 0xFF, 0x20, 0x00, 0x4F, 0xFF, 0xFF, 0xFF, 0xFF, 0xFF,
    0xFF, 0xFA, 0x00, 0x00, 0x08, 0xFF, 0xFF, 0xFF, 0xFF, 0xFF, 0xFF, 0xE1, 0x00, 0x00, 0x00, 0x8F,
    0xFF, 0xFF, 0xFF, 0xFF, 0xFD, 0x20, 0x00, 0x00, 0x00, 0x04, 0xAF, 0xFF, 0xFF, 0xFD, 0x70, 0x00,
    0x00, 0x00, 0x00, 0x00, 0x00, 0x34, 0x53, 0x10, 0x00, 0x00, 0x00, 0x00, 0x00, 0x00, 0x00, 0x00,
    0x05, 0x00, 0x00, 0x00, 0x00, 0x00, 0x00, 0x00, 0x00, 0x00, 0x00, 0x8F, 0x70, 0x00, 0x00, 0x00,
    0x00, 0x00, 0x00, 0x00, 0x00, 0x06, 0xFF, 0xF6, 0x00, 0x00, 0x00, 0x00, 0x00, 0x00, 0x00, 0x00,
    0x4F, 0xFF, 0xFF, 0x40, 0x00, 0x00, 0x00, 0x00, 0x00, 0x00, 0x02, 0xFF, 0xFF, 0xF8, 0x00, 0x00,
    0x00, 0x00, 0x00, 0x00, 0x00, 0x04, 0xFF, 0xFC, 0x30, 0x00, 0x00, 0x00, 0x00, 0x00, 0x00, 0x00,
    0x00, 0x3E, 0x70, 0x00, 0x00, 0x00, 0x00, 0x00, 0x00, 0x00, 0x00, 0x00, 0x00, 0x00, 0x00, 0x00,
    0x00, 0x00, 0x00, 0x8B, 0xBB, 0xBA, 0x00, 0x00, 0x00, 0x00, 0x8B, 0xBB, 0xBA, 0x00, 0x4F, 0xFF,
    0xFF, 0x70, 0x00, 0x00, 0x03, 0xFF, 0xFF, 0xF8, 0x00, 0x0B, 0xFF, 0xFF, 0xE0, 0x00, 0x00, 0x0A,
    0xFF, 0xFF, 0xE0, 0x00, 0x02, 0xFF, 0xFF, 0xF7, 0x00, 0x00, 0x2F, 0xFF, 0xFF, 0x50, 0x00, 0x00,
    0x7F, 0xFF, 0xFE, 0x00, 0x00, 0xAF, 0xFF, 0xFC, 0x00, 0x00, 0x00, 0x0D, 0xFF, 0xFF, 0x60, 0x02,
    0xFF, 0xFF, 0xF2, 0x00, 0x00, 0x00, 0x04, 0xFF, 0xFF, 0xE0, 0x0A, 0xFF, 0xFF, 0x90, 0x00, 0x00,
    0x00, 0x00, 0xBF, 0xFF, 0xF6, 0x2F, 0xFF, 0xFE, 0x00, 0x00, 0x00, 0x00, 0x00, 0x2F, 0xFF, 0xFD,
    0xAF, 0xFF, 0xF6, 0x00, 0x00, 0x00, 0x00, 0x00, 0x08, 0xFF, 0xFF, 0xFF, 0xFF, 0xC0, 0x00, 0x00,
    0x00, 0x00, 0x00, 0x00, 0xDF, 0xFF, 0xFF, 0xFF, 0x30, 0x00, 0x00, 0x00, 0x00, 0x00, 0x00, 0x4F,
    0xFF, 0xFF, 0xF9, 0x00, 0x00, 0x00, 0x00, 0x00, 0x00, 0x00, 0x0B, 0xFF, 0xFF, 0xE1, 0x00, 0x00,
    0x00, 0x00, 0x00, 0x00, 0x00, 0x04, 0xFF, 0xFF, 0x90, 0x00, 0x00, 0x00, 0x00, 0x00, 0x00, 0x00,
    0x04, 0xFF, 0xFF, 0x90, 0x00, 0x00, 0x00, 0x00, 0x00, 0x00, 0x00, 0x04, 0xFF, 0xFF, 0x90, 0x00,
    0x00, 0x00, 0x00, 0x00, 0x00, 0x00, 0x04, 0xFF, 0xFF, 0x90, 0x00, 0x00, 0x00, 0x00, 0x00, 0x00,
    0x00, 0x04, 0xFF, 0xFF, 0x90, 0x00, 0x00, 0x00, 0x00, 0x00, 0x00, 0x00, 0x04, 0xFF, 0xFF, 0x90,
    0x00, 0x00, 0x00, 0x00, 0x00, 0x00, 0x00, 0x04, 0xFF, 0xFF, 0x90, 0x00, 0x00, 0x00, 0x00, 0x00,
    0x00, 0x00, 0x04, 0xFF, 0xFF, 0x90, 0x00, 0x00, 0x00, 0x00, 0x00, 0x00, 0x00, 0x20, 0x00, 0x00,
    0x00, 0x00, 0x00, 0x00, 0x07, 0xF3, 0x00, 0x00, 0x00, 0x00, 0x00, 0x00, 0x8F, 0xFD, 0x00, 0x00,
    0x00, 0x00, 0x00, 0x08, 0xFF, 0xFF, 0x80, 0x00, 0x00, 0x00, 0x00, 0x02, 0xDF, 0xFF, 0xF3, 0x00,
    0x00, 0x00, 0x00, 0x00, 0x1C, 0xFF, 0xFD, 0x00, 0x00, 0x00, 0x00, 0x00, 0x00, 0xAF, 0xFA, 0x00,
    0x00, 0x00, 0x00, 0x00, 0x00, 0x08, 0x80, 0x00, 0x00, 0x00, 0x00, 0x00, 0x00, 0x12, 0x20, 0x00,
    0x00, 0x00, 0x00, 0x01, 0x8E, 0xFF, 0xFF, 0xB4, 0x00, 0x00, 0x00, 0x4E, 0xFF, 0xFF, 0xFF, 0xFF,
    0x90, 0x00, 0x02, 0xFF, 0xFF, 0xFF, 0xFF, 0xFF, 0xF7, 0x00, 0x03, 0xDF, 0xFF, 0xDB, 0xEF, 0xFF,
    0xFF, 0x10, 0x00, 0x09, 0xF4, 0x00, 0x0A, 0xFF, 0xFF, 0x50, 0x00, 0x00, 0x10, 0x00, 0x04, 0xFF,
    0xFF, 0x70, 0x00, 0x00, 0x5B, 0xDF, 0xFF, 0xFF, 0xFF, 0x80, 0x00, 0x3D, 0xFF, 0xFF, 0xFF, 0xFF,
    0xFF, 0x80, 0x02, 0xFF, 0xFF, 0xFF, 0xFF, 0xFF, 0xFF, 0x80, 0x0B, 0xFF, 0xFF, 0xFF, 0xEE, 0xFF,
    0xFF, 0x80, 0x1F, 0xFF, 0xFE, 0x40, 0x03, 0xFF, 0xFF, 0x80, 0x3F, 0xFF, 0xF9, 0x00, 0x07, 0xFF,
    0xFF, 0x80, 0x2F, 0xFF, 0xFF, 0x98, 0xBF, 0xFF, 0xFF, 0x80, 0x0E, 0xFF, 0xFF, 0xFF, 0xFF, 0xFF,
    0xFF, 0x80, 0x05, 0xFF, 0xFF, 0xFF, 0xFA, 0xFF, 0xFF, 0x80, 0x00, 0x5E, 0xFF, 0xFF, 0x83, 0xFF,
    0xFF, 0x80, 0x00, 0x00, 0x35, 0x41, 0x00, 0x00, 0x00, 0x00, 0x00, 0x00, 0x00, 0x00, 0x02, 0x00,
    0x00, 0x00, 0x00, 0x00, 0x00, 0x00, 0x4F, 0x50, 0x00, 0x00, 0x00, 0x00, 0x00, 0x01, 0xEF, 0xF6,
    0x00, 0x00, 0x00, 0x00, 0x00, 0x0A, 0xFF, 0xFF, 0x60, 0x00, 0x00, 0x00, 0x00, 0x5F, 0xFF, 0xFC,
    0x10, 0x00, 0x00, 0x00, 0x01, 0xEF, 0xFF, 0xA0, 0x00, 0x00, 0x00, 0x00, 0x00, 0xBF, 0xF8, 0x00,
    0x00, 0x00, 0x00, 0x00, 0x00, 0x0A, 0x60, 0x00, 0x00, 0x00, 0x00, 0x00, 0x00, 0x12, 0x20, 0x00,
    0x00, 0x00, 0x00, 0x01, 0x8E, 0xFF, 0xFF, 0xB4, 0x00, 0x00, 0x00, 0x4E, 0xFF, 0xFF, 0xFF, 0xFF,
    0x90, 0x00, 0x02, 0xFF, 0xFF, 0xFF, 0xFF, 0xFF, 0xF7, 0x00, 0x03, 0xDF, 0xFF, 0xDB, 0xEF, 0xFF,
    0xFF, 0x10, 0x00, 0x09, 0xF4, 0x00, 0x0A, 0xFF, 0xFF, 0x50, 0x00, 0x00, 0x10, 0x00, 0x04, 0xFF,
    0xFF, 0x70, 0x00, 0x00, 0x5B, 0xDF, 0xFF, 0xFF, 0xFF, 0x80, 0x00, 0x3D, 0xFF, 0xFF, 0xFF, 0xFF,
    0xFF, 0x80, 0x02, 0xFF, 0xFF, 0xFF, 0xFF, 0xFF, 0xFF, 0x80, 0x0B, 0xFF, 0xFF, 0xFF, 0xEE, 0xFF,
    0xFF, 0x80, 0x1F, 0xFF, 0xFE, 0x40, 0x03, 0xFF, 0xFF, 0x80, 0x3F, 0xFF, 0xF9, 0x00, 0x07, 0xFF,
    0xFF, 0x80, 0x2F, 0xFF, 0xFF, 0x98, 0xBF, 0xFF, 0xFF, 0x80, 0x0E, 0xFF, 0xFF, 0xFF, 0xFF, 0xFF,
    0xFF, 0x80, 0x05, 0xFF, 0xFF, 0xFF, 0xFA, 0xFF, 0xFF, 0x80, 0x00, 0x5E, 0xFF, 0xFF, 0x83, 0xFF,
    0xFF, 0x80, 0x00, 0x00, 0x35, 0x41, 0x00, 0x00, 0x00, 0x00, 0x00, 0x00, 0x03, 0xBB, 0xBB, 0x20,
    0x00, 0x00, 0x00, 0x00, 0x0D, 0xFF, 0xFF, 0xC0, 0x00, 0x00, 0x00, 0x00, 0x9F, 0xFF, 0xFF, 0xF7,
    0x00, 0x00, 0x00, 0x04, 0xFF, 0xFD, 0xEF, 0xFF, 0x30, 0x00, 0x00, 0x0E, 0xFF, 0xB1, 0x1C, 0xFF,
    0xD0, 0x00, 0x00, 0x04, 0xE9, 0x00, 0x00, 0xBE, 0x30, 0x00, 0x00, 0x00, 0x10, 0x12, 0x20, 0x00,
    0x00, 0x00, 0x00, 0x01, 0x8E, 0xFF, 0xFF, 0xB4, 0x00, 0x00, 0x00, 0x4E, 0xFF, 0xFF, 0xFF, 0xFF,
    0x90, 0x00, 0x02, 0xFF, 0xFF, 0xFF, 0xFF, 0xFF, 0xF7, 0x00, 0x03, 0xDF, 0xFF, 0xDB, 0xEF, 0xFF,
    0xFF, 0x10, 0x00, 0x09, 0xF4, 0x00, 0x0A, 0xFF, 0xFF, 0x50, 0x00, 0x00, 0x10, 0x00, 0x04, 0xFF,
    0xFF, 0x70, 0x00, 0x00, 0x5B, 0xDF, 0xFF, 0xFF, 0xFF, 0x80, 0x00, 0x3D, 0xFF, 0xFF, 0xFF, 0xFF,
    0xFF, 0x80, 0x02, 0xFF, 0xFF, 0xFF, 0xFF, 0xFF, 0xFF, 0x80, 0x0B, 0xFF, 0xFF, 0xFF, 0xEE, 0xFF,
    0xFF, 0x80, 0x1F, 0xFF, 0xFE, 0x40, 0x03, 0xFF, 0xFF, 0x80, 0x3F, 0xFF, 0xF9, 0x00, 0x07, 0xFF,
    0xFF, 0x80, 0x2F, 0xFF, 0xFF, 0x98, 0xBF, 0xFF, 0xFF, 0x80, 0x0E, 0xFF, 0xFF, 0xFF, 0xFF, 0xFF,
    0xFF, 0x80, 0x05, 0xFF, 0xFF, 0xFF, 0xFA, 0xFF, 0xFF, 0x80, 0x00, 0x5E, 0xFF, 0xFF, 0x83, 0xFF,
    0xFF, 0x80, 0x00, 0x00, 0x35, 0x41, 0x00, 0x00, 0x00, 0x00, 0x00, 0x00, 0x04, 0x30, 0x00, 0x05,
    0x00, 0x00, 0x00, 0x03, 0xEF, 0xFC, 0x20, 0x4F, 0xD5, 0x00, 0x00, 0x1E, 0xFF, 0xFF, 0xE9, 0xEF,
    0xFC, 0x00, 0x00, 0x7F, 0xFF, 0xFF, 0xFF, 0xFF, 0xF7, 0x00, 0x00, 0x8F, 0xFC, 0x6E, 0xFF, 0xFF,
    0xD0, 0x00, 0x00, 0x04, 0xC1, 0x02, 0xBF, 0xFD, 0x20, 0x00, 0x00, 0x00, 0x00, 0x12, 0x21, 0x10,
    0x00, 0x00, 0x00, 0x01, 0x8E, 0xFF, 0xFF, 0xB4, 0x00, 0x00, 0x00, 0x4E, 0xFF, 0xFF, 0xFF, 0xFF,
    0x90, 0x00, 0x02, 0xFF, 0xFF, 0xFF, 0xFF, 0xFF, 0xF7, 0x00, 0x03, 0xDF, 0xFF, 0xDB, 0xEF, 0xFF,
    0xFF, 0x10, 0x00, 0x09, 0xF4, 0x00, 0x0A, 0xFF, 0xFF, 0x50, 0x00, 0x00, 0x10, 0x00, 0x04, 0xFF,
    0xFF, 0x70, 0x00, 0x00, 0x5B, 0xDF, 0xFF, 0xFF, 0xFF, 0x80, 0x00, 0x3D, 0xFF, 0xFF, 0xFF, 0xFF,
    0xFF, 0x80, 0x02, 0xFF, 0xFF, 0xFF, 0xFF, 0xFF, 0xFF, 0x80, 0x0B, 0xFF, 0xFF, 0xFF, 0xEE, 0xFF,
    0xFF, 0x80, 0x1F, 0xFF, 0xFE, 0x40, 0x03, 0xFF, 0xFF, 0x80, 0x3F, 0xFF, 0xF9, 0x00, 0x07, 0xFF,
    0xFF, 0x80, 0x2F, 0xFF, 0xFF, 0x98, 0xBF, 0xFF, 0xFF, 0x80, 0x0E, 0xFF, 0xFF, 0xFF, 0xFF, 0xFF,
    0xFF, 0x80, 0x05, 0xFF, 0xFF, 0xFF, 0xFA, 0xFF, 0xFF, 0x80, 0x00, 0x5E, 0xFF, 0xFF, 0x83, 0xFF,
    0xFF, 0x80, 0x00, 0x00, 0x35, 0x41, 0x00, 0x00, 0x00, 0x00, 0x00, 0x00, 0x00, 0x10, 0x00, 0x00,
    0x00, 0x00, 0x00, 0x00, 0x00, 0x02, 0xE9, 0x00, 0x00, 0x00, 0x00, 0x00, 0x00, 0x00, 0x3E, 0xFF,
    0x40, 0x00, 0x00, 0x00, 0x00, 0x00, 0x02, 0xFF, 0xFF, 0xE1, 0x00, 0x00, 0x00, 0x00, 0x00, 0x00,
    0x9F, 0xFF, 0xFA, 0x00, 0x00, 0x00, 0x00, 0x00, 0x00, 0x07, 0xFF, 0xFF, 0x50, 0x00, 0x00, 0x00,
    0x00, 0x00, 0x00, 0x4F, 0xFE, 0x30, 0x00, 0x00, 0x00, 0x00, 0x00, 0x00, 0x03, 0xB2, 0x00, 0x00,
    0x00, 0x00, 0x00, 0x00, 0x00, 0x02, 0x31, 0x00, 0x00, 0x00, 0x00, 0x00, 0x00, 0x2A, 0xFF, 0xFF,
    0xF9, 0x20, 0x00, 0x00, 0x00, 0x06, 0xFF, 0xFF, 0xFF, 0xFF, 0xF5, 0x00, 0x00, 0x00, 0x5F, 0xFF,
    0xFF, 0xFF, 0xFF, 0xFF, 0x40, 0x00, 0x01, 0xEF, 0xFF, 0xFD, 0xAD, 0xFF, 0xFF, 0xE0, 0x00, 0x07,
    0xFF, 0xFF, 0x90, 0x00, 0xAF, 0xFF, 0xF4, 0x00, 0x0C, 0xFF, 0xFF, 0x10, 0x00, 0x3F, 0xFF, 0xF8,
    0x00, 0x0F, 0xFF, 0xFF, 0xEE, 0xEE, 0xEF, 0xFF, 0xFA, 0x00, 0x1F, 0xFF, 0xFF, 0xFF, 0xFF, 0xFF,
    0xFF, 0xFA, 0x00, 0x1F, 0xFF, 0xFF, 0xFF, 0xFF, 0xFF, 0xFF, 0xF8, 0x00, 0x0F, 0xFF, 0xFF, 0xBB,
    0xBB, 0xBB, 0xBB, 0xB4, 0x00, 0x0E, 0xFF, 0xFF, 0x00, 0x00, 0x06, 0x10, 0x00, 0x00, 0x09, 0xFF,
    0xFF, 0x90, 0x00, 0x5F, 0xE4, 0x00, 0x00, 0x02, 0xFF, 0xFF, 0xFD, 0xAC, 0xFF, 0xFF, 0x90, 0x00,
    0x00, 0x7F, 0xFF, 0xFF, 0xFF, 0xFF, 0xFF, 0x80, 0x00, 0x00, 0x08, 0xFF, 0xFF, 0xFF, 0xFF, 0xFA,
    0x00, 0x00, 0x00, 0x00, 0x4B, 0xFF, 0xFF, 0xFE, 0x60, 0x00, 0x00, 0x00, 0x00, 0x00, 0x13, 0x55,
    0x20, 0x00, 0x00, 0x00, 0x00, 0x00, 0x00, 0x00, 0x02, 0x00, 0x00, 0x00, 0x00, 0x00, 0x00, 0x00,
    0x00, 0x0D, 0xB0, 0x00, 0x00, 0x00, 0x00, 0x00, 0x00, 0x00, 0x9F, 0xFC, 0x10, 0x00, 0x00, 0x00,
    0x00, 0x00, 0x04, 0xFF, 0xFF, 0xD0, 0x00, 0x00, 0x00, 0x00, 0x00, 0x0E, 0xFF, 0xFF, 0x50, 0x00,
    0x00, 0x00, 0x00, 0x00, 0x9F, 0xFF, 0xE3, 0x00, 0x00, 0x00, 0x00, 0x00, 0x00, 0x6F, 0xFD, 0x20,
    0x00, 0x00, 0x00, 0x00, 0x00, 0x00, 0x04, 0xB1, 0x00, 0x00, 0x00, 0x00, 0x00, 0x00, 0x00, 0x02,
    0x31, 0x00, 0x00, 0x00, 0x00, 0x00, 0x00, 0x2A, 0xFF, 0xFF, 0xF9, 0x20, 0x00, 0x00, 0x00, 0x06,
    0xFF, 0xFF, 0xFF, 0xFF, 0xF5, 0x00, 0x00, 0x00, 0x5F, 0xFF, 0xFF, 0xFF, 0xFF, 0xFF, 0x40, 0x00,
    0x01, 0xEF, 0xFF, 0xFD, 0xAD, 0xFF, 0xFF, 0xE0, 0x00, 0x07, 0xFF, 0xFF, 0x90, 0x00, 0xAF, 0xFF,
    0xF4, 0x00, 0x0C, 0xFF, 0xFF, 0x10, 0x00, 0x3F, 0xFF, 0xF8, 0x00, 0x0F, 0xFF, 0xFF, 0xEE, 0xEE,
    0xEF, 0xFF, 0xFA, 0x00, 0x1F, 0xFF, 0xFF, 0xFF, 0xFF, 0xFF, 0xFF, 0xFA, 0x00, 0x1F, 0xFF, 0xFF,
    0xFF, 0xFF, 0xFF, 0xFF, 0xF8, 0x00, 0x0F, 0xFF, 0xFF, 0xBB, 0xBB, 0xBB, 0xBB, 0xB4, 0x00, 0x0E,
    0xFF, 0xFF, 0x00, 0x00, 0x06, 0x10, 0x00, 0x00, 0x09, 0xFF, 0xFF, 0x90, 0x00, 0x5F, 0xE4, 0x00,
    0x00, 0x02, 0xFF, 0xFF, 0xFD, 0xAC, 0xFF, 0xFF, 0x90, 0x00, 0x00, 0x7F, 0xFF, 0xFF, 0xFF, 0xFF,
    0xFF, 0x80, 0x00, 0x00, 0x08, 0xFF, 0xFF, 0xFF, 0xFF, 0xFA, 0x00, 0x00, 0x00, 0x00, 0x4B, 0xFF,
    0xFF, 0xFE, 0x60, 0x00, 0x00, 0x00, 0x00, 0x00, 0x13, 0x55, 0x20, 0x00, 0x00, 0x00, 0x00, 0x00,
    0x00, 0xAB, 0xBB, 0x60, 0x00, 0x00, 0x00, 0x00, 0x00, 0x07, 0xFF, 0xFF, 0xF3, 0x00, 0x00, 0x00,
    0x00, 0x00, 0x3F, 0xFF, 0xFF, 0xFD, 0x00, 0x00, 0x00, 0x00, 0x00, 0xDF, 0xFF, 0xCF, 0xFF, 0x90,
    0x00, 0x00, 0x00, 0x08, 0xFF, 0xF4, 0x07, 0xFF, 0xF4, 0x00, 0x00, 0x00, 0x01, 0xBD, 0x20, 0x00,
    0x5F, 0x80, 0x00, 0x00, 0x00, 0x00, 0x00, 0x02, 0x31, 0x01, 0x00, 0x00, 0x00, 0x00, 0x00, 0x2A,
    0xFF, 0xFF, 0xF9, 0x20, 0x00, 0x00, 0x00, 0x06, 0xFF, 0xFF, 0xFF, 0xFF, 0xF5, 0x00, 0x00, 0x00,
    0x5F, 0xFF, 0xFF, 0xFF, 0xFF, 0xFF, 0x40, 0x00, 0x01, 0xEF, 0xFF, 0xFD, 0xAD, 0xFF, 0xFF, 0xE0,
    0x00, 0x07, 0xFF, 0xFF, 0x90, 0x00, 0xAF, 0xFF, 0xF4, 0x00, 0x0C, 0xFF, 0xFF, 0x10, 0x00, 0x3F,
    0xFF, 0xF8, 0x00, 0x0F, 0xFF, 0xFF, 0xEE, 0xEE, 0xEF, 0xFF, 0xFA, 0x00, 0x1F, 0xFF, 0xFF, 0xFF,
    0xFF, 0xFF, 0xFF, 0xFA, 0x00, 0x1F, 0xFF, 0xFF, 0xFF, 0xFF, 0xFF, 0xFF, 0xF8, 0x00, 0x0F, 0xFF,
    0xFF, 0xBB, 0xBB, 0xBB, 0xBB, 0xB4, 0x00, 0x0E, 0xFF, 0xFF, 0x00, 0x00, 0x06, 0x10, 0x00, 0x00,
    0x09, 0xFF, 0xFF, 0x90, 0x00, 0x5F, 0xE4, 0x00, 0x00, 0x02, 0xFF, 0xFF, 0xFD, 0xAC, 0xFF, 0xFF,
    0x90, 0x00, 0x00, 0x7F, 0xFF, 0xFF, 0xFF, 0xFF, 0xFF, 0x80, 0x00, 0x00, 0x08, 0xFF, 0xFF, 0xFF,
    0xFF, 0xFA, 0x00, 0x00, 0x00, 0x00, 0x4B, 0xFF, 0xFF, 0xFE, 0x60, 0x00, 0x00, 0x00, 0x00, 0x00,
    0x13, 0x55, 0x20, 0x00, 0x00, 0x00, 0x00, 0x00, 0x20, 0x00, 0x00, 0x00, 0x08, 0xF1, 0x00, 0x00,
    0x00, 0xAF, 0xFB, 0x00, 0x00, 0x0A, 0xFF, 0xFF, 0x60, 0x00, 0x03, 0xEF, 0xFF, 0xF2, 0x00, 0x00,
    0x2D, 0xFF, 0xFC, 0x00, 0x00, 0x01, 0xBF, 0xF8, 0x00, 0x00, 0x00, 0x09, 0x70, 0x00, 0x00, 0x00,
    0x00, 0x00, 0x00, 0x00, 0x07, 0xDD, 0xDD, 0x20, 0x00, 0x08, 0xFF, 0xFF, 0x30, 0x00, 0x08, 0xFF,
    0xFF, 0x30, 0x00, 0x08, 0xFF, 0xFF, 0x30, 0x00, 0x08, 0xFF, 0xFF, 0x30, 0x00, 0x08, 0xFF, 0xFF,
    0x30, 0x00, 0x08, 0xFF, 0xFF, 0x30, 0x00, 0x08, 0xFF, 0xFF, 0x30, 0x00, 0x08, 0xFF, 0xFF, 0x30,
    0x00, 0x08, 0xFF, 0xFF, 0x30, 0x00, 0x08, 0xFF, 0xFF, 0x30, 0x00, 0x08, 0xFF, 0xFF, 0x30, 0x00,
    0x08, 0xFF, 0xFF, 0x30, 0x00, 0x08, 0xFF, 0xFF, 0x30, 0x00, 0x08, 0xFF, 0xFF, 0x30, 0x00, 0x08,
    0xFF, 0xFF, 0x30, 0x00, 0x00, 0x02, 0x00, 0x00, 0x00, 0x00, 0x6F, 0x40, 0x00, 0x00, 0x02, 0xFF,
    0xF5, 0x00, 0x00, 0x0C, 0xFF, 0xFF, 0x50, 0x00, 0x7F, 0xFF, 0xFB, 0x00, 0x02, 0xFF, 0xFF, 0x90,
    0x00, 0x01, 0xDF, 0xF7, 0x00, 0x00, 0x00, 0x0B, 0x40, 0x00, 0x00, 0x00, 0x00, 0x00, 0x00, 0x00,
    0x07, 0xDD, 0xDD, 0x20, 0x00, 0x08, 0xFF, 0xFF, 0x30, 0x00, 0x08, 0xFF, 0xFF, 0x30, 0x00, 0x08,
    0xFF, 0xFF, 0x30, 0x00, 0x08, 0xFF, 0xFF, 0x30, 0x00, 0x08, 0xFF, 0xFF, 0x30, 0x00, 0x08, 0xFF,
    0xFF, 0x30, 0x00, 0x08, 0xFF, 0xFF, 0x30, 0x00, 0x08, 0xFF, 0xFF, 0x30, 0x00, 0x08, 0xFF, 0xFF,
    0x30, 0x00, 0x08, 0xFF, 0xFF, 0x30, 0x00, 0x08, 0xFF, 0xFF, 0x30, 0x00, 0x08, 0xFF, 0xFF, 0x30,
    0x00, 0x08, 0xFF, 0xFF, 0x30, 0x00, 0x08, 0xFF, 0xFF, 0x30, 0x00, 0x08, 0xFF, 0xFF, 0x30, 0x00,
    0x00, 0x00, 0x00, 0x01, 0x00, 0x00, 0x00, 0x00, 0x00, 0x00, 0x00, 0x01, 0xCC, 0x00, 0x00, 0x00,
    0x00, 0x00, 0x00, 0x00, 0x1D, 0xFF, 0x70, 0x00, 0x00, 0x00, 0x00, 0x00, 0x01, 0xDF, 0xFF, 0xF2,
    0x00, 0x00, 0x00, 0x00, 0x00, 0x00, 0x6F, 0xFF, 0xFD, 0x00, 0x00, 0x00, 0x00, 0x00, 0x00, 0x04,
    0xFF, 0xFF, 0x80, 0x00, 0x00, 0x00, 0x00, 0x00, 0x00, 0x2E, 0xFF, 0x50, 0x00, 0x00, 0x00, 0x00,
    0x00, 0x00, 0x01, 0xB3, 0x00, 0x00, 0x00, 0x00, 0x00, 0x00, 0x00, 0x02, 0x32, 0x00, 0x00, 0x00,
    0x00, 0x00, 0x00, 0x3A, 0xFF, 0xFF, 0xFB, 0x30, 0x00, 0x00, 0x00, 0x07, 0xFF, 0xFF, 0xFF, 0xFF,
    0xF8, 0x00, 0x00, 0x00, 0x6F, 0xFF, 0xFF, 0xFF, 0xFF, 0xFF, 0x70, 0x00, 0x02, 0xFF, 0xFF, 0xFF,
    0xFF, 0xFF, 0xFF, 0xF2, 0x00, 0x08, 0xFF, 0xFF, 0xF7, 0x47, 0xEF, 0xFF, 0xF9, 0x00, 0x0D, 0xFF,
    0xFF, 0x40, 0x00, 0x3F, 0xFF, 0xFE, 0x00, 0x0F, 0xFF, 0xFD, 0x00, 0x00, 0x0C, 0xFF, 0xFF, 0x10,
    0x1F, 0xFF, 0xFB, 0x00, 0x00, 0x0A, 0xFF, 0xFF, 0x20, 0x1F, 0xFF, 0xFB, 0x00, 0x00, 0x09, 0xFF,
    0xFF, 0x30, 0x0F, 0xFF, 0xFD, 0x00, 0x00, 0x0C, 0xFF, 0xFF, 0x10, 0x0D, 0xFF, 0xFF, 0x30, 0x00,
    0x2F, 0xFF, 0xFF, 0x00, 0x08, 0xFF, 0xFF, 0xE5, 0x24, 0xDF, 0xFF, 0xFA, 0x00, 0x02, 0xFF, 0xFF,
    0xFF, 0xFF, 0xFF, 0xFF, 0xF3, 0x00, 0x00, 0x8F, 0xFF, 0xFF, 0xFF, 0xFF, 0xFF, 0x90, 0x00, 0x00,
    0x09, 0xFF, 0xFF, 0xFF, 0xFF, 0xFA, 0x00, 0x00, 0x00, 0x00, 0x5C, 0xFF, 0xFF, 0xFC, 0x60, 0x00,
    0x00, 0x00, 0x00, 0x00, 0x13, 0x54, 0x20, 0x00, 0x00, 0x00, 0x00, 0x00, 0x00, 0x00, 0x01, 0x10,
    0x00, 0x00, 0x00, 0x00, 0x00, 0x00, 0x00, 0x0B, 0xD1, 0x00, 0x00, 0x00, 0x00, 0x00, 0x00, 0x00,
    0x6F, 0xFD, 0x20, 0x00, 0x00, 0x00, 0x00, 0x00, 0x01, 0xFF, 0xFF, 0xE1, 0x00, 0x00, 0x00, 0x00,
    0x00, 0x0B, 0xFF, 0xFF, 0x70, 0x00, 0x00, 0x00, 0x00, 0x00, 0x6F, 0xFF, 0xF5, 0x00, 0x00, 0x00,
    0x00, 0x00, 0x00, 0x3F, 0xFE, 0x30, 0x00, 0x00, 0x00, 0x00, 0x00, 0x00, 0x03, 0xB2, 0x00, 0x00,
    0x00, 0x00, 0x00, 0x00, 0x00, 0x02, 0x32, 0x00, 0x00, 0x00, 0x00, 0x00, 0x00, 0x3A, 0xFF, 0xFF,
    0xFB, 0x30, 0x00, 0x00, 0x00, 0x07, 0xFF, 0xFF, 0xFF, 0xFF, 0xF8, 0x00, 0x00, 0x00, 0x6F, 0xFF,
    0xFF, 0xFF, 0xFF, 0xFF, 0x70, 0x00, 0x02, 0xFF, 0xFF, 0xFF, 0xFF, 0xFF, 0xFF, 0xF2, 0x00, 0x08,
    0xFF, 0xFF, 0xF7, 0x47, 0xEF, 0xFF, 0xF9, 0x00, 0x0D, 0xFF, 0xFF, 0x40, 0x00, 0x3F, 0xFF, 0xFE,
    0x00, 0x0F, 0xFF, 0xFD, 0x00, 0x00, 0x0C, 0xFF, 0xFF, 0x10, 0x1F, 0xFF, 0xFB, 0x00, 0x00, 0x0A,
    0xFF, 0xFF, 0x20, 0x1F, 0xFF, 0xFB, 0x00, 0x00, 0x09, 0xFF, 0xFF, 0x30, 0x0F, 0xFF, 0xFD, 0x00,
    0x00, 0x0C, 0xFF, 0xFF, 0x10, 0x0D, 0xFF, 0xFF, 0x30, 0x00, 0x2F, 0xFF, 0xFF, 0x00, 0x08, 0xFF,
    0xFF, 0xE5, 0x24, 0xDF, 0xFF, 0xFA, 0x00, 0x02, 0xFF, 0xFF, 0xFF, 0xFF, 0xFF, 0xFF, 0xF3, 0x00,
    0x00, 0x8F, 0xFF, 0xFF, 0xFF, 0xFF, 0xFF, 0x90, 0x00, 0x00, 0x09, 0xFF, 0xFF, 0xFF, 0xFF, 0xFA,
    0x00, 0x00, 0x00, 0x00, 0x5C, 0xFF, 0xFF, 0xFC, 0x60, 0x00, 0x00, 0x00, 0x00, 0x00, 0x13, 0x54,
    0x20, 0x00, 0x00, 0x00, 0x00, 0x00, 0x00, 0x7B, 0xBB, 0x80, 0x00, 0x00, 0x00, 0x00, 0x00, 0x04,
    0xFF, 0xFF, 0xF5, 0x00, 0x00, 0x00, 0x00, 0x00, 0x1E, 0xFF, 0xFF, 0xFF, 0x20, 0x00, 0x00, 0x00,
    0x00, 0xBF, 0xFF, 0xCF, 0xFF, 0xC0, 0x00, 0x00, 0x00, 0x05, 0xFF, 0xF6, 0x05, 0xFF, 0xF7, 0x00,
    0x00, 0x00, 0x00, 0x9F, 0x40, 0x00, 0x3E, 0xA0, 0x00, 0x00, 0x00, 0x00, 0x01, 0x02, 0x32, 0x01,
    0x00, 0x00, 0x00, 0x00, 0x00, 0x3A, 0xFF, 0xFF, 0xFB, 0x30, 0x00, 0x00, 0x00, 0x07, 0xFF, 0xFF,
    0xFF, 0xFF, 0xF8, 0x00, 0x00, 0x00, 0x6F, 0xFF, 0xFF, 0xFF, 0xFF, 0xFF, 0x70, 0x00, 0x02, 0xFF,
    0xFF, 0xFF, 0xFF, 0xFF, 0xFF, 0xF2, 0x00, 0x08, 0xFF, 0xFF, 0xF7, 0x47, 0xEF, 0xFF, 0xF9, 0x00,
    0x0D, 0xFF, 0xFF, 0x40, 0x00, 0x3F, 0xFF, 0xFE, 0x00, 0x0F, 0xFF, 0xFD, 0x00, 0x00, 0x0C, 0xFF,
    0xFF, 0x10, 0x1F, 0xFF, 0xFB, 0x00, 0x00, 0x0A, 0xFF, 0xFF, 0x20, 0x1F, 0xFF, 0xFB, 0x00, 0x00,
    0x09, 0xFF, 0xFF, 0x30, 0x0F, 0xFF, 0xFD, 0x00, 0x00, 0x0C, 0xFF, 0xFF, 0x10, 0x0D, 0xFF, 0xFF,
    0x30, 0x00, 0x2F, 0xFF, 0xFF, 0x00, 0x08, 0xFF, 0xFF, 0xE5, 0x24, 0xDF, 0xFF, 0xFA, 0x00, 0x02,
    0xFF, 0xFF, 0xFF, 0xFF, 0xFF, 0xFF, 0xF3, 0x00, 0x00, 0x8F, 0xFF, 0xFF, 0xFF, 0xFF, 0xFF, 0x90,
    0x00, 0x00, 0x09, 0xFF, 0xFF, 0xFF, 0xFF, 0xFA, 0x00, 0x00, 0x00, 0x00, 0x5C, 0xFF, 0xFF, 0xFC,
    0x60, 0x00, 0x00, 0x00, 0x00, 0x00, 0x13, 0x54, 0x20, 0x00, 0x00, 0x00, 0x00, 0x00, 0x02, 0x42,
    0x00, 0x02, 0x30, 0x00, 0x00, 0x00, 0x00, 0x8F, 0xFF, 0x80, 0x0A, 0xFA, 0x10, 0x00, 0x00, 0x06,
    0xFF, 0xFF, 0xFC, 0xAF, 0xFF, 0x60, 0x00, 0x00, 0x0D, 0xFF, 0xFF, 0xFF, 0xFF, 0xFF, 0x10, 0x00,
    0x00, 0x1D, 0xFF, 0x89, 0xFF, 0xFF, 0xF7, 0x00, 0x00, 0x00, 0x00, 0x7A, 0x00, 0x4E, 0xFF, 0x90,
    0x00, 0x00, 0x00, 0x00, 0x00, 0x02, 0x32, 0x20, 0x00, 0x00, 0x00, 0x00, 0x00, 0x3A, 0xFF, 0xFF,
    0xFB, 0x30, 0x00, 0x00, 0x00, 0x07, 0xFF, 0xFF, 0xFF, 0xFF, 0xF8, 0x00, 0x00, 0x00, 0x6F, 0xFF,
    0xFF, 0xFF, 0xFF, 0xFF, 0x70, 0x00, 0x02, 0xFF, 0xFF, 0xFF, 0xFF, 0xFF, 0xFF, 0xF2, 0x00, 0x08,
    0xFF, 0xFF, 0xF7, 0x47, 0xEF, 0xFF, 0xF9, 0x00, 0x0D, 0xFF, 0xFF, 0x40, 0x00, 0x3F, 0xFF, 0xFE,
    0x00, 0x0F, 0xFF, 0xFD, 0x00, 0x00, 0x0C, 0xFF, 0xFF, 0x10, 0x1F, 0xFF, 0xFB, 0x00, 0x00, 0x0A,
    0xFF, 0xFF, 0x20, 0x1F, 0xFF, 0xFB, 0x00, 0x00, 0x09, 0xFF, 0xFF, 0x30, 0x0F, 0xFF, 0xFD, 0x00,
    0x00, 0x0C, 0xFF, 0xFF, 0x10, 0x0D, 0xFF, 0xFF, 0x30, 0x00, 0x2F, 0xFF, 0xFF, 0x00, 0x08, 0xFF,
    0xFF, 0xE5, 0x24, 0xDF, 0xFF, 0xFA, 0x00, 0x02, 0xFF, 0xFF, 0xFF, 0xFF, 0xFF, 0xFF, 0xF3, 0x00,
    0x00, 0x8F, 0xFF, 0xFF, 0xFF, 0xFF, 0xFF, 0x90, 0x00, 0x00, 0x09, 0xFF, 0xFF, 0xFF, 0xFF, 0xFA,
    0x00, 0x00, 0x00, 0x00, 0x5C, 0xFF, 0xFF, 0xFC, 0x60, 0x00, 0x00, 0x00, 0x00, 0x00, 0x13, 0x54,
    0x20, 0x00, 0x00, 0x00, 0x00, 0x00, 0x00, 0x01, 0x00, 0x00, 0x00, 0x00, 0x00, 0x00, 0x00, 0x00,
    0xCC, 0x00, 0x00, 0x00, 0x00, 0x00, 0x00, 0x00, 0x1C, 0xFF, 0x70, 0x00, 0x00, 0x00, 0x00, 0x00,
    0x00, 0xDF, 0xFF, 0xF2, 0x00, 0x00, 0x00, 0x00, 0x00, 0x00, 0x6F, 0xFF, 0xFD, 0x00, 0x00, 0x00,
    0x00, 0x00, 0x00, 0x04, 0xFF, 0xFF, 0x80, 0x00, 0x00, 0x00, 0x00, 0x00, 0x00, 0x2D, 0xFF, 0x50,
    0x00, 0x00, 0x00, 0x00, 0x00, 0x00, 0x01, 0xB4, 0x00, 0x00, 0x00, 0x00, 0x00, 0x00, 0x00, 0x00,
    0x00, 0x00, 0x00, 0x00, 0x00, 0x07, 0xDD, 0xDD, 0x10, 0x00, 0x2D, 0xDD, 0xD7, 0x00, 0x09, 0xFF,
    0xFF, 0x20, 0x00, 0x2F, 0xFF, 0xF8, 0x00, 0x09, 0xFF, 0xFF, 0x20, 0x00, 0x2F, 0xFF, 0xF8, 0x00,
    0x09, 0xFF, 0xFF, 0x20, 0x00, 0x2F, 0xFF, 0xF8, 0x00, 0x09, 0xFF, 0xFF, 0x20, 0x00, 0x2F, 0xFF,
    0xF8, 0x00, 0x09, 0xFF, 0xFF, 0x20, 0x00, 0x2F, 0xFF, 0xF8, 0x00, 0x09, 0xFF, 0xFF, 0x20, 0x00,
    0x2F, 0xFF, 0xF8, 0x00, 0x09, 0xFF, 0xFF, 0x20, 0x00, 0x2F, 0xFF, 0xF8, 0x00, 0x09, 0xFF, 0xFF,
    0x20, 0x00, 0x2F, 0xFF, 0xF8, 0x00, 0x09, 0xFF, 0xFF, 0x20, 0x00, 0x2F, 0xFF, 0xF8, 0x00, 0x09,
    0xFF, 0xFF, 0x40, 0x00, 0x6F, 0xFF, 0xF8, 0x00, 0x08, 0xFF, 0xFF, 0xD3, 0x15, 0xEF, 0xFF, 0xF8,
    0x00, 0x05, 0xFF, 0xFF, 0xFF, 0xFF, 0xFF, 0xFF, 0xF8, 0x00, 0x01, 0xFF, 0xFF, 0xFF, 0xFF, 0xFF,
    0xFF, 0xF8, 0x00, 0x00, 0x7F, 0xFF, 0xFF, 0xFF, 0x7F, 0xFF, 0xF8, 0x00, 0x00, 0x07, 0xFF, 0xFF,
    0xE5, 0x2F, 0xFF, 0xF8, 0x00, 0x00, 0x00, 0x04, 0x53, 0x00, 0x00, 0x00, 0x00, 0x00, 0x00, 0x00,
    0x00, 0x00, 0x01, 0x10, 0x00, 0x00, 0x00, 0x00, 0x00, 0x00, 0x00, 0x0A, 0xD1, 0x00, 0x00, 0x00,
    0x00, 0x00, 0x00, 0x00, 0x5F, 0xFE, 0x20, 0x00, 0x00, 0x00, 0x00, 0x00, 0x01, 0xEF, 0xFF, 0xE2,
    0x00, 0x00, 0x00, 0x00, 0x00, 0x0B, 0xFF, 0xFF, 0x80, 0x00, 0x00, 0x00, 0x00, 0x00, 0x6F, 0xFF,
    0xF5, 0x00, 0x00, 0x00, 0x00, 0x00, 0x00, 0x3E, 0xFE, 0x30, 0x00, 0x00, 0x00, 0x00, 0x00, 0x00,
    0x02, 0xB2, 0x00, 0x00, 0x00, 0x00, 0x00, 0x00, 0x00, 0x00, 0x00, 0x00, 0x00, 0x00, 0x00, 0x07,
    0xDD, 0xDD, 0x10, 0x00, 0x2D, 0xDD, 0xD7, 0x00, 0x09, 0xFF, 0xFF, 0x20, 0x00, 0x2F, 0xFF, 0xF8,
    0x00, 0x09, 0xFF, 0xFF, 0x20, 0x00, 0x2F, 0xFF, 0xF8, 0x00, 0x09, 0xFF, 0xFF, 0x20, 0x00, 0x2F,
    0xFF, 0xF8, 0x00, 0x09, 0xFF, 0xFF, 0x20, 0x00, 0x2F, 0xFF, 0xF8, 0x00, 0x09, 0xFF, 0xFF, 0x20,
    0x00, 0x2F, 0xFF, 0xF8, 0x00, 0x09, 0xFF, 0xFF, 0x20, 0x00, 0x2F, 0xFF, 0xF8, 0x00, 0x09, 0xFF,
    0xFF, 0x20, 0x00, 0x2F, 0xFF, 0xF8, 0x00, 0x09, 0xFF, 0xFF, 0x20, 0x00, 0x2F, 0xFF, 0xF8, 0x00,
    0x09, 0xFF, 0xFF, 0x20, 0x00, 0x2F, 0xFF, 0xF8, 0x00, 0x09, 0xFF, 0xFF, 0x40, 0x00, 0x6F, 0xFF,
    0xF8, 0x00, 0x08, 0xFF, 0xFF, 0xD3, 0x15, 0xEF, 0xFF, 0xF8, 0x00, 0x05, 0xFF, 0xFF, 0xFF, 0xFF,
    0xFF, 0xFF, 0xF8, 0x00, 0x01, 0xFF, 0xFF, 0xFF, 0xFF, 0xFF, 0xFF, 0xF8, 0x00, 0x00, 0x7F, 0xFF,
    0xFF, 0xFF, 0x7F, 0xFF, 0xF8, 0x00, 0x00, 0x07, 0xFF, 0xFF, 0xE5, 0x2F, 0xFF, 0xF8, 0x00, 0x00,
    0x00, 0x04, 0x53, 0x00, 0x00, 0x00, 0x00, 0x00, 0x00, 0x00, 0x00, 0x00, 0x00, 0x20, 0x00, 0x00,
    0x00, 0x00, 0x00, 0x00, 0x00, 0x01, 0xF8, 0x00, 0x00, 0x00, 0x00, 0x00, 0x00, 0x00, 0x0B, 0xFF,
    0x90, 0x00, 0x00, 0x00, 0x00, 0x00, 0x00, 0x6F, 0xFF, 0xFA, 0x00, 0x00, 0x00, 0x00, 0x00, 0x02,
    0xFF, 0xFF, 0xE3, 0x00, 0x00, 0x00, 0x00, 0x00, 0x0C, 0xFF, 0xFD, 0x10, 0x00, 0x00, 0x00, 0x00,
    0x00, 0x08, 0xFF, 0xB0, 0x00, 0x00, 0x00, 0x00, 0x00, 0x00, 0x00, 0x79, 0x00, 0x00, 0x00, 0x00,
    0x00, 0x00, 0x00, 0x00, 0x00, 0x00, 0x00, 0x00, 0x00, 0x4D, 0xDD, 0xDB, 0x00, 0x00, 0x00, 0x6D,
    0xDD, 0xD9, 0x0F, 0xFF, 0xFF, 0x20, 0x00, 0x00, 0xCF, 0xFF, 0xF5, 0x09, 0xFF, 0xFF, 0x80, 0x00,
    0x01, 0xFF, 0xFF, 0xE0, 0x03, 0xFF, 0xFF, 0xD0, 0x00, 0x06, 0xFF, 0xFF, 0x80, 0x00, 0xCF, 0xFF,
    0xF3, 0x00, 0x0B, 0xFF, 0xFF, 0x20, 0x00, 0x6F, 0xFF, 0xF8, 0x00, 0x1F, 0xFF, 0xFC, 0x00, 0x00,
    0x0F, 0xFF, 0xFE, 0x00, 0x6F, 0xFF, 0xF6, 0x00, 0x00, 0x09, 0xFF, 0xFF, 0x30, 0xBF, 0xFF, 0xF0,
    0x00, 0x00, 0x02, 0xFF, 0xFF, 0x90, 0xFF, 0xFF, 0x90, 0x00, 0x00, 0x00, 0xCF, 0xFF, 0xE5, 0xFF,
    0xFF, 0x30, 0x00, 0x00, 0x00, 0x6F, 0xFF, 0xFE, 0xFF, 0xFD, 0x00, 0x00, 0x00, 0x00, 0x0F, 0xFF,
    0xFF, 0xFF, 0xF6, 0x00, 0x00, 0x00, 0x00, 0x09, 0xFF, 0xFF, 0xFF, 0xF1, 0x00, 0x00, 0x00, 0x00,
    0x02, 0xFF, 0xFF, 0xFF, 0xA0, 0x00, 0x00, 0x00, 0x00, 0x00, 0xCF, 0xFF, 0xFF, 0x30, 0x00, 0x00,
    0x00, 0x00, 0x00, 0x5F, 0xFF, 0xFD, 0x00, 0x00, 0x00, 0x00, 0x00, 0x00, 0x6F, 0xFF, 0xF7, 0x00,
    0x00, 0x00, 0x00, 0x00, 0x00, 0xCF, 0xFF, 0xF1, 0x00, 0x00, 0x00, 0x00, 0x00, 0x03, 0xFF, 0xFF,
    0xA0, 0x00, 0x00, 0x00, 0x00, 0x00, 0x0A, 0xFF, 0xFF, 0x40, 0x00, 0x00, 0x00, 0x00, 0x00, 0x1F,
    0xFF, 0xFE, 0x00, 0x00, 0x00, 0x00, 0x00, 0x00, 0x5C, 0xCC, 0xC6, 0x00, 0x00, 0x00, 0x00, 0x00,
    0x00, 0x01, 0x66, 0x20, 0x00, 0x46, 0x60, 0x00, 0x00, 0x00, 0x00, 0x00, 0x03, 0xFF, 0x80, 0x00,
    0xDF, 0xF0, 0x00, 0x00, 0x00, 0x00, 0x00, 0x02, 0xFF, 0xF7, 0x49, 0xFF, 0xD0, 0x00, 0x00, 0x00,
    0x00, 0x00, 0x00, 0xDF, 0xFF, 0xFF, 0xFF, 0x80, 0x00, 0x00, 0x00, 0x00, 0x00, 0x00, 0x4F, 0xFF,
    0xFF, 0xFD, 0x10, 0x00, 0x00, 0x00, 0x00, 0x00, 0x00, 0x03, 0xAE, 0xFD, 0x81, 0x00, 0x00, 0x00,
    0x00, 0x00, 0x00, 0x00, 0x00, 0x00, 0x00, 0x00, 0x00, 0x00, 0x00, 0x00, 0x00, 0x00, 0x00, 0x03,
    0xBB, 0xBB, 0xA0, 0x00, 0x00, 0x00, 0x00, 0x00, 0x00, 0x00, 0x0A, 0xFF, 0xFF, 0xF3, 0x00, 0x00,
    0x00, 0x00, 0x00, 0x00, 0x00, 0x0F, 0xFF, 0xFF, 0xF9, 0x00, 0x00, 0x00, 0x00, 0x00, 0x00, 0x00,
    0x6F, 0xFF, 0xFF, 0xFF, 0x00, 0x00, 0x00, 0x00, 0x00, 0x00, 0x00, 0xCF, 0xFF, 0xFF, 0xFF, 0x60,
    0x00, 0x00, 0x00, 0x00, 0x00, 0x02, 0xFF, 0xFF, 0xFF, 0xFF, 0xC0, 0x00, 0x00, 0x00, 0x00, 0x00,
    0x08, 0xFF, 0xFF, 0xEF, 0xFF, 0xF2, 0x00, 0x00, 0x00, 0x00, 0x00, 0x0E, 0xFF, 0xFE, 0x5F, 0xFF,
    0xF8, 0x00, 0x00, 0x00, 0x00, 0x00, 0x4F, 0xFF, 0xF9, 0x0E, 0xFF, 0xFE, 0x00, 0x00, 0x00, 0x00,
    0x00, 0xAF, 0xFF, 0xF3, 0x09, 0xFF, 0xFF, 0x40, 0x00, 0x00, 0x00, 0x01, 0xFF, 0xFF, 0xD0, 0x04,
    0xFF, 0xFF, 0xA0, 0x00, 0x00, 0x00, 0x06, 0xFF, 0xFF, 0x80, 0x00, 0xEF, 0xFF, 0xF0, 0x00, 0x00,
    0x00, 0x0C, 0xFF, 0xFF, 0xFD, 0xDD, 0xFF, 0xFF, 0xF6, 0x00, 0x00, 0x00, 0x2F, 0xFF, 0xFF, 0xFF,
    0xFF, 0xFF, 0xFF, 0xFC, 0x00, 0x00, 0x00, 0x8F, 0xFF, 0xFF, 0xFF, 0xFF, 0xFF, 0xFF, 0xFF, 0x20,
    0x00, 0x00, 0xEF, 0xFF, 0xFF, 0xFF, 0xFF, 0xFF, 0xFF, 0xFF, 0x80, 0x00, 0x04, 0xFF, 0xFF, 0xFB,
    0xBB, 0xBB, 0xBE, 0xFF, 0xFF, 0xE0, 0x00, 0x0A, 0xFF, 0xFF, 0x60, 0x00, 0x00, 0x00, 0xCF, 0xFF,
    0xF4, 0x00, 0x1F, 0xFF, 0xFF, 0x10, 0x00, 0x00, 0x00, 0x7F, 0xFF, 0xFA, 0x00, 0x6F, 0xFF, 0xFA,
    0x00, 0x00, 0x00, 0x00, 0x1F, 0xFF, 0xFF, 0x10, 0xDF, 0xFF, 0xF5, 0x00, 0x00, 0x00, 0x00, 0x0C,
    0xFF, 0xFF, 0x60, 0x00, 0x00, 0x11, 0x00, 0x00, 0x11, 0x00, 0x00, 0x00, 0x0A, 0xFF, 0x00, 0x02,
    0xFF, 0x80, 0x00, 0x00, 0x0A, 0xFF, 0x40, 0x06, 0xFF, 0x80, 0x00, 0x00, 0x07, 0xFF, 0xE7, 0x8F,
    0xFF, 0x50, 0x00, 0x00, 0x02, 0xFF, 0xFF, 0xFF, 0xFE, 0x00, 0x00, 0x00, 0x00, 0x6F, 0xFF, 0xFF,
    0xF4, 0x00, 0x00, 0x00, 0x00, 0x03, 0x9C, 0xC9, 0x20, 0x00, 0x00, 0x00, 0x00, 0x00, 0x12, 0x20,
    0x00, 0x00, 0x00, 0x00, 0x01, 0x8E, 0xFF, 0xFF, 0xB4, 0x00, 0x00, 0x00, 0x4E, 0xFF, 0xFF, 0xFF,
    0xFF, 0x90, 0x00, 0x02, 0xFF, 0xFF, 0xFF, 0xFF, 0xFF, 0xF7, 0x00, 0x03, 0xDF, 0xFF, 0xDB, 0xEF,
    0xFF, 0xFF, 0x10, 0x00, 0x09, 0xF4, 0x00, 0x0A, 0xFF, 0xFF, 0x50, 0x00, 0x00, 0x10, 0x00, 0x04,
    0xFF, 0xFF, 0x70, 0x00, 0x00, 0x5B, 0xDF, 0xFF, 0xFF, 0xFF, 0x80, 0x00, 0x3D, 0xFF, 0xFF, 0xFF,
    0xFF, 0xFF, 0x80, 0x02, 0xFF, 0xFF, 0xFF, 0xFF, 0xFF, 0xFF, 0x80, 0x0B, 0xFF, 0xFF, 0xFF, 0xEE,
    0xFF, 0xFF, 0x80, 0x1F, 0xFF, 0xFE, 0x40, 0x03, 0xFF, 0xFF, 0x80, 0x3F, 0xFF, 0xF9, 0x00, 0x07,
    0xFF, 0xFF, 0x80, 0x2F, 0xFF, 0xFF, 0x98, 0xBF, 0xFF, 0xFF, 0x80, 0x0E, 0xFF, 0xFF, 0xFF, 0xFF,
    0xFF, 0xFF, 0x80, 0x05, 0xFF, 0xFF, 0xFF, 0xFA, 0xFF, 0xFF, 0x80, 0x00, 0x5E, 0xFF, 0xFF, 0x83,
    0xFF, 0xFF, 0x80, 0x00, 0x00, 0x35, 0x41, 0x00, 0x00, 0x00, 0x00, 0x00, 0x0B, 0xBB, 0xBB, 0xBB,
    0xBA, 0x97, 0x40, 0x00, 0x00, 0x00, 0x00, 0x0F, 0xFF, 0xFF, 0xFF, 0xFF, 0xFF, 0xFE, 0x80, 0x00,
    0x00, 0x00, 0x0F, 0xFF, 0xFF, 0xFF, 0xFF, 0xFF, 0xFF, 0xFD, 0x20, 0x00, 0x00, 0x0F, 0xFF, 0xFF,
    0xFF, 0xFF, 0xFF, 0xFF, 0xFF, 0xE2, 0x00, 0x00, 0x0F, 0xFF, 0xFF, 0xDD, 0xDE, 0xFF, 0xFF, 0xFF,
    0xFC, 0x00, 0x00, 0x0F, 0xFF, 0xFE, 0x00, 0x00, 0x05, 0xDF, 0xFF, 0xFF, 0x50, 0x00, 0x0F, 0xFF,
    0xFE, 0x00, 0x00, 0x00, 0x1D, 0xFF, 0xFF, 0xC0, 0x00, 0x0F, 0xFF, 0xFE, 0x00, 0x00, 0x00, 0x03,
    0xFF, 0xFF, 0xF1, 0xBF, 0xFF, 0xFF, 0xFF, 0xFF, 0xFC, 0x00, 0x00, 0xDF, 0xFF, 0xF3, 0xCF, 0xFF,
    0xFF, 0xFF, 0xFF, 0xFD, 0x00, 0x00, 0xAF, 0xFF, 0xF5, 0xCF, 0xFF, 0xFF, 0xFF, 0xFF, 0xFD, 0x00,
    0x00, 0x9F, 0xFF, 0xF6, 0xCF, 0xFF, 0xFF, 0xFF, 0xFF, 0xFD, 0x00, 0x00, 0xAF, 0xFF, 0xF6, 0x57,
    0x7F, 0xFF, 0xFF, 0x77, 0x76, 0x00, 0x00, 0xCF, 0xFF, 0xF4, 0x00, 0x0F, 0xFF, 0xFE, 0x00, 0x00,
    0x00, 0x02, 0xFF, 0xFF, 0xF1, 0x00, 0x0F, 0xFF, 0xFE, 0x00, 0x00, 0x00, 0x0B, 0xFF, 0xFF, 0xD0,
    0x00, 0x0F, 0xFF, 0xFE, 0x00, 0x00, 0x01, 0xBF, 0xFF, 0xFF, 0x70, 0x00, 0x0F, 0xFF, 0xFF, 0x99,
    0x9A, 0xCF, 0xFF, 0xFF, 0xFE, 0x00, 0x00, 0x0F, 0xFF, 0xFF, 0xFF, 0xFF, 0xFF, 0xFF, 0xFF, 0xF4,
    0x00, 0x00, 0x0F, 0xFF, 0xFF, 0xFF, 0xFF, 0xFF, 0xFF, 0xFF, 0x40, 0x00, 0x00, 0x0F, 0xFF, 0xFF,
    0xFF, 0xFF, 0xFF, 0xFF, 0xB2, 0x00, 0x00, 0x00, 0x0F, 0xFF, 0xFF, 0xFF, 0xFF, 0xEB, 0x82, 0x00,
    0x00, 0x00, 0x00, 0x00, 0x00, 0x00, 0x00, 0x07, 0xBB, 0xBB, 0x00, 0x00, 0x00, 0x00, 0x02, 0x66,
    0x6F, 0xFF, 0xFF, 0x75, 0x00, 0x00, 0x00, 0x05, 0xFF, 0xFF, 0xFF, 0xFF, 0xFD, 0x00, 0x00, 0x00,
    0x05, 0xFF, 0xFF, 0xFF, 0xFF, 0xFD, 0x00, 0x00, 0x00, 0x04, 0xCC, 0xCF, 0xFF, 0xFF, 0xDA, 0x00,
    0x00, 0x17, 0x9A, 0x71, 0x0B, 0xFF, 0xFF, 0x00, 0x00, 0x07, 0xFF, 0xFF, 0xFF, 0x5B, 0xFF, 0xFF,
    0x00, 0x00, 0x7F, 0xFF, 0xFF, 0xFF, 0xFD, 0xFF, 0xFF, 0x00, 0x02, 0xFF, 0xFF, 0xFF, 0xFF, 0xFF,
    0xFF, 0xFF, 0x00, 0x08, 0xFF, 0xFF, 0xFE, 0xCE, 0xFF, 0xFF, 0xFF, 0x00, 0x0D, 0xFF, 0xFF, 0x90,
    0x00, 0x8F, 0xFF, 0xFF, 0x00, 0x0F, 0xFF, 0xFE, 0x00, 0x00, 0x0E, 0xFF, 0xFF, 0x00, 0x1F, 0xFF,
    0xFB, 0x00, 0x00, 0x0A, 0xFF, 0xFF, 0x00, 0x2F, 0xFF, 0xFA, 0x00, 0x00, 0x09, 0xFF, 0xFF, 0x00,
    0x0F, 0xFF, 0xFC, 0x00, 0x00, 0x0B, 0xFF, 0xFF, 0x00, 0x0F, 0xFF, 0xFF, 0x20, 0x00, 0x1F, 0xFF,
    0xFF, 0x00, 0x0A, 0xFF, 0xFF, 0xD3, 0x03, 0xCF, 0xFF, 0xFF, 0x00, 0x05, 0xFF, 0xFF, 0xFF, 0xFF,
    0xFF, 0xFF, 0xFF, 0x00, 0x00, 0xCF, 0xFF, 0xFF, 0xFF, 0xFF, 0xFF, 0xFF, 0x00, 0x00, 0x2E, 0xFF,
    0xFF, 0xFF, 0xDC, 0xFF, 0xFF, 0x00, 0x00, 0x01, 0xAF, 0xFF, 0xFC, 0x1B, 0xFF, 0xFF, 0x00, 0x00,
    0x00, 0x01, 0x35, 0x30, 0x00, 0x00, 0x00, 0x00, 0x00, 0x00, 0x00, 0x00, 0x01, 0x00, 0x01, 0xBF,
    0xF8, 0x00, 0x2F, 0x81, 0x0C, 0xFF, 0xFF, 0xB4, 0xCF, 0xFD, 0x5F, 0xFF, 0xFF, 0xFF, 0xFF, 0xF8,
    0xAF, 0xFE, 0xBF, 0xFF, 0xFF, 0xF1, 0x08, 0xF3, 0x05, 0xEF, 0xFF, 0x50, 0x00, 0x10, 0x00, 0x15,
    0x62, 0x00, 0x00, 0x03, 0xBB, 0xBB, 0x60, 0x00, 0x00, 0x05, 0xFF, 0xFF, 0x80, 0x00, 0x00, 0x05,
    0xFF, 0xFF, 0x80, 0x00, 0x00, 0x05, 0xFF, 0xFF, 0x80, 0x00, 0x00, 0x05, 0xFF, 0xFF, 0x80, 0x00,
    0x00, 0x05, 0xFF, 0xFF, 0x80, 0x00, 0x00, 0x05, 0xFF, 0xFF, 0x80, 0x00, 0x00, 0x05, 0xFF, 0xFF,
    0x80, 0x00, 0x00, 0x05, 0xFF, 0xFF, 0x80, 0x00, 0x00, 0x05, 0xFF, 0xFF, 0x80, 0x00, 0x00, 0x05,
    0xFF, 0xFF, 0x80, 0x00, 0x00, 0x05, 0xFF, 0xFF, 0x80, 0x00, 0x00, 0x05, 0xFF, 0xFF, 0x80, 0x00,
    0x00, 0x05, 0xFF, 0xFF, 0x80, 0x00, 0x00, 0x05, 0xFF, 0xFF, 0x80, 0x00, 0x00, 0x05, 0xFF, 0xFF,
    0x80, 0x00, 0x00, 0x05, 0xFF, 0xFF, 0x80, 0x00, 0x00, 0x05, 0xFF, 0xFF, 0x80, 0x00, 0x00, 0x05,
    0xFF, 0xFF, 0x80, 0x00, 0x00, 0x05, 0xFF, 0xFF, 0x80, 0x00, 0x00, 0x05, 0xFF, 0xFF, 0x80, 0x00,
    0x00, 0x02, 0x41, 0x00, 0x03, 0x20, 0x00, 0x00, 0x9F, 0xFF, 0x70, 0x0B, 0xF9, 0x10, 0x07, 0xFF,
    0xFF, 0xFC, 0xAF, 0xFF, 0x50, 0x0E, 0xFF, 0xFF, 0xFF, 0xFF, 0xFF, 0x00, 0x2E, 0xFF, 0x7A, 0xFF,
    0xFF, 0xF6, 0x00, 0x00, 0x89, 0x00, 0x5E, 0xFF, 0x80, 0x00, 0x00, 0x00, 0x00, 0x00, 0x10, 0x00,
    0x00, 0x00, 0x00, 0xBD, 0xDD, 0xB0, 0x00, 0x00, 0x00, 0x00, 0xEF, 0xFF, 0xD0, 0x00, 0x00, 0x00,
    0x00, 0xEF, 0xFF, 0xD0, 0x00, 0x00, 0x00, 0x00, 0xEF, 0xFF, 0xD0, 0x00, 0x00, 0x00, 0x00, 0xEF,
    0xFF, 0xD0, 0x00, 0x00, 0x00, 0x00, 0xEF, 0xFF, 0xD0, 0x00, 0x00, 0x00, 0x00, 0xEF, 0xFF, 0xD0,
    0x00, 0x00, 0x00, 0x00, 0xEF, 0xFF, 0xD0, 0x00, 0x00, 0x00, 0x00, 0xEF, 0xFF, 0xD0, 0x00, 0x00,
    0x00, 0x00, 0xEF, 0xFF, 0xD0, 0x00, 0x00, 0x00, 0x00, 0xEF, 0xFF, 0xD0, 0x00, 0x00, 0x00, 0x00,
    0xEF, 0xFF, 0xD0, 0x00, 0x00, 0x00, 0x00, 0xEF, 0xFF, 0xD0, 0x00, 0x00, 0x00, 0x00, 0xEF, 0xFF,
    0xD0, 0x00, 0x00, 0x00, 0x00, 0xEF, 0xFF, 0xD0, 0x00, 0x00, 0x00, 0x00, 0xEF, 0xFF, 0xD0, 0x00,
    0x00, 0x00, 0x00, 0x00, 0x00, 0x00, 0x00, 0x01, 0x00, 0x00, 0x00, 0x00, 0x00, 0x00, 0xAF, 0xF9,
    0x00, 0x1F, 0x91, 0x00, 0x00, 0x00, 0x00, 0x0A, 0xFF, 0xFF, 0xC5, 0xBF, 0xFE, 0x00, 0x00, 0x00,
    0x00, 0x4F, 0xFF, 0xFF, 0xFF, 0xFF, 0xFA, 0x00, 0x00, 0x00, 0x00, 0x9F, 0xFF, 0xAF, 0xFF, 0xFF,
    0xF3, 0x00, 0x00, 0x00, 0x00, 0x07, 0xF5, 0x03, 0xEF, 0xFF, 0x70, 0x00, 0x00, 0x00, 0x00, 0x00,
    0x10, 0x00, 0x05, 0x62, 0x00, 0x00, 0x00, 0x03, 0xBB, 0xBB, 0x60, 0x00, 0x00, 0x01, 0xBB, 0xBB,
    0x80, 0x05, 0xFF, 0xFF, 0x80, 0x00, 0x00, 0x01, 0xFF, 0xFF, 0xC0, 0x05, 0xFF, 0xFF, 0x80, 0x00,
    0x00, 0x01, 0xFF, 0xFF, 0xC0, 0x05, 0xFF, 0xFF, 0x80, 0x00, 0x00, 0x01, 0xFF, 0xFF, 0xC0, 0x05,
    0xFF, 0xFF, 0x80, 0x00, 0x00, 0x01, 0xFF, 0xFF, 0xC0, 0x05, 0xFF, 0xFF, 0x80, 0x00, 0x00, 0x01,
    0xFF, 0xFF, 0xC0, 0x05, 0xFF, 0xFF, 0x80, 0x00, 0x00, 0x01, 0xFF, 0xFF, 0xC0, 0x05, 0xFF, 0xFF,
    0x80, 0x00, 0x00, 0x01, 0xFF, 0xFF, 0xC0, 0x05, 0xFF, 0xFF, 0x80, 0x00, 0x00, 0x01, 0xFF, 0xFF,
    0xC0, 0x05, 0xFF, 0xFF, 0x80, 0x00, 0x00, 0x01, 0xFF, 0xFF, 0xC0, 0x05, 0xFF, 0xFF, 0x80, 0x00,
    0x00, 0x01, 0xFF, 0xFF, 0xC0, 0x05, 0xFF, 0xFF, 0x80, 0x00, 0x00, 0x01, 0xFF, 0xFF, 0xC0, 0x05,
    0xFF, 0xFF, 0x80, 0x00, 0x00, 0x01, 0xFF, 0xFF, 0xC0, 0x04, 0xFF, 0xFF, 0x90, 0x00, 0x00, 0x02,
    0xFF, 0xFF, 0xB0, 0x03, 0xFF, 0xFF, 0xD0, 0x00, 0x00, 0x05, 0xFF, 0xFF, 0xA0, 0x00, 0xFF, 0xFF,
    0xF5, 0x00, 0x00, 0x0D, 0xFF, 0xFF, 0x70, 0x00, 0xBF, 0xFF, 0xFF, 0x94, 0x46, 0xDF, 0xFF, 0xFF,
    0x20, 0x00, 0x4F, 0xFF, 0xFF, 0xFF, 0xFF, 0xFF, 0xFF, 0xFA, 0x00, 0x00, 0x08, 0xFF, 0xFF, 0xFF,
    0xFF, 0xFF, 0xFF, 0xE1, 0x00, 0x00, 0x00, 0x8F, 0xFF, 0xFF, 0xFF, 0xFF, 0xFD, 0x20, 0x00, 0x00,
    0x00, 0x04, 0xAF, 0xFF, 0xFF, 0xFD, 0x70, 0x00, 0x00, 0x00, 0x00, 0x00, 0x00, 0x34, 0x53, 0x10,
    0x00, 0x00, 0x00, 0x00, 0x00, 0x02, 0x42, 0x00, 0x02, 0x30, 0x00, 0x00, 0x00, 0x00, 0x8F, 0xFF,
    0x80, 0x0A, 0xFA, 0x20, 0x00, 0x00, 0x05, 0xFF, 0xFF, 0xFC, 0xAF, 0xFF, 0x60, 0x00, 0x00, 0x0D,
    0xFF, 0xFF, 0xFF, 0xFF, 0xFF, 0x10, 0x00, 0x00, 0x1D, 0xFF, 0x89, 0xFF, 0xFF, 0xF8, 0x00, 0x00,
    0x00, 0x00, 0x7A, 0x00, 0x4E, 0xFF, 0x90, 0x00, 0x00, 0x00, 0x00, 0x00, 0x00, 0x00, 0x10, 0x00,
    0x00, 0x00, 0x07, 0xDD, 0xDD, 0x10, 0x00, 0x2D, 0xDD, 0xD7, 0x00, 0x09, 0xFF, 0xFF, 0x20, 0x00,
    0x2F, 0xFF, 0xF8, 0x00, 0x09, 0xFF, 0xFF, 0x20, 0x00, 0x2F, 0xFF, 0xF8, 0x00, 0x09, 0xFF, 0xFF,
    0x20, 0x00, 0x2F, 0xFF, 0xF8, 0x00, 0x09, 0xFF, 0xFF, 0x20, 0x00, 0x2F, 0xFF, 0xF8, 0x00, 0x09,
    0xFF, 0xFF, 0x20, 0x00, 0x2F, 0xFF, 0xF8, 0x00, 0x09, 0xFF, 0xFF, 0x20, 0x00, 0x2F, 0xFF, 0xF8,
    0x00, 0x09, 0xFF, 0xFF, 0x20, 0x00, 0x2F, 0xFF, 0xF8, 0x00, 0x09, 0xFF, 0xFF, 0x20, 0x00, 0x2F,
    0xFF, 0xF8, 0x00, 0x09, 0xFF, 0xFF, 0x20, 0x00, 0x2F, 0xFF, 0xF8, 0x00, 0x09, 0xFF, 0xFF, 0x40,
    0x00, 0x6F, 0xFF, 0xF8, 0x00, 0x08, 0xFF, 0xFF, 0xD3, 0x15, 0xEF, 0xFF, 0xF8, 0x00, 0x05, 0xFF,
    0xFF, 0xFF, 0xFF, 0xFF, 0xFF, 0xF8, 0x00, 0x01, 0xFF, 0xFF, 0xFF, 0xFF, 0xFF, 0xFF, 0xF8, 0x00,
    0x00, 0x7F, 0xFF, 0xFF, 0xFF, 0x7F, 0xFF, 0xF8, 0x00, 0x00, 0x07, 0xFF, 0xFF, 0xE5, 0x2F, 0xFF,
    0xF8, 0x00, 0x00, 0x00, 0x04, 0x53, 0x00, 0x00, 0x00, 0x00, 0x00, 0x00, 0x00, 0x00, 0x00, 0x00,
    0x00, 0x00, 0x00, 0x00, 0x01, 0x00, 0x00, 0x00, 0x00, 0x00, 0x00, 0x00, 0x00, 0x00, 0x00, 0x6F,
    0x40, 0x00, 0x00, 0x00, 0x00, 0x00, 0x00, 0x00, 0x00, 0x0A, 0xFF, 0xD0, 0x00, 0x00, 0x00, 0x00,
    0x00, 0x00, 0x00, 0x00, 0x1F, 0xFF, 0xF2, 0x00, 0x00, 0x00, 0x00, 0x00, 0x10, 0x00, 0x00, 0x0E,
    0xFF, 0xF3, 0x00, 0x00, 0x00, 0x49, 0xDF, 0xFF, 0xFF, 0xDC, 0xEF, 0xFF, 0xF0, 0x00, 0x00, 0x2C,
    0xFF, 0xFF, 0xFF, 0xFF, 0xFF, 0xFF, 0xFF, 0x70, 0x00, 0x03, 0xEF, 0xFF, 0xFF, 0xFF, 0xFF, 0xFF,
    0xFF, 0xD6, 0x00, 0x00, 0x1E, 0xFF, 0xFF, 0xFF, 0xFF, 0xFF, 0xFF, 0xFF, 0x30, 0x00, 0x00, 0xAF,
    0xFF, 0xFF, 0xFA, 0x89, 0xDF, 0xFF, 0xFF, 0xE0, 0x00, 0x01, 0xFF, 0xFF, 0xFC, 0x10, 0x00, 0x06,
    0xFF, 0xFF, 0xF8, 0x00, 0x07, 0xFF, 0xFF, 0xE1, 0x00, 0x00, 0x00, 0x8F, 0xFF, 0xFE, 0x00, 0x0B,
    0xFF, 0xFF, 0x70, 0x00, 0x00, 0x00, 0x0F, 0xFF, 0xFF, 0x30, 0x0E, 0xFF, 0xFF, 0x20, 0x00, 0x00,
    0x00, 0x0B, 0xFF, 0xFF, 0x60, 0x0F, 0xFF, 0xFF, 0x00, 0x00, 0x00, 0x00, 0x08, 0xFF, 0xFF, 0x70,
    0x0F, 0xFF, 0xFF, 0x00, 0x00, 0x00, 0x00, 0x07, 0xFF, 0xFF, 0x80, 0x0F, 0xFF, 0xFF, 0x00, 0x00,
    0x00, 0x00, 0x08, 0xFF, 0xFF, 0x80, 0x0E, 0xFF, 0xFF, 0x10, 0x00, 0x00, 0x00, 0x09, 0xFF, 0xFF,
    0x60, 0x0C, 0xFF, 0xFF, 0x60, 0x00, 0x00, 0x00, 0x0E, 0xFF, 0xFF, 0x40, 0x08, 0xFF, 0xFF, 0xC0,
    0x00, 0x00, 0x00, 0x5F, 0xFF, 0xFF, 0x00, 0x03, 0xFF, 0xFF, 0xF8, 0x00, 0x00, 0x02, 0xEF, 0xFF,
    0xFB, 0x00, 0x00, 0xCF, 0xFF, 0xFF, 0xC6, 0x34, 0x8F, 0xFF, 0xFF, 0xF4, 0x00, 0x00, 0x3F, 0xFF,
    0xFF, 0xFF, 0xFF, 0xFF, 0xFF, 0xFF, 0xB0, 0x00, 0x00, 0x06, 0xFF, 0xFF, 0xFF, 0xFF, 0xFF, 0xFF,
    0xFD, 0x10, 0x00, 0x00, 0x00, 0x5F, 0xFF, 0xFF, 0xFF, 0xFF, 0xFF, 0xB1, 0x00, 0x00, 0x00, 0x00,
    0x01, 0x8E, 0xFF, 0xFF, 0xFF, 0xB5, 0x00, 0x00, 0x00, 0x00, 0x00, 0x00, 0x00, 0x24, 0x55, 0x30,
    0x00, 0x00, 0x00, 0x00, 0x00, 0x00, 0x00, 0x00, 0x00, 0x00, 0x00, 0x02, 0x00, 0x00, 0x00, 0x00,
    0x00, 0x00, 0x00, 0x00, 0xAF, 0x40, 0x00, 0x00, 0x00, 0x00, 0x00, 0x00, 0x2D, 0xFF, 0xD0, 0x00,
    0x00, 0x00, 0x00, 0x00, 0x00, 0x1F, 0xFF, 0xF1, 0x00, 0x00, 0x00, 0x02, 0x42, 0x00, 0x1F, 0xFF,
    0xF1, 0x00, 0x00, 0x3A, 0xFF, 0xFF, 0xFF, 0xFF, 0xFF, 0xD0, 0x00, 0x07, 0xFF, 0xFF, 0xFF, 0xFF,
    0xFF, 0xFF, 0x40, 0x00, 0x6F, 0xFF, 0xFF, 0xFF, 0xFF, 0xFF, 0xD3, 0x00, 0x02, 0xFF, 0xFF, 0xFF,
    0xFF, 0xFF, 0xFF, 0xD0, 0x00, 0x08, 0xFF, 0xFF, 0xF7, 0x47, 0xEF, 0xFF, 0xF7, 0x00, 0x0D, 0xFF,
    0xFF, 0x40, 0x00, 0x3F, 0xFF, 0xFD, 0x00, 0x0F, 0xFF, 0xFD, 0x00, 0x00, 0x0C, 0xFF, 0xFF, 0x10,
    0x1F, 0xFF, 0xFB, 0x00, 0x00, 0x0A, 0xFF, 0xFF, 0x20, 0x1F, 0xFF, 0xFB, 0x00, 0x00, 0x09, 0xFF,
    0xFF, 0x30, 0x0F, 0xFF, 0xFD, 0x00, 0x00, 0x0C, 0xFF, 0xFF, 0x10, 0x0D, 0xFF, 0xFF, 0x30, 0x00,
    0x2F, 0xFF, 0xFF, 0x00, 0x08, 0xFF, 0xFF, 0xE5, 0x24, 0xDF, 0xFF, 0xFA, 0x00, 0x02, 0xFF, 0xFF,
    0xFF, 0xFF, 0xFF, 0xFF, 0xF3, 0x00, 0x00, 0x8F, 0xFF, 0xFF, 0xFF, 0xFF, 0xFF, 0x90, 0x00, 0x00,
    0x09, 0xFF, 0xFF, 0xFF, 0xFF, 0xFA, 0x00, 0x00, 0x00, 0x00, 0x5C, 0xFF, 0xFF, 0xFC, 0x60, 0x00,
    0x00, 0x00, 0x00, 0x00, 0x13, 0x54, 0x20, 0x00, 0x00, 0x00, 0x00, 0x00, 0x00, 0x00, 0x00, 0x00,
    0x00, 0x00, 0x00, 0x00, 0x10, 0x00, 0x00, 0x00, 0x00, 0x00, 0x00, 0x00, 0x00, 0x00, 0x00, 0x06,
    0xF4, 0x00, 0x00, 0x00, 0x00, 0x00, 0x00, 0x00, 0x00, 0x00, 0x00, 0xAF, 0xFD, 0x00, 0x00, 0x00,
    0x00, 0x00, 0x00, 0x00, 0x00, 0x00, 0x01, 0xFF, 0xFF, 0x20, 0x00, 0x00, 0x00, 0x00, 0x00, 0x00,
    0x00, 0x00, 0x00, 0xEF, 0xFF, 0x30, 0x03, 0xBB, 0xBB, 0x60, 0x00, 0x00, 0x01, 0xBB, 0xFF, 0xFF,
    0xFF, 0x00, 0x05, 0xFF, 0xFF, 0x80, 0x00, 0x00, 0x01, 0xFF, 0xFF, 0xFF, 0xFA, 0x00, 0x05, 0xFF,
    0xFF, 0x80, 0x00, 0x00, 0x01, 0xFF, 0xFF, 0xFF, 0xB0, 0x00, 0x05, 0xFF, 0xFF, 0x80, 0x00, 0x00,
    0x01, 0xFF, 0xFF, 0xF3, 0x00, 0x00, 0x05, 0xFF, 0xFF, 0x80, 0x00, 0x00, 0x01, 0xFF, 0xFF, 0xC0,
    0x00, 0x00, 0x05, 0xFF, 0xFF, 0x80, 0x00, 0x00, 0x01, 0xFF, 0xFF, 0xC0, 0x00, 0x00, 0x05, 0xFF,
    0xFF, 0x80, 0x00, 0x00, 0x01, 0xFF, 0xFF, 0xC0, 0x00, 0x00, 0x05, 0xFF, 0xFF, 0x80, 0x00, 0x00,
    0x01, 0xFF, 0xFF, 0xC0, 0x00, 0x00, 0x05, 0xFF, 0xFF, 0x80, 0x00, 0x00, 0x01, 0xFF, 0xFF, 0xC0,
    0x00, 0x00, 0x05, 0xFF, 0xFF, 0x80, 0x00, 0x00, 0x01, 0xFF, 0xFF, 0xC0, 0x00, 0x00, 0x05, 0xFF,
    0xFF, 0x80, 0x00, 0x00, 0x01, 0xFF, 0xFF, 0xC0, 0x00, 0x00, 0x05, 0xFF, 0xFF, 0x80, 0x00, 0x00,
    0x01, 0xFF, 0xFF, 0xC0, 0x00, 0x00, 0x05, 0xFF, 0xFF, 0x80, 0x00, 0x00, 0x01, 0xFF, 0xFF, 0xC0,
    0x00, 0x00, 0x04, 0xFF, 0xFF, 0x90, 0x00, 0x00, 0x02, 0xFF, 0xFF, 0xB0, 0x00, 0x00, 0x03, 0xFF,
    0xFF, 0xD0, 0x00, 0x00, 0x05, 0xFF, 0xFF, 0xA0, 0x00, 0x00, 0x00, 0xFF, 0xFF, 0xF5, 0x00, 0x00,
    0x0D, 0xFF, 0xFF, 0x70, 0x00, 0x00, 0x00, 0xBF, 0xFF, 0xFF, 0x94, 0x46, 0xDF, 0xFF, 0xFF, 0x20,
    0x00, 0x00, 0x00, 0x4F, 0xFF, 0xFF, 0xFF, 0xFF, 0xFF, 0xFF, 0xFA, 0x00, 0x00, 0x00, 0x00, 0x08,
    0xFF, 0xFF, 0xFF, 0xFF, 0xFF, 0xFF, 0xE1, 0x00, 0x00, 0x00, 0x00, 0x00, 0x8F, 0xFF, 0xFF, 0xFF,
    0xFF, 0xFD, 0x20, 0x00, 0x00, 0x00, 0x00, 0x00, 0x04, 0xAF, 0xFF, 0xFF, 0xFD, 0x70, 0x00, 0x00,
    0x00, 0x00, 0x00, 0x00, 0x00, 0x00, 0x34, 0x53, 0x10, 0x00, 0x00, 0x00, 0x00, 0x00, 0x00, 0x00,
    0x00, 0x00, 0x00, 0x00, 0x00, 0x00, 0x02, 0x00, 0x00, 0x00, 0x00, 0x00, 0x00, 0x00, 0x00, 0x01,
    0xBF, 0x20, 0x00, 0x00, 0x00, 0x00, 0x00, 0x00, 0x00, 0x3E, 0xFF, 0xB0, 0x00, 0x00, 0x00, 0x00,
    0x00, 0x00, 0x00, 0x3F, 0xFF, 0xF0, 0x00, 0x00, 0x00, 0x00, 0x00, 0x00, 0x00, 0x3F, 0xFF, 0xF0,
    0x07, 0xDD, 0xDD, 0x10, 0x00, 0x2D, 0xDF, 0xFF, 0xFF, 0xC0, 0x09, 0xFF, 0xFF, 0x20, 0x00, 0x2F,
    0xFF, 0xFF, 0xFF, 0x40, 0x09, 0xFF, 0xFF, 0x20, 0x00, 0x2F, 0xFF, 0xFF, 0xF6, 0x00, 0x09, 0xFF,
    0xFF, 0x20, 0x00, 0x2F, 0xFF, 0xFE, 0x00, 0x00, 0x09, 0xFF, 0xFF, 0x20, 0x00, 0x2F, 0xFF, 0xF8,
    0x00, 0x00, 0x09, 0xFF, 0xFF, 0x20, 0x00, 0x2F, 0xFF, 0xF8, 0x00, 0x00, 0x09, 0xFF, 0xFF, 0x20,
    0x00, 0x2F, 0xFF, 0xF8, 0x00, 0x00, 0x09, 0xFF, 0xFF, 0x20, 0x00, 0x2F, 0xFF, 0xF8, 0x00, 0x00,
    0x09, 0xFF, 0xFF, 0x20, 0x00, 0x2F, 0xFF, 0xF8, 0x00, 0x00, 0x09, 0xFF, 0xFF, 0x20, 0x00, 0x2F,
    0xFF, 0xF8, 0x00, 0x00, 0x09, 0xFF, 0xFF, 0x40, 0x00, 0x6F, 0xFF, 0xF8, 0x00, 0x00, 0x08, 0xFF,
    0xFF, 0xD3, 0x15, 0xEF, 0xFF, 0xF8, 0x00, 0x00, 0x05, 0xFF, 0xFF, 0xFF, 0xFF, 0xFF, 0xFF, 0xF8,
    0x00, 0x00, 0x01, 0xFF, 0xFF, 0xFF, 0xFF, 0xFF, 0xFF, 0xF8, 0x00, 0x00, 0x00, 0x7F, 0xFF, 0xFF,
    0xFF, 0x7F, 0xFF, 0xF8, 0x00, 0x00, 0x00, 0x07, 0xFF, 0xFF, 0xE5, 0x2F, 0xFF, 0xF8, 0x00, 0x00,
    0x00, 0x00, 0x04, 0x53, 0x00, 0x00, 0x00, 0x00, 0x00, 0x00, 0x00, 0x00, 0x00, 0x03, 0xBB, 0xBB,
    0xA0, 0x00, 0x00, 0x00, 0x00, 0x00, 0x00, 0x00, 0x0A, 0xFF, 0xFF, 0xF3, 0x00, 0x00, 0x00, 0x00,
    0x00, 0x00, 0x00, 0x0F, 0xFF, 0xFF, 0xF9, 0x00, 0x00, 0x00, 0x00, 0x00, 0x00, 0x00, 0x6F, 0xFF,
    0xFF, 0xFF, 0x00, 0x00, 0x00, 0x00, 0x00, 0x00, 0x00, 0xCF, 0xFF, 0xFF, 0xFF, 0x60, 0x00, 0x00,
    0x00, 0x00, 0x00, 0x02, 0xFF, 0xFF, 0xFF, 0xFF, 0xC0, 0x00, 0x00, 0x00, 0x00, 0x00, 0x08, 0xFF,
    0xFF, 0xEF, 0xFF, 0xF2, 0x00, 0x00, 0x00, 0x00, 0x00, 0x0E, 0xFF, 0xFE, 0x5F, 0xFF, 0xF8, 0x00,
    0x00, 0x00, 0x00, 0x00, 0x4F, 0xFF, 0xF9, 0x0E, 0xFF, 0xFE, 0x00, 0x00, 0x00, 0x00, 0x00, 0xAF,
    0xFF, 0xF3, 0x09, 0xFF, 0xFF, 0x40, 0x00, 0x00, 0x00, 0x01, 0xFF, 0xFF, 0xD0, 0x04, 0xFF, 0xFF,
    0xA0, 0x00, 0x00, 0x00, 0x06, 0xFF, 0xFF, 0x80, 0x00, 0xEF, 0xFF, 0xF0, 0x00, 0x00, 0x00, 0x0C,
    0xFF, 0xFF, 0xFD, 0xDD, 0xFF, 0xFF, 0xF6, 0x00, 0x00, 0x00, 0x2F, 0xFF, 0xFF, 0xFF, 0xFF, 0xFF,
    0xFF, 0xFC, 0x00, 0x00, 0x00, 0x8F, 0xFF, 0xFF, 0xFF, 0xFF, 0xFF, 0xFF, 0xFF, 0x20, 0x00, 0x00,
    0xEF, 0xFF, 0xFF, 0xFF, 0xFF, 0xFF, 0xFF, 0xFF, 0x80, 0x00, 0x04, 0xFF, 0xFF, 0xFB, 0xBB, 0xBB,
    0xBE, 0xFF, 0xFF, 0xE0, 0x00, 0x0A, 0xFF, 0xFF, 0x60, 0x00, 0x00, 0x00, 0xCF, 0xFF, 0xF4, 0x00,
    0x1F, 0xFF, 0xFF, 0x10, 0x00, 0x00, 0x00, 0x7F, 0xFF, 0xFA, 0x00, 0x6F, 0xFF, 0xFA, 0x00, 0x00,
    0x00, 0x00, 0x1F, 0xFF, 0xFF, 0x10, 0xDF, 0xFF, 0xF5, 0x00, 0x00, 0x00, 0x00, 0x0C, 0xFF, 0xFF,
    0x60, 0x00, 0x00, 0x00, 0x00, 0x00, 0x00, 0x00, 0x00, 0x00, 0x00, 0x00, 0x00, 0x00, 0x00, 0x00,
    0x04, 0x63, 0x00, 0x00, 0x00, 0x00, 0x00, 0x00, 0x00, 0x00, 0x00, 0xCF, 0xFF, 0x60, 0x00, 0x00,
    0x00, 0x00, 0x00, 0x00, 0x00, 0x04, 0xFF, 0xFF, 0xE0, 0x00, 0x00, 0x00, 0x00, 0x00, 0x00, 0x00,
    0x05, 0xFF, 0xFF, 0xF0, 0x00, 0x00, 0x00, 0x00, 0x00, 0x00, 0x00, 0x02, 0xFF, 0xFF, 0xC0, 0x00,
    0x00, 0x00, 0x00, 0x00, 0x00, 0x00, 0x00, 0x6E, 0xFC, 0x20, 0x00, 0x00, 0x00, 0x00, 0x00, 0x00,
    0x00, 0x00, 0x00, 0x00, 0x00, 0x00, 0x00, 0x00, 0x00, 0x00, 0x00, 0x00, 0x12, 0x20, 0x00, 0x00,
    0x00, 0x00, 0x01, 0x8E, 0xFF, 0xFF, 0xB4, 0x00, 0x00, 0x00, 0x4E, 0xFF, 0xFF, 0xFF, 0xFF, 0x90,
    0x00, 0x02, 0xFF, 0xFF, 0xFF, 0xFF, 0xFF, 0xF7, 0x00, 0x03, 0xDF, 0xFF, 0xDB, 0xEF, 0xFF, 0xFF,
    0x10, 0x00, 0x09, 0xF4, 0x00, 0x0A, 0xFF, 0xFF, 0x50, 0x00, 0x00, 0x10, 0x00, 0x04, 0xFF, 0xFF,
    0x70, 0x00, 0x00, 0x5B, 0xDF, 0xFF, 0xFF, 0xFF, 0x80, 0x00, 0x3D, 0xFF, 0xFF, 0xFF, 0xFF, 0xFF,
    0x80, 0x02, 0xFF, 0xFF, 0xFF, 0xFF, 0xFF, 0xFF, 0x80, 0x0B, 0xFF, 0xFF, 0xFF, 0xEE, 0xFF, 0xFF,
    0x80, 0x1F, 0xFF, 0xFE, 0x40, 0x03, 0xFF, 0xFF, 0x80, 0x3F, 0xFF, 0xF9, 0x00, 0x07, 0xFF, 0xFF,
    0x80, 0x2F, 0xFF, 0xFF, 0x98, 0xBF, 0xFF, 0xFF, 0x80, 0x0E, 0xFF, 0xFF, 0xFF, 0xFF, 0xFF, 0xFF,
    0x80, 0x05, 0xFF, 0xFF, 0xFF, 0xFA, 0xFF, 0xFF, 0x80, 0x00, 0x5E, 0xFF, 0xFF, 0x83, 0xFF, 0xFF,
    0x80, 0x00, 0x00, 0x35, 0x41, 0x00, 0x00, 0x00, 0x00, 0x00, 0x00, 0x00, 0x05, 0x62, 0x00, 0x00,
    0x00, 0x00, 0x00, 0x00, 0xDF, 0xFF, 0x50, 0x00, 0x00, 0x00, 0x00, 0x06, 0xFF, 0xFF, 0xD0, 0x00,
    0x00, 0x00, 0x00, 0x07, 0xFF, 0xFF, 0xE0, 0x00, 0x00, 0x00, 0x00, 0x04, 0xFF, 0xFF, 0xB0, 0x00,
    0x00, 0x00, 0x00, 0x00, 0x7F, 0xFC, 0x10, 0x00, 0x00, 0x00, 0x00, 0x00, 0x00, 0x00, 0x00, 0x00,
    0x00, 0x00, 0x00, 0x00, 0x00, 0x47, 0x76, 0x10, 0x00, 0x00, 0x00, 0x00, 0x00, 0x00, 0x00, 0x1F,
    0xFF, 0xFF, 0xF6, 0x00, 0x00, 0x00, 0x00, 0x00, 0x00, 0x00, 0x0B, 0xFF, 0xFF, 0xFF, 0x10, 0x00,
    0x00, 0x00, 0x00, 0x00, 0x00, 0x03, 0x31, 0x7F, 0xFF, 0x20, 0x00, 0x00, 0x00, 0x00, 0x00, 0x00,
    0x00, 0x0C, 0xFF, 0xFC, 0x00, 0x00, 0x00, 0x00, 0x00, 0x00, 0x00, 0x00, 0x07, 0xFD, 0x80, 0x00,
    0x00, 0x00, 0x00, 0x00, 0x00, 0x00, 0x00, 0x00, 0x10, 0x00, 0x00, 0x00, 0x00, 0x00, 0x00, 0x00,
    0x00, 0x03, 0xBB, 0xBB, 0xA0, 0x00, 0x00, 0x00, 0x00, 0x00, 0x00, 0x00, 0x0A, 0xFF, 0xFF, 0xF3,
    0x00, 0x00, 0x00, 0x00, 0x00, 0x00, 0x00, 0x0F, 0xFF, 0xFF, 0xF9, 0x00, 0x00, 0x00, 0x00, 0x00,
    0x00, 0x00, 0x6F, 0xFF, 0xFF, 0xFF, 0x00, 0x00, 0x00, 0x00, 0x00, 0x00, 0x00, 0xCF, 0xFF, 0xFF,
    0xFF, 0x60, 0x00, 0x00, 0x00, 0x00, 0x00, 0x02, 0xFF, 0xFF, 0xFF, 0xFF, 0xC0, 0x00, 0x00, 0x00,
    0x00, 0x00, 0x08, 0xFF, 0xFF, 0xEF, 0xFF, 0xF2, 0x00, 0x00, 0x00, 0x00, 0x00, 0x0E, 0xFF, 0xFE,
    0x5F, 0xFF, 0xF8, 0x00, 0x00, 0x00, 0x00, 0x00, 0x4F, 0xFF, 0xF9, 0x0E, 0xFF, 0xFE, 0x00, 0x00,
    0x00, 0x00, 0x00, 0xAF, 0xFF, 0xF3, 0x09, 0xFF, 0xFF, 0x40, 0x00, 0x00, 0x00, 0x01, 0xFF, 0xFF,
    0xD0, 0x04, 0xFF, 0xFF, 0xA0, 0x00, 0x00, 0x00, 0x06, 0xFF, 0xFF, 0x80, 0x00, 0xEF, 0xFF, 0xF0,
    0x00, 0x00, 0x00, 0x0C, 0xFF, 0xFF, 0xFD, 0xDD, 0xFF, 0xFF, 0xF6, 0x00, 0x00, 0x00, 0x2F, 0xFF,
    0xFF, 0xFF, 0xFF, 0xFF, 0xFF, 0xFC, 0x00, 0x00, 0x00, 0x8F, 0xFF, 0xFF, 0xFF, 0xFF, 0xFF, 0xFF,
    0xFF, 0x20, 0x00, 0x00, 0xEF, 0xFF, 0xFF, 0xFF, 0xFF, 0xFF, 0xFF, 0xFF, 0x80, 0x00, 0x04, 0xFF,
    0xFF, 0xFB, 0xBB, 0xBB, 0xBE, 0xFF, 0xFF, 0xE0, 0x00, 0x0A, 0xFF, 0xFF, 0x60, 0x00, 0x00, 0x00,
    0xCF, 0xFF, 0xF4, 0x00, 0x1F, 0xFF, 0xFF, 0x10, 0x00, 0x00, 0x00, 0x7F, 0xFF, 0xFA, 0x00, 0x6F,
    0xFF, 0xFA, 0x00, 0x00, 0x00, 0x00, 0x1F, 0xFF, 0xFF, 0x10, 0xDF, 0xFF, 0xF5, 0x00, 0x00, 0x00,
    0x00, 0x0C, 0xFF, 0xFF, 0x60, 0x00, 0x00, 0x00, 0x00, 0x00, 0x00, 0x00, 0x00, 0x00, 0x00, 0x3A,
    0xFF, 0xFD, 0x50, 0x00, 0x00, 0x00, 0x00, 0x5F, 0xFF, 0xFF, 0xF5, 0x00, 0x00, 0x00, 0x00, 0x0E,
    0xFE, 0xFF, 0xFB, 0x00, 0x00, 0x00, 0x00, 0x02, 0x00, 0xCF, 0xFB, 0x00, 0x00, 0x00, 0x00, 0x00,
    0x3F, 0xFF, 0xF8, 0x00, 0x00, 0x00, 0x00, 0x00, 0x0F, 0xFF, 0xB0, 0x00, 0x00, 0x00, 0x00, 0x00,
    0x08, 0x83, 0x00, 0x00, 0x00, 0x00, 0x00, 0x00, 0x12, 0x20, 0x00, 0x00, 0x00, 0x00, 0x01, 0x8E,
    0xFF, 0xFF, 0xB4, 0x00, 0x00, 0x00, 0x4E, 0xFF, 0xFF, 0xFF, 0xFF, 0x90, 0x00, 0x02, 0xFF, 0xFF,
    0xFF, 0xFF, 0xFF, 0xF7, 0x00, 0x03, 0xDF, 0xFF, 0xDB, 0xEF, 0xFF, 0xFF, 0x10, 0x00, 0x09, 0xF4,
    0x00, 0x0A, 0xFF, 0xFF, 0x50, 0x00, 0x00, 0x10, 0x00, 0x04, 0xFF, 0xFF, 0x70, 0x00, 0x00, 0x5B,
    0xDF, 0xFF, 0xFF, 0xFF, 0x80, 0x00, 0x3D, 0xFF, 0xFF, 0xFF, 0xFF, 0xFF, 0x80, 0x02, 0xFF, 0xFF,
    0xFF, 0xFF, 0xFF, 0xFF, 0x80, 0x0B, 0xFF, 0xFF, 0xFF, 0xEE, 0xFF, 0xFF, 0x80, 0x1F, 0xFF, 0xFE,
    0x40, 0x03, 0xFF, 0xFF, 0x80, 0x3F, 0xFF, 0xF9, 0x00, 0x07, 0xFF, 0xFF, 0x80, 0x2F, 0xFF, 0xFF,
    0x98, 0xBF, 0xFF, 0xFF, 0x80, 0x0E, 0xFF, 0xFF, 0xFF, 0xFF, 0xFF, 0xFF, 0x80, 0x05, 0xFF, 0xFF,
    0xFF, 0xFA, 0xFF, 0xFF, 0x80, 0x00, 0x5E, 0xFF, 0xFF, 0x83, 0xFF, 0xFF, 0x80, 0x00, 0x00, 0x35,
    0x41, 0x00, 0x00, 0x00, 0x00, 0x00, 0x00, 0x00, 0x00, 0x00, 0x00, 0x00, 0x00, 0x00, 0x00, 0x00,
    0x00, 0x00, 0x00, 0x00, 0x00, 0x00, 0x00, 0x00, 0x1B, 0x30, 0x00, 0x00, 0x00, 0x00, 0x00, 0x00,
    0x00, 0x00, 0x02, 0xDF, 0xD0, 0x00, 0x00, 0x00, 0x00, 0x00, 0x00, 0x00, 0x00, 0x4F, 0xFF, 0xF8,
    0x00, 0x00, 0x00, 0x00, 0x00, 0x00, 0x00, 0x06, 0xFF, 0xFE, 0x50, 0x00, 0x00, 0x00, 0x00, 0x00,
    0x34, 0x44, 0x13, 0xFF, 0x70, 0x00, 0x00, 0x00, 0x00, 0x00, 0x05, 0xFF, 0xFF, 0xE2, 0x31, 0x00,
    0x00, 0x00, 0x00, 0x00, 0x00, 0x4F, 0xFF, 0xFF, 0xFE, 0x10, 0x00, 0x00, 0x00, 0x00, 0x00, 0x04,
    0xFF, 0xFC, 0x6E, 0xFF, 0xD1, 0x00, 0x00, 0x00, 0x00, 0x00, 0x05, 0xFF, 0x60, 0x01, 0xAF, 0xD2,
    0x00, 0x00, 0x00, 0x00, 0x00, 0x00, 0x32, 0x00, 0x00, 0x04, 0x10, 0x00, 0x00, 0x00, 0x00, 0x00,
    0x00, 0x03, 0xBB, 0xBB, 0xA0, 0x00, 0x00, 0x00, 0x00, 0x00, 0x00, 0x00, 0x0A, 0xFF, 0xFF, 0xF3,
    0x00, 0x00, 0x00, 0x00, 0x00, 0x00, 0x00, 0x0F, 0xFF, 0xFF, 0xF9, 0x00, 0x00, 0x00, 0x00, 0x00,
    0x00, 0x00, 0x6F, 0xFF, 0xFF, 0xFF, 0x00, 0x00, 0x00, 0x00, 0x00, 0x00, 0x00, 0xCF, 0xFF, 0xFF,
    0xFF, 0x60, 0x00, 0x00, 0x00, 0x00, 0x00, 0x02, 0xFF, 0xFF, 0xFF, 0xFF, 0xC0, 0x00, 0x00, 0x00,
    0x00, 0x00, 0x08, 0xFF, 0xFF, 0xEF, 0xFF, 0xF2, 0x00, 0x00, 0x00, 0x00, 0x00, 0x0E, 0xFF, 0xFE,
    0x5F, 0xFF, 0xF8, 0x00, 0x00, 0x00, 0x00, 0x00, 0x4F, 0xFF, 0xF9, 0x0E, 0xFF, 0xFE, 0x00, 0x00,
    0x00, 0x00, 0x00, 0xAF, 0xFF, 0xF3, 0x09, 0xFF, 0xFF, 0x40, 0x00, 0x00, 0x00, 0x01, 0xFF, 0xFF,
    0xD0, 0x04, 0xFF, 0xFF, 0xA0, 0x00, 0x00, 0x00, 0x06, 0xFF, 0xFF, 0x80, 0x00, 0xEF, 0xFF, 0xF0,
    0x00, 0x00, 0x00, 0x0C, 0xFF, 0xFF, 0xFD, 0xDD, 0xFF, 0xFF, 0xF6, 0x00, 0x00, 0x00, 0x2F, 0xFF,
    0xFF, 0xFF, 0xFF, 0xFF, 0xFF, 0xFC, 0x00, 0x00, 0x00, 0x8F, 0xFF, 0xFF, 0xFF, 0xFF, 0xFF, 0xFF,
    0xFF, 0x20, 0x00, 0x00, 0xEF, 0xFF, 0xFF, 0xFF, 0xFF, 0xFF, 0xFF, 0xFF, 0x80, 0x00, 0x04, 0xFF,
    0xFF, 0xFB, 0xBB, 0xBB, 0xBE, 0xFF, 0xFF, 0xE0, 0x00, 0x0A, 0xFF, 0xFF, 0x60, 0x00, 0x00, 0x00,
    0xCF, 0xFF, 0xF4, 0x00, 0x1F, 0xFF, 0xFF, 0x10, 0x00, 0x00, 0x00, 0x7F, 0xFF, 0xFA, 0x00, 0x6F,
    0xFF, 0xFA, 0x00, 0x00, 0x00, 0x00, 0x1F, 0xFF, 0xFF, 0x10, 0xDF, 0xFF, 0xF5, 0x00, 0x00, 0x00,
    0x00, 0x0C, 0xFF, 0xFF, 0x60, 0x00, 0x00, 0x00, 0x00, 0x00, 0x00, 0x00, 0x80, 0x00, 0x00, 0x00,
    0x00, 0x00, 0x00, 0x00, 0x08, 0xFB, 0x00, 0x00, 0x00, 0x00, 0x00, 0x00, 0x00, 0x3F, 0xFF, 0xC1,
    0x00, 0x00, 0x00, 0x00, 0x00, 0x00, 0xDF, 0xFF, 0xF8, 0x00, 0x00, 0x00, 0x00, 0x00, 0x08, 0xFF,
    0xFF, 0x80, 0x00, 0x00, 0x00, 0x00, 0x00, 0x1F, 0xFF, 0xF5, 0x00, 0x00, 0x00, 0x03, 0xBB, 0xBB,
    0x25, 0xFE, 0x30, 0x00, 0x00, 0x00, 0x0D, 0xFF, 0xFF, 0xC0, 0x32, 0x00, 0x00, 0x00, 0x00, 0x9F,
    0xFF, 0xFF, 0xF7, 0x00, 0x00, 0x00, 0x00, 0x04, 0xFF, 0xFD, 0xEF, 0xFF, 0x30, 0x00, 0x00, 0x00,
    0x0E, 0xFF, 0xB1, 0x1C, 0xFF, 0xD0, 0x00, 0x00, 0x00, 0x04, 0xE9, 0x00, 0x00, 0xBE, 0x30, 0x00,
    0x00, 0x00, 0x00, 0x10, 0x12, 0x20, 0x00, 0x00, 0x00, 0x00, 0x00, 0x01, 0x8E, 0xFF, 0xFF, 0xB4,
    0x00, 0x00, 0x00, 0x00, 0x4E, 0xFF, 0xFF, 0xFF, 0xFF, 0x90, 0x00, 0x00, 0x02, 0xFF, 0xFF, 0xFF,
    0xFF, 0xFF, 0xF7, 0x00, 0x00, 0x03, 0xDF, 0xFF, 0xDB, 0xEF, 0xFF, 0xFF, 0x10, 0x00, 0x00, 0x09,
    0xF4, 0x00, 0x0A, 0xFF, 0xFF, 0x50, 0x00, 0x00, 0x00, 0x10, 0x00, 0x04, 0xFF, 0xFF, 0x70, 0x00,
    0x00, 0x00, 0x5B, 0xDF, 0xFF, 0xFF, 0xFF, 0x80, 0x00, 0x00, 0x3D, 0xFF, 0xFF, 0xFF, 0xFF, 0xFF,
    0x80, 0x00, 0x02, 0xFF, 0xFF, 0xFF, 0xFF, 0xFF, 0xFF, 0x80, 0x00, 0x0B, 0xFF, 0xFF, 0xFF, 0xEE,
    0xFF, 0xFF, 0x80, 0x00, 0x1F, 0xFF, 0xFE, 0x40, 0x03, 0xFF, 0xFF, 0x80, 0x00, 0x3F, 0xFF, 0xF9,
    0x00, 0x07, 0xFF, 0xFF, 0x80, 0x00, 0x2F, 0xFF, 0xFF, 0x98, 0xBF, 0xFF, 0xFF, 0x80, 0x00, 0x0E,
    0xFF, 0xFF, 0xFF, 0xFF, 0xFF, 0xFF, 0x80, 0x00, 0x05, 0xFF, 0xFF, 0xFF, 0xFA, 0xFF, 0xFF, 0x80,
    0x00, 0x00, 0x5E, 0xFF, 0xFF, 0x83, 0xFF, 0xFF, 0x80, 0x00, 0x00, 0x00, 0x35, 0x41, 0x00, 0x00,
    0x00, 0x00, 0x00, 0x00, 0x00, 0x00, 0x00, 0x00, 0x00, 0x00, 0x00, 0x00, 0x00, 0x00, 0x00, 0x00,
    0x00, 0x00, 0x00, 0x00, 0xC3, 0x00, 0x00, 0x00, 0x00, 0x00, 0x00, 0x00, 0x00, 0x00, 0x0A, 0xFF,
    0x50, 0x00, 0x00, 0x00, 0x00, 0x00, 0x00, 0x00, 0x00, 0x4F, 0xFF, 0xF8, 0x00, 0x00, 0x00, 0x00,
    0x00, 0x00, 0x00, 0x00, 0x03, 0xCF, 0xFF, 0xA0, 0x00, 0x00, 0x00, 0x00, 0x00, 0x00, 0x34, 0x44,
    0x15, 0xDF, 0x70, 0x00, 0x00, 0x00, 0x00, 0x00, 0x05, 0xFF, 0xFF, 0xE2, 0x04, 0x00, 0x00, 0x00,
    0x00, 0x00, 0x00, 0x4F, 0xFF, 0xFF, 0xFE, 0x10, 0x00, 0x00, 0x00, 0x00, 0x00, 0x04, 0xFF, 0xFC,
    0x6E, 0xFF, 0xD1, 0x00, 0x00, 0x00, 0x00, 0x00, 0x05, 0xFF, 0x60, 0x01, 0xAF, 0xD2, 0x00, 0x00,
    0x00, 0x00, 0x00, 0x00, 0x32, 0x00, 0x00, 0x04, 0x10, 0x00, 0x00, 0x00, 0x00, 0x00, 0x00, 0x03,
    0xBB, 0xBB, 0xA0, 0x00, 0x00, 0x00, 0x00, 0x00, 0x00, 0x00, 0x0A, 0xFF, 0xFF, 0xF3, 0x00, 0x00,
    0x00, 0x00, 0x00, 0x00, 0x00, 0x0F, 0xFF, 0xFF, 0xF9, 0x00, 0x00, 0x00, 0x00, 0x00, 0x00, 0x00,
    0x6F, 0xFF, 0xFF, 0xFF, 0x00, 0x00, 0x00, 0x00, 0x00, 0x00, 0x00, 0xCF, 0xFF, 0xFF, 0xFF, 0x60,
    0x00, 0x00, 0x00, 0x00, 0x00, 0x02, 0xFF, 0xFF, 0xFF, 0xFF, 0xC0, 0x00, 0x00, 0x00, 0x00, 0x00,
    0x08, 0xFF, 0xFF, 0xEF, 0xFF, 0xF2, 0x00, 0x00, 0x00, 0x00, 0x00, 0x0E, 0xFF, 0xFE, 0x5F, 0xFF,
    0xF8, 0x00, 0x00, 0x00, 0x00, 0x00, 0x4F, 0xFF, 0xF9, 0x0E, 0xFF, 0xFE, 0x00, 0x00, 0x00, 0x00,
    0x00, 0xAF, 0xFF, 0xF3, 0x09, 0xFF, 0xFF, 0x40, 0x00, 0x00, 0x00, 0x01, 0xFF, 0xFF, 0xD0, 0x04,
    0xFF, 0xFF, 0xA0, 0x00, 0x00, 0x00, 0x06, 0xFF, 0xFF, 0x80, 0x00, 0xEF, 0xFF, 0xF0, 0x00, 0x00,
    0x00, 0x0C, 0xFF, 0xFF, 0xFD, 0xDD, 0xFF, 0xFF, 0xF6, 0x00, 0x00, 0x00, 0x2F, 0xFF, 0xFF, 0xFF,
    0xFF, 0xFF, 0xFF, 0xFC, 0x00, 0x00, 0x00, 0x8F, 0xFF, 0xFF, 0xFF, 0xFF, 0xFF, 0xFF, 0xFF, 0x20,
    0x00, 0x00, 0xEF, 0xFF, 0xFF, 0xFF, 0xFF, 0xFF, 0xFF, 0xFF, 0x80, 0x00, 0x04, 0xFF, 0xFF, 0xFB,
    0xBB, 0xBB, 0xBE, 0xFF, 0xFF, 0xE0, 0x00, 0x0A, 0xFF, 0xFF, 0x60, 0x00, 0x00, 0x00, 0xCF, 0xFF,
    0xF4, 0x00, 0x1F, 0xFF, 0xFF, 0x10, 0x00, 0x00, 0x00, 0x7F, 0xFF, 0xFA, 0x00, 0x6F, 0xFF, 0xFA,
    0x00, 0x00, 0x00, 0x00, 0x1F, 0xFF, 0xFF, 0x10, 0xDF, 0xFF, 0xF5, 0x00, 0x00, 0x00, 0x00, 0x0C,
    0xFF, 0xFF, 0x60, 0x00, 0x00, 0x00, 0x00, 0x00, 0x05, 0x00, 0x00, 0x00, 0x00, 0x00, 0x00, 0x00,
    0x7F, 0x70, 0x00, 0x00, 0x00, 0x00, 0x00, 0x09, 0xFF, 0xF2, 0x00, 0x00, 0x00, 0x00, 0x00, 0x7F,
    0xFF, 0xFC, 0x00, 0x00, 0x00, 0x00, 0x00, 0x09, 0xFF, 0xFF, 0x80, 0x00, 0x00, 0x00, 0x00, 0x00,
    0x7F, 0xFF, 0xF2, 0x00, 0x00, 0x03, 0xBB, 0xBB, 0x25, 0xFF, 0xA0, 0x00, 0x00, 0x0D, 0xFF, 0xFF,
    0xC0, 0x37, 0x00, 0x00, 0x00, 0x9F, 0xFF, 0xFF, 0xF7, 0x00, 0x00, 0x00, 0x04, 0xFF, 0xFD, 0xEF,
    0xFF, 0x30, 0x00, 0x00, 0x0E, 0xFF, 0xB1, 0x1C, 0xFF, 0xD0, 0x00, 0x00, 0x04, 0xE9, 0x00, 0x00,
    0xBE, 0x30, 0x00, 0x00, 0x00, 0x10, 0x12, 0x20, 0x00, 0x00, 0x00, 0x00, 0x01, 0x8E, 0xFF, 0xFF,
    0xB4, 0x00, 0x00, 0x00, 0x4E, 0xFF, 0xFF, 0xFF, 0xFF, 0x90, 0x00, 0x02, 0xFF, 0xFF, 0xFF, 0xFF,
    0xFF, 0xF7, 0x00, 0x03, 0xDF, 0xFF, 0xDB, 0xEF, 0xFF, 0xFF, 0x10, 0x00, 0x09, 0xF4, 0x00, 0x0A,
    0xFF, 0xFF, 0x50, 0x00, 0x00, 0x10, 0x00, 0x04, 0xFF, 0xFF, 0x70, 0x00, 0x00, 0x5B, 0xDF, 0xFF,
    0xFF, 0xFF, 0x80, 0x00, 0x3D, 0xFF, 0xFF, 0xFF, 0xFF, 0xFF, 0x80, 0x02, 0xFF, 0xFF, 0xFF, 0xFF,
    0xFF, 0xFF, 0x80, 0x0B, 0xFF, 0xFF, 0xFF, 0xEE, 0xFF, 0xFF, 0x80, 0x1F, 0xFF, 0xFE, 0x40, 0x03,
    0xFF, 0xFF, 0x80, 0x3F, 0xFF, 0xF9, 0x00, 0x07, 0xFF, 0xFF, 0x80, 0x2F, 0xFF, 0xFF, 0x98, 0xBF,
    0xFF, 0xFF, 0x80, 0x0E, 0xFF, 0xFF, 0xFF, 0xFF, 0xFF, 0xFF, 0x80, 0x05, 0xFF, 0xFF, 0xFF, 0xFA,
    0xFF, 0xFF, 0x80, 0x00, 0x5E, 0xFF, 0xFF, 0x83, 0xFF, 0xFF, 0x80, 0x00, 0x00, 0x35, 0x41, 0x00,
    0x00, 0x00, 0x00, 0x00, 0x00, 0x00, 0x00, 0x00, 0x00, 0x25, 0x76, 0x30, 0x00, 0x00, 0x00, 0x00,
    0x00, 0x00, 0x00, 0x08, 0xFF, 0xFF, 0xFC, 0x10, 0x00, 0x00, 0x00, 0x00, 0x00, 0x00, 0x04, 0xFF,
    0xFF, 0xFF, 0x80, 0x00, 0x00, 0x00, 0x00, 0x00, 0x00, 0x00, 0x62, 0x2D, 0xFF, 0xA0, 0x00, 0x00,
    0x00, 0x00, 0x00, 0x23, 0x33, 0x14, 0xFF, 0xFF, 0x40, 0x00, 0x00, 0x00, 0x00, 0x03, 0xFF, 0xFF,
    0xC0, 0xFF, 0xB4, 0x00, 0x00, 0x00, 0x00, 0x00, 0x1E, 0xFF, 0xFF, 0xF9, 0x10, 0x00, 0x00, 0x00,
    0x00, 0x00, 0x00, 0xCF, 0xFF, 0xFF, 0xFF, 0x50, 0x00, 0x00, 0x00, 0x00, 0x00, 0x08, 0xFF, 0xF6,
    0x1B, 0xFF, 0xF2, 0x00, 0x00, 0x00, 0x00, 0x00, 0x02, 0xCE, 0x30, 0x00, 0x7F, 0x80, 0x00, 0x00,
    0x00, 0x00, 0x00, 0x00, 0x01, 0x00, 0x00, 0x01, 0x00, 0x00, 0x00, 0x00, 0x00, 0x00, 0x00, 0x03,
    0xBB, 0xBB, 0xA0, 0x00, 0x00, 0x00, 0x00, 0x00, 0x00, 0x00, 0x0A, 0xFF, 0xFF, 0xF3, 0x00, 0x00,
    0x00, 0x00, 0x00, 0x00, 0x00, 0x0F, 0xFF, 0xFF, 0xF9, 0x00, 0x00, 0x00, 0x00, 0x00, 0x00, 0x00,
    0x6F, 0xFF, 0xFF, 0xFF, 0x00, 0x00, 0x00, 0x00, 0x00, 0x00, 0x00, 0xCF, 0xFF, 0xFF, 0xFF, 0x60,
    0x00, 0x00, 0x00, 0x00, 0x00, 0x02, 0xFF, 0xFF, 0xFF, 0xFF, 0xC0, 0x00, 0x00, 0x00, 0x00, 0x00,
    0x08, 0xFF, 0xFF, 0xEF, 0xFF, 0xF2, 0x00, 0x00, 0x00, 0x00, 0x00, 0x0E, 0xFF, 0xFE, 0x5F, 0xFF,
    0xF8, 0x00, 0x00, 0x00, 0x00, 0x00, 0x4F, 0xFF, 0xF9, 0x0E, 0xFF, 0xFE, 0x00, 0x00, 0x00, 0x00,
    0x00, 0xAF, 0xFF, 0xF3, 0x09, 0xFF, 0xFF, 0x40, 0x00, 0x00, 0x00, 0x01, 0xFF, 0xFF, 0xD0, 0x04,
    0xFF, 0xFF, 0xA0, 0x00, 0x00, 0x00, 0x06, 0xFF, 0xFF, 0x80, 0x00, 0xEF, 0xFF, 0xF0, 0x00, 0x00,
    0x00, 0x0C, 0xFF, 0xFF, 0xFD, 0xDD, 0xFF, 0xFF, 0xF6, 0x00, 0x00, 0x00, 0x2F, 0xFF, 0xFF, 0xFF,
    0xFF, 0xFF, 0xFF, 0xFC, 0x00, 0x00, 0x00, 0x8F, 0xFF, 0xFF, 0xFF, 0xFF, 0xFF, 0xFF, 0xFF, 0x20,
    0x00, 0x00, 0xEF, 0xFF, 0xFF, 0xFF, 0xFF, 0xFF, 0xFF, 0xFF, 0x80, 0x00, 0x04, 0xFF, 0xFF, 0xFB,
    0xBB, 0xBB, 0xBE, 0xFF, 0xFF, 0xE0, 0x00, 0x0A, 0xFF, 0xFF, 0x60, 0x00, 0x00, 0x00, 0xCF, 0xFF,
    0xF4, 0x00, 0x1F, 0xFF, 0xFF, 0x10, 0x00, 0x00, 0x00, 0x7F, 0xFF, 0xFA, 0x00, 0x6F, 0xFF, 0xFA,
    0x00, 0x00, 0x00, 0x00, 0x1F, 0xFF, 0xFF, 0x10, 0xDF, 0xFF, 0xF5, 0x00, 0x00, 0x00, 0x00, 0x0C,
    0xFF, 0xFF, 0x60, 0x00, 0x00, 0x00, 0x00, 0x00, 0x01, 0x21, 0x00, 0x00, 0x00, 0x00, 0x00, 0x00,
    0x08, 0xEF, 0xFF, 0xC3, 0x00, 0x00, 0x00, 0x00, 0x00, 0x0B, 0xFF, 0xFF, 0xFE, 0x00, 0x00, 0x00,
    0x00, 0x00, 0x05, 0xFD, 0xDF, 0xFF, 0x40, 0x00, 0x00, 0x00, 0x00, 0x00, 0x00, 0x3F, 0xFF, 0x50,
    0x00, 0x00, 0x00, 0x00, 0x00, 0x0A, 0xFF, 0xFF, 0x10, 0x00, 0x00, 0x03, 0xBB, 0xBB, 0x26, 0xFF,
    0xE5, 0x00, 0x00, 0x00, 0x0D, 0xFF, 0xFF, 0xC1, 0x95, 0x00, 0x00, 0x00, 0x00, 0x9F, 0xFF, 0xFF,
    0xF7, 0x00, 0x00, 0x00, 0x00, 0x04, 0xFF, 0xFD, 0xEF, 0xFF, 0x30, 0x00, 0x00, 0x00, 0x0E, 0xFF,
    0xB1, 0x1C, 0xFF, 0xD0, 0x00, 0x00, 0x00, 0x04, 0xE9, 0x00, 0x00, 0xBE, 0x30, 0x00, 0x00, 0x00,
    0x00, 0x10, 0x12, 0x20, 0x00, 0x00, 0x00, 0x00, 0x00, 0x01, 0x8E, 0xFF, 0xFF, 0xB4, 0x00, 0x00,
    0x00, 0x00, 0x4E, 0xFF, 0xFF, 0xFF, 0xFF, 0x90, 0x00, 0x00, 0x02, 0xFF, 0xFF, 0xFF, 0xFF, 0xFF,
    0xF7, 0x00, 0x00, 0x03, 0xDF, 0xFF, 0xDB, 0xEF, 0xFF, 0xFF, 0x10, 0x00, 0x00, 0x09, 0xF4, 0x00,
    0x0A, 0xFF, 0xFF, 0x50, 0x00, 0x00, 0x00, 0x10, 0x00, 0x04, 0xFF, 0xFF, 0x70, 0x00, 0x00, 0x00,
    0x5B, 0xDF, 0xFF, 0xFF, 0xFF, 0x80, 0x00, 0x00, 0x3D, 0xFF, 0xFF, 0xFF, 0xFF, 0xFF, 0x80, 0x00,
    0x02, 0xFF, 0xFF, 0xFF, 0xFF, 0xFF, 0xFF, 0x80, 0x00, 0x0B, 0xFF, 0xFF, 0xFF, 0xEE, 0xFF, 0xFF,
    0x80, 0x00, 0x1F, 0xFF, 0xFE, 0x40, 0x03, 0xFF, 0xFF, 0x80, 0x00, 0x3F, 0xFF, 0xF9, 0x00, 0x07,
    0xFF, 0xFF, 0x80, 0x00, 0x2F, 0xFF, 0xFF, 0x98, 0xBF, 0xFF, 0xFF, 0x80, 0x00, 0x0E, 0xFF, 0xFF,
    0xFF, 0xFF, 0xFF, 0xFF, 0x80, 0x00, 0x05, 0xFF, 0xFF, 0xFF, 0xFA, 0xFF, 0xFF, 0x80, 0x00, 0x00,
    0x5E, 0xFF, 0xFF, 0x83, 0xFF, 0xFF, 0x80, 0x00, 0x00, 0x00, 0x35, 0x41, 0x00, 0x00, 0x00, 0x00,
    0x00, 0x00, 0x00, 0x00, 0x04, 0x62, 0x00, 0x06, 0x00, 0x00, 0x00, 0x00, 0x00, 0x00, 0x00, 0xBF,
    0xFF, 0x80, 0x8F, 0xE4, 0x00, 0x00, 0x00, 0x00, 0x00, 0x07, 0xFF, 0xFF, 0xFF, 0xFF, 0xF4, 0x00,
    0x00, 0x00, 0x00, 0x00, 0x0D, 0xFF, 0xAE, 0xFF, 0xFF, 0xC0, 0x00, 0x00, 0x00, 0x00, 0x00, 0x00,
    0x89, 0x01, 0xAF, 0xFC, 0x10, 0x00, 0x00, 0x00, 0x00, 0x00, 0x00, 0x00, 0x34, 0x45, 0x20, 0x00,
    0x00, 0x00, 0x00, 0x00, 0x00, 0x00, 0x05, 0xFF, 0xFF, 0xE2, 0x00, 0x00, 0x00, 0x00, 0x00, 0x00,
    0x00, 0x4F, 0xFF, 0xFF, 0xFE, 0x10, 0x00, 0x00, 0x00, 0x00, 0x00, 0x04, 0xFF, 0xFC, 0x6E, 0xFF,
    0xD1, 0x00, 0x00, 0x00, 0x00, 0x00, 0x05, 0xFF, 0x60, 0x01, 0xAF, 0xD2, 0x00, 0x00, 0x00, 0x00,
    0x00, 0x00, 0x32, 0x00, 0x00, 0x04, 0x10, 0x00, 0x00, 0x00, 0x00, 0x00, 0x00, 0x03, 0xBB, 0xBB,
    0xA0, 0x00, 0x00, 0x00, 0x00, 0x00, 0x00, 0x00, 0x0A, 0xFF, 0xFF, 0xF3, 0x00, 0x00, 0x00, 0x00,
    0x00, 0x00, 0x00, 0x0F, 0xFF, 0xFF, 0xF9, 0x00, 0x00, 0x00, 0x00, 0x00, 0x00, 0x00, 0x6F, 0xFF,
    0xFF, 0xFF, 0x00, 0x00, 0x00, 0x00, 0x00, 0x00, 0x00, 0xCF, 0xFF, 0xFF, 0xFF, 0x60, 0x00, 0x00,
    0x00, 0x00, 0x00, 0x02, 0xFF, 0xFF, 0xFF, 0xFF, 0xC0, 0x00, 0x00, 0x00, 0x00, 0x00, 0x08, 0xFF,
    0xFF, 0xEF, 0xFF, 0xF2, 0x00, 0x00, 0x00, 0x00, 0x00, 0x0E, 0xFF, 0xFE, 0x5F, 0xFF, 0xF8, 0x00,
    0x00, 0x00, 0x00, 0x00, 0x4F, 0xFF, 0xF9, 0x0E, 0xFF, 0xFE, 0x00, 0x00, 0x00, 0x00, 0x00, 0xAF,
    0xFF, 0xF3, 0x09, 0xFF, 0xFF, 0x40, 0x00, 0x00, 0x00, 0x01, 0xFF, 0xFF, 0xD0, 0x04, 0xFF, 0xFF,
    0xA0, 0x00, 0x00, 0x00, 0x06, 0xFF, 0xFF, 0x80, 0x00, 0xEF, 0xFF, 0xF0, 0x00, 0x00, 0x00, 0x0C,
    0xFF, 0xFF, 0xFD, 0xDD, 0xFF, 0xFF, 0xF6, 0x00, 0x00, 0x00, 0x2F, 0xFF, 0xFF, 0xFF, 0xFF, 0xFF,
    0xFF, 0xFC, 0x00, 0x00, 0x00, 0x8F, 0xFF, 0xFF, 0xFF, 0xFF, 0xFF, 0xFF, 0xFF, 0x20, 0x00, 0x00,
    0xEF, 0xFF, 0xFF, 0xFF, 0xFF, 0xFF, 0xFF, 0xFF, 0x80, 0x00, 0x04, 0xFF, 0xFF, 0xFB, 0xBB, 0xBB,
    0xBE, 0xFF, 0xFF, 0xE0, 0x00, 0x0A, 0xFF, 0xFF, 0x60, 0x00, 0x00, 0x00, 0xCF, 0xFF, 0xF4, 0x00,
    0x1F, 0xFF, 0xFF, 0x10, 0x00, 0x00, 0x00, 0x7F, 0xFF, 0xFA, 0x00, 0x6F, 0xFF, 0xFA, 0x00, 0x00,
    0x00, 0x00, 0x1F, 0xFF, 0xFF, 0x10, 0xDF, 0xFF, 0xF5, 0x00, 0x00, 0x00, 0x00, 0x0C, 0xFF, 0xFF,
    0x60, 0x00, 0x00, 0x49, 0x92, 0x00, 0x0A, 0x20, 0x00, 0x00, 0x07, 0xFF, 0xFF, 0x50, 0x7F, 0xF9,
    0x00, 0x00, 0x2F, 0xFF, 0xFF, 0xFE, 0xFF, 0xFA, 0x00, 0x00, 0x9F, 0xFF, 0xFF, 0xFF, 0xFF, 0xF4,
    0x00, 0x00, 0x5E, 0xF8, 0x1B, 0xFF, 0xFF, 0xB0, 0x00, 0x00, 0x00, 0x70, 0x00, 0x6C, 0xC8, 0x00,
    0x00, 0x00, 0x00, 0x03, 0xBB, 0xBB, 0x20, 0x00, 0x00, 0x00, 0x00, 0x0D, 0xFF, 0xFF, 0xC0, 0x00,
    0x00, 0x00, 0x00, 0x9F, 0xFF, 0xFF, 0xF7, 0x00, 0x00, 0x00, 0x04, 0xFF, 0xFD, 0xEF, 0xFF, 0x30,
    0x00, 0x00, 0x0E, 0xFF, 0xB1, 0x1C, 0xFF, 0xD0, 0x00, 0x00, 0x04, 0xE9, 0x00, 0x00, 0xBE, 0x30,
    0x00, 0x00, 0x00, 0x10, 0x12, 0x20, 0x00, 0x00, 0x00, 0x00, 0x01, 0x8E, 0xFF, 0xFF, 0xB4, 0x00,
    0x00, 0x00, 0x4E, 0xFF, 0xFF, 0xFF, 0xFF, 0x90, 0x00, 0x02, 0xFF, 0xFF, 0xFF, 0xFF, 0xFF, 0xF7,
    0x00, 0x03, 0xDF, 0xFF, 0xDB, 0xEF, 0xFF, 0xFF, 0x10, 0x00, 0x09, 0xF4, 0x00, 0x0A, 0xFF, 0xFF,
    0x50, 0x00, 0x00, 0x10, 0x00, 0x04, 0xFF, 0xFF, 0x70, 0x00, 0x00, 0x5B, 0xDF, 0xFF, 0xFF, 0xFF,
    0x80, 0x00, 0x3D, 0xFF, 0xFF, 0xFF, 0xFF, 0xFF, 0x80, 0x02, 0xFF, 0xFF, 0xFF, 0xFF, 0xFF, 0xFF,
    0x80, 0x0B, 0xFF, 0xFF, 0xFF, 0xEE, 0xFF, 0xFF, 0x80, 0x1F, 0xFF, 0xFE, 0x40, 0x03, 0xFF, 0xFF,
    0x80, 0x3F, 0xFF, 0xF9, 0x00, 0x07, 0xFF, 0xFF, 0x80, 0x2F, 0xFF, 0xFF, 0x98, 0xBF, 0xFF, 0xFF,
    0x80, 0x0E, 0xFF, 0xFF, 0xFF, 0xFF, 0xFF, 0xFF, 0x80, 0x05, 0xFF, 0xFF, 0xFF, 0xFA, 0xFF, 0xFF,
    0x80, 0x00, 0x5E, 0xFF, 0xFF, 0x83, 0xFF, 0xFF, 0x80, 0x00, 0x00, 0x35, 0x41, 0x00, 0x00, 0x00,
    0x00, 0x00, 0x00, 0x00, 0x00, 0x23, 0x33, 0x10, 0x00, 0x00, 0x00, 0x00, 0x00, 0x00, 0x00, 0x02,
    0xFF, 0xFF, 0xD0, 0x00, 0x00, 0x00, 0x00, 0x00, 0x00, 0x00, 0x1D, 0xFF, 0xFF, 0xFA, 0x00, 0x00,
    0x00, 0x00, 0x00, 0x00, 0x00, 0xBF, 0xFF, 0xFF, 0xFF, 0x60, 0x00, 0x00, 0x00, 0x00, 0x00, 0x07,
    0xFF, 0xF7, 0x0A, 0xFF, 0xF3, 0x00, 0x00, 0x00, 0x00, 0x00, 0x01, 0xCE, 0x30, 0x00, 0x7F, 0x90,
    0x00, 0x00, 0x00, 0x00, 0x00, 0x00, 0x01, 0x00, 0x00, 0x01, 0x00, 0x00, 0x00, 0x00, 0x00, 0x00,
    0x00, 0x03, 0xBB, 0xBB, 0xA0, 0x00, 0x00, 0x00, 0x00, 0x00, 0x00, 0x00, 0x0A, 0xFF, 0xFF, 0xF3,
    0x00, 0x00, 0x00, 0x00, 0x00, 0x00, 0x00, 0x0F, 0xFF, 0xFF, 0xF9, 0x00, 0x00, 0x00, 0x00, 0x00,
    0x00, 0x00, 0x6F, 0xFF, 0xFF, 0xFF, 0x00, 0x00, 0x00, 0x00, 0x00, 0x00, 0x00, 0xCF, 0xFF, 0xFF,
    0xFF, 0x60, 0x00, 0x00, 0x00, 0x00, 0x00, 0x02, 0xFF, 0xFF, 0xFF, 0xFF, 0xC0, 0x00, 0x00, 0x00,
    0x00, 0x00, 0x08, 0xFF, 0xFF, 0xEF, 0xFF, 0xF2, 0x00, 0x00, 0x00, 0x00, 0x00, 0x0E, 0xFF, 0xFE,
    0x5F, 0xFF, 0xF8, 0x00, 0x00, 0x00, 0x00, 0x00, 0x4F, 0xFF, 0xF9, 0x0E, 0xFF, 0xFE, 0x00, 0x00,
    0x00, 0x00, 0x00, 0xAF, 0xFF, 0xF3, 0x09, 0xFF, 0xFF, 0x40, 0x00, 0x00, 0x00, 0x01, 0xFF, 0xFF,
    0xD0, 0x04, 0xFF, 0xFF, 0xA0, 0x00, 0x00, 0x00, 0x06, 0xFF, 0xFF, 0x80, 0x00, 0xEF, 0xFF, 0xF0,
    0x00, 0x00, 0x00, 0x0C, 0xFF, 0xFF, 0xFD, 0xDD, 0xFF, 0xFF, 0xF6, 0x00, 0x00, 0x00, 0x2F, 0xFF,
    0xFF, 0xFF, 0xFF, 0xFF, 0xFF, 0xFC, 0x00, 0x00, 0x00, 0x8F, 0xFF, 0xFF, 0xFF, 0xFF, 0xFF, 0xFF,
    0xFF, 0x20, 0x00, 0x00, 0xEF, 0xFF, 0xFF, 0xFF, 0xFF, 0xFF, 0xFF, 0xFF, 0x80, 0x00, 0x04, 0xFF,
    0xFF, 0xFB, 0xBB, 0xBB, 0xBE, 0xFF, 0xFF, 0xE0, 0x00, 0x0A, 0xFF, 0xFF, 0x60, 0x00, 0x00, 0x00,
    0xCF, 0xFF, 0xF4, 0x00, 0x1F, 0xFF, 0xFF, 0x10, 0x00, 0x00, 0x00, 0x7F, 0xFF, 0xFA, 0x00, 0x6F,
    0xFF, 0xFA, 0x00, 0x00, 0x00, 0x00, 0x1F, 0xFF, 0xFF, 0x10, 0xDF, 0xFF, 0xF5, 0x00, 0x00, 0x00,
    0x00, 0x0C, 0xFF, 0xFF, 0x60, 0x00, 0x00, 0x00, 0x00, 0x00, 0x00, 0x00, 0x00, 0x00, 0x00, 0x00,
    0x00, 0x00, 0x00, 0x00, 0x04, 0x63, 0x00, 0x00, 0x00, 0x00, 0x00, 0x00, 0x00, 0x00, 0x00, 0xCF,
    0xFF, 0x60, 0x00, 0x00, 0x00, 0x00, 0x00, 0x00, 0x00, 0x04, 0xFF, 0xFF, 0xE0, 0x00, 0x00, 0x00,
    0x00, 0x00, 0x00, 0x00, 0x05, 0xFF, 0xFF, 0xF0, 0x00, 0x00, 0x00, 0x00, 0x00, 0x00, 0x00, 0x02,
    0xFF, 0xFF, 0xC0, 0x00, 0x00, 0x00, 0x00, 0x00, 0x00, 0x00, 0x00, 0x6E, 0xFC, 0x20, 0x00, 0x00,
    0x00, 0x00, 0x00, 0x00, 0x00, 0x00, 0x00, 0x00, 0x00, 0x00, 0x00, 0x00, 0x00, 0x00, 0x00, 0x03,
    0xBB, 0xBB, 0x20, 0x00, 0x00, 0x00, 0x00, 0x0D, 0xFF, 0xFF, 0xC0, 0x00, 0x00, 0x00, 0x00, 0x9F,
    0xFF, 0xFF, 0xF7, 0x00, 0x00, 0x00, 0x04, 0xFF, 0xFD, 0xEF, 0xFF, 0x30, 0x00, 0x00, 0x0E, 0xFF,
    0xB1, 0x1C, 0xFF, 0xD0, 0x00, 0x00, 0x04, 0xE9, 0x00, 0x00, 0xBE, 0x30, 0x00, 0x00, 0x00, 0x10,
    0x12, 0x20, 0x00, 0x00, 0x00, 0x00, 0x01, 0x8E, 0xFF, 0xFF, 0xB4, 0x00, 0x00, 0x00, 0x4E, 0xFF,
    0xFF, 0xFF, 0xFF, 0x90, 0x00, 0x02, 0xFF, 0xFF, 0xFF, 0xFF, 0xFF, 0xF7, 0x00, 0x03, 0xDF, 0xFF,
    0xDB, 0xEF, 0xFF, 0xFF, 0x10, 0x00, 0x09, 0xF4, 0x00, 0x0A, 0xFF, 0xFF, 0x50, 0x00, 0x00, 0x10,
    0x00, 0x04, 0xFF, 0xFF, 0x70, 0x00, 0x00, 0x5B, 0xDF, 0xFF, 0xFF, 0xFF, 0x80, 0x00, 0x3D, 0xFF,
    0xFF, 0xFF, 0xFF, 0xFF, 0x80, 0x02, 0xFF, 0xFF, 0xFF, 0xFF, 0xFF, 0xFF, 0x80, 0x0B, 0xFF, 0xFF,
    0xFF, 0xEE, 0xFF, 0xFF, 0x80, 0x1F, 0xFF, 0xFE, 0x40, 0x03, 0xFF, 0xFF, 0x80, 0x3F, 0xFF, 0xF9,
    0x00, 0x07, 0xFF, 0xFF, 0x80, 0x2F, 0xFF, 0xFF, 0x98, 0xBF, 0xFF, 0xFF, 0x80, 0x0E, 0xFF, 0xFF,
    0xFF, 0xFF, 0xFF, 0xFF, 0x80, 0x05, 0xFF, 0xFF, 0xFF, 0xFA, 0xFF, 0xFF, 0x80, 0x00, 0x5E, 0xFF,
    0xFF, 0x83, 0xFF, 0xFF, 0x80, 0x00, 0x00, 0x35, 0x41, 0x00, 0x00, 0x00, 0x00, 0x00, 0x00, 0x00,
    0x05, 0x62, 0x00, 0x00, 0x00, 0x00, 0x00, 0x00, 0xDF, 0xFF, 0x50, 0x00, 0x00, 0x00, 0x00, 0x06,
    0xFF, 0xFF, 0xD0, 0x00, 0x00, 0x00, 0x00, 0x07, 0xFF, 0xFF, 0xE0, 0x00, 0x00, 0x00, 0x00, 0x04,
    0xFF, 0xFF, 0xB0, 0x00, 0x00, 0x00, 0x00, 0x00, 0x7F, 0xFC, 0x10, 0x00, 0x00, 0x00, 0x00, 0x00,
    0x00, 0x00, 0x00, 0x00, 0x00, 0x00, 0x00, 0x00, 0x00, 0x00, 0x00, 0x51, 0x00, 0x00, 0x00, 0x00,
    0x00, 0x00, 0x00, 0x00, 0x00, 0x08, 0xFB, 0x00, 0x00, 0x00, 0x00, 0x00, 0x00, 0x00, 0x00, 0x00,
    0xBF, 0xFF, 0x70, 0x00, 0x00, 0x00, 0x00, 0x00, 0x00, 0x00, 0x1D, 0xFF, 0xFC, 0x30, 0x00, 0x00,
    0x00, 0x00, 0x00, 0x00, 0x00, 0x7F, 0xFD, 0x50, 0x00, 0x00, 0x00, 0x00, 0x00, 0x00, 0x01, 0x55,
    0x29, 0x70, 0x35, 0x50, 0x00, 0x00, 0x00, 0x00, 0x00, 0x03, 0xFF, 0x90, 0x00, 0xDF, 0xF0, 0x00,
    0x00, 0x00, 0x00, 0x00, 0x01, 0xFF, 0xFA, 0x8C, 0xFF, 0xC0, 0x00, 0x00, 0x00, 0x00, 0x00, 0x00,
    0xAF, 0xFF, 0xFF, 0xFF, 0x50, 0x00, 0x00, 0x00, 0x00, 0x00, 0x00, 0x08, 0xFF, 0xFF, 0xE5, 0x00,
    0x00, 0x00, 0x00, 0x00, 0x00, 0x00, 0x00, 0x03, 0x32, 0x00, 0x00, 0x00, 0x00, 0x00, 0x00, 0x00,
    0x00, 0x03, 0xBB, 0xBB, 0xA0, 0x00, 0x00, 0x00, 0x00, 0x00, 0x00, 0x00, 0x0A, 0xFF, 0xFF, 0xF3,
    0x00, 0x00, 0x00, 0x00, 0x00, 0x00, 0x00, 0x0F, 0xFF, 0xFF, 0xF9, 0x00, 0x00, 0x00, 0x00, 0x00,
    0x00, 0x00, 0x6F, 0xFF, 0xFF, 0xFF, 0x00, 0x00, 0x00, 0x00, 0x00, 0x00, 0x00, 0xCF, 0xFF, 0xFF,
    0xFF, 0x60, 0x00, 0x00, 0x00, 0x00, 0x00, 0x02, 0xFF, 0xFF, 0xFF, 0xFF, 0xC0, 0x00, 0x00, 0x00,
    0x00, 0x00, 0x08, 0xFF, 0xFF, 0xEF, 0xFF, 0xF2, 0x00, 0x00, 0x00, 0x00, 0x00, 0x0E, 0xFF, 0xFE,
    0x5F, 0xFF, 0xF8, 0x00, 0x00, 0x00, 0x00, 0x00, 0x4F, 0xFF, 0xF9, 0x0E, 0xFF, 0xFE, 0x00, 0x00,
    0x00, 0x00, 0x00, 0xAF, 0xFF, 0xF3, 0x09, 0xFF, 0xFF, 0x40, 0x00, 0x00, 0x00, 0x01, 0xFF, 0xFF,
    0xD0, 0x04, 0xFF, 0xFF, 0xA0, 0x00, 0x00, 0x00, 0x06, 0xFF, 0xFF, 0x80, 0x00, 0xEF, 0xFF, 0xF0,
    0x00, 0x00, 0x00, 0x0C, 0xFF, 0xFF, 0xFD, 0xDD, 0xFF, 0xFF, 0xF6, 0x00, 0x00, 0x00, 0x2F, 0xFF,
    0xFF, 0xFF, 0xFF, 0xFF, 0xFF, 0xFC, 0x00, 0x00, 0x00, 0x8F, 0xFF, 0xFF, 0xFF, 0xFF, 0xFF, 0xFF,
    0xFF, 0x20, 0x00, 0x00, 0xEF, 0xFF, 0xFF, 0xFF, 0xFF, 0xFF, 0xFF, 0xFF, 0x80, 0x00, 0x04, 0xFF,
    0xFF, 0xFB, 0xBB, 0xBB, 0xBE, 0xFF, 0xFF, 0xE0, 0x00, 0x0A, 0xFF, 0xFF, 0x60, 0x00, 0x00, 0x00,
    0xCF, 0xFF, 0xF4, 0x00, 0x1F, 0xFF, 0xFF, 0x10, 0x00, 0x00, 0x00, 0x7F, 0xFF, 0xFA, 0x00, 0x6F,
    0xFF, 0xFA, 0x00, 0x00, 0x00, 0x00, 0x1F, 0xFF, 0xFF, 0x10, 0xDF, 0xFF, 0xF5, 0x00, 0x00, 0x00,
    0x00, 0x0C, 0xFF, 0xFF, 0x60, 0x00, 0x00, 0x00, 0x00, 0x00, 0x00, 0x00, 0x00, 0x00, 0x00, 0x00,
    0x00, 0x2D, 0x20, 0x00, 0x00, 0x00, 0x00, 0x00, 0x00, 0xCF, 0xE3, 0x00, 0x00, 0x00, 0x00, 0x00,
    0x07, 0xFF, 0xFF, 0x40, 0x00, 0x00, 0x00, 0x00, 0x3F, 0xFF, 0xFE, 0x40, 0x00, 0x00, 0x00, 0x00,
    0xDF, 0xFF, 0xD2, 0x00, 0x00, 0x00, 0x00, 0x02, 0xEF, 0xFC, 0x10, 0x00, 0x00, 0x00, 0x00, 0x11,
    0x2D, 0xA0, 0x11, 0x00, 0x00, 0x00, 0x0A, 0xFF, 0x00, 0x02, 0xFF, 0x80, 0x00, 0x00, 0x0A, 0xFF,
    0x40, 0x06, 0xFF, 0x80, 0x00, 0x00, 0x07, 0xFF, 0xE7, 0x8F, 0xFF, 0x50, 0x00, 0x00, 0x02, 0xFF,
    0xFF, 0xFF, 0xFE, 0x00, 0x00, 0x00, 0x00, 0x6F, 0xFF, 0xFF, 0xF4, 0x00, 0x00, 0x00, 0x00, 0x03,
    0x9C, 0xC9, 0x20, 0x00, 0x00, 0x00, 0x00, 0x00, 0x12, 0x20, 0x00, 0x00, 0x00, 0x00, 0x01, 0x8E,
    0xFF, 0xFF, 0xB4, 0x00, 0x00, 0x00, 0x4E, 0xFF, 0xFF, 0xFF, 0xFF, 0x90, 0x00, 0x02, 0xFF, 0xFF,
    0xFF, 0xFF, 0xFF, 0xF7, 0x00, 0x03, 0xDF, 0xFF, 0xDB, 0xEF, 0xFF, 0xFF, 0x10, 0x00, 0x09, 0xF4,
    0x00, 0x0A, 0xFF, 0xFF, 0x50, 0x00, 0x00, 0x10, 0x00, 0x04, 0xFF, 0xFF, 0x70, 0x00, 0x00, 0x5B,
    0xDF, 0xFF, 0xFF, 0xFF, 0x80, 0x00, 0x3D, 0xFF, 0xFF, 0xFF, 0xFF, 0xFF, 0x80, 0x02, 0xFF, 0xFF,
    0xFF, 0xFF, 0xFF, 0xFF, 0x80, 0x0B, 0xFF, 0xFF, 0xFF, 0xEE, 0xFF, 0xFF, 0x80, 0x1F, 0xFF, 0xFE,
    0x40, 0x03, 0xFF, 0xFF, 0x80, 0x3F, 0xFF, 0xF9, 0x00, 0x07, 0xFF, 0xFF, 0x80, 0x2F, 0xFF, 0xFF,
    0x98, 0xBF, 0xFF, 0xFF, 0x80, 0x0E, 0xFF, 0xFF, 0xFF, 0xFF, 0xFF, 0xFF, 0x80, 0x05, 0xFF, 0xFF,
    0xFF, 0xFA, 0xFF, 0xFF, 0x80, 0x00, 0x5E, 0xFF, 0xFF, 0x83, 0xFF, 0xFF, 0x80, 0x00, 0x00, 0x35,
    0x41, 0x00, 0x00, 0x00, 0x00, 0x00, 0x00, 0x00, 0x03, 0x30, 0x00, 0x00, 0x00, 0x00, 0x00, 0x00,
    0x00, 0x00, 0x00, 0x1E, 0xF5, 0x00, 0x00, 0x00, 0x00, 0x00, 0x00, 0x00, 0x00, 0x00, 0xBF, 0xFF,
    0x70, 0x00, 0x00, 0x00, 0x00, 0x00, 0x00, 0x00, 0x00, 0x6E, 0xFF, 0xF9, 0x00, 0x00, 0x00, 0x00,
    0x00, 0x00, 0x00, 0x00, 0x00, 0x8F, 0xFF, 0x30, 0x00, 0x00, 0x00, 0x00, 0x00, 0x00, 0x01, 0x55,
    0x21, 0x95, 0x35, 0x50, 0x00, 0x00, 0x00, 0x00, 0x00, 0x03, 0xFF, 0x90, 0x00, 0xDF, 0xF0, 0x00,
    0x00, 0x00, 0x00, 0x00, 0x01, 0xFF, 0xFA, 0x8C, 0xFF, 0xC0, 0x00, 0x00, 0x00, 0x00, 0x00, 0x00,
    0xAF, 0xFF, 0xFF, 0xFF, 0x50, 0x00, 0x00, 0x00, 0x00, 0x00, 0x00, 0x08, 0xFF, 0xFF, 0xE5, 0x00,
    0x00, 0x00, 0x00, 0x00, 0x00, 0x00, 0x00, 0x03, 0x32, 0x00, 0x00, 0x00, 0x00, 0x00, 0x00, 0x00,
    0x00, 0x03, 0xBB, 0xBB, 0xA0, 0x00, 0x00, 0x00, 0x00, 0x00, 0x00, 0x00, 0x0A, 0xFF, 0xFF, 0xF3,
    0x00, 0x00, 0x00, 0x00, 0x00, 0x00, 0x00, 0x0F, 0xFF, 0xFF, 0xF9, 0x00, 0x00, 0x00, 0x00, 0x00,
    0x00, 0x00, 0x6F, 0xFF, 0xFF, 0xFF, 0x00, 0x00, 0x00, 0x00, 0x00, 0x00, 0x00, 0xCF, 0xFF, 0xFF,
    0xFF, 0x60, 0x00, 0x00, 0x00, 0x00, 0x00, 0x02, 0xFF, 0xFF, 0xFF, 0xFF, 0xC0, 0x00, 0x00, 0x00,
    0x00, 0x00, 0x08, 0xFF, 0xFF, 0xEF, 0xFF, 0xF2, 0x00, 0x00, 0x00, 0x00, 0x00, 0x0E, 0xFF, 0xFE,
    0x5F, 0xFF, 0xF8, 0x00, 0x00, 0x00, 0x00, 0x00, 0x4F, 0xFF, 0xF9, 0x0E, 0xFF, 0xFE, 0x00, 0x00,
    0x00, 0x00, 0x00, 0xAF, 0xFF, 0xF3, 0x09, 0xFF, 0xFF, 0x40, 0x00, 0x00, 0x00, 0x01, 0xFF, 0xFF,
    0xD0, 0x04, 0xFF, 0xFF, 0xA0, 0x00, 0x00, 0x00, 0x06, 0xFF, 0xFF, 0x80, 0x00, 0xEF, 0xFF, 0xF0,
    0x00, 0x00, 0x00, 0x0C, 0xFF, 0xFF, 0xFD, 0xDD, 0xFF, 0xFF, 0xF6, 0x00, 0x00, 0x00, 0x2F, 0xFF,
    0xFF, 0xFF, 0xFF, 0xFF, 0xFF, 0xFC, 0x00, 0x00, 0x00, 0x8F, 0xFF, 0xFF, 0xFF, 0xFF, 0xFF, 0xFF,
    0xFF, 0x20, 0x00, 0x00, 0xEF, 0xFF, 0xFF, 0xFF, 0xFF, 0xFF, 0xFF, 0xFF, 0x80, 0x00, 0x04, 0xFF,
    0xFF, 0xFB, 0xBB, 0xBB, 0xBE, 0xFF, 0xFF, 0xE0, 0x00, 0x0A, 0xFF, 0xFF, 0x60, 0x00, 0x00, 0x00,
    0xCF, 0xFF, 0xF4, 0x00, 0x1F, 0xFF, 0xFF, 0x10, 0x00, 0x00, 0x00, 0x7F, 0xFF, 0xFA, 0x00, 0x6F,
    0xFF, 0xFA, 0x00, 0x00, 0x00, 0x00, 0x1F, 0xFF, 0xFF, 0x10, 0xDF, 0xFF, 0xF5, 0x00, 0x00, 0x00,
    0x00, 0x0C, 0xFF, 0xFF, 0x60, 0x00, 0x00, 0x00, 0x00, 0x00, 0x00, 0x00, 0x00, 0x00, 0x00, 0x03,
    0xD1, 0x00, 0x00, 0x00, 0x00, 0x00, 0x00, 0x4F, 0xFA, 0x00, 0x00, 0x00, 0x00, 0x00, 0x05, 0xFF,
    0xFF, 0x50, 0x00, 0x00, 0x00, 0x00, 0x05, 0xFF, 0xFF, 0xE1, 0x00, 0x00, 0x00, 0x00, 0x00, 0x4E,
    0xFF, 0xFB, 0x00, 0x00, 0x00, 0x00, 0x00, 0x02, 0xDF, 0xFD, 0x10, 0x00, 0x00, 0x00, 0x00, 0x11,
    0x1C, 0xC1, 0x11, 0x00, 0x00, 0x00, 0x0A, 0xFF, 0x00, 0x02, 0xFF, 0x80, 0x00, 0x00, 0x0A, 0xFF,
    0x40, 0x06, 0xFF, 0x80, 0x00, 0x00, 0x07, 0xFF, 0xE7, 0x8F, 0xFF, 0x50, 0x00, 0x00, 0x02, 0xFF,
    0xFF, 0xFF, 0xFE, 0x00, 0x00, 0x00, 0x00, 0x6F, 0xFF, 0xFF, 0xF4, 0x00, 0x00, 0x00, 0x00, 0x03,
    0x9C, 0xC9, 0x20, 0x00, 0x00, 0x00, 0x00, 0x00, 0x12, 0x20, 0x00, 0x00, 0x00, 0x00, 0x01, 0x8E,
    0xFF, 0xFF, 0xB4, 0x00, 0x00, 0x00, 0x4E, 0xFF, 0xFF, 0xFF, 0xFF, 0x90, 0x00, 0x02, 0xFF, 0xFF,
    0xFF, 0xFF, 0xFF, 0xF7, 0x00, 0x03, 0xDF, 0xFF, 0xDB, 0xEF, 0xFF, 0xFF, 0x10, 0x00, 0x09, 0xF4,
    0x00, 0x0A, 0xFF, 0xFF, 0x50, 0x00, 0x00, 0x10, 0x00, 0x04, 0xFF, 0xFF, 0x70, 0x00, 0x00, 0x5B,
    0xDF, 0xFF, 0xFF, 0xFF, 0x80, 0x00, 0x3D, 0xFF, 0xFF, 0xFF, 0xFF, 0xFF, 0x80, 0x02, 0xFF, 0xFF,
    0xFF, 0xFF, 0xFF, 0xFF, 0x80, 0x0B, 0xFF, 0xFF, 0xFF, 0xEE, 0xFF, 0xFF, 0x80, 0x1F, 0xFF, 0xFE,
    0x40, 0x03, 0xFF, 0xFF, 0x80, 0x3F, 0xFF, 0xF9, 0x00, 0x07, 0xFF, 0xFF, 0x80, 0x2F, 0xFF, 0xFF,
    0x98, 0xBF, 0xFF, 0xFF, 0x80, 0x0E, 0xFF, 0xFF, 0xFF, 0xFF, 0xFF, 0xFF, 0x80, 0x05, 0xFF, 0xFF,
    0xFF, 0xFA, 0xFF, 0xFF, 0x80, 0x00, 0x5E, 0xFF, 0xFF, 0x83, 0xFF, 0xFF, 0x80, 0x00, 0x00, 0x35,
    0x41, 0x00, 0x00, 0x00, 0x00, 0x00, 0x00, 0x00, 0x01, 0x68, 0x97, 0x30, 0x00, 0x00, 0x00, 0x00,
    0x00, 0x00, 0x00, 0x1F, 0xFF, 0xFF, 0xF9, 0x00, 0x00, 0x00, 0x00, 0x00, 0x00, 0x00, 0x0A, 0xEC,
    0xDF, 0xFF, 0x10, 0x00, 0x00, 0x00, 0x00, 0x00, 0x00, 0x01, 0x05, 0xAF, 0xFF, 0x10, 0x00, 0x00,
    0x00, 0x00, 0x00, 0x00, 0x00, 0x0A, 0xFF, 0xF7, 0x00, 0x00, 0x00, 0x00, 0x00, 0x00, 0x01, 0x55,
    0x23, 0x96, 0x55, 0x50, 0x00, 0x00, 0x00, 0x00, 0x00, 0x03, 0xFF, 0x90, 0x00, 0xDF, 0xF0, 0x00,
    0x00, 0x00, 0x00, 0x00, 0x01, 0xFF, 0xFA, 0x8C, 0xFF, 0xC0, 0x00, 0x00, 0x00, 0x00, 0x00, 0x00,
    0xAF, 0xFF, 0xFF, 0xFF, 0x50, 0x00, 0x00, 0x00, 0x00, 0x00, 0x00, 0x08, 0xFF, 0xFF, 0xE5, 0x00,
    0x00, 0x00, 0x00, 0x00, 0x00, 0x00, 0x00, 0x03, 0x32, 0x00, 0x00, 0x00, 0x00, 0x00, 0x00, 0x00,
    0x00, 0x03, 0xBB, 0xBB, 0xA0, 0x00, 0x00, 0x00, 0x00, 0x00, 0x00, 0x00, 0x0A, 0xFF, 0xFF, 0xF3,
    0x00, 0x00, 0x00, 0x00, 0x00, 0x00, 0x00, 0x0F, 0xFF, 0xFF, 0xF9, 0x00, 0x00, 0x00, 0x00, 0x00,
    0x00, 0x00, 0x6F, 0xFF, 0xFF, 0xFF, 0x00, 0x00, 0x00, 0x00, 0x00, 0x00, 0x00, 0xCF, 0xFF, 0xFF,
    0xFF, 0x60, 0x00, 0x00, 0x00, 0x00, 0x00, 0x02, 0xFF, 0xFF, 0xFF, 0xFF, 0xC0, 0x00, 0x00, 0x00,
    0x00, 0x00, 0x08, 0xFF, 0xFF, 0xEF, 0xFF, 0xF2, 0x00, 0x00, 0x00, 0x00, 0x00, 0x0E, 0xFF, 0xFE,
    0x5F, 0xFF, 0xF8, 0x00, 0x00, 0x00, 0x00, 0x00, 0x4F, 0xFF, 0xF9, 0x0E, 0xFF, 0xFE, 0x00, 0x00,
    0x00, 0x00, 0x00, 0xAF, 0xFF, 0xF3, 0x09, 0xFF, 0xFF, 0x40, 0x00, 0x00, 0x00, 0x01, 0xFF, 0xFF,
    0xD0, 0x04, 0xFF, 0xFF, 0xA0, 0x00, 0x00, 0x00, 0x06, 0xFF, 0xFF, 0x80, 0x00, 0xEF, 0xFF, 0xF0,
    0x00, 0x00, 0x00, 0x0C, 0xFF, 0xFF, 0xFD, 0xDD, 0xFF, 0xFF, 0xF6, 0x00, 0x00, 0x00, 0x2F, 0xFF,
    0xFF, 0xFF, 0xFF, 0xFF, 0xFF, 0xFC, 0x00, 0x00, 0x00, 0x8F, 0xFF, 0xFF, 0xFF, 0xFF, 0xFF, 0xFF,
    0xFF, 0x20, 0x00, 0x00, 0xEF, 0xFF, 0xFF, 0xFF, 0xFF, 0xFF, 0xFF, 0xFF, 0x80, 0x00, 0x04, 0xFF,
    0xFF, 0xFB, 0xBB, 0xBB, 0xBE, 0xFF, 0xFF, 0xE0, 0x00, 0x0A, 0xFF, 0xFF, 0x60, 0x00, 0x00, 0x00,
    0xCF, 0xFF, 0xF4, 0x00, 0x1F, 0xFF, 0xFF, 0x10, 0x00, 0x00, 0x00, 0x7F, 0xFF, 0xFA, 0x00, 0x6F,
    0xFF, 0xFA, 0x00, 0x00, 0x00, 0x00, 0x1F, 0xFF, 0xFF, 0x10, 0xDF, 0xFF, 0xF5, 0x00, 0x00, 0x00,
    0x00, 0x0C, 0xFF, 0xFF, 0x60, 0x00, 0x00, 0x49, 0xCD, 0xB6, 0x00, 0x00, 0x00, 0x00, 0x00, 0xEF,
    0xFF, 0xFF, 0xB0, 0x00, 0x00, 0x00, 0x00, 0x8F, 0xFF, 0xFF, 0xF2, 0x00, 0x00, 0x00, 0x00, 0x25,
    0x24, 0xFF, 0xF4, 0x00, 0x00, 0x00, 0x00, 0x00, 0x7D, 0xFF, 0xF2, 0x00, 0x00, 0x00, 0x00, 0x00,
    0x8F, 0xFF, 0x80, 0x00, 0x00, 0x00, 0x01, 0x11, 0x3E, 0xA4, 0x11, 0x00, 0x00, 0x00, 0x0D, 0xFD,
    0x00, 0x06, 0xFF, 0x50, 0x00, 0x00, 0x0D, 0xFF, 0x10, 0x09, 0xFF, 0x40, 0x00, 0x00, 0x0A, 0xFF,
    0xD7, 0x9F, 0xFF, 0x20, 0x00, 0x00, 0x05, 0xFF, 0xFF, 0xFF, 0xFC, 0x00, 0x00, 0x00, 0x00, 0x9F,
    0xFF, 0xFF, 0xE2, 0x00, 0x00, 0x00, 0x00, 0x05, 0xAC, 0xB8, 0x10, 0x00, 0x00, 0x00, 0x00, 0x00,
    0x12, 0x20, 0x00, 0x00, 0x00, 0x00, 0x01, 0x8E, 0xFF, 0xFF, 0xB4, 0x00, 0x00, 0x00, 0x4E, 0xFF,
    0xFF, 0xFF, 0xFF, 0x90, 0x00, 0x02, 0xFF, 0xFF, 0xFF, 0xFF, 0xFF, 0xF7, 0x00, 0x03, 0xDF, 0xFF,
    0xDB, 0xEF, 0xFF, 0xFF, 0x10, 0x00, 0x09, 0xF4, 0x00, 0x0A, 0xFF, 0xFF, 0x50, 0x00, 0x00, 0x10,
    0x00, 0x04, 0xFF, 0xFF, 0x70, 0x00, 0x00, 0x5B, 0xDF, 0xFF, 0xFF, 0xFF, 0x80, 0x00, 0x3D, 0xFF,
    0xFF, 0xFF, 0xFF, 0xFF, 0x80, 0x02, 0xFF, 0xFF, 0xFF, 0xFF, 0xFF, 0xFF, 0x80, 0x0B, 0xFF, 0xFF,
    0xFF, 0xEE, 0xFF, 0xFF, 0x80, 0x1F, 0xFF, 0xFE, 0x40, 0x03, 0xFF, 0xFF, 0x80, 0x3F, 0xFF, 0xF9,
    0x00, 0x07, 0xFF, 0xFF, 0x80, 0x2F, 0xFF, 0xFF, 0x98, 0xBF, 0xFF, 0xFF, 0x80, 0x0E, 0xFF, 0xFF,
    0xFF, 0xFF, 0xFF, 0xFF, 0x80, 0x05, 0xFF, 0xFF, 0xFF, 0xFA, 0xFF, 0xFF, 0x80, 0x00, 0x5E, 0xFF,
    0xFF, 0x83, 0xFF, 0xFF, 0x80, 0x00, 0x00, 0x35, 0x41, 0x00, 0x00, 0x00, 0x00, 0x00, 0x00, 0x00,
    0x04, 0x62, 0x00, 0x06, 0x00, 0x00, 0x00, 0x00, 0x00, 0x00, 0x00, 0xBF, 0xFF, 0x80, 0x8F, 0xE4,
    0x00, 0x00, 0x00, 0x00, 0x00, 0x07, 0xFF, 0xFF, 0xFF, 0xFF, 0xF4, 0x00, 0x00, 0x00, 0x00, 0x00,
    0x0D, 0xFF, 0xAE, 0xFF, 0xFF, 0xC0, 0x00, 0x00, 0x00, 0x00, 0x00, 0x00, 0x89, 0x01, 0xAF, 0xFC,
    0x10, 0x00, 0x00, 0x00, 0x00, 0x00, 0x01, 0x55, 0x20, 0x00, 0x55, 0x50, 0x00, 0x00, 0x00, 0x00,
    0x00, 0x03, 0xFF, 0x90, 0x00, 0xDF, 0xF0, 0x00, 0x00, 0x00, 0x00, 0x00, 0x01, 0xFF, 0xFA, 0x8C,
    0xFF, 0xC0, 0x00, 0x00, 0x00, 0x00, 0x00, 0x00, 0xAF, 0xFF, 0xFF, 0xFF, 0x50, 0x00, 0x00, 0x00,
    0x00, 0x00, 0x00, 0x08, 0xFF, 0xFF, 0xE5, 0x00, 0x00, 0x00, 0x00, 0x00, 0x00, 0x00, 0x00, 0x03,
    0x32, 0x00, 0x00, 0x00, 0x00, 0x00, 0x00, 0x00, 0x00, 0x03, 0xBB, 0xBB, 0xA0, 0x00, 0x00, 0x00,
    0x00, 0x00, 0x00, 0x00, 0x0A, 0xFF, 0xFF, 0xF3, 0x00, 0x00, 0x00, 0x00, 0x00, 0x00, 0x00, 0x0F,
    0xFF, 0xFF, 0xF9, 0x00, 0x00, 0x00, 0x00, 0x00, 0x00, 0x00, 0x6F, 0xFF, 0xFF, 0xFF, 0x00, 0x00,
    0x00, 0x00, 0x00, 0x00, 0x00, 0xCF, 0xFF, 0xFF, 0xFF, 0x60, 0x00, 0x00, 0x00, 0x00, 0x00, 0x02,
    0xFF, 0xFF, 0xFF, 0xFF, 0xC0, 0x00, 0x00, 0x00, 0x00, 0x00, 0x08, 0xFF, 0xFF, 0xEF, 0xFF, 0xF2,
    0x00, 0x00, 0x00, 0x00, 0x00, 0x0E, 0xFF, 0xFE, 0x5F, 0xFF, 0xF8, 0x00, 0x00, 0x00, 0x00, 0x00,
    0x4F, 0xFF, 0xF9, 0x0E, 0xFF, 0xFE, 0x00, 0x00, 0x00, 0x00, 0x00, 0xAF, 0xFF, 0xF3, 0x09, 0xFF,
    0xFF, 0x40, 0x00, 0x00, 0x00, 0x01, 0xFF, 0xFF, 0xD0, 0x04, 0xFF, 0xFF, 0xA0, 0x00, 0x00, 0x00,
    0x06, 0xFF, 0xFF, 0x80, 0x00, 0xEF, 0xFF, 0xF0, 0x00, 0x00, 0x00, 0x0C, 0xFF, 0xFF, 0xFD, 0xDD,
    0xFF, 0xFF, 0xF6, 0x00, 0x00, 0x00, 0x2F, 0xFF, 0xFF, 0xFF, 0xFF, 0xFF, 0xFF, 0xFC, 0x00, 0x00,
    0x00, 0x8F, 0xFF, 0xFF, 0xFF, 0xFF, 0xFF, 0xFF, 0xFF, 0x20, 0x00, 0x00, 0xEF, 0xFF, 0xFF, 0xFF,
    0xFF, 0xFF, 0xFF, 0xFF, 0x80, 0x00, 0x04, 0xFF, 0xFF, 0xFB, 0xBB, 0xBB, 0xBE, 0xFF, 0xFF, 0xE0,
    0x00, 0x0A, 0xFF, 0xFF, 0x60, 0x00, 0x00, 0x00, 0xCF, 0xFF, 0xF4, 0x00, 0x1F, 0xFF, 0xFF, 0x10,
    0x00, 0x00, 0x00, 0x7F, 0xFF, 0xFA, 0x00, 0x6F, 0xFF, 0xFA, 0x00, 0x00, 0x00, 0x00, 0x1F, 0xFF,
    0xFF, 0x10, 0xDF, 0xFF, 0xF5, 0x00, 0x00, 0x00, 0x00, 0x0C, 0xFF, 0xFF, 0x60, 0x00, 0x00, 0x02,
    0x20, 0x00, 0x03, 0x00, 0x00, 0x00, 0x02, 0xDF, 0xFA, 0x00, 0x3F, 0xB2, 0x00, 0x00, 0x0D, 0xFF,
    0xFF, 0xD7, 0xDF, 0xFD, 0x00, 0x00, 0x6F, 0xFF, 0xFF, 0xFF, 0xFF, 0xF8, 0x00, 0x00, 0xAF, 0xFD,
    0x8F, 0xFF, 0xFF, 0xE1, 0x00, 0x00, 0x06, 0xE2, 0x03, 0xDF, 0xFE, 0x40, 0x00, 0x00, 0x00, 0x11,
    0x00, 0x03, 0x52, 0x00, 0x00, 0x00, 0x0A, 0xFF, 0x00, 0x02, 0xFF, 0x80, 0x00, 0x00, 0x0A, 0xFF,
    0x40, 0x06, 0xFF, 0x80, 0x00, 0x00, 0x07, 0xFF, 0xE7, 0x8F, 0xFF, 0x50, 0x00, 0x00, 0x02, 0xFF,
    0xFF, 0xFF, 0xFE, 0x00, 0x00, 0x00, 0x00, 0x6F, 0xFF, 0xFF, 0xF4, 0x00, 0x00, 0x00, 0x00, 0x03,
    0x9C, 0xC9, 0x20, 0x00, 0x00, 0x00, 0x00, 0x00, 0x12, 0x20, 0x00, 0x00, 0x00, 0x00, 0x01, 0x8E,
    0xFF, 0xFF, 0xB4, 0x00, 0x00, 0x00, 0x4E, 0xFF, 0xFF, 0xFF, 0xFF, 0x90, 0x00, 0x02, 0xFF, 0xFF,
    0xFF, 0xFF, 0xFF, 0xF7, 0x00, 0x03, 0xDF, 0xFF, 0xDB, 0xEF, 0xFF, 0xFF, 0x10, 0x00, 0x09, 0xF4,
    0x00, 0x0A, 0xFF, 0xFF, 0x50, 0x00, 0x00, 0x10, 0x00, 0x04, 0xFF, 0xFF, 0x70, 0x00, 0x00, 0x5B,
    0xDF, 0xFF, 0xFF, 0xFF, 0x80, 0x00, 0x3D, 0xFF, 0xFF, 0xFF, 0xFF, 0xFF, 0x80, 0x02, 0xFF, 0xFF,
    0xFF, 0xFF, 0xFF, 0xFF, 0x80, 0x0B, 0xFF, 0xFF, 0xFF, 0xEE, 0xFF, 0xFF, 0x80, 0x1F, 0xFF, 0xFE,
    0x40, 0x03, 0xFF, 0xFF, 0x80, 0x3F, 0xFF, 0xF9, 0x00, 0x07, 0xFF, 0xFF, 0x80, 0x2F, 0xFF, 0xFF,
    0x98, 0xBF, 0xFF, 0xFF, 0x80, 0x0E, 0xFF, 0xFF, 0xFF, 0xFF, 0xFF, 0xFF, 0x80, 0x05, 0xFF, 0xFF,
    0xFF, 0xFA, 0xFF, 0xFF, 0x80, 0x00, 0x5E, 0xFF, 0xFF, 0x83, 0xFF, 0xFF, 0x80, 0x00, 0x00, 0x35,
    0x41, 0x00, 0x00, 0x00, 0x00, 0x00, 0x00, 0x01, 0x66, 0x20, 0x00, 0x46, 0x60, 0x00, 0x00, 0x00,
    0x00, 0x00, 0x03, 0xFF, 0x80, 0x00, 0xDF, 0xF0, 0x00, 0x00, 0x00, 0x00, 0x00, 0x02, 0xFF, 0xF7,
    0x49, 0xFF, 0xD0, 0x00, 0x00, 0x00, 0x00, 0x00, 0x00, 0xDF, 0xFF, 0xFF, 0xFF, 0x80, 0x00, 0x00,
    0x00, 0x00, 0x00, 0x00, 0x4F, 0xFF, 0xFF, 0xFD, 0x10, 0x00, 0x00, 0x00, 0x00, 0x00, 0x00, 0x03,
    0xAE, 0xFD, 0x81, 0x00, 0x00, 0x00, 0x00, 0x00, 0x00, 0x00, 0x00, 0x00, 0x00, 0x00, 0x00, 0x00,
    0x00, 0x00, 0x00, 0x00, 0x00, 0x03, 0xBB, 0xBB, 0xA0, 0x00, 0x00, 0x00, 0x00, 0x00, 0x00, 0x00,
    0x0A, 0xFF, 0xFF, 0xF3, 0x00, 0x00, 0x00, 0x00, 0x00, 0x00, 0x00, 0x0F, 0xFF, 0xFF, 0xF9, 0x00,
    0x00, 0x00, 0x00, 0x00, 0x00, 0x00, 0x6F, 0xFF, 0xFF, 0xFF, 0x00, 0x00, 0x00, 0x00, 0x00, 0x00,
    0x00, 0xCF, 0xFF, 0xFF, 0xFF, 0x60, 0x00, 0x00, 0x00, 0x00, 0x00, 0x02, 0xFF, 0xFF, 0xFF, 0xFF,
    0xC0, 0x00, 0x00, 0x00, 0x00, 0x00, 0x08, 0xFF, 0xFF, 0xEF, 0xFF, 0xF2, 0x00, 0x00, 0x00, 0x00,
    0x00, 0x0E, 0xFF, 0xFE, 0x5F, 0xFF, 0xF8, 0x00, 0x00, 0x00, 0x00, 0x00, 0x4F, 0xFF, 0xF9, 0x0E,
    0xFF, 0xFE, 0x00, 0x00, 0x00, 0x00, 0x00, 0xAF, 0xFF, 0xF3, 0x09, 0xFF, 0xFF, 0x40, 0x00, 0x00,
    0x00, 0x01, 0xFF, 0xFF, 0xD0, 0x04, 0xFF, 0xFF, 0xA0, 0x00, 0x00, 0x00, 0x06, 0xFF, 0xFF, 0x80,
    0x00, 0xEF, 0xFF, 0xF0, 0x00, 0x00, 0x00, 0x0C, 0xFF, 0xFF, 0xFD, 0xDD, 0xFF, 0xFF, 0xF6, 0x00,
    0x00, 0x00, 0x2F, 0xFF, 0xFF, 0xFF, 0xFF, 0xFF, 0xFF, 0xFC, 0x00, 0x00, 0x00, 0x8F, 0xFF, 0xFF,
    0xFF, 0xFF, 0xFF, 0xFF, 0xFF, 0x20, 0x00, 0x00, 0xEF, 0xFF, 0xFF, 0xFF, 0xFF, 0xFF, 0xFF, 0xFF,
    0x80, 0x00, 0x04, 0xFF, 0xFF, 0xFB, 0xBB, 0xBB, 0xBE, 0xFF, 0xFF, 0xE0, 0x00, 0x0A, 0xFF, 0xFF,
    0x60, 0x00, 0x00, 0x00, 0xCF, 0xFF, 0xF4, 0x00, 0x1F, 0xFF, 0xFF, 0x10, 0x00, 0x00, 0x00, 0x7F,
    0xFF, 0xFA, 0x00, 0x6F, 0xFF, 0xFA, 0x00, 0x00, 0x00, 0x00, 0x1F, 0xFF, 0xFF, 0x10, 0xDF, 0xFF,
    0xF5, 0x00, 0x00, 0x00, 0x00, 0x0C, 0xFF, 0xFF, 0x60, 0x00, 0x00, 0x00, 0x00, 0x00, 0x00, 0x00,
    0x00, 0x00, 0x00, 0x00, 0x00, 0x00, 0x00, 0x00, 0x04, 0x63, 0x00, 0x00, 0x00, 0x00, 0x00, 0x00,
    0x00, 0x00, 0x00, 0xCF, 0xFF, 0x60, 0x00, 0x00, 0x00, 0x00, 0x00, 0x00, 0x00, 0x04, 0xFF, 0xFF,
    0xE0, 0x00, 0x00, 0x00, 0x00, 0x00, 0x00, 0x00, 0x05, 0xFF, 0xFF, 0xF0, 0x00, 0x00, 0x00, 0x00,
    0x00, 0x00, 0x00, 0x02, 0xFF, 0xFF, 0xC0, 0x00, 0x00, 0x00, 0x00, 0x00, 0x00, 0x00, 0x00, 0x6E,
    0xFC, 0x20, 0x00, 0x00, 0x00, 0x00, 0x00, 0x00, 0x00, 0x00, 0x00, 0x00, 0x00, 0x00, 0x00, 0x00,
    0x00, 0x00, 0x00, 0x11, 0x00, 0x00, 0x11, 0x00, 0x00, 0x00, 0x0A, 0xFF, 0x00, 0x02, 0xFF, 0x80,
    0x00, 0x00, 0x0A, 0xFF, 0x40, 0x06, 0xFF, 0x80, 0x00, 0x00, 0x07, 0xFF, 0xE7, 0x8F, 0xFF, 0x50,
    0x00, 0x00, 0x02, 0xFF, 0xFF, 0xFF, 0xFE, 0x00, 0x00, 0x00, 0x00, 0x6F, 0xFF, 0xFF, 0xF4, 0x00,
    0x00, 0x00, 0x00, 0x03, 0x9C, 0xC9, 0x20, 0x00, 0x00, 0x00, 0x00, 0x00, 0x12, 0x20, 0x00, 0x00,
    0x00, 0x00, 0x01, 0x8E, 0xFF, 0xFF, 0xB4, 0x00, 0x00, 0x00, 0x4E, 0xFF, 0xFF, 0xFF, 0xFF, 0x90,
    0x00, 0x02, 0xFF, 0xFF, 0xFF, 0xFF, 0xFF, 0xF7, 0x00, 0x03, 0xDF, 0xFF, 0xDB, 0xEF, 0xFF, 0xFF,
    0x10, 0x00, 0x09, 0xF4, 0x00, 0x0A, 0xFF, 0xFF, 0x50, 0x00, 0x00, 0x10, 0x00, 0x04, 0xFF, 0xFF,
    0x70, 0x00, 0x00, 0x5B, 0xDF, 0xFF, 0xFF, 0xFF, 0x80, 0x00, 0x3D, 0xFF, 0xFF, 0xFF, 0xFF, 0xFF,
    0x80, 0x02, 0xFF, 0xFF, 0xFF, 0xFF, 0xFF, 0xFF, 0x80, 0x0B, 0xFF, 0xFF, 0xFF, 0xEE, 0xFF, 0xFF,
    0x80, 0x1F, 0xFF, 0xFE, 0x40, 0x03, 0xFF, 0xFF, 0x80, 0x3F, 0xFF, 0xF9, 0x00, 0x07, 0xFF, 0xFF,
    0x80, 0x2F, 0xFF, 0xFF, 0x98, 0xBF, 0xFF, 0xFF, 0x80, 0x0E, 0xFF, 0xFF, 0xFF, 0xFF, 0xFF, 0xFF,
    0x80, 0x05, 0xFF, 0xFF, 0xFF, 0xFA, 0xFF, 0xFF, 0x80, 0x00, 0x5E, 0xFF, 0xFF, 0x83, 0xFF, 0xFF,
    0x80, 0x00, 0x00, 0x35, 0x41, 0x00, 0x00, 0x00, 0x00, 0x00, 0x00, 0x00, 0x05, 0x62, 0x00, 0x00,
    0x00, 0x00, 0x00, 0x00, 0xDF, 0xFF, 0x50, 0x00, 0x00, 0x00, 0x00, 0x06, 0xFF, 0xFF, 0xD0, 0x00,
    0x00, 0x00, 0x00, 0x07, 0xFF, 0xFF, 0xE0, 0x00, 0x00, 0x00, 0x00, 0x04, 0xFF, 0xFF, 0xB0, 0x00,
    0x00, 0x00, 0x00, 0x00, 0x7F, 0xFC, 0x10, 0x00, 0x00, 0x00, 0x00, 0x00, 0x00, 0x00, 0x00, 0x00,
    0x00, 0x03, 0xBB, 0xBB, 0xBB, 0xBB, 0xBB, 0xBB, 0xB8, 0x00, 0x05, 0xFF, 0xFF, 0xFF, 0xFF, 0xFF,
    0xFF, 0xFC, 0x00, 0x05, 0xFF, 0xFF, 0xFF, 0xFF, 0xFF, 0xFF, 0xFC, 0x00, 0x05, 0xFF, 0xFF, 0xFF,
    0xFF, 0xFF, 0xFF, 0xFC, 0x00, 0x05, 0xFF, 0xFF, 0xDB, 0xBB, 0xBB, 0xBB, 0xB8, 0x00, 0x05, 0xFF,
    0xFF, 0x80, 0x00, 0x00, 0x00, 0x00, 0x00, 0x05, 0xFF, 0xFF, 0x80, 0x00, 0x00, 0x00, 0x00, 0x00,
    0x05, 0xFF, 0xFF, 0x80, 0x00, 0x00, 0x00, 0x00, 0x00, 0x05, 0xFF, 0xFF, 0xDB, 0xBB, 0xBB, 0xBB,
    0xB2, 0x00, 0x05, 0xFF, 0xFF, 0xFF, 0xFF, 0xFF, 0xFF, 0xF4, 0x00, 0x05, 0xFF, 0xFF, 0xFF, 0xFF,
    0xFF, 0xFF, 0xF4, 0x00, 0x05, 0xFF, 0xFF, 0xFF, 0xFF, 0xFF, 0xFF, 0xF4, 0x00, 0x05, 0xFF, 0xFF,
    0xDB, 0xBB, 0xBB, 0xBB, 0xB3, 0x00, 0x05, 0xFF, 0xFF, 0x80, 0x00, 0x00, 0x00, 0x00, 0x00, 0x05,
    0xFF, 0xFF, 0x80, 0x00, 0x00, 0x00, 0x00, 0x00, 0x05, 0xFF, 0xFF, 0x80, 0x00, 0x00, 0x00, 0x00,
    0x00, 0x05, 0xFF, 0xFF, 0xB6, 0x66, 0x66, 0x66, 0x66, 0x00, 0x05, 0xFF, 0xFF, 0xFF, 0xFF, 0xFF,
    0xFF, 0xFF, 0x10, 0x05, 0xFF, 0xFF, 0xFF, 0xFF, 0xFF, 0xFF, 0xFF, 0x10, 0x05, 0xFF, 0xFF, 0xFF,
    0xFF, 0xFF, 0xFF, 0xFF, 0x10, 0x05, 0xFF, 0xFF, 0xFF, 0xFF, 0xFF, 0xFF, 0xFF, 0x10, 0x00, 0x00,
    0x00, 0x00, 0x00, 0x00, 0x00, 0x00, 0x00, 0x00, 0x00, 0x00, 0x00, 0x56, 0x20, 0x00, 0x00, 0x00,
    0x00, 0x00, 0x00, 0x1E, 0xFF, 0xF4, 0x00, 0x00, 0x00, 0x00, 0x00, 0x00, 0x7F, 0xFF, 0xFC, 0x00,
    0x00, 0x00, 0x00, 0x00, 0x00, 0x9F, 0xFF, 0xFD, 0x00, 0x00, 0x00, 0x00, 0x00, 0x00, 0x5F, 0xFF,
    0xFA, 0x00, 0x00, 0x00, 0x00, 0x00, 0x00, 0x08, 0xFF, 0xB1, 0x00, 0x00, 0x00, 0x00, 0x00, 0x00,
    0x00, 0x00, 0x00, 0x00, 0x00, 0x00, 0x00, 0x00, 0x00, 0x02, 0x31, 0x00, 0x00, 0x00, 0x00, 0x00,
    0x00, 0x2A, 0xFF, 0xFF, 0xF9, 0x20, 0x00, 0x00, 0x00, 0x06, 0xFF, 0xFF, 0xFF, 0xFF, 0xF5, 0x00,
    0x00, 0x00, 0x5F, 0xFF, 0xFF, 0xFF, 0xFF, 0xFF, 0x40, 0x00, 0x01, 0xEF, 0xFF, 0xFD, 0xAD, 0xFF,
    0xFF, 0xE0, 0x00, 0x07, 0xFF, 0xFF, 0x90, 0x00, 0xAF, 0xFF, 0xF4, 0x00, 0x0C, 0xFF, 0xFF, 0x10,
    0x00, 0x3F, 0xFF, 0xF8, 0x00, 0x0F, 0xFF, 0xFF, 0xEE, 0xEE, 0xEF, 0xFF, 0xFA, 0x00, 0x1F, 0xFF,
    0xFF, 0xFF, 0xFF, 0xFF, 0xFF, 0xFA, 0x00, 0x1F, 0xFF, 0xFF, 0xFF, 0xFF, 0xFF, 0xFF, 0xF8, 0x00,
    0x0F, 0xFF, 0xFF, 0xBB, 0xBB, 0xBB, 0xBB, 0xB4, 0x00, 0x0E, 0xFF, 0xFF, 0x00, 0x00, 0x06, 0x10,
    0x00, 0x00, 0x09, 0xFF, 0xFF, 0x90, 0x00, 0x5F, 0xE4, 0x00, 0x00, 0x02, 0xFF, 0xFF, 0xFD, 0xAC,
    0xFF, 0xFF, 0x90, 0x00, 0x00, 0x7F, 0xFF, 0xFF, 0xFF, 0xFF, 0xFF, 0x80, 0x00, 0x00, 0x08, 0xFF,
    0xFF, 0xFF, 0xFF, 0xFA, 0x00, 0x00, 0x00, 0x00, 0x4B, 0xFF, 0xFF, 0xFE, 0x60, 0x00, 0x00, 0x00,
    0x00, 0x00, 0x13, 0x55, 0x20, 0x00, 0x00, 0x00, 0x00, 0x00, 0x00, 0x02, 0x65, 0x00, 0x00, 0x00,
    0x00, 0x00, 0x00, 0x00, 0x4F, 0xFF, 0xE1, 0x00, 0x00, 0x00, 0x00, 0x00, 0x00, 0xBF, 0xFF, 0xF7,
    0x00, 0x00, 0x00, 0x00, 0x00, 0x00, 0xDF, 0xFF, 0xF9, 0x00, 0x00, 0x00, 0x00, 0x00, 0x00, 0x9F,
    0xFF, 0xF5, 0x00, 0x00, 0x00, 0x00, 0x00, 0x00, 0x1B, 0xFF, 0x80, 0x00, 0x00, 0x00, 0x00, 0x00,
    0x00, 0x00, 0x00, 0x00, 0x00, 0x00, 0x00, 0x00, 0x00, 0x00, 0x36, 0x86, 0x30, 0x00, 0x00, 0x00,
    0x00, 0x00, 0x0A, 0xFF, 0xFF, 0xFB, 0x00, 0x00, 0x00, 0x00, 0x00, 0x06, 0xFF, 0xFF, 0xFF, 0x60,
    0x00, 0x00, 0x00, 0x00, 0x00, 0x51, 0x3F, 0xFF, 0x70, 0x00, 0x00, 0x00, 0x00, 0x00, 0x07, 0xFF,
    0xFF, 0x20, 0x00, 0x00, 0x00, 0x00, 0x00, 0x01, 0xFE, 0xA2, 0x00, 0x00, 0x00, 0x00, 0x00, 0x00,
    0x00, 0x10, 0x00, 0x00, 0x00, 0x00, 0x03, 0xBB, 0xBB, 0xBB, 0xBB, 0xBB, 0xBB, 0xB8, 0x00, 0x05,
    0xFF, 0xFF, 0xFF, 0xFF, 0xFF, 0xFF, 0xFC, 0x00, 0x05, 0xFF, 0xFF, 0xFF, 0xFF, 0xFF, 0xFF, 0xFC,
    0x00, 0x05, 0xFF, 0xFF, 0xFF, 0xFF, 0xFF, 0xFF, 0xFC, 0x00, 0x05, 0xFF, 0xFF, 0xDB, 0xBB, 0xBB,
    0xBB, 0xB8, 0x00, 0x05, 0xFF, 0xFF, 0x80, 0x00, 0x00, 0x00, 0x00, 0x00, 0x05, 0xFF, 0xFF, 0x80,
    0x00, 0x00, 0x00, 0x00, 0x00, 0x05, 0xFF, 0xFF, 0x80, 0x00, 0x00, 0x00, 0x00, 0x00, 0x05, 0xFF,
    0xFF, 0xDB, 0xBB, 0xBB, 0xBB, 0xB2, 0x00, 0x05, 0xFF, 0xFF, 0xFF, 0xFF, 0xFF, 0xFF, 0xF4, 0x00,
    0x05, 0xFF, 0xFF, 0xFF, 0xFF, 0xFF, 0xFF, 0xF4, 0x00, 0x05, 0xFF, 0xFF, 0xFF, 0xFF, 0xFF, 0xFF,
    0xF4, 0x00, 0x05, 0xFF, 0xFF, 0xDB, 0xBB, 0xBB, 0xBB, 0xB3, 0x00, 0x05, 0xFF, 0xFF, 0x80, 0x00,
    0x00, 0x00, 0x00, 0x00, 0x05, 0xFF, 0xFF, 0x80, 0x00, 0x00, 0x00, 0x00, 0x00, 0x05, 0xFF, 0xFF,
    0x80, 0x00, 0x00, 0x00, 0x00, 0x00, 0x05, 0xFF, 0xFF, 0xB6, 0x66, 0x66, 0x66, 0x66, 0x00, 0x05,
    0xFF, 0xFF, 0xFF, 0xFF, 0xFF, 0xFF, 0xFF, 0x10, 0x05, 0xFF, 0xFF, 0xFF, 0xFF, 0xFF, 0xFF, 0xFF,
    0x10, 0x05, 0xFF, 0xFF, 0xFF, 0xFF, 0xFF, 0xFF, 0xFF, 0x10, 0x05, 0xFF, 0xFF, 0xFF, 0xFF, 0xFF,
    0xFF, 0xFF, 0x10, 0x00, 0x00, 0x00, 0x00, 0x10, 0x00, 0x00, 0x00, 0x00, 0x00, 0x00, 0x08, 0xDF,
    0xFF, 0x91, 0x00, 0x00, 0x00, 0x00, 0x00, 0x0E, 0xFF, 0xFF, 0xFC, 0x00, 0x00, 0x00, 0x00, 0x00,
    0x08, 0xFE, 0xFF, 0xFF, 0x10, 0x00, 0x00, 0x00, 0x00, 0x01, 0x10, 0x5F, 0xFF, 0x20, 0x00, 0x00,
    0x00, 0x00, 0x00, 0x0B, 0xFF, 0xFE, 0x00, 0x00, 0x00, 0x00, 0x00, 0x00, 0x09, 0xFF, 0xE4, 0x00,
    0x00, 0x00, 0x00, 0x00, 0x00, 0x03, 0xA6, 0x00, 0x00, 0x00, 0x00, 0x00, 0x00, 0x00, 0x02, 0x31,
    0x00, 0x00, 0x00, 0x00, 0x00, 0x00, 0x2A, 0xFF, 0xFF, 0xF9, 0x20, 0x00, 0x00, 0x00, 0x06, 0xFF,
    0xFF, 0xFF, 0xFF, 0xF5, 0x00, 0x00, 0x00, 0x5F, 0xFF, 0xFF, 0xFF, 0xFF, 0xFF, 0x40, 0x00, 0x01,
    0xEF, 0xFF, 0xFD, 0xAD, 0xFF, 0xFF, 0xE0, 0x00, 0x07, 0xFF, 0xFF, 0x90, 0x00, 0xAF, 0xFF, 0xF4,
    0x00, 0x0C, 0xFF, 0xFF, 0x10, 0x00, 0x3F, 0xFF, 0xF8, 0x00, 0x0F, 0xFF, 0xFF, 0xEE, 0xEE, 0xEF,
    0xFF, 0xFA, 0x00, 0x1F, 0xFF, 0xFF, 0xFF, 0xFF, 0xFF, 0xFF, 0xFA, 0x00, 0x1F, 0xFF, 0xFF, 0xFF,
    0xFF, 0xFF, 0xFF, 0xF8, 0x00, 0x0F, 0xFF, 0xFF, 0xBB, 0xBB, 0xBB, 0xBB, 0xB4, 0x00, 0x0E, 0xFF,
    0xFF, 0x00, 0x00, 0x06, 0x10, 0x00, 0x00, 0x09, 0xFF, 0xFF, 0x90, 0x00, 0x5F, 0xE4, 0x00, 0x00,
    0x02, 0xFF, 0xFF, 0xFD, 0xAC, 0xFF, 0xFF, 0x90, 0x00, 0x00, 0x7F, 0xFF, 0xFF, 0xFF, 0xFF, 0xFF,
    0x80, 0x00, 0x00, 0x08, 0xFF, 0xFF, 0xFF, 0xFF, 0xFA, 0x00, 0x00, 0x00, 0x00, 0x4B, 0xFF, 0xFF,
    0xFE, 0x60, 0x00, 0x00, 0x00, 0x00, 0x00, 0x13, 0x55, 0x20, 0x00, 0x00, 0x00, 0x00, 0x00, 0x00,
    0x00, 0x00, 0x01, 0x00, 0x00, 0x00, 0x00, 0x00, 0x5E, 0xFD, 0x30, 0x09, 0xD5, 0x00, 0x00, 0x00,
    0x03, 0xFF, 0xFF, 0xF7, 0x6F, 0xFF, 0x60, 0x00, 0x00, 0x0C, 0xFF, 0xFF, 0xFF, 0xFF, 0xFF, 0x10,
    0x00, 0x00, 0x2F, 0xFF, 0xBD, 0xFF, 0xFF, 0xFA, 0x00, 0x00, 0x00, 0x03, 0xCC, 0x00, 0xAF, 0xFF,
    0xD1, 0x00, 0x00, 0x00, 0x00, 0x01, 0x00, 0x03, 0x65, 0x00, 0x00, 0x00, 0x03, 0xBB, 0xBB, 0xBB,
    0xBB, 0xBB, 0xBB, 0xB8, 0x00, 0x05, 0xFF, 0xFF, 0xFF, 0xFF, 0xFF, 0xFF, 0xFC, 0x00, 0x05, 0xFF,
    0xFF, 0xFF, 0xFF, 0xFF, 0xFF, 0xFC, 0x00, 0x05, 0xFF, 0xFF, 0xFF, 0xFF, 0xFF, 0xFF, 0xFC, 0x00,
    0x05, 0xFF, 0xFF, 0xDB, 0xBB, 0xBB, 0xBB, 0xB8, 0x00, 0x05, 0xFF, 0xFF, 0x80, 0x00, 0x00, 0x00,
    0x00, 0x00, 0x05, 0xFF, 0xFF, 0x80, 0x00, 0x00, 0x00, 0x00, 0x00, 0x05, 0xFF, 0xFF, 0x80, 0x00,
    0x00, 0x00, 0x00, 0x00, 0x05, 0xFF, 0xFF, 0xDB, 0xBB, 0xBB, 0xBB, 0xB2, 0x00, 0x05, 0xFF, 0xFF,
    0xFF, 0xFF, 0xFF, 0xFF, 0xF4, 0x00, 0x05, 0xFF, 0xFF, 0xFF, 0xFF, 0xFF, 0xFF, 0xF4, 0x00, 0x05,
    0xFF, 0xFF, 0xFF, 0xFF, 0xFF, 0xFF, 0xF4, 0x00, 0x05, 0xFF, 0xFF, 0xDB, 0xBB, 0xBB, 0xBB, 0xB3,
    0x00, 0x05, 0xFF, 0xFF, 0x80, 0x00, 0x00, 0x00, 0x00, 0x00, 0x05, 0xFF, 0xFF, 0x80, 0x00, 0x00,
    0x00, 0x00, 0x00, 0x05, 0xFF, 0xFF, 0x80, 0x00, 0x00, 0x00, 0x00, 0x00, 0x05, 0xFF, 0xFF, 0xB6,
    0x66, 0x66, 0x66, 0x66, 0x00, 0x05, 0xFF, 0xFF, 0xFF, 0xFF, 0xFF, 0xFF, 0xFF, 0x10, 0x05, 0xFF,
    0xFF, 0xFF, 0xFF, 0xFF, 0xFF, 0xFF, 0x10, 0x05, 0xFF, 0xFF, 0xFF, 0xFF, 0xFF, 0xFF, 0xFF, 0x10,
    0x05, 0xFF, 0xFF, 0xFF, 0xFF, 0xFF, 0xFF, 0xFF, 0x10, 0x00, 0x00, 0x03, 0x41, 0x00, 0x03, 0x10,
    0x00, 0x00, 0x00, 0x00, 0xBF, 0xFF, 0x60, 0x0D, 0xF8, 0x10, 0x00, 0x00, 0x08, 0xFF, 0xFF, 0xFB,
    0xBF, 0xFF, 0x30, 0x00, 0x00, 0x1F, 0xFF, 0xFF, 0xFF, 0xFF, 0xFD, 0x00, 0x00, 0x00, 0x3E, 0xFF,
    0x6B, 0xFF, 0xFF, 0xF5, 0x00, 0x00, 0x00, 0x01, 0x97, 0x00, 0x7F, 0xFF, 0x70, 0x00, 0x00, 0x00,
    0x00, 0x00, 0x02, 0x32, 0x20, 0x00, 0x00, 0x00, 0x00, 0x00, 0x2A, 0xFF, 0xFF, 0xF9, 0x20, 0x00,
    0x00, 0x00, 0x06, 0xFF, 0xFF, 0xFF, 0xFF, 0xF5, 0x00, 0x00, 0x00, 0x5F, 0xFF, 0xFF, 0xFF, 0xFF,
    0xFF, 0x40, 0x00, 0x01, 0xEF, 0xFF, 0xFD, 0xAD, 0xFF, 0xFF, 0xE0, 0x00, 0x07, 0xFF, 0xFF, 0x90,
    0x00, 0xAF, 0xFF, 0xF4, 0x00, 0x0C, 0xFF, 0xFF, 0x10, 0x00, 0x3F, 0xFF, 0xF8, 0x00, 0x0F, 0xFF,
    0xFF, 0xEE, 0xEE, 0xEF, 0xFF, 0xFA, 0x00, 0x1F, 0xFF, 0xFF, 0xFF, 0xFF, 0xFF, 0xFF, 0xFA, 0x00,
    0x1F, 0xFF, 0xFF, 0xFF, 0xFF, 0xFF, 0xFF, 0xF8, 0x00, 0x0F, 0xFF, 0xFF, 0xBB, 0xBB, 0xBB, 0xBB,
    0xB4, 0x00, 0x0E, 0xFF, 0xFF, 0x00, 0x00, 0x06, 0x10, 0x00, 0x00, 0x09, 0xFF, 0xFF, 0x90, 0x00,
    0x5F, 0xE4, 0x00, 0x00, 0x02, 0xFF, 0xFF, 0xFD, 0xAC, 0xFF, 0xFF, 0x90, 0x00, 0x00, 0x7F, 0xFF,
    0xFF, 0xFF, 0xFF, 0xFF, 0x80, 0x00, 0x00, 0x08, 0xFF, 0xFF, 0xFF, 0xFF, 0xFA, 0x00, 0x00, 0x00,
    0x00, 0x4B, 0xFF, 0xFF, 0xFE, 0x60, 0x00, 0x00, 0x00, 0x00, 0x00, 0x13, 0x55, 0x20, 0x00, 0x00,
    0x00, 0x00, 0x00, 0x00, 0x00, 0x00, 0x00, 0x00, 0x00, 0x00, 0x00, 0x00, 0x00, 0x00, 0x00, 0x00,
    0x00, 0x00, 0x08, 0x70, 0x00, 0x00, 0x00, 0x00, 0x00, 0x00, 0x00, 0x00, 0xAF, 0xF4, 0x00, 0x00,
    0x00, 0x00, 0x00, 0x00, 0x00, 0x1C, 0xFF, 0xFD, 0x00, 0x00, 0x00, 0x00, 0x00, 0x00, 0x02, 0xEF,
    0xFF, 0x81, 0x00, 0x00, 0x00, 0x00, 0x14, 0x44, 0x30, 0xDF, 0xA2, 0x00, 0x00, 0x00, 0x00, 0x02,
    0xEF, 0xFF, 0xF5, 0x13, 0x00, 0x00, 0x00, 0x00, 0x00, 0x1D, 0xFF, 0xFF, 0xFF, 0x50, 0x00, 0x00,
    0x00, 0x00, 0x01, 0xDF, 0xFE, 0x6B, 0xFF, 0xF4, 0x00, 0x00, 0x00, 0x00, 0x01, 0xDF, 0xA1, 0x00,
    0x6F, 0xF5, 0x00, 0x00, 0x00, 0x00, 0x00, 0x04, 0x00, 0x00, 0x02, 0x30, 0x00, 0x00, 0x00, 0x03,
    0xBB, 0xBB, 0xBB, 0xBB, 0xBB, 0xBB, 0xB8, 0x00, 0x00, 0x05, 0xFF, 0xFF, 0xFF, 0xFF, 0xFF, 0xFF,
    0xFC, 0x00, 0x00, 0x05, 0xFF, 0xFF, 0xFF, 0xFF, 0xFF, 0xFF, 0xFC, 0x00, 0x00, 0x05, 0xFF, 0xFF,
    0xFF, 0xFF, 0xFF, 0xFF, 0xFC, 0x00, 0x00, 0x05, 0xFF, 0xFF, 0xDB, 0xBB, 0xBB, 0xBB, 0xB8, 0x00,
    0x00, 0x05, 0xFF, 0xFF, 0x80, 0x00, 0x00, 0x00, 0x00, 0x00, 0x00, 0x05, 0xFF, 0xFF, 0x80, 0x00,
    0x00, 0x00, 0x00, 0x00, 0x00, 0x05, 0xFF, 0xFF, 0x80, 0x00, 0x00, 0x00, 0x00, 0x00, 0x00, 0x05,
    0xFF, 0xFF, 0xDB, 0xBB, 0xBB, 0xBB, 0xB2, 0x00, 0x00, 0x05, 0xFF, 0xFF, 0xFF, 0xFF, 0xFF, 0xFF,
    0xF4, 0x00, 0x00, 0x05, 0xFF, 0xFF, 0xFF, 0xFF, 0xFF, 0xFF, 0xF4, 0x00, 0x00, 0x05, 0xFF, 0xFF,
    0xFF, 0xFF, 0xFF, 0xFF, 0xF4, 0x00, 0x00, 0x05, 0xFF, 0xFF, 0xDB, 0xBB, 0xBB, 0xBB, 0xB3, 0x00,
    0x00, 0x05, 0xFF, 0xFF, 0x80, 0x00, 0x00, 0x00, 0x00, 0x00, 0x00, 0x05, 0xFF, 0xFF, 0x80, 0x00,
    0x00, 0x00, 0x00, 0x00, 0x00, 0x05, 0xFF, 0xFF, 0x80, 0x00, 0x00, 0x00, 0x00, 0x00, 0x00, 0x05,
    0xFF, 0xFF, 0xB6, 0x66, 0x66, 0x66, 0x66, 0x00, 0x00, 0x05, 0xFF, 0xFF, 0xFF, 0xFF, 0xFF, 0xFF,
    0xFF, 0x10, 0x00, 0x05, 0xFF, 0xFF, 0xFF, 0xFF, 0xFF, 0xFF, 0xFF, 0x10, 0x00, 0x05, 0xFF, 0xFF,
    0xFF, 0xFF, 0xFF, 0xFF, 0xFF, 0x10, 0x00, 0x05, 0xFF, 0xFF, 0xFF, 0xFF, 0xFF, 0xFF, 0xFF, 0x10,
    0x00, 0x00, 0x00, 0x00, 0x00, 0x00, 0x00, 0x00, 0x53, 0x00, 0x00, 0x00, 0x00, 0x00, 0x00, 0x00,
    0x00, 0x02, 0xFF, 0x40, 0x00, 0x00, 0x00, 0x00, 0x00, 0x00, 0x00, 0x0C, 0xFF, 0xF5, 0x00, 0x00,
    0x00, 0x00, 0x00, 0x00, 0x00, 0x7F, 0xFF, 0xFE, 0x00, 0x00, 0x00, 0x00, 0x00, 0x00, 0x02, 0xFF,
    0xFF, 0xC1, 0x00, 0x00, 0x00, 0x00, 0x00, 0x00, 0x0A, 0xFF, 0xFB, 0x00, 0x00, 0x00, 0x00, 0x00,
    0xAB, 0xBB, 0x61, 0xDF, 0x80, 0x00, 0x00, 0x00, 0x00, 0x07, 0xFF, 0xFF, 0xF3, 0x05, 0x00, 0x00,
    0x00, 0x00, 0x00, 0x3F, 0xFF, 0xFF, 0xFD, 0x00, 0x00, 0x00, 0x00, 0x00, 0x00, 0xDF, 0xFF, 0xCF,
    0xFF, 0x90, 0x00, 0x00, 0x00, 0x00, 0x08, 0xFF, 0xF4, 0x07, 0xFF, 0xF4, 0x00, 0x00, 0x00, 0x00,
    0x01, 0xBD, 0x20, 0x00, 0x5F, 0x80, 0x00, 0x00, 0x00, 0x00, 0x00, 0x00, 0x02, 0x31, 0x01, 0x00,
    0x00, 0x00, 0x00, 0x00, 0x00, 0x2A, 0xFF, 0xFF, 0xF9, 0x20, 0x00, 0x00, 0x00, 0x00, 0x06, 0xFF,
    0xFF, 0xFF, 0xFF, 0xF5, 0x00, 0x00, 0x00, 0x00, 0x5F, 0xFF, 0xFF, 0xFF, 0xFF, 0xFF, 0x40, 0x00,
    0x00, 0x01, 0xEF, 0xFF, 0xFD, 0xAD, 0xFF, 0xFF, 0xE0, 0x00, 0x00, 0x07, 0xFF, 0xFF, 0x90, 0x00,
    0xAF, 0xFF, 0xF4, 0x00, 0x00, 0x0C, 0xFF, 0xFF, 0x10, 0x00, 0x3F, 0xFF, 0xF8, 0x00, 0x00, 0x0F,
    0xFF, 0xFF, 0xEE, 0xEE, 0xEF, 0xFF, 0xFA, 0x00, 0x00, 0x1F, 0xFF, 0xFF, 0xFF, 0xFF, 0xFF, 0xFF,
    0xFA, 0x00, 0x00, 0x1F, 0xFF, 0xFF, 0xFF, 0xFF, 0xFF, 0xFF, 0xF8, 0x00, 0x00, 0x0F, 0xFF, 0xFF,
    0xBB, 0xBB, 0xBB, 0xBB, 0xB4, 0x00, 0x00, 0x0E, 0xFF, 0xFF, 0x00, 0x00, 0x06, 0x10, 0x00, 0x00,
    0x00, 0x09, 0xFF, 0xFF, 0x90, 0x00, 0x5F, 0xE4, 0x00, 0x00, 0x00, 0x02, 0xFF, 0xFF, 0xFD, 0xAC,
    0xFF, 0xFF, 0x90, 0x00, 0x00, 0x00, 0x7F, 0xFF, 0xFF, 0xFF, 0xFF, 0xFF, 0x80, 0x00, 0x00, 0x00,
    0x08, 0xFF, 0xFF, 0xFF, 0xFF, 0xFA, 0x00, 0x00, 0x00, 0x00, 0x00, 0x4B, 0xFF, 0xFF, 0xFE, 0x60,
    0x00, 0x00, 0x00, 0x00, 0x00, 0x00, 0x13, 0x55, 0x20, 0x00, 0x00, 0x00, 0x00, 0x00, 0x00, 0x00,
    0x00, 0x00, 0x00, 0x00, 0x00, 0x00, 0x00, 0x00, 0x00, 0x00, 0x00, 0x87, 0x00, 0x00, 0x00, 0x00,
    0x00, 0x00, 0x00, 0x05, 0xFF, 0xA0, 0x00, 0x00, 0x00, 0x00, 0x00, 0x00, 0x0E, 0xFF, 0xFC, 0x10,
    0x00, 0x00, 0x00, 0x00, 0x00, 0x01, 0x9F, 0xFF, 0xD2, 0x00, 0x00, 0x00, 0x00, 0x14, 0x44, 0x32,
    0xBF, 0xC0, 0x00, 0x00, 0x00, 0x02, 0xEF, 0xFF, 0xF5, 0x03, 0x10, 0x00, 0x00, 0x00, 0x1D, 0xFF,
    0xFF, 0xFF, 0x50, 0x00, 0x00, 0x00, 0x01, 0xDF, 0xFE, 0x6B, 0xFF, 0xF4, 0x00, 0x00, 0x00, 0x01,
    0xDF, 0xA1, 0x00, 0x6F, 0xF5, 0x00, 0x00, 0x00, 0x00, 0x04, 0x00, 0x00, 0x02, 0x30, 0x00, 0x00,
    0x03, 0xBB, 0xBB, 0xBB, 0xBB, 0xBB, 0xBB, 0xB8, 0x00, 0x05, 0xFF, 0xFF, 0xFF, 0xFF, 0xFF, 0xFF,
    0xFC, 0x00, 0x05, 0xFF, 0xFF, 0xFF, 0xFF, 0xFF, 0xFF, 0xFC, 0x00, 0x05, 0xFF, 0xFF, 0xFF, 0xFF,
    0xFF, 0xFF, 0xFC, 0x00, 0x05, 0xFF, 0xFF, 0xDB, 0xBB, 0xBB, 0xBB, 0xB8, 0x00, 0x05, 0xFF, 0xFF,
    0x80, 0x00, 0x00, 0x00, 0x00, 0x00, 0x05, 0xFF, 0xFF, 0x80, 0x00, 0x00, 0x00, 0x00, 0x00, 0x05,
    0xFF, 0xFF, 0x80, 0x00, 0x00, 0x00, 0x00, 0x00, 0x05, 0xFF, 0xFF, 0xDB, 0xBB, 0xBB, 0xBB, 0xB2,
    0x00, 0x05, 0xFF, 0xFF, 0xFF, 0xFF, 0xFF, 0xFF, 0xF4, 0x00, 0x05, 0xFF, 0xFF, 0xFF, 0xFF, 0xFF,
    0xFF, 0xF4, 0x00, 0x05, 0xFF, 0xFF, 0xFF, 0xFF, 0xFF, 0xFF, 0xF4, 0x00, 0x05, 0xFF, 0xFF, 0xDB,
    0xBB, 0xBB, 0xBB, 0xB3, 0x00, 0x05, 0xFF, 0xFF, 0x80, 0x00, 0x00, 0x00, 0x00, 0x00, 0x05, 0xFF,
    0xFF, 0x80, 0x00, 0x00, 0x00, 0x00, 0x00, 0x05, 0xFF, 0xFF, 0x80, 0x00, 0x00, 0x00, 0x00, 0x00,
    0x05, 0xFF, 0xFF, 0xB6, 0x66, 0x66, 0x66, 0x66, 0x00, 0x05, 0xFF, 0xFF, 0xFF, 0xFF, 0xFF, 0xFF,
    0xFF, 0x10, 0x05, 0xFF, 0xFF, 0xFF, 0xFF, 0xFF, 0xFF, 0xFF, 0x10, 0x05, 0xFF, 0xFF, 0xFF, 0xFF,
    0xFF, 0xFF, 0xFF, 0x10, 0x05, 0xFF, 0xFF, 0xFF, 0xFF, 0xFF, 0xFF, 0xFF, 0x10, 0x00, 0x00, 0x00,
    0x00, 0x00, 0x02, 0x30, 0x00, 0x00, 0x00, 0x00, 0x00, 0x00, 0x00, 0x2E, 0xD0, 0x00, 0x00, 0x00,
    0x00, 0x00, 0x00, 0x03, 0xEF, 0xF8, 0x00, 0x00, 0x00, 0x00, 0x00, 0x00, 0x1E, 0xFF, 0xFF, 0x30,
    0x00, 0x00, 0x00, 0x00, 0x00, 0x04, 0xEF, 0xFF, 0xD0, 0x00, 0x00, 0x00, 0x00, 0x00, 0x00, 0x2D,
    0xFF, 0xF9, 0x00, 0x00, 0x00, 0x00, 0xAB, 0xBB, 0x61, 0xCF, 0xE2, 0x00, 0x00, 0x00, 0x07, 0xFF,
    0xFF, 0xF3, 0x08, 0x10, 0x00, 0x00, 0x00, 0x3F, 0xFF, 0xFF, 0xFD, 0x00, 0x00, 0x00, 0x00, 0x00,
    0xDF, 0xFF, 0xCF, 0xFF, 0x90, 0x00, 0x00, 0x00, 0x08, 0xFF, 0xF4, 0x07, 0xFF, 0xF4, 0x00, 0x00,
    0x00, 0x01, 0xBD, 0x20, 0x00, 0x5F, 0x80, 0x00, 0x00, 0x00, 0x00, 0x00, 0x02, 0x31, 0x01, 0x00,
    0x00, 0x00, 0x00, 0x00, 0x2A, 0xFF, 0xFF, 0xF9, 0x20, 0x00, 0x00, 0x00, 0x06, 0xFF, 0xFF, 0xFF,
    0xFF, 0xF5, 0x00, 0x00, 0x00, 0x5F, 0xFF, 0xFF, 0xFF, 0xFF, 0xFF, 0x40, 0x00, 0x01, 0xEF, 0xFF,
    0xFD, 0xAD, 0xFF, 0xFF, 0xE0, 0x00, 0x07, 0xFF, 0xFF, 0x90, 0x00, 0xAF, 0xFF, 0xF4, 0x00, 0x0C,
    0xFF, 0xFF, 0x10, 0x00, 0x3F, 0xFF, 0xF8, 0x00, 0x0F, 0xFF, 0xFF, 0xEE, 0xEE, 0xEF, 0xFF, 0xFA,
    0x00, 0x1F, 0xFF, 0xFF, 0xFF, 0xFF, 0xFF, 0xFF, 0xFA, 0x00, 0x1F, 0xFF, 0xFF, 0xFF, 0xFF, 0xFF,
    0xFF, 0xF8, 0x00, 0x0F, 0xFF, 0xFF, 0xBB, 0xBB, 0xBB, 0xBB, 0xB4, 0x00, 0x0E, 0xFF, 0xFF, 0x00,
    0x00, 0x06, 0x10, 0x00, 0x00, 0x09, 0xFF, 0xFF, 0x90, 0x00, 0x5F, 0xE4, 0x00, 0x00, 0x02, 0xFF,
    0xFF, 0xFD, 0xAC, 0xFF, 0xFF, 0x90, 0x00, 0x00, 0x7F, 0xFF, 0xFF, 0xFF, 0xFF, 0xFF, 0x80, 0x00,
    0x00, 0x08, 0xFF, 0xFF, 0xFF, 0xFF, 0xFA, 0x00, 0x00, 0x00, 0x00, 0x4B, 0xFF, 0xFF, 0xFE, 0x60,
    0x00, 0x00, 0x00, 0x00, 0x00, 0x13, 0x55, 0x20, 0x00, 0x00, 0x00, 0x00, 0x00, 0x00, 0x00, 0x00,
    0x05, 0x67, 0x50, 0x00, 0x00, 0x00, 0x00, 0x00, 0x03, 0xFF, 0xFF, 0xFE, 0x40, 0x00, 0x00, 0x00,
    0x00, 0x00, 0xEF, 0xFF, 0xFF, 0xE0, 0x00, 0x00, 0x00, 0x00, 0x00, 0x43, 0x19, 0xFF, 0xF0, 0x00,
    0x00, 0x00, 0x13, 0x33, 0x20, 0xEF, 0xFF, 0xA0, 0x00, 0x00, 0x00, 0xCF, 0xFF, 0xF3, 0x9F, 0xD7,
    0x00, 0x00, 0x00, 0x09, 0xFF, 0xFF, 0xFE, 0x21, 0x00, 0x00, 0x00, 0x00, 0x6F, 0xFF, 0xFF, 0xFF,
    0xB0, 0x00, 0x00, 0x00, 0x03, 0xFF, 0xFB, 0x16, 0xFF, 0xF7, 0x00, 0x00, 0x00, 0x00, 0x8F, 0x70,
    0x00, 0x3E, 0xC2, 0x00, 0x00, 0x00, 0x00, 0x01, 0x00, 0x00, 0x01, 0x00, 0x00, 0x00, 0x03, 0xBB,
    0xBB, 0xBB, 0xBB, 0xBB, 0xBB, 0xB8, 0x00, 0x05, 0xFF, 0xFF, 0xFF, 0xFF, 0xFF, 0xFF, 0xFC, 0x00,
    0x05, 0xFF, 0xFF, 0xFF, 0xFF, 0xFF, 0xFF, 0xFC, 0x00, 0x05, 0xFF, 0xFF, 0xFF, 0xFF, 0xFF, 0xFF,
    0xFC, 0x00, 0x05, 0xFF, 0xFF, 0xDB, 0xBB, 0xBB, 0xBB, 0xB8, 0x00, 0x05, 0xFF, 0xFF, 0x80, 0x00,
    0x00, 0x00, 0x00, 0x00, 0x05, 0xFF, 0xFF, 0x80, 0x00, 0x00, 0x00, 0x00, 0x00, 0x05, 0xFF, 0xFF,
    0x80, 0x00, 0x00, 0x00, 0x00, 0x00, 0x05, 0xFF, 0xFF, 0xDB, 0xBB, 0xBB, 0xBB, 0xB2, 0x00, 0x05,
    0xFF, 0xFF, 0xFF, 0xFF, 0xFF, 0xFF, 0xF4, 0x00, 0x05, 0xFF, 0xFF, 0xFF, 0xFF, 0xFF, 0xFF, 0xF4,
    0x00, 0x05, 0xFF, 0xFF, 0xFF, 0xFF, 0xFF, 0xFF, 0xF4, 0x00, 0x05, 0xFF, 0xFF, 0xDB, 0xBB, 0xBB,
    0xBB, 0xB3, 0x00, 0x05, 0xFF, 0xFF, 0x80, 0x00, 0x00, 0x00, 0x00, 0x00, 0x05, 0xFF, 0xFF, 0x80,
    0x00, 0x00, 0x00, 0x00, 0x00, 0x05, 0xFF, 0xFF, 0x80, 0x00, 0x00, 0x00, 0x00, 0x00, 0x05, 0xFF,
    0xFF, 0xB6, 0x66, 0x66, 0x66, 0x66, 0x00, 0x05, 0xFF, 0xFF, 0xFF, 0xFF, 0xFF, 0xFF, 0xFF, 0x10,
    0x05, 0xFF, 0xFF, 0xFF, 0xFF, 0xFF, 0xFF, 0xFF, 0x10, 0x05, 0xFF, 0xFF, 0xFF, 0xFF, 0xFF, 0xFF,
    0xFF, 0x10, 0x05, 0xFF, 0xFF, 0xFF, 0xFF, 0xFF, 0xFF, 0xFF, 0x10, 0x00, 0x00, 0x00, 0x00, 0x00,
    0x00, 0x21, 0x00, 0x00, 0x00, 0x00, 0x00, 0x00, 0x04, 0xCF, 0xFF, 0xE7, 0x00, 0x00, 0x00, 0x00,
    0x00, 0x04, 0xFF, 0xFF, 0xFF, 0x60, 0x00, 0x00, 0x00, 0x00, 0x00, 0xEE, 0xDF, 0xFF, 0xB0, 0x00,
    0x00, 0x00, 0x00, 0x00, 0x10, 0x1C, 0xFF, 0xC0, 0x00, 0x00, 0x00, 0x00, 0x00, 0x03, 0xFF, 0xFF,
    0x70, 0x00, 0x00, 0x00, 0xAB, 0xBB, 0x60, 0xFF, 0xFA, 0x00, 0x00, 0x00, 0x07, 0xFF, 0xFF, 0xF3,
    0x77, 0x20, 0x00, 0x00, 0x00, 0x3F, 0xFF, 0xFF, 0xFD, 0x00, 0x00, 0x00, 0x00, 0x00, 0xDF, 0xFF,
    0xCF, 0xFF, 0x90, 0x00, 0x00, 0x00, 0x08, 0xFF, 0xF4, 0x07, 0xFF, 0xF4, 0x00, 0x00, 0x00, 0x01,
    0xBD, 0x20, 0x00, 0x5F, 0x80, 0x00, 0x00, 0x00, 0x00, 0x00, 0x02, 0x31, 0x01, 0x00, 0x00, 0x00,
    0x00, 0x00, 0x2A, 0xFF, 0xFF, 0xF9, 0x20, 0x00, 0x00, 0x00, 0x06, 0xFF, 0xFF, 0xFF, 0xFF, 0xF5,
    0x00, 0x00, 0x00, 0x5F, 0xFF, 0xFF, 0xFF, 0xFF, 0xFF, 0x40, 0x00, 0x01, 0xEF, 0xFF, 0xFD, 0xAD,
    0xFF, 0xFF, 0xE0, 0x00, 0x07, 0xFF, 0xFF, 0x90, 0x00, 0xAF, 0xFF, 0xF4, 0x00, 0x0C, 0xFF, 0xFF,
    0x10, 0x00, 0x3F, 0xFF, 0xF8, 0x00, 0x0F, 0xFF, 0xFF, 0xEE, 0xEE, 0xEF, 0xFF, 0xFA, 0x00, 0x1F,
    0xFF, 0xFF, 0xFF, 0xFF, 0xFF, 0xFF, 0xFA, 0x00, 0x1F, 0xFF, 0xFF, 0xFF, 0xFF, 0xFF, 0xFF, 0xF8,
    0x00, 0x0F, 0xFF, 0xFF, 0xBB, 0xBB, 0xBB, 0xBB, 0xB4, 0x00, 0x0E, 0xFF, 0xFF, 0x00, 0x00, 0x06,
    0x10, 0x00, 0x00, 0x09, 0xFF, 0xFF, 0x90, 0x00, 0x5F, 0xE4, 0x00, 0x00, 0x02, 0xFF, 0xFF, 0xFD,
    0xAC, 0xFF, 0xFF, 0x90, 0x00, 0x00, 0x7F, 0xFF, 0xFF, 0xFF, 0xFF, 0xFF, 0x80, 0x00, 0x00, 0x08,
    0xFF, 0xFF, 0xFF, 0xFF, 0xFA, 0x00, 0x00, 0x00, 0x00, 0x4B, 0xFF, 0xFF, 0xFE, 0x60, 0x00, 0x00,
    0x00, 0x00, 0x00, 0x13, 0x55, 0x20, 0x00, 0x00, 0x00, 0x00, 0x00, 0x02, 0x64, 0x00, 0x05, 0x10,
    0x00, 0x00, 0x00, 0x00, 0x7F, 0xFF, 0xB1, 0x3F, 0xF8, 0x00, 0x00, 0x00, 0x02, 0xFF, 0xFF, 0xFF,
    0xFF, 0xF9, 0x00, 0x00, 0x00, 0x08, 0xFF, 0xCC, 0xFF, 0xFF, 0xF2, 0x00, 0x00, 0x00, 0x00, 0x5C,
    0x00, 0x7F, 0xFE, 0x40, 0x00, 0x00, 0x00, 0x00, 0x00, 0x14, 0x44, 0x40, 0x00, 0x00, 0x00, 0x00,
    0x00, 0x02, 0xEF, 0xFF, 0xF5, 0x00, 0x00, 0x00, 0x00, 0x00, 0x1D, 0xFF, 0xFF, 0xFF, 0x50, 0x00,
    0x00, 0x00, 0x01, 0xDF, 0xFE, 0x6B, 0xFF, 0xF4, 0x00, 0x00, 0x00, 0x01, 0xDF, 0xA1, 0x00, 0x6F,
    0xF5, 0x00, 0x00, 0x00, 0x00, 0x04, 0x00, 0x00, 0x02, 0x30, 0x00, 0x00, 0x03, 0xBB, 0xBB, 0xBB,
    0xBB, 0xBB, 0xBB, 0xB8, 0x00, 0x05, 0xFF, 0xFF, 0xFF, 0xFF, 0xFF, 0xFF, 0xFC, 0x00, 0x05, 0xFF,
    0xFF, 0xFF, 0xFF, 0xFF, 0xFF, 0xFC, 0x00, 0x05, 0xFF, 0xFF, 0xFF, 0xFF, 0xFF, 0xFF, 0xFC, 0x00,
    0x05, 0xFF, 0xFF, 0xDB, 0xBB, 0xBB, 0xBB, 0xB8, 0x00, 0x05, 0xFF, 0xFF, 0x80, 0x00, 0x00, 0x00,
    0x00, 0x00, 0x05, 0xFF, 0xFF, 0x80, 0x00, 0x00, 0x00, 0x00, 0x00, 0x05, 0xFF, 0xFF, 0x80, 0x00,
    0x00, 0x00, 0x00, 0x00, 0x05, 0xFF, 0xFF, 0xDB, 0xBB, 0xBB, 0xBB, 0xB2, 0x00, 0x05, 0xFF, 0xFF,
    0xFF, 0xFF, 0xFF, 0xFF, 0xF4, 0x00, 0x05, 0xFF, 0xFF, 0xFF, 0xFF, 0xFF, 0xFF, 0xF4, 0x00, 0x05,
    0xFF, 0xFF, 0xFF, 0xFF, 0xFF, 0xFF, 0xF4, 0x00, 0x05, 0xFF, 0xFF, 0xDB, 0xBB, 0xBB, 0xBB, 0xB3,
    0x00, 0x05, 0xFF, 0xFF, 0x80, 0x00, 0x00, 0x00, 0x00, 0x00, 0x05, 0xFF, 0xFF, 0x80, 0x00, 0x00,
    0x00, 0x00, 0x00, 0x05, 0xFF, 0xFF, 0x80, 0x00, 0x00, 0x00, 0x00, 0x00, 0x05, 0xFF, 0xFF, 0xB6,
    0x66, 0x66, 0x66, 0x66, 0x00, 0x05, 0xFF, 0xFF, 0xFF, 0xFF, 0xFF, 0xFF, 0xFF, 0x10, 0x05, 0xFF,
    0xFF, 0xFF, 0xFF, 0xFF, 0xFF, 0xFF, 0x10, 0x05, 0xFF, 0xFF, 0xFF, 0xFF, 0xFF, 0xFF, 0xFF, 0x10,
    0x05, 0xFF, 0xFF, 0xFF, 0xFF, 0xFF, 0xFF, 0xFF, 0x10, 0x00, 0x00, 0x18, 0xA5, 0x00, 0x07, 0x60,
    0x00, 0x00, 0x00, 0x02, 0xEF, 0xFF, 0xA0, 0x1F, 0xFD, 0x20, 0x00, 0x00, 0x0B, 0xFF, 0xFF, 0xFF,
    0xFF, 0xFF, 0x10, 0x00, 0x00, 0x2F, 0xFF, 0xFF, 0xFF, 0xFF, 0xFB, 0x00, 0x00, 0x00, 0x1B, 0xFD,
    0x16, 0xFF, 0xFF, 0xF2, 0x00, 0x00, 0x00, 0x00, 0x44, 0x00, 0x2A, 0xDB, 0x30, 0x00, 0x00, 0x00,
    0x00, 0x00, 0xAB, 0xBB, 0x60, 0x00, 0x00, 0x00, 0x00, 0x00, 0x07, 0xFF, 0xFF, 0xF3, 0x00, 0x00,
    0x00, 0x00, 0x00, 0x3F, 0xFF, 0xFF, 0xFD, 0x00, 0x00, 0x00, 0x00, 0x00, 0xDF, 0xFF, 0xCF, 0xFF,
    0x90, 0x00, 0x00, 0x00, 0x08, 0xFF, 0xF4, 0x07, 0xFF, 0xF4, 0x00, 0x00, 0x00, 0x01, 0xBD, 0x20,
    0x00, 0x5F, 0x80, 0x00, 0x00, 0x00, 0x00, 0x00, 0x02, 0x31, 0x01, 0x00, 0x00, 0x00, 0x00, 0x00,
    0x2A, 0xFF, 0xFF, 0xF9, 0x20, 0x00, 0x00, 0x00, 0x06, 0xFF, 0xFF, 0xFF, 0xFF, 0xF5, 0x00, 0x00,
    0x00, 0x5F, 0xFF, 0xFF, 0xFF, 0xFF, 0xFF, 0x40, 0x00, 0x01, 0xEF, 0xFF, 0xFD, 0xAD, 0xFF, 0xFF,
    0xE0, 0x00, 0x07, 0xFF, 0xFF, 0x90, 0x00, 0xAF, 0xFF, 0xF4, 0x00, 0x0C, 0xFF, 0xFF, 0x10, 0x00,
    0x3F, 0xFF, 0xF8, 0x00, 0x0F, 0xFF, 0xFF, 0xEE, 0xEE, 0xEF, 0xFF, 0xFA, 0x00, 0x1F, 0xFF, 0xFF,
    0xFF, 0xFF, 0xFF, 0xFF, 0xFA, 0x00, 0x1F, 0xFF, 0xFF, 0xFF, 0xFF, 0xFF, 0xFF, 0xF8, 0x00, 0x0F,
    0xFF, 0xFF, 0xBB, 0xBB, 0xBB, 0xBB, 0xB4, 0x00, 0x0E, 0xFF, 0xFF, 0x00, 0x00, 0x06, 0x10, 0x00,
    0x00, 0x09, 0xFF, 0xFF, 0x90, 0x00, 0x5F, 0xE4, 0x00, 0x00, 0x02, 0xFF, 0xFF, 0xFD, 0xAC, 0xFF,
    0xFF, 0x90, 0x00, 0x00, 0x7F, 0xFF, 0xFF, 0xFF, 0xFF, 0xFF, 0x80, 0x00, 0x00, 0x08, 0xFF, 0xFF,
    0xFF, 0xFF, 0xFA, 0x00, 0x00, 0x00, 0x00, 0x4B, 0xFF, 0xFF, 0xFE, 0x60, 0x00, 0x00, 0x00, 0x00,
    0x00, 0x13, 0x55, 0x20, 0x00, 0x00, 0x00, 0x00, 0x00, 0x00, 0x13, 0x33, 0x20, 0x00, 0x00, 0x00,
    0x00, 0x00, 0x00, 0xCF, 0xFF, 0xF3, 0x00, 0x00, 0x00, 0x00, 0x00, 0x09, 0xFF, 0xFF, 0xFE, 0x10,
    0x00, 0x00, 0x00, 0x00, 0x6F, 0xFF, 0xFF, 0xFF, 0xB0, 0x00, 0x00, 0x00, 0x03, 0xFF, 0xFB, 0x16,
    0xFF, 0xF7, 0x00, 0x00, 0x00, 0x00, 0x8F, 0x70, 0x00, 0x3E, 0xC2, 0x00, 0x00, 0x00, 0x00, 0x01,
    0x00, 0x00, 0x01, 0x00, 0x00, 0x00, 0x03, 0xBB, 0xBB, 0xBB, 0xBB, 0xBB, 0xBB, 0xB8, 0x00, 0x05,
    0xFF, 0xFF, 0xFF, 0xFF, 0xFF, 0xFF, 0xFC, 0x00, 0x05, 0xFF, 0xFF, 0xFF, 0xFF, 0xFF, 0xFF, 0xFC,
    0x00, 0x05, 0xFF, 0xFF, 0xFF, 0xFF, 0xFF, 0xFF, 0xFC, 0x00, 0x05, 0xFF, 0xFF, 0xDB, 0xBB, 0xBB,
    0xBB, 0xB8, 0x00, 0x05, 0xFF, 0xFF, 0x80, 0x00, 0x00, 0x00, 0x00, 0x00, 0x05, 0xFF, 0xFF, 0x80,
    0x00, 0x00, 0x00, 0x00, 0x00, 0x05, 0xFF, 0xFF, 0x80, 0x00, 0x00, 0x00, 0x00, 0x00, 0x05, 0xFF,
    0xFF, 0xDB, 0xBB, 0xBB, 0xBB, 0xB2, 0x00, 0x05, 0xFF, 0xFF, 0xFF, 0xFF, 0xFF, 0xFF, 0xF4, 0x00,
    0x05, 0xFF, 0xFF, 0xFF, 0xFF, 0xFF, 0xFF, 0xF4, 0x00, 0x05, 0xFF, 0xFF, 0xFF, 0xFF, 0xFF, 0xFF,
    0xF4, 0x00, 0x05, 0xFF, 0xFF, 0xDB, 0xBB, 0xBB, 0xBB, 0xB3, 0x00, 0x05, 0xFF, 0xFF, 0x80, 0x00,
    0x00, 0x00, 0x00, 0x00, 0x05, 0xFF, 0xFF, 0x80, 0x00, 0x00, 0x00, 0x00, 0x00, 0x05, 0xFF, 0xFF,
    0x80, 0x00, 0x00, 0x00, 0x00, 0x00, 0x05, 0xFF, 0xFF, 0xB6, 0x66, 0x66, 0x66, 0x66, 0x00, 0x05,
    0xFF, 0xFF, 0xFF, 0xFF, 0xFF, 0xFF, 0xFF, 0x10, 0x05, 0xFF, 0xFF, 0xFF, 0xFF, 0xFF, 0xFF, 0xFF,
    0x10, 0x05, 0xFF, 0xFF, 0xFF, 0xFF, 0xFF, 0xFF, 0xFF, 0x10, 0x05, 0xFF, 0xFF, 0xFF, 0xFF, 0xFF,
    0xFF, 0xFF, 0x10, 0x00, 0x00, 0x00, 0x00, 0x00, 0x00, 0x00, 0x00, 0x00, 0x00, 0x00, 0x00, 0x00,
    0x56, 0x20, 0x00, 0x00, 0x00, 0x00, 0x00, 0x00, 0x1E, 0xFF, 0xF4, 0x00, 0x00, 0x00, 0x00, 0x00,
    0x00, 0x7F, 0xFF, 0xFC, 0x00, 0x00, 0x00, 0x00, 0x00, 0x00, 0x9F, 0xFF, 0xFD, 0x00, 0x00, 0x00,
    0x00, 0x00, 0x00, 0x5F, 0xFF, 0xFA, 0x00, 0x00, 0x00, 0x00, 0x00, 0x00, 0x08, 0xFF, 0xB1, 0x00,
    0x00, 0x00, 0x00, 0x00, 0x00, 0x00, 0x00, 0x00, 0x00, 0x00, 0x00, 0x00, 0x00, 0x00, 0xAB, 0xBB,
    0x60, 0x00, 0x00, 0x00, 0x00, 0x00, 0x07, 0xFF, 0xFF, 0xF3, 0x00, 0x00, 0x00, 0x00, 0x00, 0x3F,
    0xFF, 0xFF, 0xFD, 0x00, 0x00, 0x00, 0x00, 0x00, 0xDF, 0xFF, 0xCF, 0xFF, 0x90, 0x00, 0x00, 0x00,
    0x08, 0xFF, 0xF4, 0x07, 0xFF, 0xF4, 0x00, 0x00, 0x00, 0x01, 0xBD, 0x20, 0x00, 0x5F, 0x80, 0x00,
    0x00, 0x00, 0x00, 0x00, 0x02, 0x31, 0x01, 0x00, 0x00, 0x00, 0x00, 0x00, 0x2A, 0xFF, 0xFF, 0xF9,
    0x20, 0x00, 0x00, 0x00, 0x06, 0xFF, 0xFF, 0xFF, 0xFF, 0xF5, 0x00, 0x00, 0x00, 0x5F, 0xFF, 0xFF,
    0xFF, 0xFF, 0xFF, 0x40, 0x00, 0x01, 0xEF, 0xFF, 0xFD, 0xAD, 0xFF, 0xFF, 0xE0, 0x00, 0x07, 0xFF,
    0xFF, 0x90, 0x00, 0xAF, 0xFF, 0xF4, 0x00, 0x0C, 0xFF, 0xFF, 0x10, 0x00, 0x3F, 0xFF, 0xF8, 0x00,
    0x0F, 0xFF, 0xFF, 0xEE, 0xEE, 0xEF, 0xFF, 0xFA, 0x00, 0x1F, 0xFF, 0xFF, 0xFF, 0xFF, 0xFF, 0xFF,
    0xFA, 0x00, 0x1F, 0xFF, 0xFF, 0xFF, 0xFF, 0xFF, 0xFF, 0xF8, 0x00, 0x0F, 0xFF, 0xFF, 0xBB, 0xBB,
    0xBB, 0xBB, 0xB4, 0x00, 0x0E, 0xFF, 0xFF, 0x00, 0x00, 0x06, 0x10, 0x00, 0x00, 0x09, 0xFF, 0xFF,
    0x90, 0x00, 0x5F, 0xE4, 0x00, 0x00, 0x02, 0xFF, 0xFF, 0xFD, 0xAC, 0xFF, 0xFF, 0x90, 0x00, 0x00,
    0x7F, 0xFF, 0xFF, 0xFF, 0xFF, 0xFF, 0x80, 0x00, 0x00, 0x08, 0xFF, 0xFF, 0xFF, 0xFF, 0xFA, 0x00,
    0x00, 0x00, 0x00, 0x4B, 0xFF, 0xFF, 0xFE, 0x60, 0x00, 0x00, 0x00, 0x00, 0x00, 0x13, 0x55, 0x20,
    0x00, 0x00, 0x00, 0x00, 0x00, 0x00, 0x02, 0x65, 0x00, 0x00, 0x00, 0x00, 0x00, 0x00, 0x00, 0x4F,
    0xFF, 0xE1, 0x00, 0x00, 0x00, 0x00, 0x00, 0x00, 0xBF, 0xFF, 0xF7, 0x00, 0x00, 0x00, 0x00, 0x00,
    0x00, 0xDF, 0xFF, 0xF9, 0x00, 0x00, 0x00, 0x00, 0x00, 0x00, 0x9F, 0xFF, 0xF5, 0x00, 0x00, 0x00,
    0x00, 0x00, 0x00, 0x1B, 0xFF, 0x80, 0x00, 0x00, 0x00, 0x00, 0x00, 0x00, 0x00, 0x00, 0x00, 0x00,
    0x00, 0x00, 0x01, 0x57, 0x75, 0x00, 0x4F, 0xFF, 0xFF, 0xF4, 0x0E, 0xFF, 0xFF, 0xFD, 0x04, 0x22,
    0xAF, 0xFF, 0x00, 0x0F, 0xFF, 0xF9, 0x00, 0x0A, 0xFC, 0x60, 0x00, 0x01, 0x00, 0x00, 0x03, 0xBB,
    0xBB, 0x60, 0x05, 0xFF, 0xFF, 0x80, 0x05, 0xFF, 0xFF, 0x80, 0x05, 0xFF, 0xFF, 0x80, 0x05, 0xFF,
    0xFF, 0x80, 0x05, 0xFF, 0xFF, 0x80, 0x05, 0xFF, 0xFF, 0x80, 0x05, 0xFF, 0xFF, 0x80, 0x05, 0xFF,
    0xFF, 0x80, 0x05, 0xFF, 0xFF, 0x80, 0x05, 0xFF, 0xFF, 0x80, 0x05, 0xFF, 0xFF, 0x80, 0x05, 0xFF,
    0xFF, 0x80, 0x05, 0xFF, 0xFF, 0x80, 0x05, 0xFF, 0xFF, 0x80, 0x05, 0xFF, 0xFF, 0x80, 0x05, 0xFF,
    0xFF, 0x80, 0x05, 0xFF, 0xFF, 0x80, 0x05, 0xFF, 0xFF, 0x80, 0x05, 0xFF, 0xFF, 0x80, 0x05, 0xFF,
    0xFF, 0x80, 0x00, 0x01, 0x00, 0x00, 0x4B, 0xFF, 0xFC, 0x40, 0x7F, 0xFF, 0xFF, 0xF3, 0x1F, 0xFE,
    0xFF, 0xF9, 0x02, 0x00, 0xDF, 0xFA, 0x00, 0x5F, 0xFF, 0xF6, 0x00, 0x1F, 0xFF, 0x90, 0x00, 0x09,
    0x82, 0x00, 0x00, 0x00, 0x00, 0x00, 0x07, 0xDD, 0xDD, 0x20, 0x08, 0xFF, 0xFF, 0x30, 0x08, 0xFF,
    0xFF, 0x30, 0x08, 0xFF, 0xFF, 0x30, 0x08, 0xFF, 0xFF, 0x30, 0x08, 0xFF, 0xFF, 0x30, 0x08, 0xFF,
    0xFF, 0x30, 0x08, 0xFF, 0xFF, 0x30, 0x08, 0xFF, 0xFF, 0x30, 0x08, 0xFF, 0xFF, 0x30, 0x08, 0xFF,
    0xFF, 0x30, 0x08, 0xFF, 0xFF, 0x30, 0x08, 0xFF, 0xFF, 0x30, 0x08, 0xFF, 0xFF, 0x30, 0x08, 0xFF,
    0xFF, 0x30, 0x08, 0xFF, 0xFF, 0x30, 0x03, 0xBB, 0xBB, 0x60, 0x05, 0xFF, 0xFF, 0x80, 0x05, 0xFF,
    0xFF, 0x80, 0x05, 0xFF, 0xFF, 0x80, 0x05, 0xFF, 0xFF, 0x80, 0x05, 0xFF, 0xFF, 0x80, 0x05, 0xFF,
    0xFF, 0x80, 0x05, 0xFF, 0xFF, 0x80, 0x05, 0xFF, 0xFF, 0x80, 0x05, 0xFF, 0xFF, 0x80, 0x05, 0xFF,
    0xFF, 0x80, 0x05, 0xFF, 0xFF, 0x80, 0x05, 0xFF, 0xFF, 0x80, 0x05, 0xFF, 0xFF, 0x80, 0x05, 0xFF,
    0xFF, 0x80, 0x05, 0xFF, 0xFF, 0x80, 0x05, 0xFF, 0xFF, 0x80, 0x05, 0xFF, 0xFF, 0x80, 0x05, 0xFF,
    0xFF, 0x80, 0x05, 0xFF, 0xFF, 0x80, 0x05, 0xFF, 0xFF, 0x80, 0x00, 0x00, 0x00, 0x00, 0x00, 0x05,
    0x62, 0x00, 0x01, 0xEF, 0xFF, 0x40, 0x07, 0xFF, 0xFF, 0xB0, 0x08, 0xFF, 0xFF, 0xD0, 0x05, 0xFF,
    0xFF, 0x90, 0x00, 0x8F, 0xFB, 0x10, 0x00, 0x00, 0x00, 0x00, 0x00, 0x7D, 0xD8, 0x00, 0x05, 0xFF,
    0xFF, 0x70, 0x0A, 0xFF, 0xFF, 0xB0, 0x09, 0xFF, 0xFF, 0xA0, 0x03, 0xFF, 0xFF, 0x40, 0x00, 0x27,
    0x83, 0x00, 0x00, 0x00, 0x00, 0x00, 0x04, 0xDD, 0xDD, 0x50, 0x04, 0xFF, 0xFF, 0x60, 0x04, 0xFF,
    0xFF, 0x60, 0x04, 0xFF, 0xFF, 0x60, 0x04, 0xFF, 0xFF, 0x60, 0x04, 0xFF, 0xFF, 0x60, 0x04, 0xFF,
    0xFF, 0x60, 0x04, 0xFF, 0xFF, 0x60, 0x04, 0xFF, 0xFF, 0x60, 0x04, 0xFF, 0xFF, 0x60, 0x04, 0xFF,
    0xFF, 0x60, 0x04, 0xFF, 0xFF, 0x60, 0x04, 0xFF, 0xFF, 0x60, 0x04, 0xFF, 0xFF, 0x60, 0x04, 0xFF,
    0xFF, 0x60, 0x04, 0xFF, 0xFF, 0x60, 0x00, 0x00, 0x00, 0x00, 0x00, 0x00, 0x00, 0x00, 0x00, 0x00,
    0x00, 0x00, 0x00, 0x6C, 0xD7, 0x00, 0x04, 0xFF, 0xFF, 0x70, 0x09, 0xFF, 0xFF, 0xC0, 0x08, 0xFF,
    0xFF, 0xB0, 0x03, 0xFF, 0xFF, 0x50, 0x00, 0x28, 0x83, 0x00, 0x00, 0x00, 0x00, 0x00, 0x00, 0x00,
    0x00, 0x00, 0x00, 0x00, 0x00, 0x00, 0x00, 0x00, 0x49, 0xDF, 0xFF, 0xFC, 0x71, 0x00, 0x00, 0x00,
    0x00, 0x00, 0x2C, 0xFF, 0xFF, 0xFF, 0xFF, 0xFF, 0x60, 0x00, 0x00, 0x00, 0x03, 0xEF, 0xFF, 0xFF,
    0xFF, 0xFF, 0xFF, 0xF9, 0x00, 0x00, 0x00, 0x1E, 0xFF, 0xFF, 0xFF, 0xFF, 0xFF, 0xFF, 0xFF, 0x70,
    0x00, 0x00, 0xAF, 0xFF, 0xFF, 0xFA, 0x89, 0xDF, 0xFF, 0xFF, 0xF2, 0x00, 0x01, 0xFF, 0xFF, 0xFC,
    0x10, 0x00, 0x06, 0xFF, 0xFF, 0xF9, 0x00, 0x07, 0xFF, 0xFF, 0xE1, 0x00, 0x00, 0x00, 0x8F, 0xFF,
    0xFF, 0x00, 0x0B, 0xFF, 0xFF, 0x70, 0x00, 0x00, 0x00, 0x0F, 0xFF, 0xFF, 0x30, 0x0E, 0xFF, 0xFF,
    0x20, 0x00, 0x00, 0x00, 0x0B, 0xFF, 0xFF, 0x60, 0x0F, 0xFF, 0xFF, 0x00, 0x00, 0x00, 0x00, 0x08,
    0xFF, 0xFF, 0x70, 0x0F, 0xFF, 0xFF, 0x00, 0x00, 0x00, 0x00, 0x07, 0xFF, 0xFF, 0x80, 0x0F, 0xFF,
    0xFF, 0x00, 0x00, 0x00, 0x00, 0x08, 0xFF, 0xFF, 0x80, 0x0E, 0xFF, 0xFF, 0x10, 0x00, 0x00, 0x00,
    0x09, 0xFF, 0xFF, 0x60, 0x0C, 0xFF, 0xFF, 0x60, 0x00, 0x00, 0x00, 0x0E, 0xFF, 0xFF, 0x40, 0x08,
    0xFF, 0xFF, 0xC0, 0x00, 0x00, 0x00, 0x5F, 0xFF, 0xFF, 0x00, 0x03, 0xFF, 0xFF, 0xF8, 0x00, 0x00,
    0x02, 0xEF, 0xFF, 0xFB, 0x00, 0x00, 0xCF, 0xFF, 0xFF, 0xC6, 0x34, 0x8F, 0xFF, 0xFF, 0xF4, 0x00,
    0x00, 0x3F, 0xFF, 0xFF, 0xFF, 0xFF, 0xFF, 0xFF, 0xFF, 0xB0, 0x00, 0x00, 0x06, 0xFF, 0xFF, 0xFF,
    0xFF, 0xFF, 0xFF, 0xFD, 0x10, 0x00, 0x00, 0x00, 0x5F, 0xFF, 0xFF, 0xFF, 0xFF, 0xFF, 0xB1, 0x00,
    0x00, 0x00, 0x00, 0x01, 0x8E, 0xFF, 0xFF, 0xFF, 0xB5, 0x00, 0x00, 0x00, 0x00, 0x00, 0x00, 0x00,
    0x24, 0x55, 0x30, 0x00, 0x00, 0x00, 0x00, 0x00, 0x00, 0x00, 0x00, 0x02, 0x65, 0x00, 0x00, 0x00,
    0x00, 0x00, 0x00, 0x00, 0x00, 0x00, 0x5F, 0xFF, 0xD0, 0x00, 0x00, 0x00, 0x00, 0x00, 0x00, 0x00,
    0x00, 0xDF, 0xFF, 0xF6, 0x00, 0x00, 0x00, 0x00, 0x00, 0x00, 0x00, 0x00, 0xEF, 0xFF, 0xF7, 0x00,
    0x00, 0x00, 0x00, 0x00, 0x00, 0x00, 0x00, 0xBF, 0xFF, 0xF4, 0x00, 0x00, 0x00, 0x00, 0x00, 0x00,
    0x00, 0x00, 0x1C, 0xFF, 0x70, 0x00, 0x00, 0x00, 0x00, 0x00, 0x00, 0x00, 0x00, 0x00, 0x00, 0x00,
    0x00, 0x00, 0x00, 0x00, 0x00, 0x00, 0x00, 0x02, 0x32, 0x00, 0x00, 0x00, 0x00, 0x00, 0x00, 0x3A,
    0xFF, 0xFF, 0xFB, 0x30, 0x00, 0x00, 0x00, 0x07, 0xFF, 0xFF, 0xFF, 0xFF, 0xF8, 0x00, 0x00, 0x00,
    0x6F, 0xFF, 0xFF, 0xFF, 0xFF, 0xFF, 0x70, 0x00, 0x02, 0xFF, 0xFF, 0xFF, 0xFF, 0xFF, 0xFF, 0xF2,
    0x00, 0x08, 0xFF, 0xFF, 0xF7, 0x47, 0xEF, 0xFF, 0xF9, 0x00, 0x0D, 0xFF, 0xFF, 0x40, 0x00, 0x3F,
    0xFF, 0xFE, 0x00, 0x0F, 0xFF, 0xFD, 0x00, 0x00, 0x0C, 0xFF, 0xFF, 0x10, 0x1F, 0xFF, 0xFB, 0x00,
    0x00, 0x0A, 0xFF, 0xFF, 0x20, 0x1F, 0xFF, 0xFB, 0x00, 0x00, 0x09, 0xFF, 0xFF, 0x30, 0x0F, 0xFF,
    0xFD, 0x00, 0x00, 0x0C, 0xFF, 0xFF, 0x10, 0x0D, 0xFF, 0xFF, 0x30, 0x00, 0x2F, 0xFF, 0xFF, 0x00,
    0x08, 0xFF, 0xFF, 0xE5, 0x24, 0xDF, 0xFF, 0xFA, 0x00, 0x02, 0xFF, 0xFF, 0xFF, 0xFF, 0xFF, 0xFF,
    0xF3, 0x00, 0x00, 0x8F, 0xFF, 0xFF, 0xFF, 0xFF, 0xFF, 0x90, 0x00, 0x00, 0x09, 0xFF, 0xFF, 0xFF,
    0xFF, 0xFA, 0x00, 0x00, 0x00, 0x00, 0x5C, 0xFF, 0xFF, 0xFC, 0x60, 0x00, 0x00, 0x00, 0x00, 0x00,
    0x13, 0x54, 0x20, 0x00, 0x00, 0x00, 0x00, 0x00, 0x00, 0x03, 0x64, 0x00, 0x00, 0x00, 0x00, 0x00,
    0x00, 0x00, 0x8F, 0xFF, 0xA0, 0x00, 0x00, 0x00, 0x00, 0x00, 0x00, 0xFF, 0xFF, 0xF2, 0x00, 0x00,
    0x00, 0x00, 0x00, 0x02, 0xFF, 0xFF, 0xF4, 0x00, 0x00, 0x00, 0x00, 0x00, 0x00, 0xEF, 0xFF, 0xF1,
    0x00, 0x00, 0x00, 0x00, 0x00, 0x00, 0x3D, 0xFE, 0x50, 0x00, 0x00, 0x00, 0x00, 0x00, 0x00, 0x00,
    0x00, 0x00, 0x00, 0x00, 0x00, 0x00, 0x00, 0x00, 0x00, 0x36, 0x77, 0x30, 0x00, 0x00, 0x00, 0x00,
    0x00, 0x00, 0x00, 0x0A, 0xFF, 0xFF, 0xFC, 0x00, 0x00, 0x00, 0x00, 0x00, 0x00, 0x00, 0x05, 0xFF,
    0xFF, 0xFF, 0x70, 0x00, 0x00, 0x00, 0x00, 0x00, 0x00, 0x00, 0x51, 0x3E, 0xFF, 0x80, 0x00, 0x00,
    0x00, 0x00, 0x00, 0x00, 0x00, 0x06, 0xFF, 0xFF, 0x30, 0x00, 0x00, 0x00, 0x00, 0x00, 0x00, 0x00,
    0x01, 0xFF, 0xA3, 0x00, 0x00, 0x00, 0x00, 0x00, 0x00, 0x00, 0x00, 0x00, 0x20, 0x00, 0x00, 0x00,
    0x00, 0x00, 0x00, 0x00, 0x00, 0x49, 0xDF, 0xFF, 0xFC, 0x71, 0x00, 0x00, 0x00, 0x00, 0x00, 0x2C,
    0xFF, 0xFF, 0xFF, 0xFF, 0xFF, 0x60, 0x00, 0x00, 0x00, 0x03, 0xEF, 0xFF, 0xFF, 0xFF, 0xFF, 0xFF,
    0xF9, 0x00, 0x00, 0x00, 0x1E, 0xFF, 0xFF, 0xFF, 0xFF, 0xFF, 0xFF, 0xFF, 0x70, 0x00, 0x00, 0xAF,
    0xFF, 0xFF, 0xFA, 0x89, 0xDF, 0xFF, 0xFF, 0xF2, 0x00, 0x01, 0xFF, 0xFF, 0xFC, 0x10, 0x00, 0x06,
    0xFF, 0xFF, 0xF9, 0x00, 0x07, 0xFF, 0xFF, 0xE1, 0x00, 0x00, 0x00, 0x8F, 0xFF, 0xFF, 0x00, 0x0B,
    0xFF, 0xFF, 0x70, 0x00, 0x00, 0x00, 0x0F, 0xFF, 0xFF, 0x30, 0x0E, 0xFF, 0xFF, 0x20, 0x00, 0x00,
    0x00, 0x0B, 0xFF, 0xFF, 0x60, 0x0F, 0xFF, 0xFF, 0x00, 0x00, 0x00, 0x00, 0x08, 0xFF, 0xFF, 0x70,
    0x0F, 0xFF, 0xFF, 0x00, 0x00, 0x00, 0x00, 0x07, 0xFF, 0xFF, 0x80, 0x0F, 0xFF, 0xFF, 0x00, 0x00,
    0x00, 0x00, 0x08, 0xFF, 0xFF, 0x80, 0x0E, 0xFF, 0xFF, 0x10, 0x00, 0x00, 0x00, 0x09, 0xFF, 0xFF,
    0x60, 0x0C, 0xFF, 0xFF, 0x60, 0x00, 0x00, 0x00, 0x0E, 0xFF, 0xFF, 0x40, 0x08, 0xFF, 0xFF, 0xC0,
    0x00, 0x00, 0x00, 0x5F, 0xFF, 0xFF, 0x00, 0x03, 0xFF, 0xFF, 0xF8, 0x00, 0x00, 0x02, 0xEF, 0xFF,
    0xFB, 0x00, 0x00, 0xCF, 0xFF, 0xFF, 0xC6, 0x34, 0x8F, 0xFF, 0xFF, 0xF4, 0x00, 0x00, 0x3F, 0xFF,
    0xFF, 0xFF, 0xFF, 0xFF, 0xFF, 0xFF, 0xB0, 0x00, 0x00, 0x06, 0xFF, 0xFF, 0xFF, 0xFF, 0xFF, 0xFF,
    0xFD, 0x10, 0x00, 0x00, 0x00, 0x5F, 0xFF, 0xFF, 0xFF, 0xFF, 0xFF, 0xB1, 0x00, 0x00, 0x00, 0x00,
    0x01, 0x8E, 0xFF, 0xFF, 0xFF, 0xB5, 0x00, 0x00, 0x00, 0x00, 0x00, 0x00, 0x00, 0x24, 0x55, 0x30,
    0x00, 0x00, 0x00, 0x00, 0x00, 0x00, 0x00, 0x00, 0x10, 0x00, 0x00, 0x00, 0x00, 0x00, 0x00, 0x07,
    0xDF, 0xFF, 0xA2, 0x00, 0x00, 0x00, 0x00, 0x00, 0x0B, 0xFF, 0xFF, 0xFE, 0x00, 0x00, 0x00, 0x00,
    0x00, 0x05, 0xFF, 0xFF, 0xFF, 0x50, 0x00, 0x00, 0x00, 0x00, 0x00, 0x20, 0x2F, 0xFF, 0x50, 0x00,
    0x00, 0x00, 0x00, 0x00, 0x09, 0xFF, 0xFF, 0x20, 0x00, 0x00, 0x00, 0x00, 0x00, 0x06, 0xFF, 0xF6,
    0x00, 0x00, 0x00, 0x00, 0x00, 0x00, 0x01, 0xA6, 0x10, 0x00, 0x00, 0x00, 0x00, 0x00, 0x00, 0x02,
    0x32, 0x00, 0x00, 0x00, 0x00, 0x00, 0x00, 0x3A, 0xFF, 0xFF, 0xFB, 0x30, 0x00, 0x00, 0x00, 0x07,
    0xFF, 0xFF, 0xFF, 0xFF, 0xF8, 0x00, 0x00, 0x00, 0x6F, 0xFF, 0xFF, 0xFF, 0xFF, 0xFF, 0x70, 0x00,
    0x02, 0xFF, 0xFF, 0xFF, 0xFF, 0xFF, 0xFF, 0xF2, 0x00, 0x08, 0xFF, 0xFF, 0xF7, 0x47, 0xEF, 0xFF,
    0xF9, 0x00, 0x0D, 0xFF, 0xFF, 0x40, 0x00, 0x3F, 0xFF, 0xFE, 0x00, 0x0F, 0xFF, 0xFD, 0x00, 0x00,
    0x0C, 0xFF, 0xFF, 0x10, 0x1F, 0xFF, 0xFB, 0x00, 0x00, 0x0A, 0xFF, 0xFF, 0x20, 0x1F, 0xFF, 0xFB,
    0x00, 0x00, 0x09, 0xFF, 0xFF, 0x30, 0x0F, 0xFF, 0xFD, 0x00, 0x00, 0x0C, 0xFF, 0xFF, 0x10, 0x0D,
    0xFF, 0xFF, 0x30, 0x00, 0x2F, 0xFF, 0xFF, 0x00, 0x08, 0xFF, 0xFF, 0xE5, 0x24, 0xDF, 0xFF, 0xFA,
    0x00, 0x02, 0xFF, 0xFF, 0xFF, 0xFF, 0xFF, 0xFF, 0xF3, 0x00, 0x00, 0x8F, 0xFF, 0xFF, 0xFF, 0xFF,
    0xFF, 0x90, 0x00, 0x00, 0x09, 0xFF, 0xFF, 0xFF, 0xFF, 0xFA, 0x00, 0x00, 0x00, 0x00, 0x5C, 0xFF,
    0xFF, 0xFC, 0x60, 0x00, 0x00, 0x00, 0x00, 0x00, 0x13, 0x54, 0x20, 0x00, 0x00, 0x00, 0x00, 0x00,
    0x00, 0x00, 0x00, 0x00, 0x00, 0x00, 0x00, 0x00, 0x00, 0x00, 0x00, 0x00, 0x00, 0x00, 0x00, 0x00,
    0x00, 0x07, 0x80, 0x00, 0x00, 0x00, 0x00, 0x00, 0x00, 0x00, 0x00, 0x00, 0xAF, 0xF5, 0x00, 0x00,
    0x00, 0x00, 0x00, 0x00, 0x00, 0x00, 0x1C, 0xFF, 0xFE, 0x00, 0x00, 0x00, 0x00, 0x00, 0x00, 0x00,
    0x02, 0xDF, 0xFF, 0x91, 0x00, 0x00, 0x00, 0x00, 0x00, 0x14, 0x44, 0x30, 0xCF, 0xB2, 0x00, 0x00,
    0x00, 0x00, 0x00, 0x01, 0xDF, 0xFF, 0xF7, 0x13, 0x00, 0x00, 0x00, 0x00, 0x00, 0x00, 0x1D, 0xFF,
    0xFF, 0xFF, 0x60, 0x00, 0x00, 0x00, 0x00, 0x00, 0x00, 0xCF, 0xFE, 0x6B, 0xFF, 0xF5, 0x00, 0x00,
    0x00, 0x00, 0x00, 0x01, 0xCF, 0xB1, 0x00, 0x5E, 0xF6, 0x00, 0x00, 0x00, 0x00, 0x00, 0x00, 0x04,
    0x00, 0x00, 0x01, 0x30, 0x00, 0x00, 0x00, 0x00, 0x00, 0x00, 0x49, 0xDF, 0xFF, 0xFC, 0x71, 0x00,
    0x00, 0x00, 0x00, 0x00, 0x2C, 0xFF, 0xFF, 0xFF, 0xFF, 0xFF, 0x60, 0x00, 0x00, 0x00, 0x03, 0xEF,
    0xFF, 0xFF, 0xFF, 0xFF, 0xFF, 0xF9, 0x00, 0x00, 0x00, 0x1E, 0xFF, 0xFF, 0xFF, 0xFF, 0xFF, 0xFF,
    0xFF, 0x70, 0x00, 0x00, 0xAF, 0xFF, 0xFF, 0xFA, 0x89, 0xDF, 0xFF, 0xFF, 0xF2, 0x00, 0x01, 0xFF,
    0xFF, 0xFC, 0x10, 0x00, 0x06, 0xFF, 0xFF, 0xF9, 0x00, 0x07, 0xFF, 0xFF, 0xE1, 0x00, 0x00, 0x00,
    0x8F, 0xFF, 0xFF, 0x00, 0x0B, 0xFF, 0xFF, 0x70, 0x00, 0x00, 0x00, 0x0F, 0xFF, 0xFF, 0x30, 0x0E,
    0xFF, 0xFF, 0x20, 0x00, 0x00, 0x00, 0x0B, 0xFF, 0xFF, 0x60, 0x0F, 0xFF, 0xFF, 0x00, 0x00, 0x00,
    0x00, 0x08, 0xFF, 0xFF, 0x70, 0x0F, 0xFF, 0xFF, 0x00, 0x00, 0x00, 0x00, 0x07, 0xFF, 0xFF, 0x80,
    0x0F, 0xFF, 0xFF, 0x00, 0x00, 0x00, 0x00, 0x08, 0xFF, 0xFF, 0x80, 0x0E, 0xFF, 0xFF, 0x10, 0x00,
    0x00, 0x00, 0x09, 0xFF, 0xFF, 0x60, 0x0C, 0xFF, 0xFF, 0x60, 0x00, 0x00, 0x00, 0x0E, 0xFF, 0xFF,
    0x40, 0x08, 0xFF, 0xFF, 0xC0, 0x00, 0x00, 0x00, 0x5F, 0xFF, 0xFF, 0x00, 0x03, 0xFF, 0xFF, 0xF8,
    0x00, 0x00, 0x02, 0xEF, 0xFF, 0xFB, 0x00, 0x00, 0xCF, 0xFF, 0xFF, 0xC6, 0x34, 0x8F, 0xFF, 0xFF,
    0xF4, 0x00, 0x00, 0x3F, 0xFF, 0xFF, 0xFF, 0xFF, 0xFF, 0xFF, 0xFF, 0xB0, 0x00, 0x00, 0x06, 0xFF,
    0xFF, 0xFF, 0xFF, 0xFF, 0xFF, 0xFD, 0x10, 0x00, 0x00, 0x00, 0x5F, 0xFF, 0xFF, 0xFF, 0xFF, 0xFF,
    0xB1, 0x00, 0x00, 0x00, 0x00, 0x01, 0x8E, 0xFF, 0xFF, 0xFF, 0xB5, 0x00, 0x00, 0x00, 0x00, 0x00,
    0x00, 0x00, 0x24, 0x55, 0x30, 0x00, 0x00, 0x00, 0x00, 0x00, 0x00, 0x00, 0x00, 0x00, 0x00, 0x00,
    0x35, 0x00, 0x00, 0x00, 0x00, 0x00, 0x00, 0x00, 0x00, 0x00, 0xDF, 0x60, 0x00, 0x00, 0x00, 0x00,
    0x00, 0x00, 0x00, 0x09, 0xFF, 0xF7, 0x00, 0x00, 0x00, 0x00, 0x00, 0x00, 0x00, 0x4F, 0xFF, 0xFF,
    0x20, 0x00, 0x00, 0x00, 0x00, 0x00, 0x01, 0xEF, 0xFF, 0xE3, 0x00, 0x00, 0x00, 0x00, 0x00, 0x00,
    0x08, 0xFF, 0xFD, 0x10, 0x00, 0x00, 0x00, 0x00, 0x7B, 0xBB, 0x80, 0xBF, 0xB0, 0x00, 0x00, 0x00,
    0x00, 0x04, 0xFF, 0xFF, 0xF5, 0x05, 0x00, 0x00, 0x00, 0x00, 0x00, 0x1E, 0xFF, 0xFF, 0xFF, 0x20,
    0x00, 0x00, 0x00, 0x00, 0x00, 0xBF, 0xFF, 0xCF, 0xFF, 0xC0, 0x00, 0x00, 0x00, 0x00, 0x05, 0xFF,
    0xF6, 0x05, 0xFF, 0xF7, 0x00, 0x00, 0x00, 0x00, 0x00, 0x9F, 0x40, 0x00, 0x3E, 0xA0, 0x00, 0x00,
    0x00, 0x00, 0x00, 0x01, 0x02, 0x32, 0x01, 0x00, 0x00, 0x00, 0x00, 0x00, 0x00, 0x3A, 0xFF, 0xFF,
    0xFB, 0x30, 0x00, 0x00, 0x00, 0x00, 0x07, 0xFF, 0xFF, 0xFF, 0xFF, 0xF8, 0x00, 0x00, 0x00, 0x00,
    0x6F, 0xFF, 0xFF, 0xFF, 0xFF, 0xFF, 0x70, 0x00, 0x00, 0x02, 0xFF, 0xFF, 0xFF, 0xFF, 0xFF, 0xFF,
    0xF2, 0x00, 0x00, 0x08, 0xFF, 0xFF, 0xF7, 0x47, 0xEF, 0xFF, 0xF9, 0x00, 0x00, 0x0D, 0xFF, 0xFF,
    0x40, 0x00, 0x3F, 0xFF, 0xFE, 0x00, 0x00, 0x0F, 0xFF, 0xFD, 0x00, 0x00, 0x0C, 0xFF, 0xFF, 0x10,
    0x00, 0x1F, 0xFF, 0xFB, 0x00, 0x00, 0x0A, 0xFF, 0xFF, 0x20, 0x00, 0x1F, 0xFF, 0xFB, 0x00, 0x00,
    0x09, 0xFF, 0xFF, 0x30, 0x00, 0x0F, 0xFF, 0xFD, 0x00, 0x00, 0x0C, 0xFF, 0xFF, 0x10, 0x00, 0x0D,
    0xFF, 0xFF, 0x30, 0x00, 0x2F, 0xFF, 0xFF, 0x00, 0x00, 0x08, 0xFF, 0xFF, 0xE5, 0x24, 0xDF, 0xFF,
    0xFA, 0x00, 0x00, 0x02, 0xFF, 0xFF, 0xFF, 0xFF, 0xFF, 0xFF, 0xF3, 0x00, 0x00, 0x00, 0x8F, 0xFF,
    0xFF, 0xFF, 0xFF, 0xFF, 0x90, 0x00, 0x00, 0x00, 0x09, 0xFF, 0xFF, 0xFF, 0xFF, 0xFA, 0x00, 0x00,
    0x00, 0x00, 0x00, 0x5C, 0xFF, 0xFF, 0xFC, 0x60, 0x00, 0x00, 0x00, 0x00, 0x00, 0x00, 0x13, 0x54,
    0x20, 0x00, 0x00, 0x00, 0x00, 0x00, 0x00, 0x00, 0x00, 0x00, 0x00, 0x00, 0x00, 0x00, 0x00, 0x00,
    0x00, 0x00, 0x00, 0x00, 0x00, 0x00, 0x88, 0x00, 0x00, 0x00, 0x00, 0x00, 0x00, 0x00, 0x00, 0x00,
    0x04, 0xFF, 0xA0, 0x00, 0x00, 0x00, 0x00, 0x00, 0x00, 0x00, 0x00, 0x0D, 0xFF, 0xFC, 0x10, 0x00,
    0x00, 0x00, 0x00, 0x00, 0x00, 0x00, 0x01, 0x9F, 0xFF, 0xE2, 0x00, 0x00, 0x00, 0x00, 0x00, 0x00,
    0x14, 0x44, 0x32, 0xAF, 0xC0, 0x00, 0x00, 0x00, 0x00, 0x00, 0x01, 0xDF, 0xFF, 0xF7, 0x03, 0x10,
    0x00, 0x00, 0x00, 0x00, 0x00, 0x1D, 0xFF, 0xFF, 0xFF, 0x60, 0x00, 0x00, 0x00, 0x00, 0x00, 0x00,
    0xCF, 0xFE, 0x6B, 0xFF, 0xF5, 0x00, 0x00, 0x00, 0x00, 0x00, 0x01, 0xCF, 0xB1, 0x00, 0x5E, 0xF6,
    0x00, 0x00, 0x00, 0x00, 0x00, 0x00, 0x04, 0x00, 0x00, 0x01, 0x30, 0x00, 0x00, 0x00, 0x00, 0x00,
    0x00, 0x49, 0xDF, 0xFF, 0xFC, 0x71, 0x00, 0x00, 0x00, 0x00, 0x00, 0x2C, 0xFF, 0xFF, 0xFF, 0xFF,
    0xFF, 0x60, 0x00, 0x00, 0x00, 0x03, 0xEF, 0xFF, 0xFF, 0xFF, 0xFF, 0xFF, 0xF9, 0x00, 0x00, 0x00,
    0x1E, 0xFF, 0xFF, 0xFF, 0xFF, 0xFF, 0xFF, 0xFF, 0x70, 0x00, 0x00, 0xAF, 0xFF, 0xFF, 0xFA, 0x89,
    0xDF, 0xFF, 0xFF, 0xF2, 0x00, 0x01, 0xFF, 0xFF, 0xFC, 0x10, 0x00, 0x06, 0xFF, 0xFF, 0xF9, 0x00,
    0x07, 0xFF, 0xFF, 0xE1, 0x00, 0x00, 0x00, 0x8F, 0xFF, 0xFF, 0x00, 0x0B, 0xFF, 0xFF, 0x70, 0x00,
    0x00, 0x00, 0x0F, 0xFF, 0xFF, 0x30, 0x0E, 0xFF, 0xFF, 0x20, 0x00, 0x00, 0x00, 0x0B, 0xFF, 0xFF,
    0x60, 0x0F, 0xFF, 0xFF, 0x00, 0x00, 0x00, 0x00, 0x08, 0xFF, 0xFF, 0x70, 0x0F, 0xFF, 0xFF, 0x00,
    0x00, 0x00, 0x00, 0x07, 0xFF, 0xFF, 0x80, 0x0F, 0xFF, 0xFF, 0x00, 0x00, 0x00, 0x00, 0x08, 0xFF,
    0xFF, 0x80, 0x0E, 0xFF, 0xFF, 0x10, 0x00, 0x00, 0x00, 0x09, 0xFF, 0xFF, 0x60, 0x0C, 0xFF, 0xFF,
    0x60, 0x00, 0x00, 0x00, 0x0E, 0xFF, 0xFF, 0x40, 0x08, 0xFF, 0xFF, 0xC0, 0x00, 0x00, 0x00, 0x5F,
    0xFF, 0xFF, 0x00, 0x03, 0xFF, 0xFF, 0xF8, 0x00, 0x00, 0x02, 0xEF, 0xFF, 0xFB, 0x00, 0x00, 0xCF,
    0xFF, 0xFF, 0xC6, 0x34, 0x8F, 0xFF, 0xFF, 0xF4, 0x00, 0x00, 0x3F, 0xFF, 0xFF, 0xFF, 0xFF, 0xFF,
    0xFF, 0xFF, 0xB0, 0x00, 0x00, 0x06, 0xFF, 0xFF, 0xFF, 0xFF, 0xFF, 0xFF, 0xFD, 0x10, 0x00, 0x00,
    0x00, 0x5F, 0xFF, 0xFF, 0xFF, 0xFF, 0xFF, 0xB1, 0x00, 0x00, 0x00, 0x00, 0x01, 0x8E, 0xFF, 0xFF,
    0xFF, 0xB5, 0x00, 0x00, 0x00, 0x00, 0x00, 0x00, 0x00, 0x24, 0x55, 0x30, 0x00, 0x00, 0x00, 0x00,
    0x00, 0x00, 0x00, 0x00, 0x00, 0x00, 0x40, 0x00, 0x00, 0x00, 0x00, 0x00, 0x00, 0x00, 0x1C, 0xF1,
    0x00, 0x00, 0x00, 0x00, 0x00, 0x00, 0x02, 0xDF, 0xFB, 0x00, 0x00, 0x00, 0x00, 0x00, 0x00, 0x0D,
    0xFF, 0xFF, 0x60, 0x00, 0x00, 0x00, 0x00, 0x00, 0x02, 0xDF, 0xFF, 0xF2, 0x00, 0x00, 0x00, 0x00,
    0x00, 0x00, 0x1C, 0xFF, 0xFC, 0x00, 0x00, 0x00, 0x00, 0x7B, 0xBB, 0x80, 0xAF, 0xF4, 0x00, 0x00,
    0x00, 0x04, 0xFF, 0xFF, 0xF5, 0x07, 0x30, 0x00, 0x00, 0x00, 0x1E, 0xFF, 0xFF, 0xFF, 0x20, 0x00,
    0x00, 0x00, 0x00, 0xBF, 0xFF, 0xCF, 0xFF, 0xC0, 0x00, 0x00, 0x00, 0x05, 0xFF, 0xF6, 0x05, 0xFF,
    0xF7, 0x00, 0x00, 0x00, 0x00, 0x9F, 0x40, 0x00, 0x3E, 0xA0, 0x00, 0x00, 0x00, 0x00, 0x01, 0x02,
    0x32, 0x01, 0x00, 0x00, 0x00, 0x00, 0x00, 0x3A, 0xFF, 0xFF, 0xFB, 0x30, 0x00, 0x00, 0x00, 0x07,
    0xFF, 0xFF, 0xFF, 0xFF, 0xF8, 0x00, 0x00, 0x00, 0x6F, 0xFF, 0xFF, 0xFF, 0xFF, 0xFF, 0x70, 0x00,
    0x02, 0xFF, 0xFF, 0xFF, 0xFF, 0xFF, 0xFF, 0xF2, 0x00, 0x08, 0xFF, 0xFF, 0xF7, 0x47, 0xEF, 0xFF,
    0xF9, 0x00, 0x0D, 0xFF, 0xFF, 0x40, 0x00, 0x3F, 0xFF, 0xFE, 0x00, 0x0F, 0xFF, 0xFD, 0x00, 0x00,
    0x0C, 0xFF, 0xFF, 0x10, 0x1F, 0xFF, 0xFB, 0x00, 0x00, 0x0A, 0xFF, 0xFF, 0x20, 0x1F, 0xFF, 0xFB,
    0x00, 0x00, 0x09, 0xFF, 0xFF, 0x30, 0x0F, 0xFF, 0xFD, 0x00, 0x00, 0x0C, 0xFF, 0xFF, 0x10, 0x0D,
    0xFF, 0xFF, 0x30, 0x00, 0x2F, 0xFF, 0xFF, 0x00, 0x08, 0xFF, 0xFF, 0xE5, 0x24, 0xDF, 0xFF, 0xFA,
    0x00, 0x02, 0xFF, 0xFF, 0xFF, 0xFF, 0xFF, 0xFF, 0xF3, 0x00, 0x00, 0x8F, 0xFF, 0xFF, 0xFF, 0xFF,
    0xFF, 0x90, 0x00, 0x00, 0x09, 0xFF, 0xFF, 0xFF, 0xFF, 0xFA, 0x00, 0x00, 0x00, 0x00, 0x5C, 0xFF,
    0xFF, 0xFC, 0x60, 0x00, 0x00, 0x00, 0x00, 0x00, 0x13, 0x54, 0x20, 0x00, 0x00, 0x00, 0x00, 0x00,
    0x00, 0x00, 0x00, 0x00, 0x04, 0x67, 0x50, 0x00, 0x00, 0x00, 0x00, 0x00, 0x00, 0x00, 0x02, 0xFF,
    0xFF, 0xFF, 0x50, 0x00, 0x00, 0x00, 0x00, 0x00, 0x00, 0x00, 0xDF, 0xFF, 0xFF, 0xF0, 0x00, 0x00,
    0x00, 0x00, 0x00, 0x00, 0x00, 0x43, 0x18, 0xFF, 0xF1, 0x00, 0x00, 0x00, 0x00, 0x00, 0x03, 0x33,
    0x20, 0xDF, 0xFF, 0xB0, 0x00, 0x00, 0x00, 0x00, 0x00, 0xBF, 0xFF, 0xF4, 0x8F, 0xD8, 0x00, 0x00,
    0x00, 0x00, 0x00, 0x08, 0xFF, 0xFF, 0xFE, 0x21, 0x00, 0x00, 0x00, 0x00, 0x00, 0x00, 0x5F, 0xFF,
    0xFF, 0xFF, 0xC0, 0x00, 0x00, 0x00, 0x00, 0x00, 0x02, 0xFF, 0xFB, 0x15, 0xFF, 0xF9, 0x00, 0x00,
    0x00, 0x00, 0x00, 0x00, 0x8F, 0x80, 0x00, 0x2D, 0xD2, 0x00, 0x00, 0x00, 0x00, 0x00, 0x00, 0x01,
    0x00, 0x00, 0x00, 0x00, 0x00, 0x00, 0x00, 0x00, 0x00, 0x00, 0x49, 0xDF, 0xFF, 0xFC, 0x71, 0x00,
    0x00, 0x00, 0x00, 0x00, 0x2C, 0xFF, 0xFF, 0xFF, 0xFF, 0xFF, 0x60, 0x00, 0x00, 0x00, 0x03, 0xEF,
    0xFF, 0xFF, 0xFF, 0xFF, 0xFF, 0xF9, 0x00, 0x00, 0x00, 0x1E, 0xFF, 0xFF, 0xFF, 0xFF, 0xFF, 0xFF,
    0xFF, 0x70, 0x00, 0x00, 0xAF, 0xFF, 0xFF, 0xFA, 0x89, 0xDF, 0xFF, 0xFF, 0xF2, 0x00, 0x01, 0xFF,
    0xFF, 0xFC, 0x10, 0x00, 0x06, 0xFF, 0xFF, 0xF9, 0x00, 0x07, 0xFF, 0xFF, 0xE1, 0x00, 0x00, 0x00,
    0x8F, 0xFF, 0xFF, 0x00, 0x0B, 0xFF, 0xFF, 0x70, 0x00, 0x00, 0x00, 0x0F, 0xFF, 0xFF, 0x30, 0x0E,
    0xFF, 0xFF, 0x20, 0x00, 0x00, 0x00, 0x0B, 0xFF, 0xFF, 0x60, 0x0F, 0xFF, 0xFF, 0x00, 0x00, 0x00,
    0x00, 0x08, 0xFF, 0xFF, 0x70, 0x0F, 0xFF, 0xFF, 0x00, 0x00, 0x00, 0x00, 0x07, 0xFF, 0xFF, 0x80,
    0x0F, 0xFF, 0xFF, 0x00, 0x00, 0x00, 0x00, 0x08, 0xFF, 0xFF, 0x80, 0x0E, 0xFF, 0xFF, 0x10, 0x00,
    0x00, 0x00, 0x09, 0xFF, 0xFF, 0x60, 0x0C, 0xFF, 0xFF, 0x60, 0x00, 0x00, 0x00, 0x0E, 0xFF, 0xFF,
    0x40, 0x08, 0xFF, 0xFF, 0xC0, 0x00, 0x00, 0x00, 0x5F, 0xFF, 0xFF, 0x00, 0x03, 0xFF, 0xFF, 0xF8,
    0x00, 0x00, 0x02, 0xEF, 0xFF, 0xFB, 0x00, 0x00, 0xCF, 0xFF, 0xFF, 0xC6, 0x34, 0x8F, 0xFF, 0xFF,
    0xF4, 0x00, 0x00, 0x3F, 0xFF, 0xFF, 0xFF, 0xFF, 0xFF, 0xFF, 0xFF, 0xB0, 0x00, 0x00, 0x06, 0xFF,
    0xFF, 0xFF, 0xFF, 0xFF, 0xFF, 0xFD, 0x10, 0x00, 0x00, 0x00, 0x5F, 0xFF, 0xFF, 0xFF, 0xFF, 0xFF,
    0xB1, 0x00, 0x00, 0x00, 0x00, 0x01, 0x8E, 0xFF, 0xFF, 0xFF, 0xB5, 0x00, 0x00, 0x00, 0x00, 0x00,
    0x00, 0x00, 0x24, 0x55, 0x30, 0x00, 0x00, 0x00, 0x00, 0x00, 0x00, 0x00, 0x00, 0x00, 0x00, 0x22,
    0x00, 0x00, 0x00, 0x00, 0x00, 0x00, 0x02, 0xBF, 0xFF, 0xF9, 0x00, 0x00, 0x00, 0x00, 0x00, 0x01,
    0xFF, 0xFF, 0xFF, 0x90, 0x00, 0x00, 0x00, 0x00, 0x00, 0xBE, 0xDF, 0xFF, 0xE0, 0x00, 0x00, 0x00,
    0x00, 0x00, 0x10, 0x09, 0xFF, 0xF0, 0x00, 0x00, 0x00, 0x00, 0x00, 0x01, 0xFF, 0xFF, 0xB0, 0x00,
    0x00, 0x00, 0x7B, 0xBB, 0x80, 0xCF, 0xFC, 0x10, 0x00, 0x00, 0x04, 0xFF, 0xFF, 0xF5, 0x57, 0x30,
    0x00, 0x00, 0x00, 0x1E, 0xFF, 0xFF, 0xFF, 0x20, 0x00, 0x00, 0x00, 0x00, 0xBF, 0xFF, 0xCF, 0xFF,
    0xC0, 0x00, 0x00, 0x00, 0x05, 0xFF, 0xF6, 0x05, 0xFF, 0xF7, 0x00, 0x00, 0x00, 0x00, 0x9F, 0x40,
    0x00, 0x3E, 0xA0, 0x00, 0x00, 0x00, 0x00, 0x01, 0x02, 0x32, 0x01, 0x00, 0x00, 0x00, 0x00, 0x00,
    0x3A, 0xFF, 0xFF, 0xFB, 0x30, 0x00, 0x00, 0x00, 0x07, 0xFF, 0xFF, 0xFF, 0xFF, 0xF8, 0x00, 0x00,
    0x00, 0x6F, 0xFF, 0xFF, 0xFF, 0xFF, 0xFF, 0x70, 0x00, 0x02, 0xFF, 0xFF, 0xFF, 0xFF, 0xFF, 0xFF,
    0xF2, 0x00, 0x08, 0xFF, 0xFF, 0xF7, 0x47, 0xEF, 0xFF, 0xF9, 0x00, 0x0D, 0xFF, 0xFF, 0x40, 0x00,
    0x3F, 0xFF, 0xFE, 0x00, 0x0F, 0xFF, 0xFD, 0x00, 0x00, 0x0C, 0xFF, 0xFF, 0x10, 0x1F, 0xFF, 0xFB,
    0x00, 0x00, 0x0A, 0xFF, 0xFF, 0x20, 0x1F, 0xFF, 0xFB, 0x00, 0x00, 0x09, 0xFF, 0xFF, 0x30, 0x0F,
    0xFF, 0xFD, 0x00, 0x00, 0x0C, 0xFF, 0xFF, 0x10, 0x0D, 0xFF, 0xFF, 0x30, 0x00, 0x2F, 0xFF, 0xFF,
    0x00, 0x08, 0xFF, 0xFF, 0xE5, 0x24, 0xDF, 0xFF, 0xFA, 0x00, 0x02, 0xFF, 0xFF, 0xFF, 0xFF, 0xFF,
    0xFF, 0xF3, 0x00, 0x00, 0x8F, 0xFF, 0xFF, 0xFF, 0xFF, 0xFF, 0x90, 0x00, 0x00, 0x09, 0xFF, 0xFF,
    0xFF, 0xFF, 0xFA, 0x00, 0x00, 0x00, 0x00, 0x5C, 0xFF, 0xFF, 0xFC, 0x60, 0x00, 0x00, 0x00, 0x00,
    0x00, 0x13, 0x54, 0x20, 0x00, 0x00, 0x00, 0x00, 0x00, 0x00, 0x02, 0x64, 0x00, 0x05, 0x20, 0x00,
    0x00, 0x00, 0x00, 0x00, 0x00, 0x6F, 0xFF, 0xC2, 0x2F, 0xF9, 0x00, 0x00, 0x00, 0x00, 0x00, 0x01,
    0xFF, 0xFF, 0xFF, 0xFF, 0xFA, 0x00, 0x00, 0x00, 0x00, 0x00, 0x07, 0xFF, 0xDB, 0xFF, 0xFF, 0xF3,
    0x00, 0x00, 0x00, 0x00, 0x00, 0x00, 0x5C, 0x10, 0x6E, 0xFE, 0x50, 0x00, 0x00, 0x00, 0x00, 0x00,
    0x00, 0x00, 0x14, 0x44, 0x50, 0x00, 0x00, 0x00, 0x00, 0x00, 0x00, 0x00, 0x01, 0xDF, 0xFF, 0xF7,
    0x00, 0x00, 0x00, 0x00, 0x00, 0x00, 0x00, 0x1D, 0xFF, 0xFF, 0xFF, 0x60, 0x00, 0x00, 0x00, 0x00,
    0x00, 0x00, 0xCF, 0xFE, 0x6B, 0xFF, 0xF5, 0x00, 0x00, 0x00, 0x00, 0x00, 0x01, 0xCF, 0xB1, 0x00,
    0x5E, 0xF6, 0x00, 0x00, 0x00, 0x00, 0x00, 0x00, 0x04, 0x00, 0x00, 0x01, 0x30, 0x00, 0x00, 0x00,
    0x00, 0x00, 0x00, 0x49, 0xDF, 0xFF, 0xFC, 0x71, 0x00, 0x00, 0x00, 0x00, 0x00, 0x2C, 0xFF, 0xFF,
    0xFF, 0xFF, 0xFF, 0x60, 0x00, 0x00, 0x00, 0x03, 0xEF, 0xFF, 0xFF, 0xFF, 0xFF, 0xFF, 0xF9, 0x00,
    0x00, 0x00, 0x1E, 0xFF, 0xFF, 0xFF, 0xFF, 0xFF, 0xFF, 0xFF, 0x70, 0x00, 0x00, 0xAF, 0xFF, 0xFF,
    0xFA, 0x89, 0xDF, 0xFF, 0xFF, 0xF2, 0x00, 0x01, 0xFF, 0xFF, 0xFC, 0x10, 0x00, 0x06, 0xFF, 0xFF,
    0xF9, 0x00, 0x07, 0xFF, 0xFF, 0xE1, 0x00, 0x00, 0x00, 0x8F, 0xFF, 0xFF, 0x00, 0x0B, 0xFF, 0xFF,
    0x70, 0x00, 0x00, 0x00, 0x0F, 0xFF, 0xFF, 0x30, 0x0E, 0xFF, 0xFF, 0x20, 0x00, 0x00, 0x00, 0x0B,
    0xFF, 0xFF, 0x60, 0x0F, 0xFF, 0xFF, 0x00, 0x00, 0x00, 0x00, 0x08, 0xFF, 0xFF, 0x70, 0x0F, 0xFF,
    0xFF, 0x00, 0x00, 0x00, 0x00, 0x07, 0xFF, 0xFF, 0x80, 0x0F, 0xFF, 0xFF, 0x00, 0x00, 0x00, 0x00,
    0x08, 0xFF, 0xFF, 0x80, 0x0E, 0xFF, 0xFF, 0x10, 0x00, 0x00, 0x00, 0x09, 0xFF, 0xFF, 0x60, 0x0C,
    0xFF, 0xFF, 0x60, 0x00, 0x00, 0x00, 0x0E, 0xFF, 0xFF, 0x40, 0x08, 0xFF, 0xFF, 0xC0, 0x00, 0x00,
    0x00, 0x5F, 0xFF, 0xFF, 0x00, 0x03, 0xFF, 0xFF, 0xF8, 0x00, 0x00, 0x02, 0xEF, 0xFF, 0xFB, 0x00,
    0x00, 0xCF, 0xFF, 0xFF, 0xC6, 0x34, 0x8F, 0xFF, 0xFF, 0xF4, 0x00, 0x00, 0x3F, 0xFF, 0xFF, 0xFF,
    0xFF, 0xFF, 0xFF, 0xFF, 0xB0, 0x00, 0x00, 0x06, 0xFF, 0xFF, 0xFF, 0xFF, 0xFF, 0xFF, 0xFD, 0x10,
    0x00, 0x00, 0x00, 0x5F, 0xFF, 0xFF, 0xFF, 0xFF, 0xFF, 0xB1, 0x00, 0x00, 0x00, 0x00, 0x01, 0x8E,
    0xFF, 0xFF, 0xFF, 0xB5, 0x00, 0x00, 0x00, 0x00, 0x00, 0x00, 0x00, 0x24, 0x55, 0x30, 0x00, 0x00,
    0x00, 0x00, 0x00, 0x00, 0x18, 0xA6, 0x00, 0x06, 0x60, 0x00, 0x00, 0x00, 0x01, 0xEF, 0xFF, 0xB1,
    0x1E, 0xFD, 0x20, 0x00, 0x00, 0x0B, 0xFF, 0xFF, 0xFF, 0xFF, 0xFF, 0x20, 0x00, 0x00, 0x2F, 0xFF,
    0xFF, 0xFF, 0xFF, 0xFB, 0x00, 0x00, 0x00, 0x1A, 0xFD, 0x16, 0xFF, 0xFF, 0xF2, 0x00, 0x00, 0x00,
    0x00, 0x44, 0x00, 0x2A, 0xDB, 0x30, 0x00, 0x00, 0x00, 0x00, 0x00, 0x9B, 0xBB, 0x70, 0x00, 0x00,
    0x00, 0x00, 0x00, 0x07, 0xFF, 0xFF, 0xF3, 0x00, 0x00, 0x00, 0x00, 0x00, 0x2F, 0xFF, 0xFF, 0xFD,
    0x00, 0x00, 0x00, 0x00, 0x00, 0xDF, 0xFF, 0xCF, 0xFF, 0xA0, 0x00, 0x00, 0x00, 0x08, 0xFF, 0xF4,
    0x07, 0xFF, 0xF4, 0x00, 0x00, 0x00, 0x01, 0xBE, 0x20, 0x00, 0x5F, 0x80, 0x00, 0x00, 0x00, 0x00,
    0x01, 0x02, 0x32, 0x01, 0x00, 0x00, 0x00, 0x00, 0x00, 0x3A, 0xFF, 0xFF, 0xFB, 0x30, 0x00, 0x00,
    0x00, 0x07, 0xFF, 0xFF, 0xFF, 0xFF, 0xF8, 0x00, 0x00, 0x00, 0x6F, 0xFF, 0xFF, 0xFF, 0xFF, 0xFF,
    0x70, 0x00, 0x02, 0xFF, 0xFF, 0xFF, 0xFF, 0xFF, 0xFF, 0xF2, 0x00, 0x08, 0xFF, 0xFF, 0xF7, 0x47,
    0xEF, 0xFF, 0xF9, 0x00, 0x0D, 0xFF, 0xFF, 0x40, 0x00, 0x3F, 0xFF, 0xFE, 0x00, 0x0F, 0xFF, 0xFD,
    0x00, 0x00, 0x0C, 0xFF, 0xFF, 0x10, 0x1F, 0xFF, 0xFB, 0x00, 0x00, 0x0A, 0xFF, 0xFF, 0x20, 0x1F,
    0xFF, 0xFB, 0x00, 0x00, 0x09, 0xFF, 0xFF, 0x30, 0x0F, 0xFF, 0xFD, 0x00, 0x00, 0x0C, 0xFF, 0xFF,
    0x10, 0x0D, 0xFF, 0xFF, 0x30, 0x00, 0x2F, 0xFF, 0xFF, 0x00, 0x08, 0xFF, 0xFF, 0xE5, 0x24, 0xDF,
    0xFF, 0xFA, 0x00, 0x02, 0xFF, 0xFF, 0xFF, 0xFF, 0xFF, 0xFF, 0xF3, 0x00, 0x00, 0x8F, 0xFF, 0xFF,
    0xFF, 0xFF, 0xFF, 0x90, 0x00, 0x00, 0x09, 0xFF, 0xFF, 0xFF, 0xFF, 0xFA, 0x00, 0x00, 0x00, 0x00,
    0x5C, 0xFF, 0xFF, 0xFC, 0x60, 0x00, 0x00, 0x00, 0x00, 0x00, 0x13, 0x54, 0x20, 0x00, 0x00, 0x00,
    0x00, 0x00, 0x00, 0x00, 0x03, 0x33, 0x20, 0x00, 0x00, 0x00, 0x00, 0x00, 0x00, 0x00, 0x00, 0xBF,
    0xFF, 0xF4, 0x00, 0x00, 0x00, 0x00, 0x00, 0x00, 0x00, 0x08, 0xFF, 0xFF, 0xFE, 0x10, 0x00, 0x00,
    0x00, 0x00, 0x00, 0x00, 0x5F, 0xFF, 0xFF, 0xFF, 0xC0, 0x00, 0x00, 0x00, 0x00, 0x00, 0x02, 0xFF,
    0xFB, 0x15, 0xFF, 0xF9, 0x00, 0x00, 0x00, 0x00, 0x00, 0x00, 0x8F, 0x80, 0x00, 0x2D, 0xD2, 0x00,
    0x00, 0x00, 0x00, 0x00, 0x00, 0x01, 0x00, 0x00, 0x00, 0x00, 0x00, 0x00, 0x00, 0x00, 0x00, 0x00,
    0x49, 0xDF, 0xFF, 0xFC, 0x71, 0x00, 0x00, 0x00, 0x00, 0x00, 0x2C, 0xFF, 0xFF, 0xFF, 0xFF, 0xFF,
    0x60, 0x00, 0x00, 0x00, 0x03, 0xEF, 0xFF, 0xFF, 0xFF, 0xFF, 0xFF, 0xF9, 0x00, 0x00, 0x00, 0x1E,
    0xFF, 0xFF, 0xFF, 0xFF, 0xFF, 0xFF, 0xFF, 0x70, 0x00, 0x00, 0xAF, 0xFF, 0xFF, 0xFA, 0x89, 0xDF,
    0xFF, 0xFF, 0xF2, 0x00, 0x01, 0xFF, 0xFF, 0xFC, 0x10, 0x00, 0x06, 0xFF, 0xFF, 0xF9, 0x00, 0x07,
    0xFF, 0xFF, 0xE1, 0x00, 0x00, 0x00, 0x8F, 0xFF, 0xFF, 0x00, 0x0B, 0xFF, 0xFF, 0x70, 0x00, 0x00,
    0x00, 0x0F, 0xFF, 0xFF, 0x30, 0x0E, 0xFF, 0xFF, 0x20, 0x00, 0x00, 0x00, 0x0B, 0xFF, 0xFF, 0x60,
    0x0F, 0xFF, 0xFF, 0x00, 0x00, 0x00, 0x00, 0x08, 0xFF, 0xFF, 0x70, 0x0F, 0xFF, 0xFF, 0x00, 0x00,
    0x00, 0x00, 0x07, 0xFF, 0xFF, 0x80, 0x0F, 0xFF, 0xFF, 0x00, 0x00, 0x00, 0x00, 0x08, 0xFF, 0xFF,
    0x80, 0x0E, 0xFF, 0xFF, 0x10, 0x00, 0x00, 0x00, 0x09, 0xFF, 0xFF, 0x60, 0x0C, 0xFF, 0xFF, 0x60,
    0x00, 0x00, 0x00, 0x0E, 0xFF, 0xFF, 0x40, 0x08, 0xFF, 0xFF, 0xC0, 0x00, 0x00, 0x00, 0x5F, 0xFF,
    0xFF, 0x00, 0x03, 0xFF, 0xFF, 0xF8, 0x00, 0x00, 0x02, 0xEF, 0xFF, 0xFB, 0x00, 0x00, 0xCF, 0xFF,
    0xFF, 0xC6, 0x34, 0x8F, 0xFF, 0xFF, 0xF4, 0x00, 0x00, 0x3F, 0xFF, 0xFF, 0xFF, 0xFF, 0xFF, 0xFF,
    0xFF, 0xB0, 0x00, 0x00, 0x06, 0xFF, 0xFF, 0xFF, 0xFF, 0xFF, 0xFF, 0xFD, 0x10, 0x00, 0x00, 0x00,
    0x5F, 0xFF, 0xFF, 0xFF, 0xFF, 0xFF, 0xB1, 0x00, 0x00, 0x00, 0x00, 0x01, 0x8E, 0xFF, 0xFF, 0xFF,
    0xB5, 0x00, 0x00, 0x00, 0x00, 0x00, 0x00, 0x00, 0x24, 0x55, 0x30, 0x00, 0x00, 0x00, 0x00, 0x00,
    0x00, 0x00, 0x00, 0x02, 0x65, 0x00, 0x00, 0x00, 0x00, 0x00, 0x00, 0x00, 0x00, 0x00, 0x5F, 0xFF,
    0xD0, 0x00, 0x00, 0x00, 0x00, 0x00, 0x00, 0x00, 0x00, 0xDF, 0xFF, 0xF6, 0x00, 0x00, 0x00, 0x00,
    0x00, 0x00, 0x00, 0x00, 0xEF, 0xFF, 0xF7, 0x00, 0x00, 0x00, 0x00, 0x00, 0x00, 0x00, 0x00, 0xBF,
    0xFF, 0xF4, 0x00, 0x00, 0x00, 0x00, 0x00, 0x00, 0x00, 0x00, 0x1C, 0xFF, 0x70, 0x00, 0x00, 0x00,
    0x00, 0x00, 0x00, 0x00, 0x00, 0x00, 0x00, 0x00, 0x00, 0x00, 0x00, 0x00, 0x00, 0x00, 0x00, 0x7B,
    0xBB, 0x80, 0x00, 0x00, 0x00, 0x00, 0x00, 0x04, 0xFF, 0xFF, 0xF5, 0x00, 0x00, 0x00, 0x00, 0x00,
    0x1E, 0xFF, 0xFF, 0xFF, 0x20, 0x00, 0x00, 0x00, 0x00, 0xBF, 0xFF, 0xCF, 0xFF, 0xC0, 0x00, 0x00,
    0x00, 0x05, 0xFF, 0xF6, 0x05, 0xFF, 0xF7, 0x00, 0x00, 0x00, 0x00, 0x9F, 0x40, 0x00, 0x3E, 0xA0,
    0x00, 0x00, 0x00, 0x00, 0x01, 0x02, 0x32, 0x01, 0x00, 0x00, 0x00, 0x00, 0x00, 0x3A, 0xFF, 0xFF,
    0xFB, 0x30, 0x00, 0x00, 0x00, 0x07, 0xFF, 0xFF, 0xFF, 0xFF, 0xF8, 0x00, 0x00, 0x00, 0x6F, 0xFF,
    0xFF, 0xFF, 0xFF, 0xFF, 0x70, 0x00, 0x02, 0xFF, 0xFF, 0xFF, 0xFF, 0xFF, 0xFF, 0xF2, 0x00, 0x08,
    0xFF, 0xFF, 0xF7, 0x47, 0xEF, 0xFF, 0xF9, 0x00, 0x0D, 0xFF, 0xFF, 0x40, 0x00, 0x3F, 0xFF, 0xFE,
    0x00, 0x0F, 0xFF, 0xFD, 0x00, 0x00, 0x0C, 0xFF, 0xFF, 0x10, 0x1F, 0xFF, 0xFB, 0x00, 0x00, 0x0A,
    0xFF, 0xFF, 0x20, 0x1F, 0xFF, 0xFB, 0x00, 0x00, 0x09, 0xFF, 0xFF, 0x30, 0x0F, 0xFF, 0xFD, 0x00,
    0x00, 0x0C, 0xFF, 0xFF, 0x10, 0x0D, 0xFF, 0xFF, 0x30, 0x00, 0x2F, 0xFF, 0xFF, 0x00, 0x08, 0xFF,
    0xFF, 0xE5, 0x24, 0xDF, 0xFF, 0xFA, 0x00, 0x02, 0xFF, 0xFF, 0xFF, 0xFF, 0xFF, 0xFF, 0xF3, 0x00,
    0x00, 0x8F, 0xFF, 0xFF, 0xFF, 0xFF, 0xFF, 0x90, 0x00, 0x00, 0x09, 0xFF, 0xFF, 0xFF, 0xFF, 0xFA,
    0x00, 0x00, 0x00, 0x00, 0x5C, 0xFF, 0xFF, 0xFC, 0x60, 0x00, 0x00, 0x00, 0x00, 0x00, 0x13, 0x54,
    0x20, 0x00, 0x00, 0x00, 0x00, 0x00, 0x00, 0x03, 0x64, 0x00, 0x00, 0x00, 0x00, 0x00, 0x00, 0x00,
    0x8F, 0xFF, 0xA0, 0x00, 0x00, 0x00, 0x00, 0x00, 0x00, 0xFF, 0xFF, 0xF2, 0x00, 0x00, 0x00, 0x00,
    0x00, 0x02, 0xFF, 0xFF, 0xF4, 0x00, 0x00, 0x00, 0x00, 0x00, 0x00, 0xEF, 0xFF, 0xF1, 0x00, 0x00,
    0x00, 0x00, 0x00, 0x00, 0x3D, 0xFE, 0x50, 0x00, 0x00, 0x00, 0x00, 0x00, 0x00, 0x00, 0x00, 0x00,
    0x00, 0x00, 0x00, 0x00, 0x00, 0x00, 0x00, 0x00, 0x02, 0x30, 0x00, 0x00, 0x00, 0x00, 0x00, 0x00,
    0x00, 0x00, 0x00, 0x1D, 0xE2, 0x00, 0x00, 0x00, 0x00, 0x00, 0x00, 0x00, 0x00, 0x00, 0xCF, 0xFE,
    0x20, 0x00, 0x00, 0x00, 0x00, 0x00, 0x00, 0x00, 0x0A, 0xFF, 0xFF, 0xD0, 0x00, 0x01, 0x00, 0x00,
    0x00, 0x00, 0x00, 0x8F, 0xFF, 0xFD, 0x40, 0x00, 0x6F, 0x40, 0x00, 0x00, 0x00, 0x00, 0xAF, 0xFF,
    0x90, 0x00, 0x0A, 0xFF, 0xD0, 0x00, 0x00, 0x00, 0x00, 0x09, 0xD3, 0x00, 0x00, 0x1F, 0xFF, 0xF2,
    0x00, 0x00, 0x00, 0x00, 0x00, 0x10, 0x00, 0x00, 0x0E, 0xFF, 0xF3, 0x00, 0x00, 0x00, 0x49, 0xDF,
    0xFF, 0xFF, 0xDC, 0xEF, 0xFF, 0xF0, 0x00, 0x00, 0x2C, 0xFF, 0xFF, 0xFF, 0xFF, 0xFF, 0xFF, 0xFF,
    0x70, 0x00, 0x03, 0xEF, 0xFF, 0xFF, 0xFF, 0xFF, 0xFF, 0xFF, 0xD6, 0x00, 0x00, 0x1E, 0xFF, 0xFF,
    0xFF, 0xFF, 0xFF, 0xFF, 0xFF, 0x30, 0x00, 0x00, 0xAF, 0xFF, 0xFF, 0xFA, 0x89, 0xDF, 0xFF, 0xFF,
    0xE0, 0x00, 0x01, 0xFF, 0xFF, 0xFC, 0x10, 0x00, 0x06, 0xFF, 0xFF, 0xF8, 0x00, 0x07, 0xFF, 0xFF,
    0xE1, 0x00, 0x00, 0x00, 0x8F, 0xFF, 0xFE, 0x00, 0x0B, 0xFF, 0xFF, 0x70, 0x00, 0x00, 0x00, 0x0F,
    0xFF, 0xFF, 0x30, 0x0E, 0xFF, 0xFF, 0x20, 0x00, 0x00, 0x00, 0x0B, 0xFF, 0xFF, 0x60, 0x0F, 0xFF,
    0xFF, 0x00, 0x00, 0x00, 0x00, 0x08, 0xFF, 0xFF, 0x70, 0x0F, 0xFF, 0xFF, 0x00, 0x00, 0x00, 0x00,
    0x07, 0xFF, 0xFF, 0x80, 0x0F, 0xFF, 0xFF, 0x00, 0x00, 0x00, 0x00, 0x08, 0xFF, 0xFF, 0x80, 0x0E,
    0xFF, 0xFF, 0x10, 0x00, 0x00, 0x00, 0x09, 0xFF, 0xFF, 0x60, 0x0C, 0xFF, 0xFF, 0x60, 0x00, 0x00,
    0x00, 0x0E, 0xFF, 0xFF, 0x40, 0x08, 0xFF, 0xFF, 0xC0, 0x00, 0x00, 0x00, 0x5F, 0xFF, 0xFF, 0x00,
    0x03, 0xFF, 0xFF, 0xF8, 0x00, 0x00, 0x02, 0xEF, 0xFF, 0xFB, 0x00, 0x00, 0xCF, 0xFF, 0xFF, 0xC6,
    0x34, 0x8F, 0xFF, 0xFF, 0xF4, 0x00, 0x00, 0x3F, 0xFF, 0xFF, 0xFF, 0xFF, 0xFF, 0xFF, 0xFF, 0xB0,
    0x00, 0x00, 0x06, 0xFF, 0xFF, 0xFF, 0xFF, 0xFF, 0xFF, 0xFD, 0x10, 0x00, 0x00, 0x00, 0x5F, 0xFF,
    0xFF, 0xFF, 0xFF, 0xFF, 0xB1, 0x00, 0x00, 0x00, 0x00, 0x01, 0x8E, 0xFF, 0xFF, 0xFF, 0xB5, 0x00,
    0x00, 0x00, 0x00, 0x00, 0x00, 0x00, 0x24, 0x55, 0x30, 0x00, 0x00, 0x00, 0x00, 0x00, 0x00, 0x00,
    0x00, 0x01, 0x10, 0x00, 0x00, 0x00, 0x00, 0x00, 0x00, 0x00, 0x0B, 0xD1, 0x00, 0x00, 0x00, 0x00,
    0x00, 0x00, 0x00, 0x6F, 0xFD, 0x20, 0x00, 0x00, 0x00, 0x00, 0x00, 0x01, 0xFF, 0xFF, 0xE1, 0x00,
    0x00, 0x00, 0x00, 0x00, 0x0B, 0xFF, 0xFF, 0x70, 0x02, 0x00, 0x00, 0x00, 0x00, 0x6F, 0xFF, 0xF5,
    0x00, 0xAF, 0x40, 0x00, 0x00, 0x00, 0x3F, 0xFE, 0x30, 0x2D, 0xFF, 0xD0, 0x00, 0x00, 0x00, 0x03,
    0xB2, 0x00, 0x1F, 0xFF, 0xF1, 0x00, 0x00, 0x00, 0x02, 0x42, 0x00, 0x1F, 0xFF, 0xF1, 0x00, 0x00,
    0x3A, 0xFF, 0xFF, 0xFF, 0xFF, 0xFF, 0xD0, 0x00, 0x07, 0xFF, 0xFF, 0xFF, 0xFF, 0xFF, 0xFF, 0x40,
    0x00, 0x6F, 0xFF, 0xFF, 0xFF, 0xFF, 0xFF, 0xD3, 0x00, 0x02, 0xFF, 0xFF, 0xFF, 0xFF, 0xFF, 0xFF,
    0xD0, 0x00, 0x08, 0xFF, 0xFF, 0xF7, 0x47, 0xEF, 0xFF, 0xF7, 0x00, 0x0D, 0xFF, 0xFF, 0x40, 0x00,
    0x3F, 0xFF, 0xFD, 0x00, 0x0F, 0xFF, 0xFD, 0x00, 0x00, 0x0C, 0xFF, 0xFF, 0x10, 0x1F, 0xFF, 0xFB,
    0x00, 0x00, 0x0A, 0xFF, 0xFF, 0x20, 0x1F, 0xFF, 0xFB, 0x00, 0x00, 0x09, 0xFF, 0xFF, 0x30, 0x0F,
    0xFF, 0xFD, 0x00, 0x00, 0x0C, 0xFF, 0xFF, 0x10, 0x0D, 0xFF, 0xFF, 0x30, 0x00, 0x2F, 0xFF, 0xFF,
    0x00, 0x08, 0xFF, 0xFF, 0xE5, 0x24, 0xDF, 0xFF, 0xFA, 0x00, 0x02, 0xFF, 0xFF, 0xFF, 0xFF, 0xFF,
    0xFF, 0xF3, 0x00, 0x00, 0x8F, 0xFF, 0xFF, 0xFF, 0xFF, 0xFF, 0x90, 0x00, 0x00, 0x09, 0xFF, 0xFF,
    0xFF, 0xFF, 0xFA, 0x00, 0x00, 0x00, 0x00, 0x5C, 0xFF, 0xFF, 0xFC, 0x60, 0x00, 0x00, 0x00, 0x00,
    0x00, 0x13, 0x54, 0x20, 0x00, 0x00, 0x00, 0x00, 0x00, 0x00, 0x00, 0x05, 0x00, 0x00, 0x00, 0x00,
    0x00, 0x00, 0x00, 0x00, 0x00, 0x00, 0x9F, 0x60, 0x00, 0x00, 0x00, 0x00, 0x00, 0x00, 0x00, 0x00,
    0x08, 0xFF, 0xF4, 0x00, 0x00, 0x00, 0x00, 0x00, 0x00, 0x00, 0x00, 0x6F, 0xFF, 0xFF, 0x30, 0x00,
    0x00, 0x01, 0x00, 0x00, 0x00, 0x00, 0x09, 0xFF, 0xFF, 0xE1, 0x00, 0x00, 0x6F, 0x40, 0x00, 0x00,
    0x00, 0x00, 0x4D, 0xFF, 0xE3, 0x00, 0x0A, 0xFF, 0xD0, 0x00, 0x00, 0x00, 0x00, 0x00, 0x8D, 0x20,
    0x00, 0x1F, 0xFF, 0xF2, 0x00, 0x00, 0x00, 0x00, 0x00, 0x11, 0x00, 0x00, 0x0E, 0xFF, 0xF3, 0x00,
    0x00, 0x00, 0x49, 0xDF, 0xFF, 0xFF, 0xDC, 0xEF, 0xFF, 0xF0, 0x00, 0x00, 0x2C, 0xFF, 0xFF, 0xFF,
    0xFF, 0xFF, 0xFF, 0xFF, 0x70, 0x00, 0x03, 0xEF, 0xFF, 0xFF, 0xFF, 0xFF, 0xFF, 0xFF, 0xD6, 0x00,
    0x00, 0x1E, 0xFF, 0xFF, 0xFF, 0xFF, 0xFF, 0xFF, 0xFF, 0x30, 0x00, 0x00, 0xAF, 0xFF, 0xFF, 0xFA,
    0x89, 0xDF, 0xFF, 0xFF, 0xE0, 0x00, 0x01, 0xFF, 0xFF, 0xFC, 0x10, 0x00, 0x06, 0xFF, 0xFF, 0xF8,
    0x00, 0x07, 0xFF, 0xFF, 0xE1, 0x00, 0x00, 0x00, 0x8F, 0xFF, 0xFE, 0x00, 0x0B, 0xFF, 0xFF, 0x70,
    0x00, 0x00, 0x00, 0x0F, 0xFF, 0xFF, 0x30, 0x0E, 0xFF, 0xFF, 0x20, 0x00, 0x00, 0x00, 0x0B, 0xFF,
    0xFF, 0x60, 0x0F, 0xFF, 0xFF, 0x00, 0x00, 0x00, 0x00, 0x08, 0xFF, 0xFF, 0x70, 0x0F, 0xFF, 0xFF,
    0x00, 0x00, 0x00, 0x00, 0x07, 0xFF, 0xFF, 0x80, 0x0F, 0xFF, 0xFF, 0x00, 0x00, 0x00, 0x00, 0x08,
    0xFF, 0xFF, 0x80, 0x0E, 0xFF, 0xFF, 0x10, 0x00, 0x00, 0x00, 0x09, 0xFF, 0xFF, 0x60, 0x0C, 0xFF,
    0xFF, 0x60, 0x00, 0x00, 0x00, 0x0E, 0xFF, 0xFF, 0x40, 0x08, 0xFF, 0xFF, 0xC0, 0x00, 0x00, 0x00,
    0x5F, 0xFF, 0xFF, 0x00, 0x03, 0xFF, 0xFF, 0xF8, 0x00, 0x00, 0x02, 0xEF, 0xFF, 0xFB, 0x00, 0x00,
    0xCF, 0xFF, 0xFF, 0xC6, 0x34, 0x8F, 0xFF, 0xFF, 0xF4, 0x00, 0x00, 0x3F, 0xFF, 0xFF, 0xFF, 0xFF,
    0xFF, 0xFF, 0xFF, 0xB0, 0x00, 0x00, 0x06, 0xFF, 0xFF, 0xFF, 0xFF, 0xFF, 0xFF, 0xFD, 0x10, 0x00,
    0x00, 0x00, 0x5F, 0xFF, 0xFF, 0xFF, 0xFF, 0xFF, 0xB1, 0x00, 0x00, 0x00, 0x00, 0x01, 0x8E, 0xFF,
    0xFF, 0xFF, 0xB5, 0x00, 0x00, 0x00, 0x00, 0x00, 0x00, 0x00, 0x24, 0x55, 0x30, 0x00, 0x00, 0x00,
    0x00, 0x00, 0x00, 0x00, 0x01, 0x00, 0x00, 0x00, 0x00, 0x00, 0x00, 0x00, 0x01, 0xCC, 0x00, 0x00,
    0x00, 0x00, 0x00, 0x00, 0x00, 0x1D, 0xFF, 0x70, 0x00, 0x00, 0x00, 0x00, 0x00, 0x01, 0xDF, 0xFF,
    0xF2, 0x00, 0x00, 0x00, 0x00, 0x00, 0x00, 0x6F, 0xFF, 0xFD, 0x00, 0x00, 0x02, 0x00, 0x00, 0x00,
    0x04, 0xFF, 0xFF, 0x80, 0x00, 0xAF, 0x40, 0x00, 0x00, 0x00, 0x2E, 0xFF, 0x50, 0x2D, 0xFF, 0xD0,
    0x00, 0x00, 0x00, 0x01, 0xB3, 0x00, 0x1F, 0xFF, 0xF1, 0x00, 0x00, 0x00, 0x02, 0x42, 0x00, 0x1F,
    0xFF, 0xF1, 0x00, 0x00, 0x3A, 0xFF, 0xFF, 0xFF, 0xFF, 0xFF, 0xD0, 0x00, 0x07, 0xFF, 0xFF, 0xFF,
    0xFF, 0xFF, 0xFF, 0x40, 0x00, 0x6F, 0xFF, 0xFF, 0xFF, 0xFF, 0xFF, 0xD3, 0x00, 0x02, 0xFF, 0xFF,
    0xFF, 0xFF, 0xFF, 0xFF, 0xD0, 0x00, 0x08, 0xFF, 0xFF, 0xF7, 0x47, 0xEF, 0xFF, 0xF7, 0x00, 0x0D,
    0xFF, 0xFF, 0x40, 0x00, 0x3F, 0xFF, 0xFD, 0x00, 0x0F, 0xFF, 0xFD, 0x00, 0x00, 0x0C, 0xFF, 0xFF,
    0x10, 0x1F, 0xFF, 0xFB, 0x00, 0x00, 0x0A, 0xFF, 0xFF, 0x20, 0x1F, 0xFF, 0xFB, 0x00, 0x00, 0x09,
    0xFF, 0xFF, 0x30, 0x0F, 0xFF, 0xFD, 0x00, 0x00, 0x0C, 0xFF, 0xFF, 0x10, 0x0D, 0xFF, 0xFF, 0x30,
    0x00, 0x2F, 0xFF, 0xFF, 0x00, 0x08, 0xFF, 0xFF, 0xE5, 0x24, 0xDF, 0xFF, 0xFA, 0x00, 0x02, 0xFF,
    0xFF, 0xFF, 0xFF, 0xFF, 0xFF, 0xF3, 0x00, 0x00, 0x8F, 0xFF, 0xFF, 0xFF, 0xFF, 0xFF, 0x90, 0x00,
    0x00, 0x09, 0xFF, 0xFF, 0xFF, 0xFF, 0xFA, 0x00, 0x00, 0x00, 0x00, 0x5C, 0xFF, 0xFF, 0xFC, 0x60,
    0x00, 0x00, 0x00, 0x00, 0x00, 0x13, 0x54, 0x20, 0x00, 0x00, 0x00, 0x00, 0x00, 0x00, 0x00, 0x36,
    0x77, 0x30, 0x00, 0x00, 0x00, 0x00, 0x00, 0x00, 0x00, 0x0A, 0xFF, 0xFF, 0xFC, 0x00, 0x00, 0x00,
    0x00, 0x00, 0x00, 0x00, 0x05, 0xFF, 0xFF, 0xFF, 0x70, 0x00, 0x01, 0x00, 0x00, 0x00, 0x00, 0x00,
    0x51, 0x3E, 0xFF, 0x80, 0x00, 0x6F, 0x40, 0x00, 0x00, 0x00, 0x00, 0x06, 0xFF, 0xFF, 0x30, 0x0A,
    0xFF, 0xD0, 0x00, 0x00, 0x00, 0x00, 0x01, 0xFF, 0xA3, 0x00, 0x1F, 0xFF, 0xF2, 0x00, 0x00, 0x00,
    0x00, 0x00, 0x20, 0x00, 0x00, 0x0E, 0xFF, 0xF3, 0x00, 0x00, 0x00, 0x49, 0xDF, 0xFF, 0xFF, 0xDC,
    0xEF, 0xFF, 0xF0, 0x00, 0x00, 0x2C, 0xFF, 0xFF, 0xFF, 0xFF, 0xFF, 0xFF, 0xFF, 0x70, 0x00, 0x03,
    0xEF, 0xFF, 0xFF, 0xFF, 0xFF, 0xFF, 0xFF, 0xD6, 0x00, 0x00, 0x1E, 0xFF, 0xFF, 0xFF, 0xFF, 0xFF,
    0xFF, 0xFF, 0x30, 0x00, 0x00, 0xAF, 0xFF, 0xFF, 0xFA, 0x89, 0xDF, 0xFF, 0xFF, 0xE0, 0x00, 0x01,
    0xFF, 0xFF, 0xFC, 0x10, 0x00, 0x06, 0xFF, 0xFF, 0xF8, 0x00, 0x07, 0xFF, 0xFF, 0xE1, 0x00, 0x00,
    0x00, 0x8F, 0xFF, 0xFE, 0x00, 0x0B, 0xFF, 0xFF, 0x70, 0x00, 0x00, 0x00, 0x0F, 0xFF, 0xFF, 0x30,
    0x0E, 0xFF, 0xFF, 0x20, 0x00, 0x00, 0x00, 0x0B, 0xFF, 0xFF, 0x60, 0x0F, 0xFF, 0xFF, 0x00, 0x00,
    0x00, 0x00, 0x08, 0xFF, 0xFF, 0x70, 0x0F, 0xFF, 0xFF, 0x00, 0x00, 0x00, 0x00, 0x07, 0xFF, 0xFF,
    0x80, 0x0F, 0xFF, 0xFF, 0x00, 0x00, 0x00, 0x00, 0x08, 0xFF, 0xFF, 0x80, 0x0E, 0xFF, 0xFF, 0x10,
    0x00, 0x00, 0x00, 0x09, 0xFF, 0xFF, 0x60, 0x0C, 0xFF, 0xFF, 0x60, 0x00, 0x00, 0x00, 0x0E, 0xFF,
    0xFF, 0x40, 0x08, 0xFF, 0xFF, 0xC0, 0x00, 0x00, 0x00, 0x5F, 0xFF, 0xFF, 0x00, 0x03, 0xFF, 0xFF,
    0xF8, 0x00, 0x00, 0x02, 0xEF, 0xFF, 0xFB, 0x00, 0x00, 0xCF, 0xFF, 0xFF, 0xC6, 0x34, 0x8F, 0xFF,
    0xFF, 0xF4, 0x00, 0x00, 0x3F, 0xFF, 0xFF, 0xFF, 0xFF, 0xFF, 0xFF, 0xFF, 0xB0, 0x00, 0x00, 0x06,
    0xFF, 0xFF, 0xFF, 0xFF, 0xFF, 0xFF, 0xFD, 0x10, 0x00, 0x00, 0x00, 0x5F, 0xFF, 0xFF, 0xFF, 0xFF,
    0xFF, 0xB1, 0x00, 0x00, 0x00, 0x00, 0x01, 0x8E, 0xFF, 0xFF, 0xFF, 0xB5, 0x00, 0x00, 0x00, 0x00,
    0x00, 0x00, 0x00, 0x24, 0x55, 0x30, 0x00, 0x00, 0x00, 0x00, 0x00, 0x00, 0x00, 0x00, 0x10, 0x00,
    0x00, 0x00, 0x00, 0x00, 0x00, 0x07, 0xDF, 0xFF, 0xA2, 0x00, 0x00, 0x00, 0x00, 0x00, 0x0B, 0xFF,
    0xFF, 0xFE, 0x00, 0x00, 0x00, 0x00, 0x00, 0x05, 0xFF, 0xFF, 0xFF, 0x50, 0x00, 0x00, 0x00, 0x00,
    0x00, 0x20, 0x2F, 0xFF, 0x50, 0x02, 0x00, 0x00, 0x00, 0x00, 0x09, 0xFF, 0xFF, 0x20, 0xAF, 0x40,
    0x00, 0x00, 0x00, 0x06, 0xFF, 0xF6, 0x2D, 0xFF, 0xD0, 0x00, 0x00, 0x00, 0x01, 0xA6, 0x10, 0x1F,
    0xFF, 0xF1, 0x00, 0x00, 0x00, 0x02, 0x42, 0x00, 0x1F, 0xFF, 0xF1, 0x00, 0x00, 0x3A, 0xFF, 0xFF,
    0xFF, 0xFF, 0xFF, 0xD0, 0x00, 0x07, 0xFF, 0xFF, 0xFF, 0xFF, 0xFF, 0xFF, 0x40, 0x00, 0x6F, 0xFF,
    0xFF, 0xFF, 0xFF, 0xFF, 0xD3, 0x00, 0x02, 0xFF, 0xFF, 0xFF, 0xFF, 0xFF, 0xFF, 0xD0, 0x00, 0x08,
    0xFF, 0xFF, 0xF7, 0x47, 0xEF, 0xFF, 0xF7, 0x00, 0x0D, 0xFF, 0xFF, 0x40, 0x00, 0x3F, 0xFF, 0xFD,
    0x00, 0x0F, 0xFF, 0xFD, 0x00, 0x00, 0x0C, 0xFF, 0xFF, 0x10, 0x1F, 0xFF, 0xFB, 0x00, 0x00, 0x0A,
    0xFF, 0xFF, 0x20, 0x1F, 0xFF, 0xFB, 0x00, 0x00, 0x09, 0xFF, 0xFF, 0x30, 0x0F, 0xFF, 0xFD, 0x00,
    0x00, 0x0C, 0xFF, 0xFF, 0x10, 0x0D, 0xFF, 0xFF, 0x30, 0x00, 0x2F, 0xFF, 0xFF, 0x00, 0x08, 0xFF,
    0xFF, 0xE5, 0x24, 0xDF, 0xFF, 0xFA, 0x00, 0x02, 0xFF, 0xFF, 0xFF, 0xFF, 0xFF, 0xFF, 0xF3, 0x00,
    0x00, 0x8F, 0xFF, 0xFF, 0xFF, 0xFF, 0xFF, 0x90, 0x00, 0x00, 0x09, 0xFF, 0xFF, 0xFF, 0xFF, 0xFA,
    0x00, 0x00, 0x00, 0x00, 0x5C, 0xFF, 0xFF, 0xFC, 0x60, 0x00, 0x00, 0x00, 0x00, 0x00, 0x13, 0x54,
    0x20, 0x00, 0x00, 0x00, 0x00, 0x00, 0x00, 0x00, 0x00, 0x00, 0x00, 0x00, 0x00, 0x00, 0x00, 0x00,
    0x00, 0x00, 0x4D, 0xFD, 0x40, 0x08, 0xD5, 0x00, 0x00, 0x00, 0x00, 0x00, 0x02, 0xFF, 0xFF, 0xF8,
    0x5F, 0xFF, 0x60, 0x01, 0x00, 0x00, 0x00, 0x0B, 0xFF, 0xFF, 0xFF, 0xFF, 0xFF, 0x20, 0x6F, 0x40,
    0x00, 0x00, 0x1F, 0xFF, 0xCD, 0xFF, 0xFF, 0xFB, 0x0A, 0xFF, 0xD0, 0x00, 0x00, 0x03, 0xCD, 0x00,
    0x9F, 0xFF, 0xD1, 0x1F, 0xFF, 0xF2, 0x00, 0x00, 0x00, 0x01, 0x00, 0x13, 0x65, 0x00, 0x0E, 0xFF,
    0xF3, 0x00, 0x00, 0x00, 0x49, 0xDF, 0xFF, 0xFF, 0xDC, 0xEF, 0xFF, 0xF0, 0x00, 0x00, 0x2C, 0xFF,
    0xFF, 0xFF, 0xFF, 0xFF, 0xFF, 0xFF, 0x70, 0x00, 0x03, 0xEF, 0xFF, 0xFF, 0xFF, 0xFF, 0xFF, 0xFF,
    0xD6, 0x00, 0x00, 0x1E, 0xFF, 0xFF, 0xFF, 0xFF, 0xFF, 0xFF, 0xFF, 0x30, 0x00, 0x00, 0xAF, 0xFF,
    0xFF, 0xFA, 0x89, 0xDF, 0xFF, 0xFF, 0xE0, 0x00, 0x01, 0xFF, 0xFF, 0xFC, 0x10, 0x00, 0x06, 0xFF,
    0xFF, 0xF8, 0x00, 0x07, 0xFF, 0xFF, 0xE1, 0x00, 0x00, 0x00, 0x8F, 0xFF, 0xFE, 0x00, 0x0B, 0xFF,
    0xFF, 0x70, 0x00, 0x00, 0x00, 0x0F, 0xFF, 0xFF, 0x30, 0x0E, 0xFF, 0xFF, 0x20, 0x00, 0x00, 0x00,
    0x0B, 0xFF, 0xFF, 0x60, 0x0F, 0xFF, 0xFF, 0x00, 0x00, 0x00, 0x00, 0x08, 0xFF, 0xFF, 0x70, 0x0F,
    0xFF, 0xFF, 0x00, 0x00, 0x00, 0x00, 0x07, 0xFF, 0xFF, 0x80, 0x0F, 0xFF, 0xFF, 0x00, 0x00, 0x00,
    0x00, 0x08, 0xFF, 0xFF, 0x80, 0x0E, 0xFF, 0xFF, 0x10, 0x00, 0x00, 0x00, 0x09, 0xFF, 0xFF, 0x60,
    0x0C, 0xFF, 0xFF, 0x60, 0x00, 0x00, 0x00, 0x0E, 0xFF, 0xFF, 0x40, 0x08, 0xFF, 0xFF, 0xC0, 0x00,
    0x00, 0x00, 0x5F, 0xFF, 0xFF, 0x00, 0x03, 0xFF, 0xFF, 0xF8, 0x00, 0x00, 0x02, 0xEF, 0xFF, 0xFB,
    0x00, 0x00, 0xCF, 0xFF, 0xFF, 0xC6, 0x34, 0x8F, 0xFF, 0xFF, 0xF4, 0x00, 0x00, 0x3F, 0xFF, 0xFF,
    0xFF, 0xFF, 0xFF, 0xFF, 0xFF, 0xB0, 0x00, 0x00, 0x06, 0xFF, 0xFF, 0xFF, 0xFF, 0xFF, 0xFF, 0xFD,
    0x10, 0x00, 0x00, 0x00, 0x5F, 0xFF, 0xFF, 0xFF, 0xFF, 0xFF, 0xB1, 0x00, 0x00, 0x00, 0x00, 0x01,
    0x8E, 0xFF, 0xFF, 0xFF, 0xB5, 0x00, 0x00, 0x00, 0x00, 0x00, 0x00, 0x00, 0x24, 0x55, 0x30, 0x00,
    0x00, 0x00, 0x00, 0x00, 0x00, 0x04, 0x30, 0x00, 0x13, 0x00, 0x00, 0x00, 0x00, 0x01, 0xDF, 0xFB,
    0x10, 0x8F, 0xA1, 0x00, 0x00, 0x00, 0x0B, 0xFF, 0xFF, 0xE9, 0xFF, 0xF4, 0x02, 0x00, 0x00, 0x2F,
    0xFF, 0xFF, 0xFF, 0xFF, 0xF1, 0xAF, 0x40, 0x00, 0x4F, 0xFC, 0x6E, 0xFF, 0xFF, 0xAD, 0xFF, 0xD0,
    0x00, 0x02, 0xB3, 0x02, 0xCF, 0xFA, 0x1F, 0xFF, 0xF1, 0x00, 0x00, 0x00, 0x02, 0x44, 0x20, 0x1F,
    0xFF, 0xF1, 0x00, 0x00, 0x3A, 0xFF, 0xFF, 0xFF, 0xFF, 0xFF, 0xD0, 0x00, 0x07, 0xFF, 0xFF, 0xFF,
    0xFF, 0xFF, 0xFF, 0x40, 0x00, 0x6F, 0xFF, 0xFF, 0xFF, 0xFF, 0xFF, 0xD3, 0x00, 0x02, 0xFF, 0xFF,
    0xFF, 0xFF, 0xFF, 0xFF, 0xD0, 0x00, 0x08, 0xFF, 0xFF, 0xF7, 0x47, 0xEF, 0xFF, 0xF7, 0x00, 0x0D,
    0xFF, 0xFF, 0x40, 0x00, 0x3F, 0xFF, 0xFD, 0x00, 0x0F, 0xFF, 0xFD, 0x00, 0x00, 0x0C, 0xFF, 0xFF,
    0x10, 0x1F, 0xFF, 0xFB, 0x00, 0x00, 0x0A, 0xFF, 0xFF, 0x20, 0x1F, 0xFF, 0xFB, 0x00, 0x00, 0x09,
    0xFF, 0xFF, 0x30, 0x0F, 0xFF, 0xFD, 0x00, 0x00, 0x0C, 0xFF, 0xFF, 0x10, 0x0D, 0xFF, 0xFF, 0x30,
    0x00, 0x2F, 0xFF, 0xFF, 0x00, 0x08, 0xFF, 0xFF, 0xE5, 0x24, 0xDF, 0xFF, 0xFA, 0x00, 0x02, 0xFF,
    0xFF, 0xFF, 0xFF, 0xFF, 0xFF, 0xF3, 0x00, 0x00, 0x8F, 0xFF, 0xFF, 0xFF, 0xFF, 0xFF, 0x90, 0x00,
    0x00, 0x09, 0xFF, 0xFF, 0xFF, 0xFF, 0xFA, 0x00, 0x00, 0x00, 0x00, 0x5C, 0xFF, 0xFF, 0xFC, 0x60,
    0x00, 0x00, 0x00, 0x00, 0x00, 0x13, 0x54, 0x20, 0x00, 0x00, 0x00, 0x00, 0x00, 0x00, 0x00, 0x00,
    0x00, 0x00, 0x00, 0x00, 0x01, 0x00, 0x00, 0x00, 0x00, 0x00, 0x00, 0x00, 0x00, 0x00, 0x00, 0x6F,
    0x40, 0x00, 0x00, 0x00, 0x00, 0x00, 0x00, 0x00, 0x00, 0x0A, 0xFF, 0xD0, 0x00, 0x00, 0x00, 0x00,
    0x00, 0x00, 0x00, 0x00, 0x1F, 0xFF, 0xF2, 0x00, 0x00, 0x00, 0x00, 0x00, 0x10, 0x00, 0x00, 0x0E,
    0xFF, 0xF3, 0x00, 0x00, 0x00, 0x49, 0xDF, 0xFF, 0xFF, 0xDC, 0xEF, 0xFF, 0xF0, 0x00, 0x00, 0x2C,
    0xFF, 0xFF, 0xFF, 0xFF, 0xFF, 0xFF, 0xFF, 0x70, 0x00, 0x03, 0xEF, 0xFF, 0xFF, 0xFF, 0xFF, 0xFF,
    0xFF, 0xD6, 0x00, 0x00, 0x1E, 0xFF, 0xFF, 0xFF, 0xFF, 0xFF, 0xFF, 0xFF, 0x30, 0x00, 0x00, 0xAF,
    0xFF, 0xFF, 0xFA, 0x89, 0xDF, 0xFF, 0xFF, 0xE0, 0x00, 0x01, 0xFF, 0xFF, 0xFC, 0x10, 0x00, 0x06,
    0xFF, 0xFF, 0xF8, 0x00, 0x07, 0xFF, 0xFF, 0xE1, 0x00, 0x00, 0x00, 0x8F, 0xFF, 0xFE, 0x00, 0x0B,
    0xFF, 0xFF, 0x70, 0x00, 0x00, 0x00, 0x0F, 0xFF, 0xFF, 0x30, 0x0E, 0xFF, 0xFF, 0x20, 0x00, 0x00,
    0x00, 0x0B, 0xFF, 0xFF, 0x60, 0x0F, 0xFF, 0xFF, 0x00, 0x00, 0x00, 0x00, 0x08, 0xFF, 0xFF, 0x70,
    0x0F, 0xFF, 0xFF, 0x00, 0x00, 0x00, 0x00, 0x07, 0xFF, 0xFF, 0x80, 0x0F, 0xFF, 0xFF, 0x00, 0x00,
    0x00, 0x00, 0x08, 0xFF, 0xFF, 0x80, 0x0E, 0xFF, 0xFF, 0x10, 0x00, 0x00, 0x00, 0x09, 0xFF, 0xFF,
    0x60, 0x0C, 0xFF, 0xFF, 0x60, 0x00, 0x00, 0x00, 0x0E, 0xFF, 0xFF, 0x40, 0x08, 0xFF, 0xFF, 0xC0,
    0x00, 0x00, 0x00, 0x5F, 0xFF, 0xFF, 0x00, 0x03, 0xFF, 0xFF, 0xF8, 0x00, 0x00, 0x02, 0xEF, 0xFF,
    0xFB, 0x00, 0x00, 0xCF, 0xFF, 0xFF, 0xC6, 0x34, 0x8F, 0xFF, 0xFF, 0xF4, 0x00, 0x00, 0x3F, 0xFF,
    0xFF, 0xFF, 0xFF, 0xFF, 0xFF, 0xFF, 0xB0, 0x00, 0x00, 0x06, 0xFF, 0xFF, 0xFF, 0xFF, 0xFF, 0xFF,
    0xFD, 0x10, 0x00, 0x00, 0x00, 0x5F, 0xFF, 0xFF, 0xFF, 0xFF, 0xFF, 0xB1, 0x00, 0x00, 0x00, 0x00,
    0x01, 0x8E, 0xFF, 0xFF, 0xFF, 0xB5, 0x00, 0x00, 0x00, 0x00, 0x00, 0x00, 0x00, 0x24, 0x55, 0x30,
    0x00, 0x00, 0x00, 0x00, 0x00, 0x00, 0x00, 0x00, 0x02, 0x65, 0x00, 0x00, 0x00, 0x00, 0x00, 0x00,
    0x00, 0x00, 0x00, 0x5F, 0xFF, 0xD0, 0x00, 0x00, 0x00, 0x00, 0x00, 0x00, 0x00, 0x00, 0xDF, 0xFF,
    0xF6, 0x00, 0x00, 0x00, 0x00, 0x00, 0x00, 0x00, 0x00, 0xEF, 0xFF, 0xF7, 0x00, 0x00, 0x00, 0x00,
    0x00, 0x00, 0x00, 0x00, 0xBF, 0xFF, 0xF4, 0x00, 0x00, 0x00, 0x00, 0x00, 0x00, 0x00, 0x00, 0x1C,
    0xFF, 0x70, 0x00, 0x00, 0x00, 0x00, 0x00, 0x00, 0x00, 0x00, 0x00, 0x00, 0x00, 0x00, 0x00, 0x00,
    0x00, 0x00, 0x00, 0x00, 0x00, 0x00, 0x00, 0x00, 0x02, 0x00, 0x00, 0x00, 0x00, 0x00, 0x00, 0x00,
    0x00, 0xAF, 0x40, 0x00, 0x00, 0x00, 0x00, 0x00, 0x00, 0x2D, 0xFF, 0xD0, 0x00, 0x00, 0x00, 0x00,
    0x00, 0x00, 0x1F, 0xFF, 0xF1, 0x00, 0x00, 0x00, 0x02, 0x42, 0x00, 0x1F, 0xFF, 0xF1, 0x00, 0x00,
    0x3A, 0xFF, 0xFF, 0xFF, 0xFF, 0xFF, 0xD0, 0x00, 0x07, 0xFF, 0xFF, 0xFF, 0xFF, 0xFF, 0xFF, 0x40,
    0x00, 0x6F, 0xFF, 0xFF, 0xFF, 0xFF, 0xFF, 0xD3, 0x00, 0x02, 0xFF, 0xFF, 0xFF, 0xFF, 0xFF, 0xFF,
    0xD0, 0x00, 0x08, 0xFF, 0xFF, 0xF7, 0x47, 0xEF, 0xFF, 0xF7, 0x00, 0x0D, 0xFF, 0xFF, 0x40, 0x00,
    0x3F, 0xFF, 0xFD, 0x00, 0x0F, 0xFF, 0xFD, 0x00, 0x00, 0x0C, 0xFF, 0xFF, 0x10, 0x1F, 0xFF, 0xFB,
    0x00, 0x00, 0x0A, 0xFF, 0xFF, 0x20, 0x1F, 0xFF, 0xFB, 0x00, 0x00, 0x09, 0xFF, 0xFF, 0x30, 0x0F,
    0xFF, 0xFD, 0x00, 0x00, 0x0C, 0xFF, 0xFF, 0x10, 0x0D, 0xFF, 0xFF, 0x30, 0x00, 0x2F, 0xFF, 0xFF,
    0x00, 0x08, 0xFF, 0xFF, 0xE5, 0x24, 0xDF, 0xFF, 0xFA, 0x00, 0x02, 0xFF, 0xFF, 0xFF, 0xFF, 0xFF,
    0xFF, 0xF3, 0x00, 0x00, 0x8F, 0xFF, 0xFF, 0xFF, 0xFF, 0xFF, 0x90, 0x00, 0x00, 0x09, 0xFF, 0xFF,
    0xFF, 0xFF, 0xFA, 0x00, 0x00, 0x00, 0x00, 0x5C, 0xFF, 0xFF, 0xFC, 0x60, 0x00, 0x00, 0x00, 0x00,
    0x00, 0x13, 0x54, 0x20, 0x00, 0x00, 0x00, 0x00, 0x00, 0x00, 0x03, 0x64, 0x00, 0x00, 0x00, 0x00,
    0x00, 0x00, 0x00, 0x9F, 0xFF, 0x90, 0x00, 0x00, 0x00, 0x00, 0x00, 0x01, 0xFF, 0xFF, 0xF2, 0x00,
    0x00, 0x00, 0x00, 0x00, 0x02, 0xFF, 0xFF, 0xF3, 0x00, 0x00, 0x00, 0x00, 0x00, 0x00, 0xEF, 0xFF,
    0xF1, 0x00, 0x00, 0x00, 0x00, 0x00, 0x00, 0x4D, 0xFE, 0x40, 0x00, 0x00, 0x00, 0x00, 0x00, 0x00,
    0x00, 0x00, 0x00, 0x00, 0x00, 0x00, 0x03, 0xBB, 0xBB, 0x60, 0x00, 0x00, 0x01, 0xBB, 0xBB, 0x80,
    0x05, 0xFF, 0xFF, 0x80, 0x00, 0x00, 0x01, 0xFF, 0xFF, 0xC0, 0x05, 0xFF, 0xFF, 0x80, 0x00, 0x00,
    0x01, 0xFF, 0xFF, 0xC0, 0x05, 0xFF, 0xFF, 0x80, 0x00, 0x00, 0x01, 0xFF, 0xFF, 0xC0, 0x05, 0xFF,
    0xFF, 0x80, 0x00, 0x00, 0x01, 0xFF, 0xFF, 0xC0, 0x05, 0xFF, 0xFF, 0x80, 0x00, 0x00, 0x01, 0xFF,
    0xFF, 0xC0, 0x05, 0xFF, 0xFF, 0x80, 0x00, 0x00, 0x01, 0xFF, 0xFF, 0xC0, 0x05, 0xFF, 0xFF, 0x80,
    0x00, 0x00, 0x01, 0xFF, 0xFF, 0xC0, 0x05, 0xFF, 0xFF, 0x80, 0x00, 0x00, 0x01, 0xFF, 0xFF, 0xC0,
    0x05, 0xFF, 0xFF, 0x80, 0x00, 0x00, 0x01, 0xFF, 0xFF, 0xC0, 0x05, 0xFF, 0xFF, 0x80, 0x00, 0x00,
    0x01, 0xFF, 0xFF, 0xC0, 0x05, 0xFF, 0xFF, 0x80, 0x00, 0x00, 0x01, 0xFF, 0xFF, 0xC0, 0x05, 0xFF,
    0xFF, 0x80, 0x00, 0x00, 0x01, 0xFF, 0xFF, 0xC0, 0x04, 0xFF, 0xFF, 0x90, 0x00, 0x00, 0x02, 0xFF,
    0xFF, 0xB0, 0x03, 0xFF, 0xFF, 0xD0, 0x00, 0x00, 0x05, 0xFF, 0xFF, 0xA0, 0x00, 0xFF, 0xFF, 0xF5,
    0x00, 0x00, 0x0D, 0xFF, 0xFF, 0x70, 0x00, 0xBF, 0xFF, 0xFF, 0x94, 0x46, 0xDF, 0xFF, 0xFF, 0x20,
    0x00, 0x4F, 0xFF, 0xFF, 0xFF, 0xFF, 0xFF, 0xFF, 0xFA, 0x00, 0x00, 0x08, 0xFF, 0xFF, 0xFF, 0xFF,
    0xFF, 0xFF, 0xE1, 0x00, 0x00, 0x00, 0x8F, 0xFF, 0xFF, 0xFF, 0xFF, 0xFD, 0x20, 0x00, 0x00, 0x00,
    0x04, 0xAF, 0xFF, 0xFF, 0xFD, 0x70, 0x00, 0x00, 0x00, 0x00, 0x00, 0x00, 0x34, 0x53, 0x10, 0x00,
    0x00, 0x00, 0x00, 0x00, 0x00, 0x00, 0x05, 0x62, 0x00, 0x00, 0x00, 0x00, 0x00, 0x00, 0x00, 0x00,
    0xDF, 0xFF, 0x50, 0x00, 0x00, 0x00, 0x00, 0x00, 0x00, 0x05, 0xFF, 0xFF, 0xD0, 0x00, 0x00, 0x00,
    0x00, 0x00, 0x00, 0x07, 0xFF, 0xFF, 0xF0, 0x00, 0x00, 0x00, 0x00, 0x00, 0x00, 0x03, 0xFF, 0xFF,
    0xB0, 0x00, 0x00, 0x00, 0x00, 0x00, 0x00, 0x00, 0x7F, 0xFC, 0x20, 0x00, 0x00, 0x00, 0x00, 0x00,
    0x00, 0x00, 0x00, 0x00, 0x00, 0x00, 0x00, 0x00, 0x07, 0xDD, 0xDD, 0x10, 0x00, 0x2D, 0xDD, 0xD7,
    0x00, 0x09, 0xFF, 0xFF, 0x20, 0x00, 0x2F, 0xFF, 0xF8, 0x00, 0x09, 0xFF, 0xFF, 0x20, 0x00, 0x2F,
    0xFF, 0xF8, 0x00, 0x09, 0xFF, 0xFF, 0x20, 0x00, 0x2F, 0xFF, 0xF8, 0x00, 0x09, 0xFF, 0xFF, 0x20,
    0x00, 0x2F, 0xFF, 0xF8, 0x00, 0x09, 0xFF, 0xFF, 0x20, 0x00, 0x2F, 0xFF, 0xF8, 0x00, 0x09, 0xFF,
    0xFF, 0x20, 0x00, 0x2F, 0xFF, 0xF8, 0x00, 0x09, 0xFF, 0xFF, 0x20, 0x00, 0x2F, 0xFF, 0xF8, 0x00,
    0x09, 0xFF, 0xFF, 0x20, 0x00, 0x2F, 0xFF, 0xF8, 0x00, 0x09, 0xFF, 0xFF, 0x20, 0x00, 0x2F, 0xFF,
    0xF8, 0x00, 0x09, 0xFF, 0xFF, 0x40, 0x00, 0x6F, 0xFF, 0xF8, 0x00, 0x08, 0xFF, 0xFF, 0xD3, 0x15,
    0xEF, 0xFF, 0xF8, 0x00, 0x05, 0xFF, 0xFF, 0xFF, 0xFF, 0xFF, 0xFF, 0xF8, 0x00, 0x01, 0xFF, 0xFF,
    0xFF, 0xFF, 0xFF, 0xFF, 0xF8, 0x00, 0x00, 0x7F, 0xFF, 0xFF, 0xFF, 0x7F, 0xFF, 0xF8, 0x00, 0x00,
    0x07, 0xFF, 0xFF, 0xE5, 0x2F, 0xFF, 0xF8, 0x00, 0x00, 0x00, 0x04, 0x53, 0x00, 0x00, 0x00, 0x00,
    0x00, 0x00, 0x00, 0x00, 0x01, 0x55, 0x10, 0x00, 0x00, 0x00, 0x00, 0x00, 0x00, 0x2E, 0xFF, 0xE2,
    0x00, 0x00, 0x00, 0x00, 0x00, 0x00, 0x9F, 0xFF, 0xF9, 0x00, 0x00, 0x00, 0x00, 0x00, 0x00, 0xBF,
    0xFF, 0xFB, 0x00, 0x00, 0x00, 0x00, 0x00, 0x00, 0x7F, 0xFF, 0xF7, 0x00, 0x00, 0x00, 0x00, 0x00,
    0x00, 0x0A, 0xFF, 0xA0, 0x00, 0x00, 0x00, 0x00, 0x00, 0x00, 0x00, 0x00, 0x00, 0x00, 0x00, 0x00,
    0x00, 0x00, 0x00, 0x01, 0x57, 0x75, 0x10, 0x00, 0x00, 0x00, 0x00, 0x00, 0x00, 0x2F, 0xFF, 0xFF,
    0xF5, 0x00, 0x00, 0x00, 0x00, 0x00, 0x00, 0x0D, 0xFF, 0xFF, 0xFE, 0x00, 0x00, 0x00, 0x00, 0x00,
    0x00, 0x04, 0x31, 0x9F, 0xFF, 0x00, 0x00, 0x00, 0x00, 0x00, 0x00, 0x00, 0x0E, 0xFF, 0xFA, 0x00,
    0x00, 0x00, 0x00, 0x00, 0x00, 0x00, 0x09, 0xFD, 0x70, 0x00, 0x00, 0x00, 0x00, 0x00, 0x00, 0x00,
    0x00, 0x00, 0x00, 0x00, 0x00, 0x00, 0x03, 0xBB, 0xBB, 0x60, 0x00, 0x00, 0x01, 0xBB, 0xBB, 0x80,
    0x05, 0xFF, 0xFF, 0x80, 0x00, 0x00, 0x01, 0xFF, 0xFF, 0xC0, 0x05, 0xFF, 0xFF, 0x80, 0x00, 0x00,
    0x01, 0xFF, 0xFF, 0xC0, 0x05, 0xFF, 0xFF, 0x80, 0x00, 0x00, 0x01, 0xFF, 0xFF, 0xC0, 0x05, 0xFF,
    0xFF, 0x80, 0x00, 0x00, 0x01, 0xFF, 0xFF, 0xC0, 0x05, 0xFF, 0xFF, 0x80, 0x00, 0x00, 0x01, 0xFF,
    0xFF, 0xC0, 0x05, 0xFF, 0xFF, 0x80, 0x00, 0x00, 0x01, 0xFF, 0xFF, 0xC0, 0x05, 0xFF, 0xFF, 0x80,
    0x00, 0x00, 0x01, 0xFF, 0xFF, 0xC0, 0x05, 0xFF, 0xFF, 0x80, 0x00, 0x00, 0x01, 0xFF, 0xFF, 0xC0,
    0x05, 0xFF, 0xFF, 0x80, 0x00, 0x00, 0x01, 0xFF, 0xFF, 0xC0, 0x05, 0xFF, 0xFF, 0x80, 0x00, 0x00,
    0x01, 0xFF, 0xFF, 0xC0, 0x05, 0xFF, 0xFF, 0x80, 0x00, 0x00, 0x01, 0xFF, 0xFF, 0xC0, 0x05, 0xFF,
    0xFF, 0x80, 0x00, 0x00, 0x01, 0xFF, 0xFF, 0xC0, 0x04, 0xFF, 0xFF, 0x90, 0x00, 0x00, 0x02, 0xFF,
    0xFF, 0xB0, 0x03, 0xFF, 0xFF, 0xD0, 0x00, 0x00, 0x05, 0xFF, 0xFF, 0xA0, 0x00, 0xFF, 0xFF, 0xF5,
    0x00, 0x00, 0x0D, 0xFF, 0xFF, 0x70, 0x00, 0xBF, 0xFF, 0xFF, 0x94, 0x46, 0xDF, 0xFF, 0xFF, 0x20,
    0x00, 0x4F, 0xFF, 0xFF, 0xFF, 0xFF, 0xFF, 0xFF, 0xFA, 0x00, 0x00, 0x08, 0xFF, 0xFF, 0xFF, 0xFF,
    0xFF, 0xFF, 0xE1, 0x00, 0x00, 0x00, 0x8F, 0xFF, 0xFF, 0xFF, 0xFF, 0xFD, 0x20, 0x00, 0x00, 0x00,
    0x04, 0xAF, 0xFF, 0xFF, 0xFD, 0x70, 0x00, 0x00, 0x00, 0x00, 0x00, 0x00, 0x34, 0x53, 0x10, 0x00,
    0x00, 0x00, 0x00, 0x00, 0x00, 0x00, 0x10, 0x00, 0x00, 0x00, 0x00, 0x00, 0x00, 0x06, 0xCF, 0xFF,
    0xB2, 0x00, 0x00, 0x00, 0x00, 0x00, 0x0B, 0xFF, 0xFF, 0xFE, 0x10, 0x00, 0x00, 0x00, 0x00, 0x05,
    0xFF, 0xFF, 0xFF, 0x50, 0x00, 0x00, 0x00, 0x00, 0x00, 0x20, 0x2F, 0xFF, 0x60, 0x00, 0x00, 0x00,
    0x00, 0x00, 0x08, 0xFF, 0xFF, 0x20, 0x00, 0x00, 0x00, 0x00, 0x00, 0x06, 0xFF, 0xF6, 0x00, 0x00,
    0x00, 0x00, 0x00, 0x00, 0x01, 0xA7, 0x10, 0x00, 0x00, 0x00, 0x00, 0x00, 0x00, 0x00, 0x00, 0x00,
    0x00, 0x00, 0x00, 0x07, 0xDD, 0xDD, 0x10, 0x00, 0x2D, 0xDD, 0xD7, 0x00, 0x09, 0xFF, 0xFF, 0x20,
    0x00, 0x2F, 0xFF, 0xF8, 0x00, 0x09, 0xFF, 0xFF, 0x20, 0x00, 0x2F, 0xFF, 0xF8, 0x00, 0x09, 0xFF,
    0xFF, 0x20, 0x00, 0x2F, 0xFF, 0xF8, 0x00, 0x09, 0xFF, 0xFF, 0x20, 0x00, 0x2F, 0xFF, 0xF8, 0x00,
    0x09, 0xFF, 0xFF, 0x20, 0x00, 0x2F, 0xFF, 0xF8, 0x00, 0x09, 0xFF, 0xFF, 0x20, 0x00, 0x2F, 0xFF,
    0xF8, 0x00, 0x09, 0xFF, 0xFF, 0x20, 0x00, 0x2F, 0xFF, 0xF8, 0x00, 0x09, 0xFF, 0xFF, 0x20, 0x00,
    0x2F, 0xFF, 0xF8, 0x00, 0x09, 0xFF, 0xFF, 0x20, 0x00, 0x2F, 0xFF, 0xF8, 0x00, 0x09, 0xFF, 0xFF,
    0x40, 0x00, 0x6F, 0xFF, 0xF8, 0x00, 0x08, 0xFF, 0xFF, 0xD3, 0x15, 0xEF, 0xFF, 0xF8, 0x00, 0x05,
    0xFF, 0xFF, 0xFF, 0xFF, 0xFF, 0xFF, 0xF8, 0x00, 0x01, 0xFF, 0xFF, 0xFF, 0xFF, 0xFF, 0xFF, 0xF8,
    0x00, 0x00, 0x7F, 0xFF, 0xFF, 0xFF, 0x7F, 0xFF, 0xF8, 0x00, 0x00, 0x07, 0xFF, 0xFF, 0xE5, 0x2F,
    0xFF, 0xF8, 0x00, 0x00, 0x00, 0x04, 0x53, 0x00, 0x00, 0x00, 0x00, 0x00, 0x00, 0x00, 0x00, 0x00,
    0x00, 0x05, 0x00, 0x00, 0x00, 0x00, 0x00, 0x00, 0x00, 0x00, 0x00, 0x00, 0x00, 0x6F, 0x90, 0x00,
    0x00, 0x00, 0x00, 0x00, 0x00, 0x00, 0x00, 0x00, 0x05, 0xFF, 0xF7, 0x00, 0x00, 0x00, 0x00, 0x00,
    0x00, 0x00, 0x00, 0x00, 0x3F, 0xFF, 0xFF, 0x60, 0x00, 0x00, 0x10, 0x00, 0x00, 0x00, 0x00, 0x02,
    0xEF, 0xFF, 0xF9, 0x00, 0x00, 0x06, 0xF4, 0x00, 0x00, 0x00, 0x00, 0x03, 0xFF, 0xFD, 0x30, 0x00,
    0x00, 0xAF, 0xFD, 0x00, 0x00, 0x00, 0x00, 0x00, 0x2E, 0x80, 0x00, 0x00, 0x01, 0xFF, 0xFF, 0x20,
    0x00, 0x00, 0x00, 0x00, 0x00, 0x00, 0x00, 0x00, 0x00, 0xEF, 0xFF, 0x30, 0x03, 0xBB, 0xBB, 0x60,
    0x00, 0x00, 0x01, 0xBB, 0xFF, 0xFF, 0xFF, 0x00, 0x05, 0xFF, 0xFF, 0x80, 0x00, 0x00, 0x01, 0xFF,
    0xFF, 0xFF, 0xFA, 0x00, 0x05, 0xFF, 0xFF, 0x80, 0x00, 0x00, 0x01, 0xFF, 0xFF, 0xFF, 0xB0, 0x00,
    0x05, 0xFF, 0xFF, 0x80, 0x00, 0x00, 0x01, 0xFF, 0xFF, 0xF3, 0x00, 0x00, 0x05, 0xFF, 0xFF, 0x80,
    0x00, 0x00, 0x01, 0xFF, 0xFF, 0xC0, 0x00, 0x00, 0x05, 0xFF, 0xFF, 0x80, 0x00, 0x00, 0x01, 0xFF,
    0xFF, 0xC0, 0x00, 0x00, 0x05, 0xFF, 0xFF, 0x80, 0x00, 0x00, 0x01, 0xFF, 0xFF, 0xC0, 0x00, 0x00,
    0x05, 0xFF, 0xFF, 0x80, 0x00, 0x00, 0x01, 0xFF, 0xFF, 0xC0, 0x00, 0x00, 0x05, 0xFF, 0xFF, 0x80,
    0x00, 0x00, 0x01, 0xFF, 0xFF, 0xC0, 0x00, 0x00, 0x05, 0xFF, 0xFF, 0x80, 0x00, 0x00, 0x01, 0xFF,
    0xFF, 0xC0, 0x00, 0x00, 0x05, 0xFF, 0xFF, 0x80, 0x00, 0x00, 0x01, 0xFF, 0xFF, 0xC0, 0x00, 0x00,
    0x05, 0xFF, 0xFF, 0x80, 0x00, 0x00, 0x01, 0xFF, 0xFF, 0xC0, 0x00, 0x00, 0x05, 0xFF, 0xFF, 0x80,
    0x00, 0x00, 0x01, 0xFF, 0xFF, 0xC0, 0x00, 0x00, 0x04, 0xFF, 0xFF, 0x90, 0x00, 0x00, 0x02, 0xFF,
    0xFF, 0xB0, 0x00, 0x00, 0x03, 0xFF, 0xFF, 0xD0, 0x00, 0x00, 0x05, 0xFF, 0xFF, 0xA0, 0x00, 0x00,
    0x00, 0xFF, 0xFF, 0xF5, 0x00, 0x00, 0x0D, 0xFF, 0xFF, 0x70, 0x00, 0x00, 0x00, 0xBF, 0xFF, 0xFF,
    0x94, 0x46, 0xDF, 0xFF, 0xFF, 0x20, 0x00, 0x00, 0x00, 0x4F, 0xFF, 0xFF, 0xFF, 0xFF, 0xFF, 0xFF,
    0xFA, 0x00, 0x00, 0x00, 0x00, 0x08, 0xFF, 0xFF, 0xFF, 0xFF, 0xFF, 0xFF, 0xE1, 0x00, 0x00, 0x00,
    0x00, 0x00, 0x8F, 0xFF, 0xFF, 0xFF, 0xFF, 0xFD, 0x20, 0x00, 0x00, 0x00, 0x00, 0x00, 0x04, 0xAF,
    0xFF, 0xFF, 0xFD, 0x70, 0x00, 0x00, 0x00, 0x00, 0x00, 0x00, 0x00, 0x00, 0x34, 0x53, 0x10, 0x00,
    0x00, 0x00, 0x00, 0x00, 0x00, 0x00, 0x00, 0x00, 0x01, 0x10, 0x00, 0x00, 0x00, 0x00, 0x00, 0x00,
    0x00, 0x00, 0x0A, 0xD1, 0x00, 0x00, 0x00, 0x00, 0x00, 0x00, 0x00, 0x00, 0x5F, 0xFE, 0x20, 0x00,
    0x00, 0x00, 0x00, 0x00, 0x00, 0x01, 0xEF, 0xFF, 0xE2, 0x00, 0x00, 0x00, 0x00, 0x00, 0x00, 0x0B,
    0xFF, 0xFF, 0x80, 0x00, 0x02, 0x00, 0x00, 0x00, 0x00, 0x6F, 0xFF, 0xF5, 0x00, 0x01, 0xBF, 0x20,
    0x00, 0x00, 0x00, 0x3E, 0xFE, 0x30, 0x00, 0x3E, 0xFF, 0xB0, 0x00, 0x00, 0x00, 0x02, 0xB2, 0x00,
    0x00, 0x3F, 0xFF, 0xF0, 0x00, 0x00, 0x00, 0x00, 0x00, 0x00, 0x00, 0x3F, 0xFF, 0xF0, 0x07, 0xDD,
    0xDD, 0x10, 0x00, 0x2D, 0xDF, 0xFF, 0xFF, 0xC0, 0x09, 0xFF, 0xFF, 0x20, 0x00, 0x2F, 0xFF, 0xFF,
    0xFF, 0x40, 0x09, 0xFF, 0xFF, 0x20, 0x00, 0x2F, 0xFF, 0xFF, 0xF6, 0x00, 0x09, 0xFF, 0xFF, 0x20,
    0x00, 0x2F, 0xFF, 0xFE, 0x00, 0x00, 0x09, 0xFF, 0xFF, 0x20, 0x00, 0x2F, 0xFF, 0xF8, 0x00, 0x00,
    0x09, 0xFF, 0xFF, 0x20, 0x00, 0x2F, 0xFF, 0xF8, 0x00, 0x00, 0x09, 0xFF, 0xFF, 0x20, 0x00, 0x2F,
    0xFF, 0xF8, 0x00, 0x00, 0x09, 0xFF, 0xFF, 0x20, 0x00, 0x2F, 0xFF, 0xF8, 0x00, 0x00, 0x09, 0xFF,
    0xFF, 0x20, 0x00, 0x2F, 0xFF, 0xF8, 0x00, 0x00, 0x09, 0xFF, 0xFF, 0x20, 0x00, 0x2F, 0xFF, 0xF8,
    0x00, 0x00, 0x09, 0xFF, 0xFF, 0x40, 0x00, 0x6F, 0xFF, 0xF8, 0x00, 0x00, 0x08, 0xFF, 0xFF, 0xD3,
    0x15, 0xEF, 0xFF, 0xF8, 0x00, 0x00, 0x05, 0xFF, 0xFF, 0xFF, 0xFF, 0xFF, 0xFF, 0xF8, 0x00, 0x00,
    0x01, 0xFF, 0xFF, 0xFF, 0xFF, 0xFF, 0xFF, 0xF8, 0x00, 0x00, 0x00, 0x7F, 0xFF, 0xFF, 0xFF, 0x7F,
    0xFF, 0xF8, 0x00, 0x00, 0x00, 0x07, 0xFF, 0xFF, 0xE5, 0x2F, 0xFF, 0xF8, 0x00, 0x00, 0x00, 0x00,
    0x04, 0x53, 0x00, 0x00, 0x00, 0x00, 0x00, 0x00, 0x00, 0x00, 0x00, 0x00, 0x31, 0x00, 0x00, 0x00,
    0x00, 0x00, 0x00, 0x00, 0x00, 0x00, 0x00, 0x03, 0xFD, 0x00, 0x00, 0x00, 0x00, 0x00, 0x00, 0x00,
    0x00, 0x00, 0x00, 0x2E, 0xFF, 0xB0, 0x00, 0x00, 0x00, 0x00, 0x00, 0x00, 0x00, 0x00, 0x00, 0xEF,
    0xFF, 0xF9, 0x00, 0x00, 0x00, 0x00, 0x10, 0x00, 0x00, 0x00, 0x00, 0x4E, 0xFF, 0xFF, 0x70, 0x00,
    0x00, 0x06, 0xF4, 0x00, 0x00, 0x00, 0x00, 0x00, 0x9F, 0xFF, 0x90, 0x00, 0x00, 0xAF, 0xFD, 0x00,
    0x00, 0x00, 0x00, 0x00, 0x03, 0xD8, 0x00, 0x00, 0x01, 0xFF, 0xFF, 0x20, 0x00, 0x00, 0x00, 0x00,
    0x00, 0x00, 0x00, 0x00, 0x00, 0xEF, 0xFF, 0x30, 0x03, 0xBB, 0xBB, 0x60, 0x00, 0x00, 0x01, 0xBB,
    0xFF, 0xFF, 0xFF, 0x00, 0x05, 0xFF, 0xFF, 0x80, 0x00, 0x00, 0x01, 0xFF, 0xFF, 0xFF, 0xFA, 0x00,
    0x05, 0xFF, 0xFF, 0x80, 0x00, 0x00, 0x01, 0xFF, 0xFF, 0xFF, 0xB0, 0x00, 0x05, 0xFF, 0xFF, 0x80,
    0x00, 0x00, 0x01, 0xFF, 0xFF, 0xF3, 0x00, 0x00, 0x05, 0xFF, 0xFF, 0x80, 0x00, 0x00, 0x01, 0xFF,
    0xFF, 0xC0, 0x00, 0x00, 0x05, 0xFF, 0xFF, 0x80, 0x00, 0x00, 0x01, 0xFF, 0xFF, 0xC0, 0x00, 0x00,
    0x05, 0xFF, 0xFF, 0x80, 0x00, 0x00, 0x01, 0xFF, 0xFF, 0xC0, 0x00, 0x00, 0x05, 0xFF, 0xFF, 0x80,
    0x00, 0x00, 0x01, 0xFF, 0xFF, 0xC0, 0x00, 0x00, 0x05, 0xFF, 0xFF, 0x80, 0x00, 0x00, 0x01, 0xFF,
    0xFF, 0xC0, 0x00, 0x00, 0x05, 0xFF, 0xFF, 0x80, 0x00, 0x00, 0x01, 0xFF, 0xFF, 0xC0, 0x00, 0x00,
    0x05, 0xFF, 0xFF, 0x80, 0x00, 0x00, 0x01, 0xFF, 0xFF, 0xC0, 0x00, 0x00, 0x05, 0xFF, 0xFF, 0x80,
    0x00, 0x00, 0x01, 0xFF, 0xFF, 0xC0, 0x00, 0x00, 0x05, 0xFF, 0xFF, 0x80, 0x00, 0x00, 0x01, 0xFF,
    0xFF, 0xC0, 0x00, 0x00, 0x04, 0xFF, 0xFF, 0x90, 0x00, 0x00, 0x02, 0xFF, 0xFF, 0xB0, 0x00, 0x00,
    0x03, 0xFF, 0xFF, 0xD0, 0x00, 0x00, 0x05, 0xFF, 0xFF, 0xA0, 0x00, 0x00, 0x00, 0xFF, 0xFF, 0xF5,
    0x00, 0x00, 0x0D, 0xFF, 0xFF, 0x70, 0x00, 0x00, 0x00, 0xBF, 0xFF, 0xFF, 0x94, 0x46, 0xDF, 0xFF,
    0xFF, 0x20, 0x00, 0x00, 0x00, 0x4F, 0xFF, 0xFF, 0xFF, 0xFF, 0xFF, 0xFF, 0xFA, 0x00, 0x00, 0x00,
    0x00, 0x08, 0xFF, 0xFF, 0xFF, 0xFF, 0xFF, 0xFF, 0xE1, 0x00, 0x00, 0x00, 0x00, 0x00, 0x8F, 0xFF,
    0xFF, 0xFF, 0xFF, 0xFD, 0x20, 0x00, 0x00, 0x00, 0x00, 0x00, 0x04, 0xAF, 0xFF, 0xFF, 0xFD, 0x70,
    0x00, 0x00, 0x00, 0x00, 0x00, 0x00, 0x00, 0x00, 0x34, 0x53, 0x10, 0x00, 0x00, 0x00, 0x00, 0x00,
    0x00, 0x00, 0x00, 0x01, 0x00, 0x00, 0x00, 0x00, 0x00, 0x00, 0x00, 0x00, 0x00, 0xCC, 0x00, 0x00,
    0x00, 0x00, 0x00, 0x00, 0x00, 0x00, 0x1C, 0xFF, 0x70, 0x00, 0x00, 0x00, 0x00, 0x00, 0x00, 0x00,
    0xDF, 0xFF, 0xF2, 0x00, 0x00, 0x00, 0x00, 0x00, 0x00, 0x00, 0x6F, 0xFF, 0xFD, 0x00, 0x00, 0x00,
    0x02, 0x00, 0x00, 0x00, 0x04, 0xFF, 0xFF, 0x80, 0x00, 0x01, 0xBF, 0x20, 0x00, 0x00, 0x00, 0x2D,
    0xFF, 0x50, 0x00, 0x3E, 0xFF, 0xB0, 0x00, 0x00, 0x00, 0x01, 0xB4, 0x00, 0x00, 0x3F, 0xFF, 0xF0,
    0x00, 0x00, 0x00, 0x00, 0x00, 0x00, 0x00, 0x3F, 0xFF, 0xF0, 0x07, 0xDD, 0xDD, 0x10, 0x00, 0x2D,
    0xDF, 0xFF, 0xFF, 0xC0, 0x09, 0xFF, 0xFF, 0x20, 0x00, 0x2F, 0xFF, 0xFF, 0xFF, 0x40, 0x09, 0xFF,
    0xFF, 0x20, 0x00, 0x2F, 0xFF, 0xFF, 0xF6, 0x00, 0x09, 0xFF, 0xFF, 0x20, 0x00, 0x2F, 0xFF, 0xFE,
    0x00, 0x00, 0x09, 0xFF, 0xFF, 0x20, 0x00, 0x2F, 0xFF, 0xF8, 0x00, 0x00, 0x09, 0xFF, 0xFF, 0x20,
    0x00, 0x2F, 0xFF, 0xF8, 0x00, 0x00, 0x09, 0xFF, 0xFF, 0x20, 0x00, 0x2F, 0xFF, 0xF8, 0x00, 0x00,
    0x09, 0xFF, 0xFF, 0x20, 0x00, 0x2F, 0xFF, 0xF8, 0x00, 0x00, 0x09, 0xFF, 0xFF, 0x20, 0x00, 0x2F,
    0xFF, 0xF8, 0x00, 0x00, 0x09, 0xFF, 0xFF, 0x20, 0x00, 0x2F, 0xFF, 0xF8, 0x00, 0x00, 0x09, 0xFF,
    0xFF, 0x40, 0x00, 0x6F, 0xFF, 0xF8, 0x00, 0x00, 0x08, 0xFF, 0xFF, 0xD3, 0x15, 0xEF, 0xFF, 0xF8,
    0x00, 0x00, 0x05, 0xFF, 0xFF, 0xFF, 0xFF, 0xFF, 0xFF, 0xF8, 0x00, 0x00, 0x01, 0xFF, 0xFF, 0xFF,
    0xFF, 0xFF, 0xFF, 0xF8, 0x00, 0x00, 0x00, 0x7F, 0xFF, 0xFF, 0xFF, 0x7F, 0xFF, 0xF8, 0x00, 0x00,
    0x00, 0x07, 0xFF, 0xFF, 0xE5, 0x2F, 0xFF, 0xF8, 0x00, 0x00, 0x00, 0x00, 0x04, 0x53, 0x00, 0x00,
    0x00, 0x00, 0x00, 0x00, 0x00, 0x00, 0x00, 0x01, 0x57, 0x75, 0x10, 0x00, 0x00, 0x00, 0x00, 0x00,
    0x00, 0x00, 0x00, 0x2F, 0xFF, 0xFF, 0xF5, 0x00, 0x00, 0x00, 0x00, 0x00, 0x00, 0x00, 0x00, 0x0D,
    0xFF, 0xFF, 0xFE, 0x00, 0x00, 0x00, 0x10, 0x00, 0x00, 0x00, 0x00, 0x04, 0x31, 0x9F, 0xFF, 0x00,
    0x00, 0x06, 0xF4, 0x00, 0x00, 0x00, 0x00, 0x00, 0x0E, 0xFF, 0xFA, 0x00, 0x00, 0xAF, 0xFD, 0x00,
    0x00, 0x00, 0x00, 0x00, 0x09, 0xFD, 0x70, 0x00, 0x01, 0xFF, 0xFF, 0x20, 0x00, 0x00, 0x00, 0x00,
    0x00, 0x00, 0x00, 0x00, 0x00, 0xEF, 0xFF, 0x30, 0x03, 0xBB, 0xBB, 0x60, 0x00, 0x00, 0x01, 0xBB,
    0xFF, 0xFF, 0xFF, 0x00, 0x05, 0xFF, 0xFF, 0x80, 0x00, 0x00, 0x01, 0xFF, 0xFF, 0xFF, 0xFA, 0x00,
    0x05, 0xFF, 0xFF, 0x80, 0x00, 0x00, 0x01, 0xFF, 0xFF, 0xFF, 0xB0, 0x00, 0x05, 0xFF, 0xFF, 0x80,
    0x00, 0x00, 0x01, 0xFF, 0xFF, 0xF3, 0x00, 0x00, 0x05, 0xFF, 0xFF, 0x80, 0x00, 0x00, 0x01, 0xFF,
    0xFF, 0xC0, 0x00, 0x00, 0x05, 0xFF, 0xFF, 0x80, 0x00, 0x00, 0x01, 0xFF, 0xFF, 0xC0, 0x00, 0x00,
    0x05, 0xFF, 0xFF, 0x80, 0x00, 0x00, 0x01, 0xFF, 0xFF, 0xC0, 0x00, 0x00, 0x05, 0xFF, 0xFF, 0x80,
    0x00, 0x00, 0x01, 0xFF, 0xFF, 0xC0, 0x00, 0x00, 0x05, 0xFF, 0xFF, 0x80, 0x00, 0x00, 0x01, 0xFF,
    0xFF, 0xC0, 0x00, 0x00, 0x05, 0xFF, 0xFF, 0x80, 0x00, 0x00, 0x01, 0xFF, 0xFF, 0xC0, 0x00, 0x00,
    0x05, 0xFF, 0xFF, 0x80, 0x00, 0x00, 0x01, 0xFF, 0xFF, 0xC0, 0x00, 0x00, 0x05, 0xFF, 0xFF, 0x80,
    0x00, 0x00, 0x01, 0xFF, 0xFF, 0xC0, 0x00, 0x00, 0x05, 0xFF, 0xFF, 0x80, 0x00, 0x00, 0x01, 0xFF,
    0xFF, 0xC0, 0x00, 0x00, 0x04, 0xFF, 0xFF, 0x90, 0x00, 0x00, 0x02, 0xFF, 0xFF, 0xB0, 0x00, 0x00,
    0x03, 0xFF, 0xFF, 0xD0, 0x00, 0x00, 0x05, 0xFF, 0xFF, 0xA0, 0x00, 0x00, 0x00, 0xFF, 0xFF, 0xF5,
    0x00, 0x00, 0x0D, 0xFF, 0xFF, 0x70, 0x00, 0x00, 0x00, 0xBF, 0xFF, 0xFF, 0x94, 0x46, 0xDF, 0xFF,
    0xFF, 0x20, 0x00, 0x00, 0x00, 0x4F, 0xFF, 0xFF, 0xFF, 0xFF, 0xFF, 0xFF, 0xFA, 0x00, 0x00, 0x00,
    0x00, 0x08, 0xFF, 0xFF, 0xFF, 0xFF, 0xFF, 0xFF, 0xE1, 0x00, 0x00, 0x00, 0x00, 0x00, 0x8F, 0xFF,
    0xFF, 0xFF, 0xFF, 0xFD, 0x20, 0x00, 0x00, 0x00, 0x00, 0x00, 0x04, 0xAF, 0xFF, 0xFF, 0xFD, 0x70,
    0x00, 0x00, 0x00, 0x00, 0x00, 0x00, 0x00, 0x00, 0x34, 0x53, 0x10, 0x00, 0x00, 0x00, 0x00, 0x00,
    0x00, 0x00, 0x00, 0x00, 0x10, 0x00, 0x00, 0x00, 0x00, 0x00, 0x00, 0x00, 0x06, 0xCF, 0xFF, 0xB2,
    0x00, 0x00, 0x00, 0x00, 0x00, 0x00, 0x0B, 0xFF, 0xFF, 0xFE, 0x10, 0x00, 0x00, 0x00, 0x00, 0x00,
    0x05, 0xFF, 0xFF, 0xFF, 0x50, 0x00, 0x00, 0x00, 0x00, 0x00, 0x00, 0x20, 0x2F, 0xFF, 0x60, 0x00,
    0x02, 0x00, 0x00, 0x00, 0x00, 0x08, 0xFF, 0xFF, 0x20, 0x01, 0xBF, 0x20, 0x00, 0x00, 0x00, 0x06,
    0xFF, 0xF6, 0x00, 0x3E, 0xFF, 0xB0, 0x00, 0x00, 0x00, 0x01, 0xA7, 0x10, 0x00, 0x3F, 0xFF, 0xF0,
    0x00, 0x00, 0x00, 0x00, 0x00, 0x00, 0x00, 0x3F, 0xFF, 0xF0, 0x07, 0xDD, 0xDD, 0x10, 0x00, 0x2D,
    0xDF, 0xFF, 0xFF, 0xC0, 0x09, 0xFF, 0xFF, 0x20, 0x00, 0x2F, 0xFF, 0xFF, 0xFF, 0x40, 0x09, 0xFF,
    0xFF, 0x20, 0x00, 0x2F, 0xFF, 0xFF, 0xF6, 0x00, 0x09, 0xFF, 0xFF, 0x20, 0x00, 0x2F, 0xFF, 0xFE,
    0x00, 0x00, 0x09, 0xFF, 0xFF, 0x20, 0x00, 0x2F, 0xFF, 0xF8, 0x00, 0x00, 0x09, 0xFF, 0xFF, 0x20,
    0x00, 0x2F, 0xFF, 0xF8, 0x00, 0x00, 0x09, 0xFF, 0xFF, 0x20, 0x00, 0x2F, 0xFF, 0xF8, 0x00, 0x00,
    0x09, 0xFF, 0xFF, 0x20, 0x00, 0x2F, 0xFF, 0xF8, 0x00, 0x00, 0x09, 0xFF, 0xFF, 0x20, 0x00, 0x2F,
    0xFF, 0xF8, 0x00, 0x00, 0x09, 0xFF, 0xFF, 0x20, 0x00, 0x2F, 0xFF, 0xF8, 0x00, 0x00, 0x09, 0xFF,
    0xFF, 0x40, 0x00, 0x6F, 0xFF, 0xF8, 0x00, 0x00, 0x08, 0xFF, 0xFF, 0xD3, 0x15, 0xEF, 0xFF, 0xF8,
    0x00, 0x00, 0x05, 0xFF, 0xFF, 0xFF, 0xFF, 0xFF, 0xFF, 0xF8, 0x00, 0x00, 0x01, 0xFF, 0xFF, 0xFF,
    0xFF, 0xFF, 0xFF, 0xF8, 0x00, 0x00, 0x00, 0x7F, 0xFF, 0xFF, 0xFF, 0x7F, 0xFF, 0xF8, 0x00, 0x00,
    0x00, 0x07, 0xFF, 0xFF, 0xE5, 0x2F, 0xFF, 0xF8, 0x00, 0x00, 0x00, 0x00, 0x04, 0x53, 0x00, 0x00,
    0x00, 0x00, 0x00, 0x00, 0x00, 0x00, 0x00, 0x00, 0x00, 0x00, 0x01, 0x00, 0x00, 0x00, 0x00, 0x00,
    0x00, 0x00, 0x00, 0xAF, 0xF9, 0x00, 0x1F, 0x91, 0x00, 0x00, 0x00, 0x00, 0x00, 0x00, 0x0A, 0xFF,
    0xFF, 0xC5, 0xBF, 0xFE, 0x00, 0x00, 0x10, 0x00, 0x00, 0x00, 0x4F, 0xFF, 0xFF, 0xFF, 0xFF, 0xFA,
    0x00, 0x06, 0xF4, 0x00, 0x00, 0x00, 0x9F, 0xFF, 0xAF, 0xFF, 0xFF, 0xF3, 0x00, 0xAF, 0xFD, 0x00,
    0x00, 0x00, 0x07, 0xF5, 0x03, 0xEF, 0xFF, 0x70, 0x01, 0xFF, 0xFF, 0x20, 0x00, 0x00, 0x00, 0x10,
    0x00, 0x05, 0x62, 0x00, 0x00, 0xEF, 0xFF, 0x30, 0x03, 0xBB, 0xBB, 0x60, 0x00, 0x00, 0x01, 0xBB,
    0xFF, 0xFF, 0xFF, 0x00, 0x05, 0xFF, 0xFF, 0x80, 0x00, 0x00, 0x01, 0xFF, 0xFF, 0xFF, 0xFA, 0x00,
    0x05, 0xFF, 0xFF, 0x80, 0x00, 0x00, 0x01, 0xFF, 0xFF, 0xFF, 0xB0, 0x00, 0x05, 0xFF, 0xFF, 0x80,
    0x00, 0x00, 0x01, 0xFF, 0xFF, 0xF3, 0x00, 0x00, 0x05, 0xFF, 0xFF, 0x80, 0x00, 0x00, 0x01, 0xFF,
    0xFF, 0xC0, 0x00, 0x00, 0x05, 0xFF, 0xFF, 0x80, 0x00, 0x00, 0x01, 0xFF, 0xFF, 0xC0, 0x00, 0x00,
    0x05, 0xFF, 0xFF, 0x80, 0x00, 0x00, 0x01, 0xFF, 0xFF, 0xC0, 0x00, 0x00, 0x05, 0xFF, 0xFF, 0x80,
    0x00, 0x00, 0x01, 0xFF, 0xFF, 0xC0, 0x00, 0x00, 0x05, 0xFF, 0xFF, 0x80, 0x00, 0x00, 0x01, 0xFF,
    0xFF, 0xC0, 0x00, 0x00, 0x05, 0xFF, 0xFF, 0x80, 0x00, 0x00, 0x01, 0xFF, 0xFF, 0xC0, 0x00, 0x00,
    0x05, 0xFF, 0xFF, 0x80, 0x00, 0x00, 0x01, 0xFF, 0xFF, 0xC0, 0x00, 0x00, 0x05, 0xFF, 0xFF, 0x80,
    0x00, 0x00, 0x01, 0xFF, 0xFF, 0xC0, 0x00, 0x00, 0x05, 0xFF, 0xFF, 0x80, 0x00, 0x00, 0x01, 0xFF,
    0xFF, 0xC0, 0x00, 0x00, 0x04, 0xFF, 0xFF, 0x90, 0x00, 0x00, 0x02, 0xFF, 0xFF, 0xB0, 0x00, 0x00,
    0x03, 0xFF, 0xFF, 0xD0, 0x00, 0x00, 0x05, 0xFF, 0xFF, 0xA0, 0x00, 0x00, 0x00, 0xFF, 0xFF, 0xF5,
    0x00, 0x00, 0x0D, 0xFF, 0xFF, 0x70, 0x00, 0x00, 0x00, 0xBF, 0xFF, 0xFF, 0x94, 0x46, 0xDF, 0xFF,
    0xFF, 0x20, 0x00, 0x00, 0x00, 0x4F, 0xFF, 0xFF, 0xFF, 0xFF, 0xFF, 0xFF, 0xFA, 0x00, 0x00, 0x00,
    0x00, 0x08, 0xFF, 0xFF, 0xFF, 0xFF, 0xFF, 0xFF, 0xE1, 0x00, 0x00, 0x00, 0x00, 0x00, 0x8F, 0xFF,
    0xFF, 0xFF, 0xFF, 0xFD, 0x20, 0x00, 0x00, 0x00, 0x00, 0x00, 0x04, 0xAF, 0xFF, 0xFF, 0xFD, 0x70,
    0x00, 0x00, 0x00, 0x00, 0x00, 0x00, 0x00, 0x00, 0x34, 0x53, 0x10, 0x00, 0x00, 0x00, 0x00, 0x00,
    0x00, 0x00, 0x02, 0x42, 0x00, 0x02, 0x30, 0x00, 0x00, 0x00, 0x00, 0x00, 0x8F, 0xFF, 0x80, 0x0A,
    0xFA, 0x20, 0x00, 0x00, 0x00, 0x05, 0xFF, 0xFF, 0xFC, 0xAF, 0xFF, 0x60, 0x02, 0x00, 0x00, 0x0D,
    0xFF, 0xFF, 0xFF, 0xFF, 0xFF, 0x11, 0xBF, 0x20, 0x00, 0x1D, 0xFF, 0x89, 0xFF, 0xFF, 0xF8, 0x3E,
    0xFF, 0xB0, 0x00, 0x00, 0x7A, 0x00, 0x4E, 0xFF, 0x90, 0x3F, 0xFF, 0xF0, 0x00, 0x00, 0x00, 0x00,
    0x00, 0x10, 0x00, 0x3F, 0xFF, 0xF0, 0x07, 0xDD, 0xDD, 0x10, 0x00, 0x2D, 0xDF, 0xFF, 0xFF, 0xC0,
    0x09, 0xFF, 0xFF, 0x20, 0x00, 0x2F, 0xFF, 0xFF, 0xFF, 0x40, 0x09, 0xFF, 0xFF, 0x20, 0x00, 0x2F,
    0xFF, 0xFF, 0xF6, 0x00, 0x09, 0xFF, 0xFF, 0x20, 0x00, 0x2F, 0xFF, 0xFE, 0x00, 0x00, 0x09, 0xFF,
    0xFF, 0x20, 0x00, 0x2F, 0xFF, 0xF8, 0x00, 0x00, 0x09, 0xFF, 0xFF, 0x20, 0x00, 0x2F, 0xFF, 0xF8,
    0x00, 0x00, 0x09, 0xFF, 0xFF, 0x20, 0x00, 0x2F, 0xFF, 0xF8, 0x00, 0x00, 0x09, 0xFF, 0xFF, 0x20,
    0x00, 0x2F, 0xFF, 0xF8, 0x00, 0x00, 0x09, 0xFF, 0xFF, 0x20, 0x00, 0x2F, 0xFF, 0xF8, 0x00, 0x00,
    0x09, 0xFF, 0xFF, 0x20, 0x00, 0x2F, 0xFF, 0xF8, 0x00, 0x00, 0x09, 0xFF, 0xFF, 0x40, 0x00, 0x6F,
    0xFF, 0xF8, 0x00, 0x00, 0x08, 0xFF, 0xFF, 0xD3, 0x15, 0xEF, 0xFF, 0xF8, 0x00, 0x00, 0x05, 0xFF,
    0xFF, 0xFF, 0xFF, 0xFF, 0xFF, 0xF8, 0x00, 0x00, 0x01, 0xFF, 0xFF, 0xFF, 0xFF, 0xFF, 0xFF, 0xF8,
    0x00, 0x00, 0x00, 0x7F, 0xFF, 0xFF, 0xFF, 0x7F, 0xFF, 0xF8, 0x00, 0x00, 0x00, 0x07, 0xFF, 0xFF,
    0xE5, 0x2F, 0xFF, 0xF8, 0x00, 0x00, 0x00, 0x00, 0x04, 0x53, 0x00, 0x00, 0x00, 0x00, 0x00, 0x00,
    0x00, 0x00, 0x00, 0x00, 0x00, 0x00, 0x00, 0x00, 0x00, 0x00, 0x10, 0x00, 0x00, 0x00, 0x00, 0x00,
    0x00, 0x00, 0x00, 0x00, 0x00, 0x06, 0xF4, 0x00, 0x00, 0x00, 0x00, 0x00, 0x00, 0x00, 0x00, 0x00,
    0x00, 0xAF, 0xFD, 0x00, 0x00, 0x00, 0x00, 0x00, 0x00, 0x00, 0x00, 0x00, 0x01, 0xFF, 0xFF, 0x20,
    0x00, 0x00, 0x00, 0x00, 0x00, 0x00, 0x00, 0x00, 0x00, 0xEF, 0xFF, 0x30, 0x03, 0xBB, 0xBB, 0x60,
    0x00, 0x00, 0x01, 0xBB, 0xFF, 0xFF, 0xFF, 0x00, 0x05, 0xFF, 0xFF, 0x80, 0x00, 0x00, 0x01, 0xFF,
    0xFF, 0xFF, 0xFA, 0x00, 0x05, 0xFF, 0xFF, 0x80, 0x00, 0x00, 0x01, 0xFF, 0xFF, 0xFF, 0xB0, 0x00,
    0x05, 0xFF, 0xFF, 0x80, 0x00, 0x00, 0x01, 0xFF, 0xFF, 0xF3, 0x00, 0x00, 0x05, 0xFF, 0xFF, 0x80,
    0x00, 0x00, 0x01, 0xFF, 0xFF, 0xC0, 0x00, 0x00, 0x05, 0xFF, 0xFF, 0x80, 0x00, 0x00, 0x01, 0xFF,
    0xFF, 0xC0, 0x00, 0x00, 0x05, 0xFF, 0xFF, 0x80, 0x00, 0x00, 0x01, 0xFF, 0xFF, 0xC0, 0x00, 0x00,
    0x05, 0xFF, 0xFF, 0x80, 0x00, 0x00, 0x01, 0xFF, 0xFF, 0xC0, 0x00, 0x00, 0x05, 0xFF, 0xFF, 0x80,
    0x00, 0x00, 0x01, 0xFF, 0xFF, 0xC0, 0x00, 0x00, 0x05, 0xFF, 0xFF, 0x80, 0x00, 0x00, 0x01, 0xFF,
    0xFF, 0xC0, 0x00, 0x00, 0x05, 0xFF, 0xFF, 0x80, 0x00, 0x00, 0x01, 0xFF, 0xFF, 0xC0, 0x00, 0x00,
    0x05, 0xFF, 0xFF, 0x80, 0x00, 0x00, 0x01, 0xFF, 0xFF, 0xC0, 0x00, 0x00, 0x05, 0xFF, 0xFF, 0x80,
    0x00, 0x00, 0x01, 0xFF, 0xFF, 0xC0, 0x00, 0x00, 0x04, 0xFF, 0xFF, 0x90, 0x00, 0x00, 0x02, 0xFF,
    0xFF, 0xB0, 0x00, 0x00, 0x03, 0xFF, 0xFF, 0xD0, 0x00, 0x00, 0x05, 0xFF, 0xFF, 0xA0, 0x00, 0x00,
    0x00, 0xFF, 0xFF, 0xF5, 0x00, 0x00, 0x0D, 0xFF, 0xFF, 0x70, 0x00, 0x00, 0x00, 0xBF, 0xFF, 0xFF,
    0x94, 0x46, 0xDF, 0xFF, 0xFF, 0x20, 0x00, 0x00, 0x00, 0x4F, 0xFF, 0xFF, 0xFF, 0xFF, 0xFF, 0xFF,
    0xFA, 0x00, 0x00, 0x00, 0x00, 0x08, 0xFF, 0xFF, 0xFF, 0xFF, 0xFF, 0xFF, 0xE1, 0x00, 0x00, 0x00,
    0x00, 0x00, 0x8F, 0xFF, 0xFF, 0xFF, 0xFF, 0xFD, 0x20, 0x00, 0x00, 0x00, 0x00, 0x00, 0x04, 0xAF,
    0xFF, 0xFF, 0xFD, 0x70, 0x00, 0x00, 0x00, 0x00, 0x00, 0x00, 0x00, 0x00, 0x34, 0x53, 0x10, 0x00,
    0x00, 0x00, 0x00, 0x00, 0x00, 0x00, 0x00, 0x00, 0x00, 0x00, 0x00, 0x00, 0x00, 0x00, 0x00, 0x00,
    0x00, 0x00, 0x00, 0x00, 0x00, 0x00, 0x00, 0x00, 0x00, 0x00, 0x00, 0x00, 0x00, 0x00, 0x00, 0x00,
    0x4C, 0xD9, 0x00, 0x00, 0x00, 0x00, 0x00, 0x00, 0x00, 0x00, 0x00, 0x02, 0xFF, 0xFF, 0xA0, 0x00,
    0x00, 0x00, 0x00, 0x00, 0x00, 0x00, 0x00, 0x07, 0xFF, 0xFF, 0xE0, 0x00, 0x00, 0x00, 0x00, 0x00,
    0x00, 0x00, 0x00, 0x06, 0xFF, 0xFF, 0xE0, 0x00, 0x00, 0x00, 0x00, 0x00, 0x00, 0x00, 0x00, 0x01,
    0xEF, 0xFF, 0x70, 0x00, 0x00, 0x00, 0x00, 0x00, 0x00, 0x00, 0x00, 0x00, 0x18, 0x95, 0x00, 0x00,
    0x00, 0x00, 0x00, 0x00, 0x00, 0x00, 0x00, 0x00, 0x00, 0x00, 0x00, 0x00, 0x02, 0x00, 0x00, 0x00,
    0x00, 0x00, 0x00, 0x00, 0x00, 0x01, 0xBF, 0x20, 0x00, 0x00, 0x00, 0x00, 0x00, 0x00, 0x00, 0x3E,
    0xFF, 0xB0, 0x00, 0x00, 0x00, 0x00, 0x00, 0x00, 0x00, 0x3F, 0xFF, 0xF0, 0x00, 0x00, 0x00, 0x00,
    0x00, 0x00, 0x00, 0x3F, 0xFF, 0xF0, 0x07, 0xDD, 0xDD, 0x10, 0x00, 0x2D, 0xDF, 0xFF, 0xFF, 0xC0,
    0x09, 0xFF, 0xFF, 0x20, 0x00, 0x2F, 0xFF, 0xFF, 0xFF, 0x40, 0x09, 0xFF, 0xFF, 0x20, 0x00, 0x2F,
    0xFF, 0xFF, 0xF6, 0x00, 0x09, 0xFF, 0xFF, 0x20, 0x00, 0x2F, 0xFF, 0xFE, 0x00, 0x00, 0x09, 0xFF,
    0xFF, 0x20, 0x00, 0x2F, 0xFF, 0xF8, 0x00, 0x00, 0x09, 0xFF, 0xFF, 0x20, 0x00, 0x2F, 0xFF, 0xF8,
    0x00, 0x00, 0x09, 0xFF, 0xFF, 0x20, 0x00, 0x2F, 0xFF, 0xF8, 0x00, 0x00, 0x09, 0xFF, 0xFF, 0x20,
    0x00, 0x2F, 0xFF, 0xF8, 0x00, 0x00, 0x09, 0xFF, 0xFF, 0x20, 0x00, 0x2F, 0xFF, 0xF8, 0x00, 0x00,
    0x09, 0xFF, 0xFF, 0x20, 0x00, 0x2F, 0xFF, 0xF8, 0x00, 0x00, 0x09, 0xFF, 0xFF, 0x40, 0x00, 0x6F,
    0xFF, 0xF8, 0x00, 0x00, 0x08, 0xFF, 0xFF, 0xD3, 0x15, 0xEF, 0xFF, 0xF8, 0x00, 0x00, 0x05, 0xFF,
    0xFF, 0xFF, 0xFF, 0xFF, 0xFF, 0xF8, 0x00, 0x00, 0x01, 0xFF, 0xFF, 0xFF, 0xFF, 0xFF, 0xFF, 0xF8,
    0x00, 0x00, 0x00, 0x7F, 0xFF, 0xFF, 0xFF, 0x7F, 0xFF, 0xF8, 0x00, 0x00, 0x00, 0x07, 0xFF, 0xFF,
    0xE5, 0x2F, 0xFF, 0xF8, 0x00, 0x00, 0x00, 0x00, 0x04, 0x53, 0x00, 0x00, 0x00, 0x00, 0x00, 0x00,
    0x00, 0x00, 0x00, 0x01, 0x55, 0x10, 0x00, 0x00, 0x00, 0x00, 0x00, 0x00, 0x00, 0x2E, 0xFF, 0xE2,
    0x00, 0x00, 0x00, 0x00, 0x00, 0x00, 0x00, 0x9F, 0xFF, 0xF9, 0x00, 0x00, 0x00, 0x00, 0x00, 0x00,
    0x00, 0xBF, 0xFF, 0xFB, 0x00, 0x00, 0x00, 0x00, 0x00, 0x00, 0x00, 0x7F, 0xFF, 0xF7, 0x00, 0x00,
    0x00, 0x00, 0x00, 0x00, 0x00, 0x0A, 0xFF, 0xA0, 0x00, 0x00, 0x00, 0x00, 0x00, 0x00, 0x00, 0x00,
    0x00, 0x00, 0x00, 0x00, 0x00, 0x00, 0x00, 0x00, 0x00, 0x00, 0x41, 0x00, 0x00, 0x00, 0x00, 0x00,
    0x00, 0x00, 0x00, 0x00, 0x03, 0xFC, 0x00, 0x00, 0x00, 0x00, 0x00, 0x00, 0x00, 0x00, 0x00, 0x3F,
    0xFF, 0xA0, 0x00, 0x00, 0x00, 0x00, 0x00, 0x00, 0x00, 0x01, 0xEF, 0xFF, 0xF8, 0x00, 0x00, 0x00,
    0x00, 0x00, 0x00, 0x00, 0x00, 0x5E, 0xFF, 0xFF, 0x60, 0x00, 0x00, 0x00, 0x00, 0x00, 0x00, 0x00,
    0x01, 0xAF, 0xFF, 0x80, 0x00, 0x00, 0x00, 0x00, 0x00, 0x00, 0x00, 0x00, 0x04, 0xE7, 0x00, 0x00,
    0x00, 0x00, 0x00, 0x00, 0x00, 0x00, 0x00, 0x00, 0x00, 0x00, 0x00, 0x00, 0x00, 0x00, 0x8B, 0xBB,
    0xBA, 0x00, 0x00, 0x00, 0x00, 0x8B, 0xBB, 0xBA, 0x00, 0x4F, 0xFF, 0xFF, 0x70, 0x00, 0x00, 0x03,
    0xFF, 0xFF, 0xF8, 0x00, 0x0B, 0xFF, 0xFF, 0xE0, 0x00, 0x00, 0x0A, 0xFF, 0xFF, 0xE0, 0x00, 0x02,
    0xFF, 0xFF, 0xF7, 0x00, 0x00, 0x2F, 0xFF, 0xFF, 0x50, 0x00, 0x00, 0x7F, 0xFF, 0xFE, 0x00, 0x00,
    0xAF, 0xFF, 0xFC, 0x00, 0x00, 0x00, 0x0D, 0xFF, 0xFF, 0x60, 0x02, 0xFF, 0xFF, 0xF2, 0x00, 0x00,
    0x00, 0x04, 0xFF, 0xFF, 0xE0, 0x0A, 0xFF, 0xFF, 0x90, 0x00, 0x00, 0x00, 0x00, 0xBF, 0xFF, 0xF6,
    0x2F, 0xFF, 0xFE, 0x00, 0x00, 0x00, 0x00, 0x00, 0x2F, 0xFF, 0xFD, 0xAF, 0xFF, 0xF6, 0x00, 0x00,
    0x00, 0x00, 0x00, 0x08, 0xFF, 0xFF, 0xFF, 0xFF, 0xC0, 0x00, 0x00, 0x00, 0x00, 0x00, 0x00, 0xDF,
    0xFF, 0xFF, 0xFF, 0x30, 0x00, 0x00, 0x00, 0x00, 0x00, 0x00, 0x4F, 0xFF, 0xFF, 0xF9, 0x00, 0x00,
    0x00, 0x00, 0x00, 0x00, 0x00, 0x0B, 0xFF, 0xFF, 0xE1, 0x00, 0x00, 0x00, 0x00, 0x00, 0x00, 0x00,
    0x04, 0xFF, 0xFF, 0x90, 0x00, 0x00, 0x00, 0x00, 0x00, 0x00, 0x00, 0x04, 0xFF, 0xFF, 0x90, 0x00,
    0x00, 0x00, 0x00, 0x00, 0x00, 0x00, 0x04, 0xFF, 0xFF, 0x90, 0x00, 0x00, 0x00, 0x00, 0x00, 0x00,
    0x00, 0x04, 0xFF, 0xFF, 0x90, 0x00, 0x00, 0x00, 0x00, 0x00, 0x00, 0x00, 0x04, 0xFF, 0xFF, 0x90,
    0x00, 0x00, 0x00, 0x00, 0x00, 0x00, 0x00, 0x04, 0xFF, 0xFF, 0x90, 0x00, 0x00, 0x00, 0x00, 0x00,
    0x00, 0x00, 0x04, 0xFF, 0xFF, 0x90, 0x00, 0x00, 0x00, 0x00, 0x00, 0x00, 0x00, 0x04, 0xFF, 0xFF,
    0x90, 0x00, 0x00, 0x00, 0x00, 0x00, 0x00, 0x00, 0x02, 0x00, 0x00, 0x00, 0x00, 0x00, 0x00, 0x00,
    0x00, 0x4F, 0x60, 0x00, 0x00, 0x00, 0x00, 0x00, 0x00, 0x05, 0xFF, 0xF2, 0x00, 0x00, 0x00, 0x00,
    0x00, 0x00, 0x5F, 0xFF, 0xFC, 0x00, 0x00, 0x00, 0x00, 0x00, 0x00, 0x0B, 0xFF, 0xFF, 0x70, 0x00,
    0x00, 0x00, 0x00, 0x00, 0x00, 0x9F, 0xFF, 0xF2, 0x00, 0x00, 0x00, 0x00, 0x00, 0x00, 0x07, 0xFF,
    0xC1, 0x00, 0x00, 0x00, 0x00, 0x00, 0x00, 0x00, 0x4B, 0x00, 0x00, 0x00, 0x00, 0x00, 0x00, 0x00,
    0x00, 0x00, 0x00, 0x00, 0x00, 0x00, 0x4D, 0xDD, 0xDB, 0x00, 0x00, 0x00, 0x6D, 0xDD, 0xD9, 0x0F,
    0xFF, 0xFF, 0x20, 0x00, 0x00, 0xCF, 0xFF, 0xF5, 0x09, 0xFF, 0xFF, 0x80, 0x00, 0x01, 0xFF, 0xFF,
    0xE0, 0x03, 0xFF, 0xFF, 0xD0, 0x00, 0x06, 0xFF, 0xFF, 0x80, 0x00, 0xCF, 0xFF, 0xF3, 0x00, 0x0B,
    0xFF, 0xFF, 0x20, 0x00, 0x6F, 0xFF, 0xF8, 0x00, 0x1F, 0xFF, 0xFC, 0x00, 0x00, 0x0F, 0xFF, 0xFE,
    0x00, 0x6F, 0xFF, 0xF6, 0x00, 0x00, 0x09, 0xFF, 0xFF, 0x30, 0xBF, 0xFF, 0xF0, 0x00, 0x00, 0x02,
    0xFF, 0xFF, 0x90, 0xFF, 0xFF, 0x90, 0x00, 0x00, 0x00, 0xCF, 0xFF, 0xE5, 0xFF, 0xFF, 0x30, 0x00,
    0x00, 0x00, 0x6F, 0xFF, 0xFE, 0xFF, 0xFD, 0x00, 0x00, 0x00, 0x00, 0x0F, 0xFF, 0xFF, 0xFF, 0xF6,
    0x00, 0x00, 0x00, 0x00, 0x09, 0xFF, 0xFF, 0xFF, 0xF1, 0x00, 0x00, 0x00, 0x00, 0x02, 0xFF, 0xFF,
    0xFF, 0xA0, 0x00, 0x00, 0x00, 0x00, 0x00, 0xCF, 0xFF, 0xFF, 0x30, 0x00, 0x00, 0x00, 0x00, 0x00,
    0x5F, 0xFF, 0xFD, 0x00, 0x00, 0x00, 0x00, 0x00, 0x00, 0x6F, 0xFF, 0xF7, 0x00, 0x00, 0x00, 0x00,
    0x00, 0x00, 0xCF, 0xFF, 0xF1, 0x00, 0x00, 0x00, 0x00, 0x00, 0x03, 0xFF, 0xFF, 0xA0, 0x00, 0x00,
    0x00, 0x00, 0x00, 0x0A, 0xFF, 0xFF, 0x40, 0x00, 0x00, 0x00, 0x00, 0x00, 0x1F, 0xFF, 0xFE, 0x00,
    0x00, 0x00, 0x00, 0x00, 0x00, 0x5C, 0xCC, 0xC6, 0x00, 0x00, 0x00, 0x00, 0x8B, 0xBB, 0xBA, 0x00,
    0x00, 0x00, 0x00, 0x8B, 0xBB, 0xBA, 0x00, 0x4F, 0xFF, 0xFF, 0x70, 0x00, 0x00, 0x03, 0xFF, 0xFF,
    0xF8, 0x00, 0x0B, 0xFF, 0xFF, 0xE0, 0x00, 0x00, 0x0A, 0xFF, 0xFF, 0xE0, 0x00, 0x02, 0xFF, 0xFF,
    0xF7, 0x00, 0x00, 0x2F, 0xFF, 0xFF, 0x50, 0x00, 0x00, 0x7F, 0xFF, 0xFE, 0x00, 0x00, 0xAF, 0xFF,
    0xFC, 0x00, 0x00, 0x00, 0x0D, 0xFF, 0xFF, 0x60, 0x02, 0xFF, 0xFF, 0xF2, 0x00, 0x00, 0x00, 0x04,
    0xFF, 0xFF, 0xE0, 0x0A, 0xFF, 0xFF, 0x90, 0x00, 0x00, 0x00, 0x00, 0xBF, 0xFF, 0xF6, 0x2F, 0xFF,
    0xFE, 0x00, 0x00, 0x00, 0x00, 0x00, 0x2F, 0xFF, 0xFD, 0xAF, 0xFF, 0xF6, 0x00, 0x00, 0x00, 0x00,
    0x00, 0x08, 0xFF, 0xFF, 0xFF, 0xFF, 0xC0, 0x00, 0x00, 0x00, 0x00, 0x00, 0x00, 0xDF, 0xFF, 0xFF,
    0xFF, 0x30, 0x00, 0x00, 0x00, 0x00, 0x00, 0x00, 0x4F, 0xFF, 0xFF, 0xF9, 0x00, 0x00, 0x00, 0x00,
    0x00, 0x00, 0x00, 0x0B, 0xFF, 0xFF, 0xE1, 0x00, 0x00, 0x00, 0x00, 0x00, 0x00, 0x00, 0x04, 0xFF,
    0xFF, 0x90, 0x00, 0x00, 0x00, 0x00, 0x00, 0x00, 0x00, 0x04, 0xFF, 0xFF, 0x90, 0x00, 0x00, 0x00,
    0x00, 0x00, 0x00, 0x00, 0x04, 0xFF, 0xFF, 0x90, 0x00, 0x00, 0x00, 0x00, 0x00, 0x00, 0x00, 0x04,
    0xFF, 0xFF, 0x90, 0x00, 0x00, 0x00, 0x00, 0x00, 0x00, 0x00, 0x04, 0xFF, 0xFF, 0x90, 0x00, 0x00,
    0x00, 0x00, 0x00, 0x00, 0x00, 0x04, 0xFF, 0xFF, 0x90, 0x00, 0x00, 0x00, 0x00, 0x00, 0x00, 0x00,
    0x04, 0xFF, 0xFF, 0x90, 0x00, 0x00, 0x00, 0x00, 0x00, 0x00, 0x00, 0x04, 0xFF, 0xFF, 0x90, 0x00,
    0x00, 0x00, 0x00, 0x00, 0x00, 0x00, 0x00, 0x00, 0x00, 0x00, 0x00, 0x00, 0x00, 0x00, 0x00, 0x00,
    0x00, 0x00, 0x00, 0x00, 0x00, 0x00, 0x00, 0x00, 0x00, 0x00, 0x00, 0x00, 0x00, 0x00, 0x00, 0x00,
    0x00, 0x00, 0x00, 0x00, 0x00, 0x00, 0x00, 0x00, 0x5C, 0xD8, 0x00, 0x00, 0x00, 0x00, 0x00, 0x00,
    0x00, 0x00, 0x03, 0xFF, 0xFF, 0x80, 0x00, 0x00, 0x00, 0x00, 0x00, 0x00, 0x00, 0x08, 0xFF, 0xFF,
    0xD0, 0x00, 0x00, 0x00, 0x00, 0x00, 0x00, 0x00, 0x07, 0xFF, 0xFF, 0xC0, 0x00, 0x00, 0x00, 0x00,
    0x00, 0x00, 0x00, 0x02, 0xFF, 0xFF, 0x60, 0x00, 0x00, 0x00, 0x00, 0x00, 0x00, 0x00, 0x00, 0x28,
    0x94, 0x00, 0x00, 0x00, 0x00, 0x00, 0x4D, 0xDD, 0xDB, 0x00, 0x00, 0x00, 0x6D, 0xDD, 0xD9, 0x00,
    0x0F, 0xFF, 0xFF, 0x20, 0x00, 0x00, 0xCF, 0xFF, 0xF5, 0x00, 0x09, 0xFF, 0xFF, 0x80, 0x00, 0x01,
    0xFF, 0xFF, 0xE0, 0x00, 0x03, 0xFF, 0xFF, 0xD0, 0x00, 0x06, 0xFF, 0xFF, 0x80, 0x00, 0x00, 0xCF,
    0xFF, 0xF3, 0x00, 0x0B, 0xFF, 0xFF, 0x20, 0x00, 0x00, 0x6F, 0xFF, 0xF8, 0x00, 0x1F, 0xFF, 0xFC,
    0x00, 0x00, 0x00, 0x0F, 0xFF, 0xFE, 0x00, 0x6F, 0xFF, 0xF6, 0x00, 0x00, 0x00, 0x09, 0xFF, 0xFF,
    0x30, 0xBF, 0xFF, 0xF0, 0x00, 0x00, 0x00, 0x02, 0xFF, 0xFF, 0x90, 0xFF, 0xFF, 0x90, 0x00, 0x00,
    0x00, 0x00, 0xCF, 0xFF, 0xE5, 0xFF, 0xFF, 0x30, 0x00, 0x00, 0x00, 0x00, 0x6F, 0xFF, 0xFE, 0xFF,
    0xFD, 0x00, 0x00, 0x00, 0x00, 0x00, 0x0F, 0xFF, 0xFF, 0xFF, 0xF6, 0x00, 0x00, 0x00, 0x00, 0x00,
    0x09, 0xFF, 0xFF, 0xFF, 0xF1, 0x00, 0x00, 0x00, 0x00, 0x00, 0x02, 0xFF, 0xFF, 0xFF, 0xA0, 0x00,
    0x00, 0x00, 0x00, 0x00, 0x00, 0xCF, 0xFF, 0xFF, 0x30, 0x00, 0x00, 0x00, 0x00, 0x00, 0x00, 0x5F,
    0xFF, 0xFD, 0x00, 0x00, 0x00, 0x00, 0x00, 0x00, 0x00, 0x6F, 0xFF, 0xF7, 0x00, 0x00, 0x00, 0x00,
    0x00, 0x00, 0x00, 0xCF, 0xFF, 0xF1, 0x00, 0x56, 0x20, 0x00, 0x00, 0x00, 0x03, 0xFF, 0xFF, 0xA0,
    0x0C, 0xFF, 0xF6, 0x00, 0x00, 0x00, 0x0A, 0xFF, 0xFF, 0x40, 0x4F, 0xFF, 0xFE, 0x00, 0x00, 0x00,
    0x1F, 0xFF, 0xFE, 0x00, 0x6F, 0xFF, 0xFF, 0x00, 0x00, 0x00, 0x5C, 0xCC, 0xC6, 0x00, 0x2F, 0xFF,
    0xFC, 0x00, 0x00, 0x00, 0x00, 0x00, 0x00, 0x00, 0x06, 0xEF, 0xC2, 0x00, 0x00, 0x00, 0x00, 0x00,
    0x00, 0x00, 0x00, 0x00, 0x00, 0x00, 0x00, 0x00, 0x00, 0x01, 0x57, 0x75, 0x00, 0x00, 0x00, 0x00,
    0x00, 0x00, 0x00, 0x00, 0x3F, 0xFF, 0xFF, 0xF4, 0x00, 0x00, 0x00, 0x00, 0x00, 0x00, 0x00, 0x0E,
    0xFF, 0xFF, 0xFD, 0x00, 0x00, 0x00, 0x00, 0x00, 0x00, 0x00, 0x04, 0x32, 0xAF, 0xFF, 0x00, 0x00,
    0x00, 0x00, 0x00, 0x00, 0x00, 0x00, 0x0F, 0xFF, 0xF9, 0x00, 0x00, 0x00, 0x00, 0x00, 0x00, 0x00,
    0x00, 0x0A, 0xFC, 0x60, 0x00, 0x00, 0x00, 0x00, 0x00, 0x00, 0x00, 0x00, 0x01, 0x00, 0x00, 0x00,
    0x00, 0x00, 0x00, 0x8B, 0xBB, 0xBA, 0x00, 0x00, 0x00, 0x00, 0x8B, 0xBB, 0xBA, 0x00, 0x4F, 0xFF,
    0xFF, 0x70, 0x00, 0x00, 0x03, 0xFF, 0xFF, 0xF8, 0x00, 0x0B, 0xFF, 0xFF, 0xE0, 0x00, 0x00, 0x0A,
    0xFF, 0xFF, 0xE0, 0x00, 0x02, 0xFF, 0xFF, 0xF7, 0x00, 0x00, 0x2F, 0xFF, 0xFF, 0x50, 0x00, 0x00,
    0x7F, 0xFF, 0xFE, 0x00, 0x00, 0xAF, 0xFF, 0xFC, 0x00, 0x00, 0x00, 0x0D, 0xFF, 0xFF, 0x60, 0x02,
    0xFF, 0xFF, 0xF2, 0x00, 0x00, 0x00, 0x04, 0xFF, 0xFF, 0xE0, 0x0A, 0xFF, 0xFF, 0x90, 0x00, 0x00,
    0x00, 0x00, 0xBF, 0xFF, 0xF6, 0x2F, 0xFF, 0xFE, 0x00, 0x00, 0x00, 0x00, 0x00, 0x2F, 0xFF, 0xFD,
    0xAF, 0xFF, 0xF6, 0x00, 0x00, 0x00, 0x00, 0x00, 0x08, 0xFF, 0xFF, 0xFF, 0xFF, 0xC0, 0x00, 0x00,
    0x00, 0x00, 0x00, 0x00, 0xDF, 0xFF, 0xFF, 0xFF, 0x30, 0x00, 0x00, 0x00, 0x00, 0x00, 0x00, 0x4F,
    0xFF, 0xFF, 0xF9, 0x00, 0x00, 0x00, 0x00, 0x00, 0x00, 0x00, 0x0B, 0xFF, 0xFF, 0xE1, 0x00, 0x00,
    0x00, 0x00, 0x00, 0x00, 0x00, 0x04, 0xFF, 0xFF, 0x90, 0x00, 0x00, 0x00, 0x00, 0x00, 0x00, 0x00,
    0x04, 0xFF, 0xFF, 0x90, 0x00, 0x00, 0x00, 0x00, 0x00, 0x00, 0x00, 0x04, 0xFF, 0xFF, 0x90, 0x00,
    0x00, 0x00, 0x00, 0x00, 0x00, 0x00, 0x04, 0xFF, 0xFF, 0x90, 0x00, 0x00, 0x00, 0x00, 0x00, 0x00,
    0x00, 0x04, 0xFF, 0xFF, 0x90, 0x00, 0x00, 0x00, 0x00, 0x00, 0x00, 0x00, 0x04, 0xFF, 0xFF, 0x90,
    0x00, 0x00, 0x00, 0x00, 0x00, 0x00, 0x00, 0x04, 0xFF, 0xFF, 0x90, 0x00, 0x00, 0x00, 0x00, 0x00,
    0x00, 0x00, 0x04, 0xFF, 0xFF, 0x90, 0x00, 0x00, 0x00, 0x00, 0x00, 0x00, 0x00, 0x00, 0x00, 0x00,
    0x00, 0x00, 0x00, 0x00, 0x00, 0x01, 0x9E, 0xFF, 0xE8, 0x00, 0x00, 0x00, 0x00, 0x00, 0x01, 0xFF,
    0xFF, 0xFF, 0x90, 0x00, 0x00, 0x00, 0x00, 0x00, 0xBF, 0xEF, 0xFF, 0xF0, 0x00, 0x00, 0x00, 0x00,
    0x00, 0x10, 0x08, 0xFF, 0xF0, 0x00, 0x00, 0x00, 0x00, 0x00, 0x00, 0xEF, 0xFF, 0xC0, 0x00, 0x00,
    0x00, 0x00, 0x00, 0x00, 0xCF, 0xFD, 0x20, 0x00, 0x00, 0x00, 0x00, 0x00, 0x00, 0x69, 0x50, 0x00,
    0x00, 0x00, 0x00, 0x00, 0x00, 0x00, 0x00, 0x00, 0x00, 0x00, 0x00, 0x4D, 0xDD, 0xDB, 0x00, 0x00,
    0x00, 0x6D, 0xDD, 0xD9, 0x0F, 0xFF, 0xFF, 0x20, 0x00, 0x00, 0xCF, 0xFF, 0xF5, 0x09, 0xFF, 0xFF,
    0x80, 0x00, 0x01, 0xFF, 0xFF, 0xE0, 0x03, 0xFF, 0xFF, 0xD0, 0x00, 0x06, 0xFF, 0xFF, 0x80, 0x00,
    0xCF, 0xFF, 0xF3, 0x00, 0x0B, 0xFF, 0xFF, 0x20, 0x00, 0x6F, 0xFF, 0xF8, 0x00, 0x1F, 0xFF, 0xFC,
    0x00, 0x00, 0x0F, 0xFF, 0xFE, 0x00, 0x6F, 0xFF, 0xF6, 0x00, 0x00, 0x09, 0xFF, 0xFF, 0x30, 0xBF,
    0xFF, 0xF0, 0x00, 0x00, 0x02, 0xFF, 0xFF, 0x90, 0xFF, 0xFF, 0x90, 0x00, 0x00, 0x00, 0xCF, 0xFF,
    0xE5, 0xFF, 0xFF, 0x30, 0x00, 0x00, 0x00, 0x6F, 0xFF, 0xFE, 0xFF, 0xFD, 0x00, 0x00, 0x00, 0x00,
    0x0F, 0xFF, 0xFF, 0xFF, 0xF6, 0x00, 0x00, 0x00, 0x00, 0x09, 0xFF, 0xFF, 0xFF, 0xF1, 0x00, 0x00,
    0x00, 0x00, 0x02, 0xFF, 0xFF, 0xFF, 0xA0, 0x00, 0x00, 0x00, 0x00, 0x00, 0xCF, 0xFF, 0xFF, 0x30,
    0x00, 0x00, 0x00, 0x00, 0x00, 0x5F, 0xFF, 0xFD, 0x00, 0x00, 0x00, 0x00, 0x00, 0x00, 0x6F, 0xFF,
    0xF7, 0x00, 0x00, 0x00, 0x00, 0x00, 0x00, 0xCF, 0xFF, 0xF1, 0x00, 0x00, 0x00, 0x00, 0x00, 0x03,
    0xFF, 0xFF, 0xA0, 0x00, 0x00, 0x00, 0x00, 0x00, 0x0A, 0xFF, 0xFF, 0x40, 0x00, 0x00, 0x00, 0x00,
    0x00, 0x1F, 0xFF, 0xFE, 0x00, 0x00, 0x00, 0x00, 0x00, 0x00, 0x5C, 0xCC, 0xC6, 0x00, 0x00, 0x00,
    0x00, 0x00, 0x00, 0x00, 0x00, 0x00, 0x00, 0x01, 0x00, 0x00, 0x00, 0x00, 0x00, 0x00, 0x01, 0xBF,
    0xF8, 0x00, 0x2F, 0x91, 0x00, 0x00, 0x00, 0x00, 0x00, 0x0C, 0xFF, 0xFF, 0xC4, 0xCF, 0xFD, 0x00,
    0x00, 0x00, 0x00, 0x00, 0x5F, 0xFF, 0xFF, 0xFF, 0xFF, 0xF9, 0x00, 0x00, 0x00, 0x00, 0x00, 0xAF,
    0xFE, 0xBF, 0xFF, 0xFF, 0xF2, 0x00, 0x00, 0x00, 0x00, 0x00, 0x08, 0xF3, 0x04, 0xEF, 0xFF, 0x60,
    0x00, 0x00, 0x00, 0x00, 0x00, 0x00, 0x10, 0x00, 0x15, 0x62, 0x00, 0x00, 0x00, 0x00, 0x8B, 0xBB,
    0xBA, 0x00, 0x00, 0x00, 0x00, 0x8B, 0xBB, 0xBA, 0x00, 0x4F, 0xFF, 0xFF, 0x70, 0x00, 0x00, 0x03,
    0xFF, 0xFF, 0xF8, 0x00, 0x0B, 0xFF, 0xFF, 0xE0, 0x00, 0x00, 0x0A, 0xFF, 0xFF, 0xE0, 0x00, 0x02,
    0xFF, 0xFF, 0xF7, 0x00, 0x00, 0x2F, 0xFF, 0xFF, 0x50, 0x00, 0x00, 0x7F, 0xFF, 0xFE, 0x00, 0x00,
    0xAF, 0xFF, 0xFC, 0x00, 0x00, 0x00, 0x0D, 0xFF, 0xFF, 0x60, 0x02, 0xFF, 0xFF, 0xF2, 0x00, 0x00,
    0x00, 0x04, 0xFF, 0xFF, 0xE0, 0x0A, 0xFF, 0xFF, 0x90, 0x00, 0x00, 0x00, 0x00, 0xBF, 0xFF, 0xF6,
    0x2F, 0xFF, 0xFE, 0x00, 0x00, 0x00, 0x00, 0x00, 0x2F, 0xFF, 0xFD, 0xAF, 0xFF, 0xF6, 0x00, 0x00,
    0x00, 0x00, 0x00, 0x08, 0xFF, 0xFF, 0xFF, 0xFF, 0xC0, 0x00, 0x00, 0x00, 0x00, 0x00, 0x00, 0xDF,
    0xFF, 0xFF, 0xFF, 0x30, 0x00, 0x00, 0x00, 0x00, 0x00, 0x00, 0x4F, 0xFF, 0xFF, 0xF9, 0x00, 0x00,
    0x00, 0x00, 0x00, 0x00, 0x00, 0x0B, 0xFF, 0xFF, 0xE1, 0x00, 0x00, 0x00, 0x00, 0x00, 0x00, 0x00,
    0x04, 0xFF, 0xFF, 0x90, 0x00, 0x00, 0x00, 0x00, 0x00, 0x00, 0x00, 0x04, 0xFF, 0xFF, 0x90, 0x00,
    0x00, 0x00, 0x00, 0x00, 0x00, 0x00, 0x04, 0xFF, 0xFF, 0x90, 0x00, 0x00, 0x00, 0x00, 0x00, 0x00,
    0x00, 0x04, 0xFF, 0xFF, 0x90, 0x00, 0x00, 0x00, 0x00, 0x00, 0x00, 0x00, 0x04, 0xFF, 0xFF, 0x90,
    0x00, 0x00, 0x00, 0x00, 0x00, 0x00, 0x00, 0x04, 0xFF, 0xFF, 0x90, 0x00, 0x00, 0x00, 0x00, 0x00,
    0x00, 0x00, 0x04, 0xFF, 0xFF, 0x90, 0x00, 0x00, 0x00, 0x00, 0x00, 0x00, 0x00, 0x04, 0xFF, 0xFF,
    0x90, 0x00, 0x00, 0x00, 0x00, 0x00, 0x00, 0x00, 0x34, 0x00, 0x00, 0x41, 0x00, 0x00, 0x00, 0x00,
    0x1D, 0xFF, 0xE3, 0x01, 0xFE, 0x70, 0x00, 0x00, 0x00, 0xCF, 0xFF, 0xFF, 0xAD, 0xFF, 0xF0, 0x00,
    0x00, 0x04, 0xFF, 0xFF, 0xFF, 0xFF, 0xFF, 0xB0, 0x00, 0x00, 0x05, 0xFF, 0xE6, 0xDF, 0xFF, 0xFF,
    0x20, 0x00, 0x00, 0x00, 0x2B, 0x40, 0x09, 0xFF, 0xE5, 0x00, 0x00, 0x00, 0x00, 0x00, 0x00, 0x00,
    0x01, 0x00, 0x00, 0x00, 0x4D, 0xDD, 0xDB, 0x00, 0x00, 0x00, 0x6D, 0xDD, 0xD9, 0x0F, 0xFF, 0xFF,
    0x20, 0x00, 0x00, 0xCF, 0xFF, 0xF5, 0x09, 0xFF, 0xFF, 0x80, 0x00, 0x01, 0xFF, 0xFF, 0xE0, 0x03,
    0xFF, 0xFF, 0xD0, 0x00, 0x06, 0xFF, 0xFF, 0x80, 0x00, 0xCF, 0xFF, 0xF3, 0x00, 0x0B, 0xFF, 0xFF,
    0x20, 0x00, 0x6F, 0xFF, 0xF8, 0x00, 0x1F, 0xFF, 0xFC, 0x00, 0x00, 0x0F, 0xFF, 0xFE, 0x00, 0x6F,
    0xFF, 0xF6, 0x00, 0x00, 0x09, 0xFF, 0xFF, 0x30, 0xBF, 0xFF, 0xF0, 0x00, 0x00, 0x02, 0xFF, 0xFF,
    0x90, 0xFF, 0xFF, 0x90, 0x00, 0x00, 0x00, 0xCF, 0xFF, 0xE5, 0xFF, 0xFF, 0x30, 0x00, 0x00, 0x00,
    0x6F, 0xFF, 0xFE, 0xFF, 0xFD, 0x00, 0x00, 0x00, 0x00, 0x0F, 0xFF, 0xFF, 0xFF, 0xF6, 0x00, 0x00,
    0x00, 0x00, 0x09, 0xFF, 0xFF, 0xFF, 0xF1, 0x00, 0x00, 0x00, 0x00, 0x02, 0xFF, 0xFF, 0xFF, 0xA0,
    0x00, 0x00, 0x00, 0x00, 0x00, 0xCF, 0xFF, 0xFF, 0x30, 0x00, 0x00, 0x00, 0x00, 0x00, 0x5F, 0xFF,
    0xFD, 0x00, 0x00, 0x00, 0x00, 0x00, 0x00, 0x6F, 0xFF, 0xF7, 0x00, 0x00, 0x00, 0x00, 0x00, 0x00,
    0xCF, 0xFF, 0xF1, 0x00, 0x00, 0x00, 0x00, 0x00, 0x03, 0xFF, 0xFF, 0xA0, 0x00, 0x00, 0x00, 0x00,
    0x00, 0x0A, 0xFF, 0xFF, 0x40, 0x00, 0x00, 0x00, 0x00, 0x00, 0x1F, 0xFF, 0xFE, 0x00, 0x00, 0x00,
    0x00, 0x00, 0x00, 0x5C, 0xCC, 0xC6, 0x00, 0x00, 0x00, 0x00, 0x00, 0x02, 0x53, 0x00, 0x00, 0x00,
    0x35, 0x20, 0x00, 0x00, 0x04, 0x51, 0x00, 0x00, 0x00, 0x6F, 0xFF, 0xB0, 0x00, 0x0B, 0xFF, 0xF6,
    0x00, 0x01, 0xEF, 0xFE, 0x30, 0x00, 0x00, 0xFF, 0xFF, 0xF5, 0x00, 0x5F, 0xFF, 0xFF, 0x00, 0x09,
    0xFF, 0xFF, 0xC0, 0x00, 0x03, 0xFF, 0xFF, 0xF7, 0x00, 0x7F, 0xFF, 0xFF, 0x30, 0x0C, 0xFF, 0xFF,
    0xE0, 0x00, 0x00, 0xFF, 0xFF, 0xF5, 0x00, 0x5F, 0xFF, 0xFF, 0x00, 0x09, 0xFF, 0xFF, 0xB0, 0x00,
    0x00, 0x6F, 0xFF, 0xA0, 0x00, 0x0A, 0xFF, 0xF6, 0x00, 0x01, 0xDF, 0xFE, 0x20, 0x00, 0x00, 0x01,
    0x53, 0x00, 0x00, 0x00, 0x34, 0x10, 0x00, 0x00, 0x04, 0x40, 0x00, 0x00,
};

const kiosk_glyph_t kiosk_ui_28_glyphs[] = {
    { 32, 8, 0, 0, 30, 8, 0 },
    { 33, 9, 22, 0, 9, 9, 0 },
    { 34, 12, 24, 0, 6, 12, 110 },
    { 35, 20, 21, 0, 9, 20, 254 },
    { 36, 17, 27, 0, 6, 17, 464 },
    { 37, 24, 21, 0, 9, 24, 707 },
    { 38, 21, 23, 0, 8, 21, 959 },
    { 39, 6, 24, 0, 6, 6, 1212 },
    { 40, 10, 25, 0, 7, 10, 1284 },
    { 41, 10, 25, 0, 7, 10, 1409 },
    { 42, 12, 21, 0, 9, 12, 1534 },
    { 43, 17, 18, 0, 12, 17, 1660 },
    { 44, 9, 10, 0, 24, 9, 1822 },
    { 45, 13, 13, 0, 17, 13, 1872 },
    { 46, 9, 7, 0, 24, 9, 1963 },
    { 47, 13, 21, 0, 9, 13, 1998 },
    { 48, 18, 23, 0, 8, 18, 2145 },
    { 49, 14, 21, 0, 9, 14, 2352 },
    { 50, 17, 22, 0, 8, 17, 2499 },
    { 51, 17, 22, 0, 9, 17, 2697 },
    { 52, 18, 21, 0, 9, 17, 2895 },
    { 53, 17, 22, 0, 9, 17, 3084 },
    { 54, 18, 22, 0, 9, 18, 3282 },
    { 55, 16, 21, 0, 9, 16, 3480 },
    { 56, 18, 23, 0, 8, 18, 3648 },
    { 57, 18, 22, 0, 8, 18, 3855 },
    { 58, 9, 17, 0, 14, 9, 4053 },
    { 59, 9, 21, 0, 13, 9, 4138 },
    { 60, 17, 20, 0, 10, 17, 4243 },
    { 61, 17, 16, 0, 14, 17, 4423 },
    { 62, 17, 20, 0, 10, 17, 4567 },
    { 63, 15, 23, 0, 8, 15, 4747 },
    { 64, 23, 23, 0, 8, 23, 4931 },
    { 65, 21, 21, 0, 9, 21, 5207 },
    { 66, 19, 21, 0, 9, 19, 5438 },
    { 67, 20, 23, 0, 8, 20, 5648 },
    { 68, 21, 21, 0, 9, 21, 5878 },
    { 69, 17, 21, 0, 9, 17, 6109 },
    { 70, 17, 21, 0, 9, 16, 6298 },
    { 71, 21, 23, 0, 8, 21, 6487 },
    { 72, 21, 21, 0, 9, 21, 6740 },
    { 73, 8, 21, 0, 9, 8, 6971 },
    { 74, 15, 22, 0, 9, 15, 7055 },
    { 75, 21, 21, 0, 9, 20, 7231 },
    { 76, 17, 21, 0, 9, 16, 7462 },
    { 77, 25, 21, 0, 9, 25, 7651 },
    { 78, 21, 21, 0, 9, 21, 7924 },
    { 79, 22, 23, 0, 8, 22, 8155 },
    { 80, 18, 21, 0, 9, 18, 8408 },
    { 81, 22, 25, 0, 8, 22, 8597 },
    { 82, 19, 21, 0, 9, 19, 8872 },
    { 83, 18, 23, 0, 8, 18, 9082 },
    { 84, 18, 21, 0, 9, 18, 9289 },
    { 85, 20, 22, 0, 9, 20, 9478 },
    { 86, 21, 21, 0, 9, 21, 9698 },
    { 87, 31, 21, 0, 9, 31, 9929 },
    { 88, 21, 21, 0, 9, 21, 10265 },
    { 89, 21, 21, 0, 9, 20, 10496 },
    { 90, 18, 21, 0, 9, 18, 10727 },
    { 91, 10, 25, 0, 7, 10, 10916 },
    { 92, 11, 21, 0, 9, 11, 11041 },
    { 93, 10, 25, 0, 7, 10, 11167 },
    { 94, 13, 24, 0, 6, 13, 11292 },
    { 95, 13, 6, 0, 30, 13, 11460 },
    { 96, 9, 25, 0, 5, 9, 11502 },
    { 97, 16, 18, 0, 13, 16, 11627 },
    { 98, 18, 22, 0, 9, 18, 11771 },
    { 99, 16, 18, 0, 13, 16, 11969 },
    { 100, 18, 22, 0, 9, 18, 12113 },
    { 101, 17, 18, 0, 13, 17, 12311 },
    { 102, 11, 22, 0, 8, 11, 12473 },
    { 103, 17, 24, 0, 13, 17, 12605 },
    { 104, 17, 21, 0, 9, 17, 12821 },
    { 105, 8, 22, 0, 8, 8, 13010 },
    { 106, 10, 29, -2, 8, 8, 13098 },
    { 107, 18, 21, 0, 9, 17, 13243 },
    { 108, 8, 21, 0, 9, 8, 13432 },
    { 109, 25, 17, 0, 13, 25, 13516 },
    { 110, 17, 17, 0, 13, 17, 13737 },
    { 111, 17, 18, 0, 13, 17, 13890 },
    { 112, 17, 23, 0, 13, 17, 14052 },
    { 113, 17, 23, 0, 13, 17, 14259 },
    { 114, 13, 17, 0, 13, 13, 14466 },
    { 115, 15, 18, 0, 13, 14, 14585 },
    { 116, 12, 21, 0, 10, 12, 14729 },
    { 117, 17, 17, 0, 14, 17, 14855 },
    { 118, 18, 16, -1, 14, 16, 15008 },
    { 119, 26, 16, -1, 14, 24, 15152 },
    { 120, 18, 16, -1, 14, 16, 15360 },
    { 121, 18, 22, -1, 14, 16, 15504 },
    { 122, 14, 16, 0, 14, 14, 15702 },
    { 123, 11, 25, 0, 7, 11, 15814 },
    { 124, 7, 25, 0, 7, 7, 15964 },
    { 125, 11, 25, 0, 7, 11, 16064 },
    { 126, 17, 15, 0, 15, 17, 16214 },
    { 176, 12, 22, 0, 8, 12, 16349 },
    { 183, 14, 14, 0, 16, 14, 16481 },
    { 192, 21, 29, 0, 1, 21, 16579 },
    { 193, 21, 29, 0, 1, 21, 16898 },
    { 194, 21, 28, 0, 2, 21, 17217 },
    { 195, 21, 28, 0, 2, 21, 17525 },
    { 200, 17, 29, 0, 1, 17, 17833 },
    { 201, 17, 29, 0, 1, 17, 18094 },
    { 202, 17, 28, 0, 2, 17, 18355 },
    { 204, 9, 29, -1, 1, 8, 18607 },
    { 205, 9, 29, 0, 1, 8, 18752 },
    { 210, 22, 30, 0, 1, 22, 18897 },
    { 211, 22, 30, 0, 1, 22, 19227 },
    { 212, 22, 29, 0, 2, 22, 19557 },
    { 213, 22, 29, 0, 2, 22, 19876 },
    { 217, 20, 30, 0, 1, 20, 20195 },
    { 218, 20, 30, 0, 1, 20, 20495 },
    { 221, 21, 29, 0, 1, 20, 20795 },
    { 224, 16, 26, 0, 5, 16, 21114 },
    { 225, 16, 26, 0, 5, 16, 21322 },
    { 226, 16, 24, 0, 7, 16, 21530 },
    { 227, 16, 24, 0, 7, 16, 21722 },
    { 232, 17, 26, 0, 5, 17, 21914 },
    { 233, 17, 26, 0, 5, 17, 22148 },
    { 234, 17, 24, 0, 7, 17, 22382 },
    { 236, 10, 25, -2, 5, 8, 22598 },
    { 237, 9, 25, 0, 5, 8, 22723 },
    { 242, 17, 26, 0, 5, 17, 22848 },
    { 243, 17, 26, 0, 5, 17, 23082 },
    { 244, 17, 24, 0, 7, 17, 23316 },
    { 245, 17, 24, 0, 7, 17, 23532 },
    { 249, 17, 26, 0, 5, 17, 23748 },
    { 250, 17, 26, 0, 5, 17, 23982 },
    { 253, 18, 31, -1, 5, 16, 24216 },
    { 258, 21, 28, 0, 2, 21, 24495 },
    { 259, 16, 25, 0, 6, 16, 24803 },
    { 272, 22, 21, 0, 9, 22, 25003 },
    { 273, 18, 22, 0, 9, 18, 25234 },
    { 296, 12, 28, -2, 2, 8, 25432 },
    { 297, 13, 23, -2, 7, 9, 25600 },
    { 360, 20, 29, 0, 2, 20, 25761 },
    { 361, 17, 24, 0, 7, 17, 26051 },
    { 416, 22, 27, 0, 4, 22, 26267 },
    { 417, 18, 22, 0, 9, 17, 26564 },
    { 431, 23, 27, 0, 4, 22, 26762 },
    { 432, 20, 22, 0, 9, 19, 27086 },
    { 7840, 21, 29, 0, 9, 21, 27306 },
    { 7841, 16, 25, 0, 13, 16, 27625 },
    { 7842, 21, 28, 0, 2, 21, 27825 },
    { 7843, 16, 26, 0, 5, 16, 28133 },
    { 7844, 21, 32, 0, -2, 21, 28341 },
    { 7845, 18, 30, 0, 1, 16, 28693 },
    { 7846, 21, 32, 0, -2, 21, 28963 },
    { 7847, 16, 30, 0, 1, 16, 29315 },
    { 7848, 21, 32, 0, -2, 21, 29555 },
    { 7849, 17, 30, 0, 1, 16, 29907 },
    { 7850, 21, 32, 0, -2, 21, 30177 },
    { 7851, 16, 30, 0, 1, 16, 30529 },
    { 7852, 21, 36, 0, 2, 21, 30769 },
    { 7853, 16, 31, 0, 7, 16, 31165 },
    { 7854, 21, 32, 0, -2, 21, 31413 },
    { 7855, 16, 32, 0, -1, 16, 31765 },
    { 7856, 21, 32, 0, -2, 21, 32021 },
    { 7857, 16, 32, 0, -1, 16, 32373 },
    { 7858, 21, 32, 0, -2, 21, 32629 },
    { 7859, 16, 31, 0, 0, 16, 32981 },
    { 7860, 21, 32, 0, -2, 21, 33229 },
    { 7861, 16, 31, 0, 0, 16, 33581 },
    { 7862, 21, 36, 0, 2, 21, 33829 },
    { 7863, 16, 32, 0, 6, 16, 34225 },
    { 7864, 17, 29, 0, 9, 17, 34481 },
    { 7865, 17, 25, 0, 13, 17, 34742 },
    { 7866, 17, 28, 0, 2, 17, 34967 },
    { 7867, 17, 26, 0, 5, 17, 35219 },
    { 7868, 17, 28, 0, 2, 17, 35453 },
    { 7869, 17, 24, 0, 7, 17, 35705 },
    { 7870, 19, 32, 0, -2, 19, 35921 },
    { 7871, 19, 30, 0, 1, 17, 36241 },
    { 7872, 17, 32, 0, -2, 17, 36541 },
    { 7873, 17, 30, 0, 1, 17, 36829 },
    { 7874, 18, 32, 0, -2, 18, 37099 },
    { 7875, 17, 30, 0, 1, 17, 37387 },
    { 7876, 17, 32, 0, -2, 17, 37657 },
    { 7877, 17, 30, 0, 1, 17, 37945 },
    { 7878, 17, 36, 0, 2, 17, 38215 },
    { 7879, 17, 31, 0, 7, 17, 38539 },
    { 7880, 8, 28, 0, 2, 8, 38818 },
    { 7881, 8, 25, 0, 5, 8, 38930 },
    { 7882, 8, 29, 0, 9, 8, 39030 },
    { 7883, 8, 32, 0, 7, 8, 39146 },
    { 7884, 22, 30, 0, 8, 22, 39274 },
    { 7885, 17, 25, 0, 13, 17, 39604 },
    { 7886, 22, 29, 0, 2, 22, 39829 },
    { 7887, 17, 26, 0, 5, 17, 40148 },
    { 7888, 22, 33, 0, -2, 22, 40382 },
    { 7889, 19, 30, 0, 1, 17, 40745 },
    { 7890, 22, 33, 0, -2, 22, 41045 },
    { 7891, 17, 30, 0, 1, 17, 41408 },
    { 7892, 22, 33, 0, -2, 22, 41678 },
    { 7893, 18, 30, 0, 1, 18, 42041 },
    { 7894, 22, 33, 0, -2, 22, 42311 },
    { 7895, 17, 30, 0, 1, 17, 42674 },
    { 7896, 22, 36, 0, 2, 22, 42944 },
    { 7897, 17, 31, 0, 7, 17, 43340 },
    { 7898, 22, 30, 0, 1, 22, 43619 },
    { 7899, 18, 26, 0, 5, 17, 43949 },
    { 7900, 22, 30, 0, 1, 22, 44183 },
    { 7901, 18, 26, 0, 5, 17, 44513 },
    { 7902, 22, 29, 0, 2, 22, 44747 },
    { 7903, 18, 26, 0, 5, 17, 45066 },
    { 7904, 22, 29, 0, 2, 22, 45300 },
    { 7905, 18, 24, 0, 7, 17, 45619 },
    { 7906, 22, 34, 0, 4, 22, 45835 },
    { 7907, 18, 29, 0, 9, 17, 46209 },
    { 7908, 20, 29, 0, 9, 20, 46470 },
    { 7909, 17, 24, 0, 14, 17, 46760 },
    { 7910, 20, 29, 0, 2, 20, 46976 },
    { 7911, 17, 26, 0, 5, 17, 47266 },
    { 7912, 23, 30, 0, 1, 22, 47500 },
    { 7913, 20, 26, 0, 5, 19, 47860 },
    { 7914, 23, 30, 0, 1, 22, 48120 },
    { 7915, 20, 26, 0, 5, 19, 48480 },
    { 7916, 23, 29, 0, 2, 22, 48740 },
    { 7917, 20, 26, 0, 5, 19, 49088 },
    { 7918, 23, 29, 0, 2, 22, 49348 },
    { 7919, 20, 24, 0, 7, 19, 49696 },
    { 7920, 23, 35, 0, 4, 22, 49936 },
    { 7921, 20, 29, 0, 9, 19, 50356 },
    { 7922, 21, 29, 0, 1, 20, 50646 },
    { 7923, 18, 31, -1, 5, 16, 50965 },
    { 7924, 21, 30, 0, 9, 20, 51244 },
    { 7925, 19, 24, -1, 14, 17, 51574 },
    { 7926, 21, 28, 0, 2, 20, 51814 },
    { 7927, 18, 31, -1, 5, 16, 52122 },
    { 7928, 21, 28, 0, 2, 20, 52401 },
    { 7929, 18, 29, -1, 7, 16, 52709 },
    { 8230, 27, 7, 0, 24, 27, 52970 },
};
