// GENERATED FILE - DO NOT EDIT.
// Source: firmware/assets/fonts/gen_font.py
// Regenerate: ml/.venv/bin/python firmware/assets/fonts/gen_font.py

#include "kiosk_ui_15.h"

const uint8_t kiosk_ui_15_line_h = 21;
const uint8_t kiosk_ui_15_ascent = 16;
const uint16_t kiosk_ui_15_count = 232;

const uint8_t kiosk_ui_15_bitmap[] = {
    0x01, 0x10, 0x0A, 0xF1, 0x0A, 0xF0, 0x09, 0xF0, 0x09, 0xF0, 0x08, 0xF0, 0x08, 0xF0, 0x07, 0xE0,
    0x04, 0x70, 0x00, 0x00, 0x08, 0xD1, 0x0C, 0xF2, 0x00, 0x20, 0x3A, 0x39, 0x70, 0x3F, 0x3D, 0x90,
    0x2F, 0x2C, 0x80, 0x1F, 0x1B, 0x70, 0x05, 0x03, 0x20, 0x00, 0x00, 0x00, 0x00, 0x00, 0x00, 0x00,
    0x00, 0x00, 0x00, 0x00, 0x00, 0x00, 0x00, 0x00, 0x00, 0x00, 0x00, 0x00, 0x00, 0x00, 0x00, 0x00,
    0x00, 0x00, 0x00, 0x10, 0x00, 0x10, 0x00, 0x00, 0x03, 0xF1, 0x0A, 0xA0, 0x00, 0x00, 0x06, 0xE0,
    0x0E, 0x60, 0x00, 0x00, 0x0A, 0xB0, 0x1F, 0x30, 0x00, 0x0E, 0xFF, 0xFF, 0xFF, 0xFC, 0x00, 0x02,
    0x3F, 0x73, 0xAF, 0x32, 0x00, 0x00, 0x4F, 0x10, 0xB9, 0x00, 0x00, 0x15, 0xCF, 0x55, 0xFB, 0x51,
    0x00, 0x5E, 0xFF, 0xEF, 0xFF, 0xE4, 0x00, 0x00, 0xD7, 0x05, 0xF0, 0x00, 0x00, 0x01, 0xF3, 0x08,
    0xC0, 0x00, 0x00, 0x04, 0xF0, 0x0B, 0x90, 0x00, 0x00, 0x00, 0x02, 0x92, 0x00, 0x00, 0x00, 0x06,
    0xF6, 0x00, 0x00, 0x03, 0xDF, 0xFF, 0xD2, 0x00, 0x0E, 0xD8, 0xF8, 0xEE, 0x00, 0x4F, 0x33, 0xF3,
    0x13, 0x00, 0x3F, 0x63, 0xF3, 0x00, 0x00, 0x0C, 0xFD, 0xF4, 0x00, 0x00, 0x00, 0x7F, 0xFF, 0x91,
    0x00, 0x00, 0x03, 0xFC, 0xFD, 0x00, 0x00, 0x03, 0xF3, 0x5F, 0x30, 0x2A, 0x03, 0xF3, 0x4F, 0x30,
    0x3F, 0xD9, 0xFA, 0xEE, 0x00, 0x03, 0xCF, 0xFF, 0xC2, 0x00, 0x00, 0x05, 0xF5, 0x00, 0x00, 0x00,
    0x00, 0x30, 0x00, 0x00, 0x00, 0x00, 0x00, 0x00, 0x00, 0x10, 0x00, 0x1B, 0xFF, 0x80, 0x00, 0x1E,
    0xA0, 0x00, 0x9C, 0x13, 0xF4, 0x00, 0xBD, 0x00, 0x00, 0xC7, 0x00, 0xC7, 0x07, 0xF3, 0x00, 0x00,
    0x8D, 0x24, 0xF3, 0x3F, 0x70, 0x00, 0x00, 0x09, 0xFE, 0x70, 0xDB, 0x00, 0x00, 0x00, 0x00, 0x00,
    0x0A, 0xE1, 0x01, 0x00, 0x00, 0x00, 0x00, 0x5F, 0x42, 0xDF, 0xE5, 0x00, 0x00, 0x02, 0xF9, 0x0D,
    0x90, 0x6F, 0x00, 0x00, 0x0C, 0xC0, 0x0F, 0x30, 0x0F, 0x20, 0x00, 0x8F, 0x20, 0x0C, 0xA2, 0x7E,
    0x00, 0x04, 0xF6, 0x00, 0x01, 0xCF, 0xD4, 0x00, 0x00, 0x00, 0x34, 0x00, 0x00, 0x00, 0x00, 0x2E,
    0xFF, 0xE3, 0x00, 0x00, 0x00, 0xCE, 0x32, 0xEC, 0x00, 0x00, 0x00, 0xF9, 0x00, 0xAE, 0x00, 0x00,
    0x00, 0xCD, 0x04, 0xFA, 0x00, 0x00, 0x00, 0x4F, 0xFF, 0xB1, 0x00, 0x00, 0x02, 0xCF, 0xFD, 0x00,
    0x21, 0x00, 0x0E, 0xE3, 0x8F, 0x70, 0xCC, 0x00, 0x4F, 0x40, 0x09, 0xFB, 0xF6, 0x00, 0x4F, 0x40,
    0x00, 0xDF, 0xF0, 0x00, 0x0E, 0xE4, 0x26, 0xFF, 0xF4, 0x00, 0x03, 0xDF, 0xFF, 0x91, 0xCF, 0x30,
    0x00, 0x02, 0x20, 0x00, 0x00, 0x00, 0x3A, 0x20, 0x4F, 0x30, 0x2F, 0x20, 0x1F, 0x00, 0x05, 0x00,
    0x00, 0x00, 0x00, 0x00, 0x00, 0x00, 0x00, 0x00, 0x00, 0x00, 0x00, 0x00, 0x00, 0x00, 0x00, 0x00,
    0x00, 0x18, 0x10, 0x00, 0x9D, 0x00, 0x00, 0xF6, 0x00, 0x05, 0xF1, 0x00, 0x09, 0xD0, 0x00, 0x0C,
    0xA0, 0x00, 0x0D, 0x90, 0x00, 0x0E, 0x90, 0x00, 0x0D, 0xA0, 0x00, 0x0A, 0xC0, 0x00, 0x07, 0xF0,
    0x00, 0x02, 0xF5, 0x00, 0x00, 0xCB, 0x00, 0x00, 0x4D, 0x10, 0x37, 0x00, 0x00, 0x1F, 0x60, 0x00,
    0x0A, 0xD0, 0x00, 0x04, 0xF2, 0x00, 0x01, 0xF6, 0x00, 0x00, 0xE9, 0x00, 0x00, 0xCA, 0x00, 0x00,
    0xCB, 0x00, 0x00, 0xDA, 0x00, 0x00, 0xF7, 0x00, 0x03, 0xF4, 0x00, 0x08, 0xE0, 0x00, 0x0D, 0x90,
    0x00, 0x4D, 0x10, 0x00, 0x00, 0x01, 0x00, 0x00, 0x02, 0x3D, 0x21, 0x00, 0x0A, 0xEF, 0xE5, 0x00,
    0x05, 0xFF, 0xB2, 0x00, 0x08, 0x6C, 0x73, 0x00, 0x00, 0x27, 0x00, 0x00, 0x00, 0x00, 0x00, 0x00,
    0x00, 0x00, 0x00, 0x00, 0x00, 0x00, 0x00, 0x00, 0x00, 0x00, 0x00, 0x00, 0x00, 0x00, 0x00, 0x00,
    0x00, 0x00, 0x00, 0x00, 0x00, 0x00, 0x00, 0x00, 0x00, 0x00, 0x02, 0xF5, 0x00, 0x00, 0x00, 0x02,
    0xF5, 0x00, 0x00, 0x03, 0x46, 0xF9, 0x44, 0x00, 0x0D, 0xFF, 0xFF, 0xFF, 0x10, 0x01, 0x24, 0xF7,
    0x22, 0x00, 0x00, 0x02, 0xF5, 0x00, 0x00, 0x00, 0x02, 0xE4, 0x00, 0x00, 0x00, 0x00, 0x00, 0x00,
    0x00, 0x00, 0x00, 0x00, 0x00, 0x00, 0x08, 0xC0, 0x0C, 0xC0, 0x0E, 0x70, 0x0B, 0x10, 0x38, 0x88,
    0x88, 0x10, 0x5D, 0xDD, 0xDD, 0x30, 0x00, 0x00, 0x00, 0x00, 0x00, 0x00, 0x00, 0x00, 0x00, 0x00,
    0x00, 0x00, 0x00, 0x00, 0x00, 0x00, 0x00, 0x00, 0x00, 0x00, 0x0A, 0xC0, 0x0E, 0xF1, 0x01, 0x10,
    0x00, 0x00, 0x10, 0x00, 0x02, 0xF6, 0x00, 0x07, 0xF1, 0x00, 0x0C, 0xC0, 0x00, 0x1F, 0x70, 0x00,
    0x6F, 0x20, 0x00, 0xBC, 0x00, 0x00, 0xF7, 0x00, 0x05, 0xF2, 0x00, 0x0A, 0xD0, 0x00, 0x0F, 0x80,
    0x00, 0x4F, 0x30, 0x00, 0x00, 0x01, 0x43, 0x00, 0x00, 0x00, 0x7F, 0xFF, 0xD2, 0x00, 0x04, 0xFA,
    0x25, 0xED, 0x00, 0x0B, 0xE0, 0x00, 0x6F, 0x40, 0x0F, 0xA0, 0x00, 0x1F, 0x80, 0x1F, 0x70, 0x00,
    0x0F, 0x90, 0x2F, 0x70, 0x00, 0x0E, 0xA0, 0x1F, 0x80, 0x00, 0x0F, 0x90, 0x0F, 0xA0, 0x00, 0x2F,
    0x70, 0x0B, 0xE0, 0x00, 0x7F, 0x30, 0x03, 0xFB, 0x46, 0xFC, 0x00, 0x00, 0x6F, 0xFF, 0xC1, 0x00,
    0x00, 0x00, 0x21, 0x00, 0x00, 0x00, 0x01, 0x00, 0x02, 0xAF, 0x90, 0x3F, 0xEF, 0x90, 0x37, 0x0F,
    0x90, 0x00, 0x0F, 0x90, 0x00, 0x0F, 0x90, 0x00, 0x0F, 0x90, 0x00, 0x0F, 0x90, 0x00, 0x0F, 0x90,
    0x00, 0x0F, 0x90, 0x00, 0x0F, 0x90, 0x00, 0x0F, 0x90, 0x00, 0x03, 0x41, 0x00, 0x00, 0x03, 0xDF,
    0xFF, 0x80, 0x00, 0x1E, 0xD4, 0x2A, 0xF4, 0x00, 0x07, 0x10, 0x01, 0xF9, 0x00, 0x00, 0x00, 0x01,
    0xF8, 0x00, 0x00, 0x00, 0x08, 0xF2, 0x00, 0x00, 0x00, 0x5F, 0x80, 0x00, 0x00, 0x04, 0xFB, 0x00,
    0x00, 0x00, 0x3F, 0xC0, 0x00, 0x00, 0x02, 0xED, 0x00, 0x00, 0x00, 0x1E, 0xF8, 0x77, 0x75, 0x00,
    0x4F, 0xFF, 0xFF, 0xFD, 0x00, 0x01, 0x11, 0x11, 0x10, 0x00, 0x0F, 0xFF, 0xFF, 0xF8, 0x00, 0x05,
    0x55, 0x5F, 0xF4, 0x00, 0x00, 0x00, 0x8F, 0x40, 0x00, 0x00, 0x07, 0xF5, 0x00, 0x00, 0x00, 0x5F,
    0xD8, 0x30, 0x00, 0x00, 0x2C, 0xAD, 0xF5, 0x00, 0x00, 0x00, 0x00, 0xCE, 0x00, 0x00, 0x00, 0x00,
    0x7F, 0x10, 0x09, 0x30, 0x00, 0x9F, 0x00, 0x0E, 0xE6, 0x38, 0xFA, 0x00, 0x02, 0xBF, 0xFF, 0xA1,
    0x00, 0x00, 0x01, 0x21, 0x00, 0x00, 0x00, 0x00, 0x01, 0x10, 0x00, 0x00, 0x00, 0x7F, 0xF1, 0x00,
    0x00, 0x01, 0xFF, 0xF1, 0x00, 0x00, 0x0A, 0xE8, 0xF1, 0x00, 0x00, 0x3F, 0x67, 0xF1, 0x00, 0x00,
    0xCC, 0x07, 0xF1, 0x00, 0x06, 0xF3, 0x07, 0xF1, 0x00, 0x1E, 0xA0, 0x07, 0xF1, 0x00, 0x8F, 0xDC,
    0xCF, 0xFD, 0x60, 0x5A, 0xAA, 0xAF, 0xFB, 0x40, 0x00, 0x00, 0x07, 0xF1, 0x00, 0x00, 0x00, 0x07,
    0xF1, 0x00, 0x00, 0x11, 0x11, 0x10, 0x00, 0x07, 0xFF, 0xFF, 0xF9, 0x00, 0x08, 0xF5, 0x55, 0x53,
    0x00, 0x09, 0xE0, 0x00, 0x00, 0x00, 0x0A, 0xD0, 0x00, 0x00, 0x00, 0x0B, 0xDA, 0xDC, 0x70, 0x00,
    0x0C, 0xFC, 0x8C, 0xF9, 0x00, 0x01, 0x50, 0x00, 0xBF, 0x00, 0x00, 0x00, 0x00, 0x6F, 0x20, 0x07,
    0x30, 0x00, 0x9F, 0x10, 0x0D, 0xE6, 0x37, 0xFA, 0x00, 0x01, 0xBF, 0xFF, 0xA1, 0x00, 0x00, 0x01,
    0x21, 0x00, 0x00, 0x00, 0x00, 0x01, 0x00, 0x00, 0x00, 0x00, 0xED, 0x00, 0x00, 0x00, 0x08, 0xF4,
    0x00, 0x00, 0x00, 0x2F, 0xA0, 0x00, 0x00, 0x00, 0xBF, 0x10, 0x00, 0x00, 0x04, 0xFF, 0xFF, 0xA1,
    0x00, 0x0C, 0xFB, 0x68, 0xFD, 0x00, 0x1F, 0xA0, 0x00, 0x7F, 0x40, 0x3F, 0x60, 0x00, 0x2F, 0x60,
    0x1F, 0x90, 0x00, 0x6F, 0x40, 0x0A, 0xF8, 0x36, 0xFD, 0x00, 0x00, 0xAF, 0xFF, 0xB2, 0x00, 0x00,
    0x01, 0x21, 0x00, 0x00, 0x01, 0x11, 0x11, 0x10, 0x8F, 0xFF, 0xFF, 0xF6, 0x35, 0x55, 0x5B, 0xF2,
    0x00, 0x00, 0x0E, 0xB0, 0x00, 0x00, 0x5F, 0x40, 0x00, 0x00, 0xCD, 0x00, 0x00, 0x04, 0xF6, 0x00,
    0x00, 0x0B, 0xE0, 0x00, 0x00, 0x2F, 0x80, 0x00, 0x00, 0x9F, 0x10, 0x00, 0x01, 0xFA, 0x00, 0x00,
    0x07, 0xF3, 0x00, 0x00, 0x00, 0x01, 0x43, 0x00, 0x00, 0x00, 0xAF, 0xFF, 0xE3, 0x00, 0x07, 0xF9,
    0x24, 0xEE, 0x00, 0x0A, 0xE0, 0x00, 0x6F, 0x20, 0x08, 0xF1, 0x00, 0x9F, 0x10, 0x00, 0xCE, 0xAC,
    0xF6, 0x00, 0x00, 0xAF, 0xEF, 0xE4, 0x00, 0x0A, 0xE2, 0x00, 0x9F, 0x20, 0x1F, 0x80, 0x00, 0x0F,
    0x80, 0x1F, 0x90, 0x00, 0x1F, 0x90, 0x0B, 0xF9, 0x45, 0xDF, 0x30, 0x00, 0xAF, 0xFF, 0xD4, 0x00,
    0x00, 0x00, 0x22, 0x00, 0x00, 0x00, 0x02, 0x42, 0x00, 0x00, 0x02, 0xCF, 0xFF, 0xC1, 0x00, 0x0D,
    0xF5, 0x26, 0xFC, 0x00, 0x3F, 0x60, 0x00, 0x7F, 0x30, 0x5F, 0x40, 0x00, 0x4F, 0x40, 0x2F, 0x90,
    0x00, 0xAF, 0x20, 0x0A, 0xFA, 0x7B, 0xFD, 0x00, 0x00, 0x8E, 0xEF, 0xF5, 0x00, 0x00, 0x00, 0x1E,
    0xB0, 0x00, 0x00, 0x00, 0x9F, 0x20, 0x00, 0x00, 0x03, 0xF9, 0x00, 0x00, 0x00, 0x0C, 0xE1, 0x00,
    0x00, 0x0B, 0xC0, 0x0E, 0xF1, 0x01, 0x10, 0x00, 0x00, 0x00, 0x00, 0x00, 0x00, 0x0A, 0xC0, 0x0E,
    0xF1, 0x01, 0x10, 0x00, 0x30, 0x0B, 0xF4, 0x07, 0xC2, 0x00, 0x00, 0x00, 0x00, 0x00, 0x00, 0x00,
    0x00, 0x08, 0xC0, 0x0C, 0xC0, 0x0E, 0x70, 0x0B, 0x10, 0x00, 0x00, 0x00, 0x19, 0x00, 0x00, 0x00,
    0x08, 0xFF, 0x00, 0x00, 0x07, 0xEF, 0x81, 0x00, 0x05, 0xEF, 0x81, 0x00, 0x00, 0x0D, 0xF4, 0x00,
    0x00, 0x00, 0x04, 0xCF, 0xA2, 0x00, 0x00, 0x00, 0x05, 0xDF, 0xA2, 0x00, 0x00, 0x00, 0x06, 0xEF,
    0x00, 0x00, 0x00, 0x00, 0x07, 0x00, 0x00, 0x00, 0x00, 0x00, 0x00, 0x0C, 0xFF, 0xFF, 0xFF, 0x00,
    0x06, 0x77, 0x77, 0x77, 0x00, 0x00, 0x00, 0x00, 0x00, 0x00, 0x07, 0x88, 0x88, 0x88, 0x00, 0x0B,
    0xDD, 0xDD, 0xDD, 0x00, 0x00, 0x00, 0x00, 0x00, 0x00, 0x00, 0x00, 0x00, 0x00, 0x00, 0x00, 0x00,
    0x00, 0x00, 0x00, 0x08, 0x20, 0x00, 0x00, 0x00, 0x0C, 0xF9, 0x10, 0x00, 0x00, 0x00, 0x6E, 0xF8,
    0x10, 0x00, 0x00, 0x00, 0x7E, 0xF7, 0x00, 0x00, 0x00, 0x02, 0xEF, 0x00, 0x00, 0x01, 0x9F, 0xE5,
    0x00, 0x01, 0x8F, 0xE7, 0x00, 0x00, 0x0D, 0xF8, 0x00, 0x00, 0x00, 0x07, 0x10, 0x00, 0x00, 0x00,
    0x00, 0x00, 0x00, 0x00, 0x00, 0x00, 0x14, 0x30, 0x00, 0x08, 0xFF, 0xFD, 0x20, 0x6F, 0x72, 0x4F,
    0xA0, 0x15, 0x00, 0x0B, 0xD0, 0x00, 0x00, 0x2F, 0x90, 0x00, 0x02, 0xEC, 0x10, 0x00, 0x0C, 0xC0,
    0x00, 0x00, 0x0F, 0x60, 0x00, 0x00, 0x08, 0x30, 0x00, 0x00, 0x00, 0x00, 0x00, 0x00, 0x2D, 0x70,
    0x00, 0x00, 0x4F, 0xA0, 0x00, 0x00, 0x02, 0x00, 0x00, 0x00, 0x00, 0x03, 0x43, 0x00, 0x00, 0x00,
    0x09, 0xFE, 0xDF, 0xE7, 0x00, 0x01, 0xDC, 0x30, 0x00, 0x4E, 0xA0, 0x0A, 0xC0, 0x05, 0x50, 0x32,
    0xE5, 0x1F, 0x21, 0xDE, 0xDC, 0xF1, 0x8B, 0x5D, 0x07, 0xE1, 0x08, 0xF1, 0x5E, 0x7C, 0x09, 0xB0,
    0x03, 0xF1, 0x4E, 0x5D, 0x06, 0xF2, 0x0A, 0xF3, 0x9A, 0x2F, 0x20, 0xBF, 0xFA, 0x7F, 0xE2, 0x0B,
    0xB0, 0x02, 0x20, 0x01, 0x00, 0x01, 0xDC, 0x40, 0x01, 0x64, 0x00, 0x00, 0x08, 0xEF, 0xFF, 0xC4,
    0x00, 0x00, 0x00, 0x01, 0x20, 0x00, 0x00, 0x00, 0x00, 0x11, 0x00, 0x00, 0x00, 0x00, 0x00, 0xEF,
    0x10, 0x00, 0x00, 0x00, 0x04, 0xFF, 0x70, 0x00, 0x00, 0x00, 0x0A, 0xEB, 0xD0, 0x00, 0x00, 0x00,
    0x1F, 0x85, 0xF3, 0x00, 0x00, 0x00, 0x6F, 0x20, 0xF9, 0x00, 0x00, 0x00, 0xCD, 0x00, 0xAF, 0x00,
    0x00, 0x02, 0xFF, 0xFF, 0xFF, 0x50, 0x00, 0x08, 0xF8, 0x77, 0x7F, 0xB0, 0x00, 0x0E, 0xB0, 0x00,
    0x08, 0xF1, 0x00, 0x4F, 0x50, 0x00, 0x02, 0xF7, 0x00, 0xAF, 0x00, 0x00, 0x00, 0xCD, 0x00, 0x01,
    0x11, 0x11, 0x00, 0x00, 0x0D, 0xFF, 0xFF, 0xF8, 0x00, 0x0D, 0xC5, 0x56, 0xBF, 0x70, 0x0D, 0xB0,
    0x00, 0x0E, 0xB0, 0x0D, 0xB0, 0x00, 0x1F, 0x90, 0x0D, 0xF8, 0x88, 0xDD, 0x10, 0x0D, 0xFF, 0xFF,
    0xFC, 0x30, 0x0D, 0xB0, 0x00, 0x2C, 0xE0, 0x0D, 0xB0, 0x00, 0x05, 0xF4, 0x0D, 0xB0, 0x00, 0x08,
    0xF3, 0x0D, 0xD7, 0x77, 0xAF, 0xD0, 0x0D, 0xFF, 0xFF, 0xD9, 0x10, 0x00, 0x00, 0x14, 0x30, 0x00,
    0x00, 0x2B, 0xFF, 0xFF, 0x80, 0x01, 0xEF, 0x73, 0x4A, 0xF9, 0x0A, 0xF3, 0x00, 0x00, 0x51, 0x0F,
    0xA0, 0x00, 0x00, 0x00, 0x2F, 0x60, 0x00, 0x00, 0x00, 0x3F, 0x50, 0x00, 0x00, 0x00, 0x2F, 0x70,
    0x00, 0x00, 0x00, 0x0E, 0xB0, 0x00, 0x00, 0x00, 0x09, 0xF4, 0x00, 0x00, 0x72, 0x00, 0xDF, 0x94,
    0x5B, 0xF8, 0x00, 0x19, 0xFF, 0xFE, 0x70, 0x00, 0x00, 0x02, 0x20, 0x00, 0x01, 0x11, 0x10, 0x00,
    0x00, 0x00, 0x0D, 0xFF, 0xFF, 0xF9, 0x10, 0x00, 0x0D, 0xC5, 0x56, 0x9F, 0xE2, 0x00, 0x0D, 0xB0,
    0x00, 0x02, 0xFC, 0x00, 0x0D, 0xB0, 0x00, 0x00, 0x8F, 0x20, 0x0D, 0xB0, 0x00, 0x00, 0x4F, 0x50,
    0x0D, 0xB0, 0x00, 0x00, 0x3F, 0x60, 0x0D, 0xB0, 0x00, 0x00, 0x4F, 0x50, 0x0D, 0xB0, 0x00, 0x00,
    0x9F, 0x10, 0x0D, 0xB0, 0x00, 0x04, 0xFA, 0x00, 0x0D, 0xD7, 0x78, 0xBF, 0xD1, 0x00, 0x0D, 0xFF,
    0xFF, 0xC7, 0x00, 0x00, 0x01, 0x11, 0x11, 0x11, 0x00, 0x0D, 0xFF, 0xFF, 0xFF, 0x20, 0x0D, 0xC5,
    0x55, 0x55, 0x00, 0x0D, 0xB0, 0x00, 0x00, 0x00, 0x0D, 0xB0, 0x00, 0x00, 0x00, 0x0D, 0xD7, 0x77,
    0x76, 0x00, 0x0D, 0xFF, 0xFF, 0xFC, 0x00, 0x0D, 0xB0, 0x00, 0x00, 0x00, 0x0D, 0xB0, 0x00, 0x00,
    0x00, 0x0D, 0xB0, 0x00, 0x00, 0x00, 0x0D, 0xD7, 0x77, 0x77, 0x20, 0x0D, 0xFF, 0xFF, 0xFF, 0x50,
    0x01, 0x11, 0x11, 0x11, 0x00, 0x0D, 0xFF, 0xFF, 0xFF, 0x00, 0x0D, 0xC5, 0x55, 0x55, 0x00, 0x0D,
    0xB0, 0x00, 0x00, 0x00, 0x0D, 0xB0, 0x00, 0x00, 0x00, 0x0D, 0xC3, 0x33, 0x32, 0x00, 0x0D, 0xFF,
    0xFF, 0xFA, 0x00, 0x0D, 0xC3, 0x33, 0x32, 0x00, 0x0D, 0xB0, 0x00, 0x00, 0x00, 0x0D, 0xB0, 0x00,
    0x00, 0x00, 0x0D, 0xB0, 0x00, 0x00, 0x00, 0x0D, 0xB0, 0x00, 0x00, 0x00, 0x00, 0x00, 0x14, 0x30,
    0x00, 0x00, 0x00, 0x2C, 0xFF, 0xFF, 0x80, 0x00, 0x01, 0xEF, 0x73, 0x3A, 0xF8, 0x00, 0x0A, 0xF3,
    0x00, 0x00, 0x51, 0x00, 0x0F, 0xA0, 0x00, 0x00, 0x00, 0x00, 0x2F, 0x60, 0x00, 0x11, 0x11, 0x00,
    0x3F, 0x50, 0x01, 0xFF, 0xFF, 0x00, 0x2F, 0x60, 0x00, 0x55, 0xAF, 0x00, 0x0F, 0xA0, 0x00, 0x00,
    0x8F, 0x00, 0x09, 0xF3, 0x00, 0x00, 0x9F, 0x00, 0x01, 0xEF, 0x84, 0x59, 0xFB, 0x00, 0x00, 0x1A,
    0xFF, 0xFE, 0x80, 0x00, 0x00, 0x00, 0x02, 0x20, 0x00, 0x00, 0x01, 0x10, 0x00, 0x00, 0x11, 0x00,
    0x0D, 0xB0, 0x00, 0x00, 0xBC, 0x00, 0x0D, 0xB0, 0x00, 0x00, 0xBC, 0x00, 0x0D, 0xB0, 0x00, 0x00,
    0xBC, 0x00, 0x0D, 0xB0, 0x00, 0x00, 0xBC, 0x00, 0x0D, 0xF7, 0x77, 0x77, 0xFC, 0x00, 0x0D, 0xFF,
    0xFF, 0xFF, 0xFC, 0x00, 0x0D, 0xB0, 0x00, 0x00, 0xBC, 0x00, 0x0D, 0xB0, 0x00, 0x00, 0xBC, 0x00,
    0x0D, 0xB0, 0x00, 0x00, 0xBC, 0x00, 0x0D, 0xB0, 0x00, 0x00, 0xBC, 0x00, 0x0D, 0xB0, 0x00, 0x00,
    0xBC, 0x00, 0x01, 0x10, 0x0D, 0xB0, 0x0D, 0xB0, 0x0D, 0xB0, 0x0D, 0xB0, 0x0D, 0xB0, 0x0D, 0xB0,
    0x0D, 0xB0, 0x0D, 0xB0, 0x0D, 0xB0, 0x0D, 0xB0, 0x0D, 0xB0, 0x00, 0x00, 0x01, 0x00, 0x00, 0x00,
    0x5F, 0x30, 0x00, 0x00, 0x5F, 0x30, 0x00, 0x00, 0x5F, 0x30, 0x00, 0x00, 0x5F, 0x30, 0x00, 0x00,
    0x5F, 0x30, 0x00, 0x00, 0x5F, 0x30, 0x00, 0x00, 0x5F, 0x30, 0x00, 0x00, 0x5F, 0x30, 0x14, 0x00,
    0x7F, 0x20, 0x9F, 0x65, 0xEE, 0x00, 0x1C, 0xFF, 0xE4, 0x00, 0x00, 0x12, 0x00, 0x00, 0x01, 0x10,
    0x00, 0x00, 0x10, 0x0D, 0xB0, 0x00, 0x1E, 0xD1, 0x0D, 0xB0, 0x01, 0xDD, 0x10, 0x0D, 0xB0, 0x0C,
    0xE2, 0x00, 0x0D, 0xB0, 0xCE, 0x20, 0x00, 0x0D, 0xBB, 0xF8, 0x00, 0x00, 0x0D, 0xFF, 0xFE, 0x10,
    0x00, 0x0D, 0xF4, 0x3F, 0xB0, 0x00, 0x0D, 0xC0, 0x08, 0xF6, 0x00, 0x0D, 0xB0, 0x00, 0xDF, 0x20,
    0x0D, 0xB0, 0x00, 0x2F, 0xC0, 0x0D, 0xB0, 0x00, 0x07, 0xF8, 0x01, 0x10, 0x00, 0x00, 0x00, 0x0D,
    0xB0, 0x00, 0x00, 0x00, 0x0D, 0xB0, 0x00, 0x00, 0x00, 0x0D, 0xB0, 0x00, 0x00, 0x00, 0x0D, 0xB0,
    0x00, 0x00, 0x00, 0x0D, 0xB0, 0x00, 0x00, 0x00, 0x0D, 0xB0, 0x00, 0x00, 0x00, 0x0D, 0xB0, 0x00,
    0x00, 0x00, 0x0D, 0xB0, 0x00, 0x00, 0x00, 0x0D, 0xB0, 0x00, 0x00, 0x00, 0x0D, 0xD7, 0x77, 0x77,
    0x10, 0x0D, 0xFF, 0xFF, 0xFF, 0x40, 0x01, 0x10, 0x00, 0x00, 0x00, 0x01, 0x00, 0x0D, 0xE1, 0x00,
    0x00, 0x00, 0xBF, 0x20, 0x0D, 0xFA, 0x00, 0x00, 0x05, 0xFF, 0x20, 0x0D, 0xFF, 0x40, 0x00, 0x0E,
    0xFF, 0x20, 0x0D, 0xBD, 0xD0, 0x00, 0x9F, 0x8F, 0x20, 0x0D, 0xA3, 0xF7, 0x03, 0xF7, 0x6F, 0x20,
    0x0D, 0xA0, 0x9F, 0x2C, 0xD0, 0x6F, 0x20, 0x0D, 0xA0, 0x1E, 0xEF, 0x40, 0x6F, 0x20, 0x0D, 0xA0,
    0x05, 0xFA, 0x00, 0x6F, 0x20, 0x0D, 0xA0, 0x00, 0x41, 0x00, 0x6F, 0x20, 0x0D, 0xA0, 0x00, 0x00,
    0x00, 0x6F, 0x20, 0x0D, 0xA0, 0x00, 0x00, 0x00, 0x6F, 0x20, 0x01, 0x10, 0x00, 0x00, 0x01, 0x00,
    0x0D, 0xE1, 0x00, 0x00, 0x9E, 0x00, 0x0D, 0xFB, 0x00, 0x00, 0x9E, 0x00, 0x0D, 0xEF, 0x60, 0x00,
    0x9E, 0x00, 0x0D, 0xAA, 0xF2, 0x00, 0x9E, 0x00, 0x0D, 0xA1, 0xEC, 0x00, 0x9E, 0x00, 0x0D, 0xA0,
    0x5F, 0x70, 0x9E, 0x00, 0x0D, 0xA0, 0x0A, 0xF2, 0x9E, 0x00, 0x0D, 0xA0, 0x01, 0xEC, 0xAE, 0x00,
    0x0D, 0xA0, 0x00, 0x4F, 0xFE, 0x00, 0x0D, 0xA0, 0x00, 0x09, 0xFE, 0x00, 0x0D, 0xA0, 0x00, 0x00,
    0xDE, 0x00, 0x00, 0x00, 0x24, 0x30, 0x00, 0x00, 0x00, 0x2C, 0xFF, 0xFF, 0x80, 0x00, 0x02, 0xFE,
    0x63, 0x4A, 0xFA, 0x00, 0x0A, 0xF2, 0x00, 0x00, 0x8F, 0x40, 0x0F, 0xA0, 0x00, 0x00, 0x0F, 0xA0,
    0x2F, 0x60, 0x00, 0x00, 0x0C, 0xC0, 0x3F, 0x50, 0x00, 0x00, 0x0B, 0xD0, 0x2F, 0x60, 0x00, 0x00,
    0x0C, 0xC0, 0x0F, 0xA0, 0x00, 0x00, 0x1F, 0x90, 0x0A, 0xF3, 0x00, 0x00, 0x9F, 0x30, 0x01, 0xEF,
    0x84, 0x5B, 0xF9, 0x00, 0x00, 0x1A, 0xFF, 0xFE, 0x70, 0x00, 0x00, 0x00, 0x02, 0x10, 0x00, 0x00,
    0x01, 0x11, 0x10, 0x00, 0x00, 0x0D, 0xFF, 0xFF, 0xE7, 0x00, 0x0D, 0xC5, 0x56, 0xBF, 0x80, 0x0D,
    0xB0, 0x00, 0x0D, 0xE0, 0x0D, 0xB0, 0x00, 0x0A, 0xF0, 0x0D, 0xB0, 0x00, 0x0D, 0xD0, 0x0D, 0xF8,
    0x89, 0xEF, 0x50, 0x0D, 0xFE, 0xED, 0xB4, 0x00, 0x0D, 0xB0, 0x00, 0x00, 0x00, 0x0D, 0xB0, 0x00,
    0x00, 0x00, 0x0D, 0xB0, 0x00, 0x00, 0x00, 0x0D, 0xB0, 0x00, 0x00, 0x00, 0x00, 0x00, 0x14, 0x30,
    0x00, 0x00, 0x00, 0x2C, 0xFF, 0xFF, 0x80, 0x00, 0x02, 0xFE, 0x63, 0x4A, 0xFA, 0x00, 0x0A, 0xF2,
    0x00, 0x00, 0x8F, 0x40, 0x0F, 0xA0, 0x00, 0x00, 0x0F, 0xA0, 0x2F, 0x60, 0x00, 0x00, 0x0C, 0xC0,
    0x3F, 0x50, 0x00, 0x00, 0x0B, 0xD0, 0x2F, 0x60, 0x00, 0x00, 0x0C, 0xC0, 0x0F, 0xA0, 0x00, 0x27,
    0x1F, 0x90, 0x0A, 0xF3, 0x00, 0x8F, 0xFF, 0x30, 0x01, 0xEF, 0x84, 0x5F, 0xFE, 0x00, 0x00, 0x1A,
    0xFF, 0xFF, 0xFF, 0x30, 0x00, 0x00, 0x02, 0x10, 0x1E, 0x90, 0x00, 0x00, 0x00, 0x00, 0x01, 0x00,
    0x01, 0x11, 0x10, 0x00, 0x00, 0x0D, 0xFF, 0xFF, 0xD6, 0x00, 0x0D, 0xC5, 0x56, 0xCF, 0x60, 0x0D,
    0xB0, 0x00, 0x0E, 0xC0, 0x0D, 0xB0, 0x00, 0x0C, 0xC0, 0x0D, 0xB0, 0x00, 0x6F, 0x90, 0x0D, 0xFF,
    0xFF, 0xFD, 0x10, 0x0D, 0xF8, 0x9F, 0xE0, 0x00, 0x0D, 0xB0, 0x07, 0xF3, 0x00, 0x0D, 0xB0, 0x00,
    0xDD, 0x00, 0x0D, 0xB0, 0x00, 0x5F, 0x70, 0x0D, 0xB0, 0x00, 0x0B, 0xF1, 0x00, 0x02, 0x43, 0x00,
    0x00, 0x02, 0xDF, 0xFF, 0xE5, 0x00, 0x0E, 0xE5, 0x24, 0xCF, 0x30, 0x3F, 0x50, 0x00, 0x05, 0x00,
    0x3F, 0x80, 0x00, 0x00, 0x00, 0x0B, 0xFB, 0x51, 0x00, 0x00, 0x00, 0x7D, 0xFF, 0xB2, 0x00, 0x00,
    0x00, 0x27, 0xEF, 0x20, 0x00, 0x00, 0x00, 0x3F, 0x70, 0x1A, 0x10, 0x00, 0x2F, 0x70, 0x3F, 0xD6,
    0x46, 0xDF, 0x20, 0x03, 0xCF, 0xFF, 0xD4, 0x00, 0x00, 0x01, 0x21, 0x00, 0x00, 0x01, 0x11, 0x11,
    0x11, 0x10, 0xAF, 0xFF, 0xFF, 0xFF, 0xC0, 0x35, 0x57, 0xF9, 0x55, 0x40, 0x00, 0x03, 0xF5, 0x00,
    0x00, 0x00, 0x03, 0xF5, 0x00, 0x00, 0x00, 0x03, 0xF5, 0x00, 0x00, 0x00, 0x03, 0xF5, 0x00, 0x00,
    0x00, 0x03, 0xF5, 0x00, 0x00, 0x00, 0x03, 0xF5, 0x00, 0x00, 0x00, 0x03, 0xF5, 0x00, 0x00, 0x00,
    0x03, 0xF5, 0x00, 0x00, 0x00, 0x03, 0xF5, 0x00, 0x00, 0x01, 0x10, 0x00, 0x00, 0x10, 0x00, 0x0D,
    0xB0, 0x00, 0x00, 0xF8, 0x00, 0x0D, 0xB0, 0x00, 0x00, 0xF8, 0x00, 0x0D, 0xB0, 0x00, 0x00, 0xF8,
    0x00, 0x0D, 0xB0, 0x00, 0x00, 0xF8, 0x00, 0x0D, 0xB0, 0x00, 0x00, 0xF8, 0x00, 0x0D, 0xB0, 0x00,
    0x00, 0xF8, 0x00, 0x0D, 0xB0, 0x00, 0x00, 0xF7, 0x00, 0x0C, 0xC0, 0x00, 0x02, 0xF6, 0x00, 0x09,
    0xF2, 0x00, 0x07, 0xF3, 0x00, 0x02, 0xFE, 0x64, 0x8F, 0xC0, 0x00, 0x00, 0x3D, 0xFF, 0xFA, 0x10,
    0x00, 0x00, 0x00, 0x12, 0x00, 0x00, 0x00, 0x11, 0x00, 0x00, 0x00, 0x01, 0x00, 0x9F, 0x10, 0x00,
    0x00, 0xCD, 0x00, 0x3F, 0x60, 0x00, 0x02, 0xF7, 0x00, 0x0D, 0xC0, 0x00, 0x08, 0xF1, 0x00, 0x07,
    0xF2, 0x00, 0x0E, 0xB0, 0x00, 0x01, 0xF8, 0x00, 0x4F, 0x50, 0x00, 0x00, 0xBD, 0x00, 0xAF, 0x00,
    0x00, 0x00, 0x5F, 0x30, 0xF9, 0x00, 0x00, 0x00, 0x0F, 0x95, 0xF3, 0x00, 0x00, 0x00, 0x09, 0xEC,
    0xD0, 0x00, 0x00, 0x00, 0x03, 0xFF, 0x70, 0x00, 0x00, 0x00, 0x00, 0xDF, 0x10, 0x00, 0x00, 0x11,
    0x00, 0x00, 0x01, 0x00, 0x00, 0x01, 0x00, 0x9F, 0x00, 0x00, 0x8F, 0x60, 0x00, 0x1F, 0x70, 0x5F,
    0x40, 0x00, 0xDF, 0xB0, 0x00, 0x5F, 0x30, 0x1F, 0x80, 0x02, 0xFC, 0xF0, 0x00, 0xAE, 0x00, 0x0C,
    0xC0, 0x06, 0xF3, 0xF4, 0x00, 0xEA, 0x00, 0x08, 0xF1, 0x0B, 0xB0, 0xD9, 0x02, 0xF5, 0x00, 0x03,
    0xF5, 0x0F, 0x60, 0x9D, 0x07, 0xF1, 0x00, 0x00, 0xE9, 0x4F, 0x20, 0x4F, 0x2B, 0xC0, 0x00, 0x00,
    0xAE, 0x8D, 0x00, 0x0F, 0x7F, 0x80, 0x00, 0x00, 0x6F, 0xE8, 0x00, 0x0B, 0xEF, 0x30, 0x00, 0x00,
    0x1F, 0xF4, 0x00, 0x06, 0xFF, 0x00, 0x00, 0x00, 0x0D, 0xF0, 0x00, 0x01, 0xFA, 0x00, 0x00, 0x01,
    0x00, 0x00, 0x00, 0x10, 0x2F, 0xB0, 0x00, 0x0D, 0xE1, 0x06, 0xF6, 0x00, 0x7F, 0x50, 0x00, 0xBF,
    0x12, 0xFA, 0x00, 0x00, 0x1F, 0xBB, 0xE1, 0x00, 0x00, 0x06, 0xFF, 0x40, 0x00, 0x00, 0x03, 0xFF,
    0x10, 0x00, 0x00, 0x0D, 0xEF, 0xB0, 0x00, 0x00, 0x7F, 0x36, 0xF5, 0x00, 0x02, 0xFA, 0x00, 0xCE,
    0x10, 0x0C, 0xF1, 0x00, 0x3F, 0xA0, 0x6F, 0x70, 0x00, 0x09, 0xF4, 0x11, 0x00, 0x00, 0x00, 0x10,
    0x9F, 0x30, 0x00, 0x0B, 0xF2, 0x0E, 0xC0, 0x00, 0x3F, 0x80, 0x06, 0xF5, 0x00, 0xCE, 0x00, 0x00,
    0xCD, 0x05, 0xF5, 0x00, 0x00, 0x3F, 0x7D, 0xC0, 0x00, 0x00, 0x0A, 0xFF, 0x20, 0x00, 0x00, 0x01,
    0xFA, 0x00, 0x00, 0x00, 0x00, 0xF8, 0x00, 0x00, 0x00, 0x00, 0xF8, 0x00, 0x00, 0x00, 0x00, 0xF8,
    0x00, 0x00, 0x00, 0x00, 0xF8, 0x00, 0x00, 0x01, 0x11, 0x11, 0x11, 0x00, 0x5F, 0xFF, 0xFF, 0xFF,
    0x50, 0x25, 0x55, 0x55, 0xEF, 0x10, 0x00, 0x00, 0x07, 0xF6, 0x00, 0x00, 0x00, 0x2F, 0xA0, 0x00,
    0x00, 0x00, 0xDE, 0x10, 0x00, 0x00, 0x08, 0xF4, 0x00, 0x00, 0x00, 0x3F, 0x90, 0x00, 0x00, 0x00,
    0xDD, 0x00, 0x00, 0x00, 0x09, 0xF3, 0x00, 0x00, 0x00, 0x4F, 0xD7, 0x77, 0x77, 0x40, 0x8F, 0xFF,
    0xFF, 0xFF, 0x90, 0x03, 0x88, 0x80, 0x06, 0xFC, 0xC0, 0x06, 0xF0, 0x00, 0x06, 0xF0, 0x00, 0x06,
    0xF0, 0x00, 0x06, 0xF0, 0x00, 0x06, 0xF0, 0x00, 0x06, 0xF0, 0x00, 0x06, 0xF0, 0x00, 0x06, 0xF0,
    0x00, 0x06, 0xF0, 0x00, 0x06, 0xF0, 0x00, 0x06, 0xF7, 0x70, 0x05, 0xDD, 0xD1, 0x10, 0x00, 0x00,
    0xBC, 0x00, 0x00, 0x6F, 0x20, 0x00, 0x1F, 0x70, 0x00, 0x0C, 0xC0, 0x00, 0x07, 0xF1, 0x00, 0x02,
    0xF6, 0x00, 0x00, 0xDB, 0x00, 0x00, 0x7F, 0x00, 0x00, 0x2F, 0x50, 0x00, 0x0D, 0xA0, 0x00, 0x08,
    0xF0, 0x68, 0x85, 0x00, 0xAC, 0xFB, 0x00, 0x00, 0xCB, 0x00, 0x00, 0xCB, 0x00, 0x00, 0xCB, 0x00,
    0x00, 0xCB, 0x00, 0x00, 0xCB, 0x00, 0x00, 0xCB, 0x00, 0x00, 0xCB, 0x00, 0x00, 0xCB, 0x00, 0x00,
    0xCB, 0x00, 0x00, 0xCB, 0x00, 0x67, 0xEB, 0x00, 0xAD, 0xD9, 0x00, 0x00, 0x01, 0x00, 0x00, 0x00,
    0xBF, 0x70, 0x00, 0x04, 0xF9, 0xF1, 0x00, 0x0D, 0x90, 0xD9, 0x00, 0x5D, 0x10, 0x3E, 0x20, 0x00,
    0x00, 0x00, 0x00, 0x00, 0x00, 0x00, 0x00, 0x00, 0x00, 0x00, 0x00, 0x00, 0x00, 0x00, 0x00, 0x00,
    0x00, 0x00, 0x00, 0x00, 0x00, 0x00, 0x00, 0x00, 0x00, 0x00, 0x00, 0x00, 0x00, 0x00, 0x00, 0x00,
    0x00, 0x00, 0x00, 0xFF, 0xFF, 0xFF, 0xD0, 0x66, 0x66, 0x66, 0x50, 0x18, 0x00, 0x5F, 0x60, 0x05,
    0xE0, 0x00, 0x00, 0x00, 0x00, 0x00, 0x00, 0x00, 0x00, 0x00, 0x00, 0x00, 0x00, 0x00, 0x00, 0x00,
    0x00, 0x00, 0x00, 0x00, 0x03, 0x30, 0x00, 0x05, 0xEF, 0xFE, 0x30, 0x07, 0xA2, 0x3D, 0xE0, 0x00,
    0x00, 0x06, 0xF2, 0x01, 0x8C, 0xDE, 0xF2, 0x1E, 0xE9, 0x7A, 0xF2, 0x5F, 0x30, 0x07, 0xF2, 0x5F,
    0x72, 0x6E, 0xF2, 0x0A, 0xFF, 0xD7, 0xF2, 0x00, 0x12, 0x00, 0x00, 0x01, 0x00, 0x00, 0x00, 0x00,
    0x0F, 0x70, 0x00, 0x00, 0x00, 0x0F, 0x70, 0x00, 0x00, 0x00, 0x0F, 0x70, 0x23, 0x00, 0x00, 0x0F,
    0x9C, 0xFF, 0xD2, 0x00, 0x0F, 0xF9, 0x36, 0xFC, 0x00, 0x0F, 0xC0, 0x00, 0x7F, 0x20, 0x0F, 0x70,
    0x00, 0x3F, 0x50, 0x0F, 0x70, 0x00, 0x3F, 0x50, 0x0F, 0xC0, 0x00, 0x8F, 0x20, 0x0F, 0xF9, 0x47,
    0xFB, 0x00, 0x0F, 0x8C, 0xFF, 0xC1, 0x00, 0x00, 0x00, 0x22, 0x00, 0x00, 0x00, 0x02, 0x31, 0x00,
    0x01, 0xBF, 0xFF, 0x80, 0x0C, 0xF5, 0x28, 0xF3, 0x2F, 0x60, 0x00, 0x10, 0x5F, 0x20, 0x00, 0x00,
    0x5F, 0x20, 0x00, 0x00, 0x2F, 0x70, 0x00, 0x20, 0x0B, 0xF6, 0x39, 0xF3, 0x01, 0xBF, 0xFF, 0x70,
    0x00, 0x01, 0x20, 0x00, 0x00, 0x00, 0x00, 0x01, 0x00, 0x00, 0x00, 0x00, 0x7F, 0x00, 0x00, 0x00,
    0x00, 0x7F, 0x00, 0x00, 0x03, 0x30, 0x7F, 0x00, 0x02, 0xDF, 0xFC, 0x8F, 0x00, 0x0C, 0xF6, 0x39,
    0xFF, 0x00, 0x3F, 0x70, 0x00, 0xCF, 0x00, 0x5F, 0x20, 0x00, 0x7F, 0x00, 0x5F, 0x20, 0x00, 0x7F,
    0x00, 0x2F, 0x70, 0x00, 0xCF, 0x00, 0x0B, 0xF7, 0x49, 0xFF, 0x00, 0x01, 0xCF, 0xFC, 0x8F, 0x00,
    0x00, 0x01, 0x20, 0x00, 0x00, 0x00, 0x02, 0x31, 0x00, 0x01, 0xCF, 0xFF, 0x80, 0x0C, 0xE3, 0x17,
    0xF5, 0x2F, 0x60, 0x00, 0xDA, 0x5F, 0xFD, 0xDD, 0xFC, 0x5F, 0x96, 0x66, 0x64, 0x2F, 0x60, 0x00,
    0x10, 0x0B, 0xF5, 0x26, 0xF5, 0x01, 0xBF, 0xFF, 0x90, 0x00, 0x01, 0x21, 0x00, 0x00, 0x04, 0x30,
    0x01, 0xDF, 0xF2, 0x06, 0xF4, 0x10, 0x08, 0xE0, 0x00, 0xBF, 0xFF, 0xF0, 0x5F, 0xF6, 0x60, 0x09,
    0xE0, 0x00, 0x09, 0xE0, 0x00, 0x09, 0xE0, 0x00, 0x09, 0xE0, 0x00, 0x09, 0xE0, 0x00, 0x09, 0xE0,
    0x00, 0x00, 0x03, 0x20, 0x00, 0x00, 0x02, 0xDF, 0xFC, 0x9F, 0x00, 0x0D, 0xF6, 0x39, 0xFF, 0x00,
    0x4F, 0x60, 0x00, 0xCF, 0x00, 0x6F, 0x20, 0x00, 0x8F, 0x00, 0x5F, 0x20, 0x00, 0x8F, 0x00, 0x2F,
    0x80, 0x00, 0xDF, 0x00, 0x0A, 0xFA, 0x7C, 0xEF, 0x00, 0x00, 0x9E, 0xE8, 0x8E, 0x00, 0x00, 0x00,
    0x00, 0xBC, 0x00, 0x0C, 0xA2, 0x06, 0xF7, 0x00, 0x05, 0xFF, 0xFF, 0xA0, 0x00, 0x00, 0x04, 0x42,
    0x00, 0x00, 0x01, 0x00, 0x00, 0x00, 0x00, 0x0F, 0x70, 0x00, 0x00, 0x00, 0x0F, 0x70, 0x00, 0x00,
    0x00, 0x0F, 0x70, 0x22, 0x00, 0x00, 0x0F, 0x9C, 0xFF, 0xC1, 0x00, 0x0F, 0xF7, 0x27, 0xF8, 0x00,
    0x0F, 0xA0, 0x00, 0xDB, 0x00, 0x0F, 0x70, 0x00, 0xBC, 0x00, 0x0F, 0x70, 0x00, 0xBC, 0x00, 0x0F,
    0x70, 0x00, 0xBC, 0x00, 0x0F, 0x70, 0x00, 0xBC, 0x00, 0x0F, 0x70, 0x00, 0xBC, 0x00, 0x04, 0x20,
    0x0F, 0xC0, 0x05, 0x40, 0x00, 0x00, 0x0C, 0x90, 0x0D, 0xA0, 0x0D, 0xA0, 0x0D, 0xA0, 0x0D, 0xA0,
    0x0D, 0xA0, 0x0D, 0xA0, 0x0D, 0xA0, 0x00, 0x32, 0x00, 0x00, 0xFD, 0x00, 0x00, 0x54, 0x00, 0x00,
    0x00, 0x00, 0x00, 0xCA, 0x00, 0x00, 0xDA, 0x00, 0x00, 0xDA, 0x00, 0x00, 0xDA, 0x00, 0x00, 0xDA,
    0x00, 0x00, 0xDA, 0x00, 0x00, 0xDA, 0x00, 0x00, 0xDA, 0x00, 0x00, 0xDA, 0x00, 0x23, 0xF9, 0x00,
    0xDF, 0xF2, 0x00, 0x34, 0x10, 0x00, 0x01, 0x00, 0x00, 0x00, 0x0F, 0x70, 0x00, 0x00, 0x0F, 0x70,
    0x00, 0x00, 0x0F, 0x70, 0x00, 0x00, 0x0F, 0x70, 0x0C, 0xE2, 0x0F, 0x70, 0xBE, 0x20, 0x0F, 0x7A,
    0xF3, 0x00, 0x0F, 0xFF, 0xF0, 0x00, 0x0F, 0xF7, 0xF9, 0x00, 0x0F, 0xA0, 0x9F, 0x30, 0x0F, 0x70,
    0x1E, 0xD0, 0x0F, 0x70, 0x05, 0xF7, 0x01, 0x00, 0x0F, 0x70, 0x0F, 0x70, 0x0F, 0x70, 0x0F, 0x70,
    0x0F, 0x70, 0x0F, 0x70, 0x0F, 0x70, 0x0F, 0x70, 0x0F, 0x70, 0x0F, 0xC2, 0x09, 0xF7, 0x00, 0x00,
    0x00, 0x00, 0x31, 0x00, 0x03, 0x10, 0x00, 0x0F, 0x8C, 0xFF, 0x65, 0xFF, 0xF7, 0x00, 0x0F, 0xF5,
    0x2B, 0xFE, 0x42, 0xCF, 0x10, 0x0F, 0xA0, 0x03, 0xF8, 0x00, 0x4F, 0x30, 0x0F, 0x70, 0x01, 0xF6,
    0x00, 0x3F, 0x40, 0x0F, 0x70, 0x01, 0xF6, 0x00, 0x3F, 0x40, 0x0F, 0x70, 0x01, 0xF6, 0x00, 0x3F,
    0x40, 0x0F, 0x70, 0x01, 0xF6, 0x00, 0x3F, 0x40, 0x0F, 0x70, 0x01, 0xF6, 0x00, 0x3F, 0x40, 0x00,
    0x00, 0x32, 0x00, 0x00, 0x0F, 0x9C, 0xFF, 0xC1, 0x00, 0x0F, 0xF7, 0x27, 0xF8, 0x00, 0x0F, 0xA0,
    0x00, 0xDB, 0x00, 0x0F, 0x70, 0x00, 0xBC, 0x00, 0x0F, 0x70, 0x00, 0xBC, 0x00, 0x0F, 0x70, 0x00,
    0xBC, 0x00, 0x0F, 0x70, 0x00, 0xBC, 0x00, 0x0F, 0x70, 0x00, 0xBC, 0x00, 0x00, 0x02, 0x31, 0x00,
    0x00, 0x01, 0xCF, 0xFF, 0x80, 0x00, 0x0C, 0xE5, 0x28, 0xF6, 0x00, 0x2F, 0x60, 0x00, 0xCD, 0x00,
    0x5F, 0x20, 0x00, 0x8F, 0x00, 0x5F, 0x20, 0x00, 0x8F, 0x00, 0x2F, 0x60, 0x00, 0xCD, 0x00, 0x0B,
    0xF6, 0x39, 0xF6, 0x00, 0x01, 0xBF, 0xFF, 0x80, 0x00, 0x00, 0x01, 0x20, 0x00, 0x00, 0x00, 0x00,
    0x23, 0x00, 0x00, 0x0F, 0x9C, 0xFF, 0xD2, 0x00, 0x0F, 0xF9, 0x36, 0xFC, 0x00, 0x0F, 0xC0, 0x00,
    0x7F, 0x20, 0x0F, 0x70, 0x00, 0x3F, 0x50, 0x0F, 0x70, 0x00, 0x3F, 0x50, 0x0F, 0xC0, 0x00, 0x8F,
    0x20, 0x0F, 0xF9, 0x47, 0xFB, 0x00, 0x0F, 0x8C, 0xFF, 0xC1, 0x00, 0x0F, 0x70, 0x22, 0x00, 0x00,
    0x0F, 0x70, 0x00, 0x00, 0x00, 0x0F, 0x70, 0x00, 0x00, 0x00, 0x02, 0x10, 0x00, 0x00, 0x00, 0x00,
    0x02, 0x20, 0x00, 0x00, 0x02, 0xDF, 0xFC, 0x8F, 0x00, 0x0C, 0xF6, 0x39, 0xFF, 0x00, 0x3F, 0x70,
    0x00, 0xCF, 0x00, 0x5F, 0x20, 0x00, 0x7F, 0x00, 0x5F, 0x20, 0x00, 0x7F, 0x00, 0x2F, 0x70, 0x00,
    0xCF, 0x00, 0x0B, 0xF7, 0x49, 0xFF, 0x00, 0x01, 0xCF, 0xFC, 0x8F, 0x00, 0x00, 0x01, 0x20, 0x7F,
    0x00, 0x00, 0x00, 0x00, 0x7F, 0x00, 0x00, 0x00, 0x00, 0x7F, 0x00, 0x00, 0x00, 0x00, 0x12, 0x00,
    0x00, 0x00, 0x12, 0x0F, 0x78, 0xFA, 0x0F, 0xEC, 0x63, 0x0F, 0xC0, 0x00, 0x0F, 0x80, 0x00, 0x0F,
    0x70, 0x00, 0x0F, 0x70, 0x00, 0x0F, 0x70, 0x00, 0x0F, 0x70, 0x00, 0x00, 0x13, 0x20, 0x00, 0x09,
    0xFF, 0xFB, 0x10, 0x3F, 0x71, 0x4E, 0x60, 0x4F, 0x60, 0x00, 0x00, 0x0B, 0xFD, 0x82, 0x00, 0x00,
    0x49, 0xEF, 0x40, 0x02, 0x00, 0x0E, 0xB0, 0x5F, 0x72, 0x4F, 0x90, 0x08, 0xFF, 0xFC, 0x10, 0x00,
    0x02, 0x10, 0x00, 0x03, 0x60, 0x00, 0x08, 0xF0, 0x00, 0x08, 0xF0, 0x00, 0xBF, 0xFF, 0xF4, 0x5E,
    0xF6, 0x61, 0x08, 0xF0, 0x00, 0x08, 0xF0, 0x00, 0x08, 0xF0, 0x00, 0x07, 0xF0, 0x00, 0x05, 0xF7,
    0x40, 0x00, 0xCF, 0xF1, 0x00, 0x02, 0x10, 0x00, 0x00, 0x00, 0x00, 0x00, 0x0F, 0x70, 0x00, 0xBC,
    0x00, 0x0F, 0x70, 0x00, 0xBC, 0x00, 0x0F, 0x70, 0x00, 0xBC, 0x00, 0x0F, 0x70, 0x00, 0xBC, 0x00,
    0x0F, 0x70, 0x00, 0xBC, 0x00, 0x0F, 0x90, 0x00, 0xDC, 0x00, 0x0B, 0xF5, 0x3A, 0xFC, 0x00, 0x02,
    0xDF, 0xF9, 0xBC, 0x00, 0x00, 0x02, 0x10, 0x00, 0x00, 0x00, 0x00, 0x00, 0x00, 0xCC, 0x00, 0x01,
    0xF8, 0x6F, 0x20, 0x06, 0xF2, 0x1F, 0x80, 0x0C, 0xC0, 0x0A, 0xE0, 0x1F, 0x60, 0x04, 0xF3, 0x7F,
    0x00, 0x00, 0xE9, 0xD9, 0x00, 0x00, 0x8F, 0xF3, 0x00, 0x00, 0x2F, 0xD0, 0x00, 0x00, 0x00, 0x00,
    0x00, 0x00, 0x00, 0x00, 0xDC, 0x00, 0x0E, 0xF0, 0x00, 0xBE, 0x00, 0x7F, 0x10, 0x3F, 0xF4, 0x00,
    0xF8, 0x00, 0x2F, 0x50, 0x8C, 0xC8, 0x04, 0xF3, 0x00, 0x0D, 0xA0, 0xC8, 0x7D, 0x09, 0xE0, 0x00,
    0x08, 0xE1, 0xF3, 0x2F, 0x2E, 0x90, 0x00, 0x02, 0xF9, 0xE0, 0x0E, 0x9F, 0x40, 0x00, 0x00, 0xDF,
    0xA0, 0x09, 0xFE, 0x00, 0x00, 0x00, 0x8F, 0x50, 0x04, 0xF9, 0x00, 0x00, 0x00, 0x00, 0x00, 0x00,
    0x6F, 0x60, 0x0A, 0xE1, 0x0A, 0xE1, 0x4F, 0x50, 0x01, 0xEC, 0xEA, 0x00, 0x00, 0x4F, 0xF1, 0x00,
    0x00, 0x8F, 0xF2, 0x00, 0x03, 0xF8, 0xDC, 0x00, 0x0D, 0xC0, 0x4F, 0x70, 0x9F, 0x20, 0x09, 0xF3,
    0x00, 0x00, 0x00, 0x00, 0xCD, 0x00, 0x00, 0xEB, 0x6F, 0x30, 0x05, 0xF4, 0x0F, 0x90, 0x0B, 0xE0,
    0x0A, 0xE0, 0x1F, 0x70, 0x03, 0xF5, 0x6F, 0x10, 0x00, 0xDA, 0xCB, 0x00, 0x00, 0x7F, 0xF4, 0x00,
    0x00, 0x1F, 0xE0, 0x00, 0x00, 0x1F, 0x80, 0x00, 0x00, 0x8F, 0x10, 0x00, 0x00, 0xEB, 0x00, 0x00,
    0x00, 0x21, 0x00, 0x00, 0x00, 0x00, 0x00, 0x00, 0x8F, 0xFF, 0xFF, 0x90, 0x25, 0x55, 0xBF, 0x40,
    0x00, 0x04, 0xF8, 0x00, 0x00, 0x1E, 0xB0, 0x00, 0x00, 0xCE, 0x10, 0x00, 0x08, 0xF3, 0x00, 0x00,
    0x4F, 0xC6, 0x66, 0x40, 0x9F, 0xFF, 0xFF, 0xC0, 0x00, 0x03, 0x60, 0x00, 0x6F, 0xE0, 0x00, 0xCB,
    0x00, 0x00, 0xE8, 0x00, 0x00, 0xE7, 0x00, 0x01, 0xF6, 0x00, 0x6D, 0xD1, 0x00, 0x9F, 0x90, 0x00,
    0x04, 0xF4, 0x00, 0x00, 0xE7, 0x00, 0x00, 0xE8, 0x00, 0x00, 0xD9, 0x00, 0x00, 0x9F, 0x90, 0x00,
    0x08, 0xC0, 0x08, 0x30, 0x0F, 0x70, 0x0F, 0x70, 0x0F, 0x70, 0x0F, 0x70, 0x0F, 0x70, 0x0F, 0x70,
    0x0F, 0x70, 0x0F, 0x70, 0x0F, 0x70, 0x0F, 0x70, 0x0F, 0x70, 0x0F, 0x70, 0x0D, 0x60, 0x55, 0x00,
    0x00, 0x9F, 0xC0, 0x00, 0x05, 0xF2, 0x00, 0x02, 0xF4, 0x00, 0x01, 0xF4, 0x00, 0x00, 0xF6, 0x00,
    0x00, 0x9F, 0x90, 0x00, 0x4F, 0xF0, 0x00, 0xEA, 0x00, 0x01, 0xF4, 0x00, 0x02, 0xF4, 0x00, 0x03,
    0xF3, 0x00, 0x6D, 0xE0, 0x00, 0x8A, 0x30, 0x00, 0x04, 0xB8, 0x10, 0x92, 0x2F, 0xCE, 0xFF, 0xF2,
    0x05, 0x00, 0x58, 0x20, 0x00, 0x00, 0x00, 0x00, 0x00, 0x00, 0x00, 0x00, 0x00, 0x00, 0x00, 0x00,
    0x00, 0x00, 0x00, 0x00, 0x00, 0x34, 0x00, 0x0A, 0xCC, 0xC0, 0x4C, 0x00, 0xA6, 0x5A, 0x00, 0x87,
    0x0D, 0x76, 0xE2, 0x01, 0x88, 0x20, 0x00, 0x00, 0x00, 0x00, 0x00, 0x00, 0x00, 0x00, 0x00, 0x00,
    0x00, 0x00, 0x00, 0x00, 0x00, 0x00, 0x00, 0x00, 0x00, 0x1B, 0x60, 0x00, 0x00, 0x4F, 0xB0, 0x00,
    0x00, 0x03, 0x10, 0x00, 0x00, 0x00, 0x00, 0x00, 0x00, 0x00, 0x00, 0x00, 0x00, 0x00, 0x00, 0x00,
    0x00, 0x00, 0x00, 0x00, 0x00, 0x00, 0x20, 0x00, 0x00, 0x00, 0x00, 0x04, 0xF4, 0x00, 0x00, 0x00,
    0x00, 0x00, 0x8E, 0x10, 0x00, 0x00, 0x00, 0x00, 0x13, 0x00, 0x00, 0x00, 0x00, 0x00, 0xEF, 0x10,
    0x00, 0x00, 0x00, 0x04, 0xFF, 0x70, 0x00, 0x00, 0x00, 0x0A, 0xEB, 0xD0, 0x00, 0x00, 0x00, 0x1F,
    0x85, 0xF3, 0x00, 0x00, 0x00, 0x6F, 0x20, 0xF9, 0x00, 0x00, 0x00, 0xCD, 0x00, 0xAF, 0x00, 0x00,
    0x02, 0xFF, 0xFF, 0xFF, 0x50, 0x00, 0x08, 0xF8, 0x77, 0x7F, 0xB0, 0x00, 0x0E, 0xB0, 0x00, 0x08,
    0xF1, 0x00, 0x4F, 0x50, 0x00, 0x02, 0xF7, 0x00, 0xAF, 0x00, 0x00, 0x00, 0xCD, 0x00, 0x00, 0x00,
    0x02, 0x00, 0x00, 0x00, 0x00, 0x00, 0x2E, 0x70, 0x00, 0x00, 0x00, 0x00, 0xCB, 0x00, 0x00, 0x00,
    0x00, 0x00, 0x31, 0x00, 0x00, 0x00, 0x00, 0x00, 0xEF, 0x10, 0x00, 0x00, 0x00, 0x04, 0xFF, 0x70,
    0x00, 0x00, 0x00, 0x0A, 0xEB, 0xD0, 0x00, 0x00, 0x00, 0x1F, 0x85, 0xF3, 0x00, 0x00, 0x00, 0x6F,
    0x20, 0xF9, 0x00, 0x00, 0x00, 0xCD, 0x00, 0xAF, 0x00, 0x00, 0x02, 0xFF, 0xFF, 0xFF, 0x50, 0x00,
    0x08, 0xF8, 0x77, 0x7F, 0xB0, 0x00, 0x0E, 0xB0, 0x00, 0x08, 0xF1, 0x00, 0x4F, 0x50, 0x00, 0x02,
    0xF7, 0x00, 0xAF, 0x00, 0x00, 0x00, 0xCD, 0x00, 0x00, 0x01, 0xCD, 0x20, 0x00, 0x00, 0x00, 0x0B,
    0xB9, 0xE1, 0x00, 0x00, 0x00, 0x03, 0x11, 0x30, 0x00, 0x00, 0x00, 0x00, 0xEF, 0x10, 0x00, 0x00,
    0x00, 0x04, 0xFF, 0x70, 0x00, 0x00, 0x00, 0x0A, 0xEB, 0xD0, 0x00, 0x00, 0x00, 0x1F, 0x85, 0xF3,
    0x00, 0x00, 0x00, 0x6F, 0x20, 0xF9, 0x00, 0x00, 0x00, 0xCD, 0x00, 0xAF, 0x00, 0x00, 0x02, 0xFF,
    0xFF, 0xFF, 0x50, 0x00, 0x08, 0xF8, 0x77, 0x7F, 0xB0, 0x00, 0x0E, 0xB0, 0x00, 0x08, 0xF1, 0x00,
    0x4F, 0x50, 0x00, 0x02, 0xF7, 0x00, 0xAF, 0x00, 0x00, 0x00, 0xCD, 0x00, 0x00, 0x05, 0x91, 0x62,
    0x00, 0x00, 0x00, 0x2F, 0xAF, 0xF2, 0x00, 0x00, 0x00, 0x01, 0x14, 0x10, 0x00, 0x00, 0x00, 0x00,
    0xEF, 0x10, 0x00, 0x00, 0x00, 0x04, 0xFF, 0x70, 0x00, 0x00, 0x00, 0x0A, 0xEB, 0xD0, 0x00, 0x00,
    0x00, 0x1F, 0x85, 0xF3, 0x00, 0x00, 0x00, 0x6F, 0x20, 0xF9, 0x00, 0x00, 0x00, 0xCD, 0x00, 0xAF,
    0x00, 0x00, 0x02, 0xFF, 0xFF, 0xFF, 0x50, 0x00, 0x08, 0xF8, 0x77, 0x7F, 0xB0, 0x00, 0x0E, 0xB0,
    0x00, 0x08, 0xF1, 0x00, 0x4F, 0x50, 0x00, 0x02, 0xF7, 0x00, 0xAF, 0x00, 0x00, 0x00, 0xCD, 0x00,
    0x00, 0x00, 0x10, 0x00, 0x00, 0x00, 0x0A, 0xC0, 0x00, 0x00, 0x00, 0x02, 0xD9, 0x00, 0x00, 0x01,
    0x11, 0x23, 0x11, 0x00, 0x0D, 0xFF, 0xFF, 0xFF, 0x20, 0x0D, 0xC5, 0x55, 0x55, 0x00, 0x0D, 0xB0,
    0x00, 0x00, 0x00, 0x0D, 0xB0, 0x00, 0x00, 0x00, 0x0D, 0xD7, 0x77, 0x76, 0x00, 0x0D, 0xFF, 0xFF,
    0xFC, 0x00, 0x0D, 0xB0, 0x00, 0x00, 0x00, 0x0D, 0xB0, 0x00, 0x00, 0x00, 0x0D, 0xB0, 0x00, 0x00,
    0x00, 0x0D, 0xD7, 0x77, 0x77, 0x20, 0x0D, 0xFF, 0xFF, 0xFF, 0x50, 0x00, 0x00, 0x01, 0x00, 0x00,
    0x00, 0x00, 0x7E, 0x10, 0x00, 0x00, 0x03, 0xF5, 0x00, 0x00, 0x01, 0x11, 0x31, 0x11, 0x00, 0x0D,
    0xFF, 0xFF, 0xFF, 0x20, 0x0D, 0xC5, 0x55, 0x55, 0x00, 0x0D, 0xB0, 0x00, 0x00, 0x00, 0x0D, 0xB0,
    0x00, 0x00, 0x00, 0x0D, 0xD7, 0x77, 0x76, 0x00, 0x0D, 0xFF, 0xFF, 0xFC, 0x00, 0x0D, 0xB0, 0x00,
    0x00, 0x00, 0x0D, 0xB0, 0x00, 0x00, 0x00, 0x0D, 0xB0, 0x00, 0x00, 0x00, 0x0D, 0xD7, 0x77, 0x77,
    0x20, 0x0D, 0xFF, 0xFF, 0xFF, 0x50, 0x00, 0x05, 0xEA, 0x00, 0x00, 0x00, 0x3F, 0x8D, 0x80, 0x00,
    0x01, 0x24, 0x12, 0x41, 0x00, 0x0D, 0xFF, 0xFF, 0xFF, 0x20, 0x0D, 0xC5, 0x55, 0x55, 0x00, 0x0D,
    0xB0, 0x00, 0x00, 0x00, 0x0D, 0xB0, 0x00, 0x00, 0x00, 0x0D, 0xD7, 0x77, 0x76, 0x00, 0x0D, 0xFF,
    0xFF, 0xFC, 0x00, 0x0D, 0xB0, 0x00, 0x00, 0x00, 0x0D, 0xB0, 0x00, 0x00, 0x00, 0x0D, 0xB0, 0x00,
    0x00, 0x00, 0x0D, 0xD7, 0x77, 0x77, 0x20, 0x0D, 0xFF, 0xFF, 0xFF, 0x50, 0x02, 0x00, 0x7E, 0x20,
    0x0B, 0xC0, 0x01, 0x30, 0x0E, 0xA0, 0x0E, 0xA0, 0x0E, 0xA0, 0x0E, 0xA0, 0x0E, 0xA0, 0x0E, 0xA0,
    0x0E, 0xA0, 0x0E, 0xA0, 0x0E, 0xA0, 0x0E, 0xA0, 0x0E, 0xA0, 0x00, 0x20, 0x04, 0xF4, 0x1E, 0x80,
    0x03, 0x10, 0x0E, 0xA0, 0x0E, 0xA0, 0x0E, 0xA0, 0x0E, 0xA0, 0x0E, 0xA0, 0x0E, 0xA0, 0x0E, 0xA0,
    0x0E, 0xA0, 0x0E, 0xA0, 0x0E, 0xA0, 0x0E, 0xA0, 0x00, 0x00, 0x01, 0x00, 0x00, 0x00, 0x00, 0x00,
    0x8E, 0x10, 0x00, 0x00, 0x00, 0x00, 0x1C, 0xB0, 0x00, 0x00, 0x00, 0x00, 0x24, 0x50, 0x00, 0x00,
    0x00, 0x2C, 0xFF, 0xFF, 0x80, 0x00, 0x02, 0xFE, 0x63, 0x4A, 0xFA, 0x00, 0x0A, 0xF2, 0x00, 0x00,
    0x8F, 0x40, 0x0F, 0xA0, 0x00, 0x00, 0x0F, 0xA0, 0x2F, 0x60, 0x00, 0x00, 0x0C, 0xC0, 0x3F, 0x50,
    0x00, 0x00, 0x0B, 0xD0, 0x2F, 0x60, 0x00, 0x00, 0x0C, 0xC0, 0x0F, 0xA0, 0x00, 0x00, 0x1F, 0x90,
    0x0A, 0xF3, 0x00, 0x00, 0x9F, 0x30, 0x01, 0xEF, 0x84, 0x5B, 0xF9, 0x00, 0x00, 0x1A, 0xFF, 0xFE,
    0x70, 0x00, 0x00, 0x00, 0x02, 0x10, 0x00, 0x00, 0x00, 0x00, 0x00, 0x20, 0x00, 0x00, 0x00, 0x00,
    0x05, 0xF3, 0x00, 0x00, 0x00, 0x00, 0x1F, 0x70, 0x00, 0x00, 0x00, 0x00, 0x26, 0x30, 0x00, 0x00,
    0x00, 0x2C, 0xFF, 0xFF, 0x80, 0x00, 0x02, 0xFE, 0x63, 0x4A, 0xFA, 0x00, 0x0A, 0xF2, 0x00, 0x00,
    0x8F, 0x40, 0x0F, 0xA0, 0x00, 0x00, 0x0F, 0xA0, 0x2F, 0x60, 0x00, 0x00, 0x0C, 0xC0, 0x3F, 0x50,
    0x00, 0x00, 0x0B, 0xD0, 0x2F, 0x60, 0x00, 0x00, 0x0C, 0xC0, 0x0F, 0xA0, 0x00, 0x00, 0x1F, 0x90,
    0x0A, 0xF3, 0x00, 0x00, 0x9F, 0x30, 0x01, 0xEF, 0x84, 0x5B, 0xF9, 0x00, 0x00, 0x1A, 0xFF, 0xFE,
    0x70, 0x00, 0x00, 0x00, 0x02, 0x10, 0x00, 0x00, 0x00, 0x00, 0x3E, 0xB0, 0x00, 0x00, 0x00, 0x01,
    0xE9, 0xCA, 0x00, 0x00, 0x00, 0x00, 0x54, 0x44, 0x00, 0x00, 0x00, 0x2C, 0xFF, 0xFF, 0x80, 0x00,
    0x02, 0xFE, 0x63, 0x4A, 0xFA, 0x00, 0x0A, 0xF2, 0x00, 0x00, 0x8F, 0x40, 0x0F, 0xA0, 0x00, 0x00,
    0x0F, 0xA0, 0x2F, 0x60, 0x00, 0x00, 0x0C, 0xC0, 0x3F, 0x50, 0x00, 0x00, 0x0B, 0xD0, 0x2F, 0x60,
    0x00, 0x00, 0x0C, 0xC0, 0x0F, 0xA0, 0x00, 0x00, 0x1F, 0x90, 0x0A, 0xF3, 0x00, 0x00, 0x9F, 0x30,
    0x01, 0xEF, 0x84, 0x5B, 0xF9, 0x00, 0x00, 0x1A, 0xFF, 0xFE, 0x70, 0x00, 0x00, 0x00, 0x02, 0x10,
    0x00, 0x00, 0x00, 0x00, 0x87, 0x08, 0x00, 0x00, 0x00, 0x06, 0xDC, 0xFC, 0x00, 0x00, 0x00, 0x00,
    0x34, 0x71, 0x00, 0x00, 0x00, 0x2C, 0xFF, 0xFF, 0x80, 0x00, 0x02, 0xFE, 0x63, 0x4A, 0xFA, 0x00,
    0x0A, 0xF2, 0x00, 0x00, 0x8F, 0x40, 0x0F, 0xA0, 0x00, 0x00, 0x0F, 0xA0, 0x2F, 0x60, 0x00, 0x00,
    0x0C, 0xC0, 0x3F, 0x50, 0x00, 0x00, 0x0B, 0xD0, 0x2F, 0x60, 0x00, 0x00, 0x0C, 0xC0, 0x0F, 0xA0,
    0x00, 0x00, 0x1F, 0x90, 0x0A, 0xF3, 0x00, 0x00, 0x9F, 0x30, 0x01, 0xEF, 0x84, 0x5B, 0xF9, 0x00,
    0x00, 0x1A, 0xFF, 0xFE, 0x70, 0x00, 0x00, 0x00, 0x02, 0x10, 0x00, 0x00, 0x00, 0x00, 0x20, 0x00,
    0x00, 0x00, 0x00, 0x01, 0xE7, 0x00, 0x00, 0x00, 0x00, 0x00, 0x6F, 0x30, 0x00, 0x00, 0x01, 0x10,
    0x02, 0x00, 0x10, 0x00, 0x0D, 0xB0, 0x00, 0x00, 0xF8, 0x00, 0x0D, 0xB0, 0x00, 0x00, 0xF8, 0x00,
    0x0D, 0xB0, 0x00, 0x00, 0xF8, 0x00, 0x0D, 0xB0, 0x00, 0x00, 0xF8, 0x00, 0x0D, 0xB0, 0x00, 0x00,
    0xF8, 0x00, 0x0D, 0xB0, 0x00, 0x00, 0xF8, 0x00, 0x0D, 0xB0, 0x00, 0x00, 0xF7, 0x00, 0x0C, 0xC0,
    0x00, 0x02, 0xF6, 0x00, 0x09, 0xF2, 0x00, 0x07, 0xF3, 0x00, 0x02, 0xFE, 0x64, 0x8F, 0xC0, 0x00,
    0x00, 0x3D, 0xFF, 0xFA, 0x10, 0x00, 0x00, 0x00, 0x12, 0x00, 0x00, 0x00, 0x00, 0x00, 0x01, 0x00,
    0x00, 0x00, 0x00, 0x00, 0x0C, 0xA0, 0x00, 0x00, 0x00, 0x00, 0x9D, 0x20, 0x00, 0x00, 0x01, 0x10,
    0x10, 0x00, 0x10, 0x00, 0x0D, 0xB0, 0x00, 0x00, 0xF8, 0x00, 0x0D, 0xB0, 0x00, 0x00, 0xF8, 0x00,
    0x0D, 0xB0, 0x00, 0x00, 0xF8, 0x00, 0x0D, 0xB0, 0x00, 0x00, 0xF8, 0x00, 0x0D, 0xB0, 0x00, 0x00,
    0xF8, 0x00, 0x0D, 0xB0, 0x00, 0x00, 0xF8, 0x00, 0x0D, 0xB0, 0x00, 0x00, 0xF7, 0x00, 0x0C, 0xC0,
    0x00, 0x02, 0xF6, 0x00, 0x09, 0xF2, 0x00, 0x07, 0xF3, 0x00, 0x02, 0xFE, 0x64, 0x8F, 0xC0, 0x00,
    0x00, 0x3D, 0xFF, 0xFA, 0x10, 0x00, 0x00, 0x00, 0x12, 0x00, 0x00, 0x00, 0x00, 0x00, 0x02, 0x00,
    0x00, 0x00, 0x00, 0x6F, 0x20, 0x00, 0x00, 0x02, 0xF7, 0x00, 0x00, 0x11, 0x00, 0x20, 0x00, 0x10,
    0x9F, 0x30, 0x00, 0x0B, 0xF2, 0x0E, 0xC0, 0x00, 0x3F, 0x80, 0x06, 0xF5, 0x00, 0xCE, 0x00, 0x00,
    0xCD, 0x05, 0xF5, 0x00, 0x00, 0x3F, 0x7D, 0xC0, 0x00, 0x00, 0x0A, 0xFF, 0x20, 0x00, 0x00, 0x01,
    0xFA, 0x00, 0x00, 0x00, 0x00, 0xF8, 0x00, 0x00, 0x00, 0x00, 0xF8, 0x00, 0x00, 0x00, 0x00, 0xF8,
    0x00, 0x00, 0x00, 0x00, 0xF8, 0x00, 0x00, 0x00, 0x35, 0x00, 0x00, 0x00, 0x9F, 0x20, 0x00, 0x00,
    0x0A, 0xA0, 0x00, 0x00, 0x03, 0x40, 0x00, 0x05, 0xEF, 0xFE, 0x30, 0x07, 0xA2, 0x3D, 0xE0, 0x00,
    0x00, 0x06, 0xF2, 0x01, 0x8C, 0xDE, 0xF2, 0x1E, 0xE9, 0x7A, 0xF2, 0x5F, 0x30, 0x07, 0xF2, 0x5F,
    0x72, 0x6E, 0xF2, 0x0A, 0xFF, 0xD7, 0xF2, 0x00, 0x12, 0x00, 0x00, 0x00, 0x00, 0x53, 0x00, 0x00,
    0x01, 0xFA, 0x00, 0x00, 0x09, 0xA0, 0x00, 0x00, 0x04, 0x30, 0x00, 0x05, 0xEF, 0xFE, 0x30, 0x07,
    0xA2, 0x3D, 0xE0, 0x00, 0x00, 0x06, 0xF2, 0x01, 0x8C, 0xDE, 0xF2, 0x1E, 0xE9, 0x7A, 0xF2, 0x5F,
    0x30, 0x07, 0xF2, 0x5F, 0x72, 0x6E, 0xF2, 0x0A, 0xFF, 0xD7, 0xF2, 0x00, 0x12, 0x00, 0x00, 0x00,
    0x02, 0x20, 0x00, 0x00, 0x3F, 0xF3, 0x00, 0x00, 0xD8, 0x7D, 0x00, 0x00, 0x33, 0x33, 0x00, 0x05,
    0xEF, 0xFE, 0x30, 0x07, 0xA2, 0x3D, 0xE0, 0x00, 0x00, 0x06, 0xF2, 0x01, 0x8C, 0xDE, 0xF2, 0x1E,
    0xE9, 0x7A, 0xF2, 0x5F, 0x30, 0x07, 0xF2, 0x5F, 0x72, 0x6E, 0xF2, 0x0A, 0xFF, 0xD7, 0xF2, 0x00,
    0x12, 0x00, 0x00, 0x00, 0x7A, 0x27, 0x30, 0x02, 0xE9, 0xFE, 0x10, 0x00, 0x13, 0x41, 0x00, 0x05,
    0xEF, 0xFE, 0x30, 0x07, 0xA2, 0x3D, 0xE0, 0x00, 0x00, 0x06, 0xF2, 0x01, 0x8C, 0xDE, 0xF2, 0x1E,
    0xE9, 0x7A, 0xF2, 0x5F, 0x30, 0x07, 0xF2, 0x5F, 0x72, 0x6E, 0xF2, 0x0A, 0xFF, 0xD7, 0xF2, 0x00,
    0x12, 0x00, 0x00, 0x00, 0x17, 0x00, 0x00, 0x00, 0x5F, 0x50, 0x00, 0x00, 0x06, 0xE0, 0x00, 0x00,
    0x02, 0x41, 0x00, 0x01, 0xCF, 0xFF, 0x80, 0x0C, 0xE3, 0x17, 0xF5, 0x2F, 0x60, 0x00, 0xDA, 0x5F,
    0xFD, 0xDD, 0xFC, 0x5F, 0x96, 0x66, 0x64, 0x2F, 0x60, 0x00, 0x10, 0x0B, 0xF5, 0x26, 0xF5, 0x01,
    0xBF, 0xFF, 0x90, 0x00, 0x01, 0x21, 0x00, 0x00, 0x00, 0x26, 0x00, 0x00, 0x00, 0xCD, 0x10, 0x00,
    0x05, 0xD1, 0x00, 0x00, 0x02, 0x41, 0x00, 0x01, 0xCF, 0xFF, 0x80, 0x0C, 0xE3, 0x17, 0xF5, 0x2F,
    0x60, 0x00, 0xDA, 0x5F, 0xFD, 0xDD, 0xFC, 0x5F, 0x96, 0x66, 0x64, 0x2F, 0x60, 0x00, 0x10, 0x0B,
    0xF5, 0x26, 0xF5, 0x01, 0xBF, 0xFF, 0x90, 0x00, 0x01, 0x21, 0x00, 0x00, 0x01, 0x20, 0x00, 0x00,
    0x0D, 0xF7, 0x00, 0x00, 0x9B, 0x4E, 0x30, 0x00, 0x22, 0x33, 0x00, 0x01, 0xCF, 0xFF, 0x80, 0x0C,
    0xE3, 0x17, 0xF5, 0x2F, 0x60, 0x00, 0xDA, 0x5F, 0xFD, 0xDD, 0xFC, 0x5F, 0x96, 0x66, 0x64, 0x2F,
    0x60, 0x00, 0x10, 0x0B, 0xF5, 0x26, 0xF5, 0x01, 0xBF, 0xFF, 0x90, 0x00, 0x01, 0x21, 0x00, 0x07,
    0x30, 0x00, 0x0C, 0xD0, 0x00, 0x01, 0xC6, 0x00, 0x00, 0x10, 0x00, 0x00, 0xF8, 0x00, 0x00, 0xF8,
    0x00, 0x00, 0xF8, 0x00, 0x00, 0xF8, 0x00, 0x00, 0xF8, 0x00, 0x00, 0xF8, 0x00, 0x00, 0xF8, 0x00,
    0x00, 0xF8, 0x00, 0x00, 0x82, 0x05, 0xF6, 0x0D, 0x60, 0x01, 0x00, 0x0F, 0x80, 0x0F, 0x80, 0x0F,
    0x80, 0x0F, 0x80, 0x0F, 0x80, 0x0F, 0x80, 0x0F, 0x80, 0x0F, 0x80, 0x00, 0x18, 0x00, 0x00, 0x00,
    0x00, 0x4F, 0x70, 0x00, 0x00, 0x00, 0x05, 0xE0, 0x00, 0x00, 0x00, 0x02, 0x41, 0x00, 0x00, 0x01,
    0xCF, 0xFF, 0x80, 0x00, 0x0C, 0xE5, 0x28, 0xF6, 0x00, 0x2F, 0x60, 0x00, 0xCD, 0x00, 0x5F, 0x20,
    0x00, 0x8F, 0x00, 0x5F, 0x20, 0x00, 0x8F, 0x00, 0x2F, 0x60, 0x00, 0xCD, 0x00, 0x0B, 0xF6, 0x39,
    0xF6, 0x00, 0x01, 0xBF, 0xFF, 0x80, 0x00, 0x00, 0x01, 0x20, 0x00, 0x00, 0x00, 0x00, 0x27, 0x00,
    0x00, 0x00, 0x00, 0xCD, 0x10, 0x00, 0x00, 0x04, 0xD1, 0x00, 0x00, 0x00, 0x02, 0x41, 0x00, 0x00,
    0x01, 0xCF, 0xFF, 0x80, 0x00, 0x0C, 0xE5, 0x28, 0xF6, 0x00, 0x2F, 0x60, 0x00, 0xCD, 0x00, 0x5F,
    0x20, 0x00, 0x8F, 0x00, 0x5F, 0x20, 0x00, 0x8F, 0x00, 0x2F, 0x60, 0x00, 0xCD, 0x00, 0x0B, 0xF6,
    0x39, 0xF6, 0x00, 0x01, 0xBF, 0xFF, 0x80, 0x00, 0x00, 0x01, 0x20, 0x00, 0x00, 0x00, 0x01, 0x40,
    0x00, 0x00, 0x00, 0x0D, 0xF8, 0x00, 0x00, 0x00, 0x9B, 0x3E, 0x40, 0x00, 0x00, 0x12, 0x33, 0x00,
    0x00, 0x01, 0xCF, 0xFF, 0x80, 0x00, 0x0C, 0xE5, 0x28, 0xF6, 0x00, 0x2F, 0x60, 0x00, 0xCD, 0x00,
    0x5F, 0x20, 0x00, 0x8F, 0x00, 0x5F, 0x20, 0x00, 0x8F, 0x00, 0x2F, 0x60, 0x00, 0xCD, 0x00, 0x0B,
    0xF6, 0x39, 0xF6, 0x00, 0x01, 0xBF, 0xFF, 0x80, 0x00, 0x00, 0x01, 0x20, 0x00, 0x00, 0x00, 0x4B,
    0x65, 0x60, 0x00, 0x00, 0xD8, 0xEF, 0x50, 0x00, 0x00, 0x02, 0x42, 0x00, 0x00, 0x01, 0xCF, 0xFF,
    0x80, 0x00, 0x0C, 0xE5, 0x28, 0xF6, 0x00, 0x2F, 0x60, 0x00, 0xCD, 0x00, 0x5F, 0x20, 0x00, 0x8F,
    0x00, 0x5F, 0x20, 0x00, 0x8F, 0x00, 0x2F, 0x60, 0x00, 0xCD, 0x00, 0x0B, 0xF6, 0x39, 0xF6, 0x00,
    0x01, 0xBF, 0xFF, 0x80, 0x00, 0x00, 0x01, 0x20, 0x00, 0x00, 0x00, 0x08, 0x00, 0x00, 0x00, 0x00,
    0x3F, 0x80, 0x00, 0x00, 0x00, 0x03, 0xE1, 0x00, 0x00, 0x00, 0x00, 0x00, 0x00, 0x00, 0x0F, 0x70,
    0x00, 0xBC, 0x00, 0x0F, 0x70, 0x00, 0xBC, 0x00, 0x0F, 0x70, 0x00, 0xBC, 0x00, 0x0F, 0x70, 0x00,
    0xBC, 0x00, 0x0F, 0x70, 0x00, 0xBC, 0x00, 0x0F, 0x90, 0x00, 0xDC, 0x00, 0x0B, 0xF5, 0x3A, 0xFC,
    0x00, 0x02, 0xDF, 0xF9, 0xBC, 0x00, 0x00, 0x02, 0x10, 0x00, 0x00, 0x00, 0x00, 0x18, 0x00, 0x00,
    0x00, 0x00, 0xBE, 0x20, 0x00, 0x00, 0x03, 0xE2, 0x00, 0x00, 0x00, 0x00, 0x00, 0x00, 0x00, 0x0F,
    0x70, 0x00, 0xBC, 0x00, 0x0F, 0x70, 0x00, 0xBC, 0x00, 0x0F, 0x70, 0x00, 0xBC, 0x00, 0x0F, 0x70,
    0x00, 0xBC, 0x00, 0x0F, 0x70, 0x00, 0xBC, 0x00, 0x0F, 0x90, 0x00, 0xDC, 0x00, 0x0B, 0xF5, 0x3A,
    0xFC, 0x00, 0x02, 0xDF, 0xF9, 0xBC, 0x00, 0x00, 0x02, 0x10, 0x00, 0x00, 0x00, 0x00, 0x63, 0x00,
    0x00, 0x03, 0xF8, 0x00, 0x00, 0x0A, 0x80, 0x00, 0x00, 0x00, 0x00, 0x00, 0xCD, 0x00, 0x00, 0xEB,
    0x6F, 0x30, 0x05, 0xF4, 0x0F, 0x90, 0x0B, 0xE0, 0x0A, 0xE0, 0x1F, 0x70, 0x03, 0xF5, 0x6F, 0x10,
    0x00, 0xDA, 0xCB, 0x00, 0x00, 0x7F, 0xF4, 0x00, 0x00, 0x1F, 0xE0, 0x00, 0x00, 0x1F, 0x80, 0x00,
    0x00, 0x8F, 0x10, 0x00, 0x00, 0xEB, 0x00, 0x00, 0x00, 0x21, 0x00, 0x00, 0x00, 0x00, 0x00, 0x00,
    0x00, 0x00, 0x00, 0x0E, 0x41, 0xF1, 0x00, 0x00, 0x00, 0x06, 0xFF, 0x90, 0x00, 0x00, 0x00, 0x00,
    0x22, 0x00, 0x00, 0x00, 0x00, 0x00, 0xEF, 0x10, 0x00, 0x00, 0x00, 0x04, 0xFF, 0x70, 0x00, 0x00,
    0x00, 0x0A, 0xEB, 0xD0, 0x00, 0x00, 0x00, 0x1F, 0x85, 0xF3, 0x00, 0x00, 0x00, 0x6F, 0x20, 0xF9,
    0x00, 0x00, 0x00, 0xCD, 0x00, 0xAF, 0x00, 0x00, 0x02, 0xFF, 0xFF, 0xFF, 0x50, 0x00, 0x08, 0xF8,
    0x77, 0x7F, 0xB0, 0x00, 0x0E, 0xB0, 0x00, 0x08, 0xF1, 0x00, 0x4F, 0x50, 0x00, 0x02, 0xF7, 0x00,
    0xAF, 0x00, 0x00, 0x00, 0xCD, 0x00, 0x00, 0x50, 0x05, 0x00, 0x00, 0xE3, 0x3E, 0x00, 0x00, 0x6F,
    0xF6, 0x00, 0x00, 0x04, 0x40, 0x00, 0x05, 0xEF, 0xFE, 0x30, 0x07, 0xA2, 0x3D, 0xE0, 0x00, 0x00,
    0x06, 0xF2, 0x01, 0x8C, 0xDE, 0xF2, 0x1E, 0xE9, 0x7A, 0xF2, 0x5F, 0x30, 0x07, 0xF2, 0x5F, 0x72,
    0x6E, 0xF2, 0x0A, 0xFF, 0xD7, 0xF2, 0x00, 0x12, 0x00, 0x00, 0x00, 0x11, 0x11, 0x00, 0x00, 0x00,
    0x05, 0xFF, 0xFF, 0xFD, 0x60, 0x00, 0x05, 0xF7, 0x55, 0x7C, 0xF9, 0x00, 0x05, 0xF3, 0x00, 0x00,
    0x9F, 0x40, 0x05, 0xF3, 0x00, 0x00, 0x0F, 0xA0, 0x7F, 0xFC, 0x99, 0x00, 0x0C, 0xD0, 0x9F, 0xFF,
    0xDD, 0x00, 0x0B, 0xE0, 0x05, 0xF3, 0x00, 0x00, 0x0C, 0xD0, 0x05, 0xF3, 0x00, 0x00, 0x1F, 0x90,
    0x05, 0xF3, 0x00, 0x00, 0xBF, 0x30, 0x05, 0xF8, 0x77, 0x9E, 0xF6, 0x00, 0x05, 0xFF, 0xFF, 0xEA,
    0x30, 0x00, 0x00, 0x00, 0x00, 0x01, 0x00, 0x00, 0x00, 0x01, 0x9F, 0x10, 0x00, 0x00, 0xAF, 0xFF,
    0xF3, 0x00, 0x02, 0x43, 0xAF, 0x30, 0x01, 0xCF, 0xFB, 0x8F, 0x00, 0x0C, 0xF7, 0x4A, 0xFF, 0x00,
    0x3F, 0x70, 0x00, 0xCF, 0x00, 0x5F, 0x20, 0x00, 0x7F, 0x00, 0x5F, 0x20, 0x00, 0x7F, 0x00, 0x2F,
    0x70, 0x00, 0xCF, 0x00, 0x0B, 0xF7, 0x49, 0xFF, 0x00, 0x01, 0xCF, 0xFC, 0x8F, 0x00, 0x00, 0x01,
    0x20, 0x00, 0x00, 0x07, 0x80, 0x71, 0x5D, 0xBF, 0xD0, 0x01, 0x14, 0x10, 0x00, 0xEA, 0x00, 0x00,
    0xEA, 0x00, 0x00, 0xEA, 0x00, 0x00, 0xEA, 0x00, 0x00, 0xEA, 0x00, 0x00, 0xEA, 0x00, 0x00, 0xEA,
    0x00, 0x00, 0xEA, 0x00, 0x00, 0xEA, 0x00, 0x00, 0xEA, 0x00, 0x00, 0xEA, 0x00, 0x09, 0xA2, 0x92,
    0x4D, 0x9F, 0xD0, 0x00, 0x01, 0x00, 0x00, 0xDA, 0x00, 0x00, 0xDA, 0x00, 0x00, 0xDA, 0x00, 0x00,
    0xDA, 0x00, 0x00, 0xDA, 0x00, 0x00, 0xDA, 0x00, 0x00, 0xDA, 0x00, 0x00, 0xDA, 0x00, 0x00, 0x03,
    0x93, 0x44, 0x00, 0x00, 0x00, 0x0E, 0xAF, 0xF5, 0x00, 0x00, 0x01, 0x11, 0x01, 0x20, 0x10, 0x00,
    0x0D, 0xB0, 0x00, 0x00, 0xF8, 0x00, 0x0D, 0xB0, 0x00, 0x00, 0xF8, 0x00, 0x0D, 0xB0, 0x00, 0x00,
    0xF8, 0x00, 0x0D, 0xB0, 0x00, 0x00, 0xF8, 0x00, 0x0D, 0xB0, 0x00, 0x00, 0xF8, 0x00, 0x0D, 0xB0,
    0x00, 0x00, 0xF8, 0x00, 0x0D, 0xB0, 0x00, 0x00, 0xF7, 0x00, 0x0C, 0xC0, 0x00, 0x02, 0xF6, 0x00,
    0x09, 0xF2, 0x00, 0x07, 0xF3, 0x00, 0x02, 0xFE, 0x64, 0x8F, 0xC0, 0x00, 0x00, 0x3D, 0xFF, 0xFA,
    0x10, 0x00, 0x00, 0x00, 0x12, 0x00, 0x00, 0x00, 0x00, 0x3B, 0x74, 0x70, 0x00, 0x00, 0xB9, 0xDF,
    0x60, 0x00, 0x00, 0x00, 0x01, 0x00, 0x00, 0x0F, 0x70, 0x00, 0xBC, 0x00, 0x0F, 0x70, 0x00, 0xBC,
    0x00, 0x0F, 0x70, 0x00, 0xBC, 0x00, 0x0F, 0x70, 0x00, 0xBC, 0x00, 0x0F, 0x70, 0x00, 0xBC, 0x00,
    0x0F, 0x90, 0x00, 0xDC, 0x00, 0x0B, 0xF5, 0x3A, 0xFC, 0x00, 0x02, 0xDF, 0xF9, 0xBC, 0x00, 0x00,
    0x02, 0x10, 0x00, 0x00, 0x00, 0x00, 0x00, 0x00, 0x01, 0x20, 0x00, 0x00, 0x00, 0x00, 0x09, 0xC0,
    0x00, 0x00, 0x25, 0x63, 0x3B, 0xC0, 0x00, 0x2C, 0xFF, 0xFF, 0xFC, 0x30, 0x02, 0xFE, 0x63, 0x4A,
    0xF9, 0x00, 0x0A, 0xF2, 0x00, 0x00, 0x8F, 0x30, 0x0F, 0xA0, 0x00, 0x00, 0x0F, 0x90, 0x2F, 0x60,
    0x00, 0x00, 0x0C, 0xC0, 0x3F, 0x50, 0x00, 0x00, 0x0B, 0xD0, 0x2F, 0x60, 0x00, 0x00, 0x0C, 0xC0,
    0x0F, 0xA0, 0x00, 0x00, 0x1F, 0x90, 0x0A, 0xF3, 0x00, 0x00, 0x9F, 0x30, 0x01, 0xEF, 0x84, 0x5B,
    0xF9, 0x00, 0x00, 0x1A, 0xFF, 0xFE, 0x70, 0x00, 0x00, 0x00, 0x02, 0x10, 0x00, 0x00, 0x00, 0x00,
    0x00, 0x03, 0x00, 0x00, 0x00, 0x00, 0x1F, 0x40, 0x00, 0x02, 0x52, 0x4F, 0x50, 0x01, 0xCF, 0xFF,
    0xFA, 0x00, 0x0C, 0xE5, 0x28, 0xF5, 0x00, 0x2F, 0x60, 0x00, 0xCD, 0x00, 0x5F, 0x20, 0x00, 0x8F,
    0x00, 0x5F, 0x20, 0x00, 0x8F, 0x00, 0x2F, 0x60, 0x00, 0xCD, 0x00, 0x0B, 0xF6, 0x39, 0xF6, 0x00,
    0x01, 0xBF, 0xFF, 0x80, 0x00, 0x00, 0x01, 0x20, 0x00, 0x00, 0x00, 0x00, 0x00, 0x00, 0x00, 0x30,
    0x00, 0x00, 0x00, 0x00, 0x06, 0xF0, 0x01, 0x10, 0x00, 0x00, 0x28, 0xF0, 0x0D, 0xB0, 0x00, 0x00,
    0xFF, 0x60, 0x0D, 0xB0, 0x00, 0x00, 0xF8, 0x00, 0x0D, 0xB0, 0x00, 0x00, 0xF8, 0x00, 0x0D, 0xB0,
    0x00, 0x00, 0xF8, 0x00, 0x0D, 0xB0, 0x00, 0x00, 0xF8, 0x00, 0x0D, 0xB0, 0x00, 0x00, 0xF8, 0x00,
    0x0D, 0xB0, 0x00, 0x00, 0xF7, 0x00, 0x0C, 0xC0, 0x00, 0x02, 0xF6, 0x00, 0x09, 0xF2, 0x00, 0x07,
    0xF3, 0x00, 0x02, 0xFE, 0x64, 0x8F, 0xC0, 0x00, 0x00, 0x3D, 0xFF, 0xFA, 0x10, 0x00, 0x00, 0x00,
    0x12, 0x00, 0x00, 0x00, 0x00, 0x00, 0x00, 0x00, 0x30, 0x00, 0x00, 0x00, 0x01, 0xF3, 0x00, 0x00,
    0x00, 0x04, 0xF4, 0x0F, 0x70, 0x00, 0xCF, 0xB0, 0x0F, 0x70, 0x00, 0xBC, 0x00, 0x0F, 0x70, 0x00,
    0xBC, 0x00, 0x0F, 0x70, 0x00, 0xBC, 0x00, 0x0F, 0x70, 0x00, 0xBC, 0x00, 0x0F, 0x90, 0x00, 0xDC,
    0x00, 0x0B, 0xF5, 0x3A, 0xFC, 0x00, 0x02, 0xDF, 0xF9, 0xBC, 0x00, 0x00, 0x02, 0x10, 0x00, 0x00,
    0x00, 0x00, 0x11, 0x00, 0x00, 0x00, 0x00, 0x00, 0xEF, 0x10, 0x00, 0x00, 0x00, 0x04, 0xFF, 0x70,
    0x00, 0x00, 0x00, 0x0A, 0xEB, 0xD0, 0x00, 0x00, 0x00, 0x1F, 0x85, 0xF3, 0x00, 0x00, 0x00, 0x6F,
    0x20, 0xF9, 0x00, 0x00, 0x00, 0xCD, 0x00, 0xAF, 0x00, 0x00, 0x02, 0xFF, 0xFF, 0xFF, 0x50, 0x00,
    0x08, 0xF8, 0x77, 0x7F, 0xB0, 0x00, 0x0E, 0xB0, 0x00, 0x08, 0xF1, 0x00, 0x4F, 0x50, 0x00, 0x02,
    0xF7, 0x00, 0xAF, 0x00, 0x00, 0x00, 0xCD, 0x00, 0x00, 0x00, 0x00, 0x00, 0x00, 0x00, 0x00, 0x00,
    0xAD, 0x00, 0x00, 0x00, 0x00, 0x00, 0x9C, 0x00, 0x00, 0x00, 0x00, 0x03, 0x30, 0x00, 0x05, 0xEF,
    0xFE, 0x30, 0x07, 0xA2, 0x3D, 0xE0, 0x00, 0x00, 0x06, 0xF2, 0x01, 0x8C, 0xDE, 0xF2, 0x1E, 0xE9,
    0x7A, 0xF2, 0x5F, 0x30, 0x07, 0xF2, 0x5F, 0x72, 0x6E, 0xF2, 0x0A, 0xFF, 0xD7, 0xF2, 0x00, 0x12,
    0x00, 0x00, 0x00, 0x0A, 0xD0, 0x00, 0x00, 0x09, 0xC0, 0x00, 0x00, 0x00, 0x00, 0x00, 0x00, 0x00,
    0x00, 0x03, 0xFF, 0x50, 0x00, 0x00, 0x00, 0x00, 0x4D, 0x80, 0x00, 0x00, 0x00, 0x00, 0x25, 0x00,
    0x00, 0x00, 0x00, 0x00, 0xEF, 0x10, 0x00, 0x00, 0x00, 0x04, 0xFF, 0x70, 0x00, 0x00, 0x00, 0x0A,
    0xEB, 0xD0, 0x00, 0x00, 0x00, 0x1F, 0x85, 0xF3, 0x00, 0x00, 0x00, 0x6F, 0x20, 0xF9, 0x00, 0x00,
    0x00, 0xCD, 0x00, 0xAF, 0x00, 0x00, 0x02, 0xFF, 0xFF, 0xFF, 0x50, 0x00, 0x08, 0xF8, 0x77, 0x7F,
    0xB0, 0x00, 0x0E, 0xB0, 0x00, 0x08, 0xF1, 0x00, 0x4F, 0x50, 0x00, 0x02, 0xF7, 0x00, 0xAF, 0x00,
    0x00, 0x00, 0xCD, 0x00, 0x00, 0x15, 0x50, 0x00, 0x00, 0x4B, 0xE7, 0x00, 0x00, 0x04, 0xE5, 0x00,
    0x00, 0x04, 0x50, 0x00, 0x05, 0xEF, 0xFE, 0x30, 0x07, 0xA2, 0x3D, 0xE0, 0x00, 0x00, 0x06, 0xF2,
    0x01, 0x8C, 0xDE, 0xF2, 0x1E, 0xE9, 0x7A, 0xF2, 0x5F, 0x30, 0x07, 0xF2, 0x5F, 0x72, 0x6E, 0xF2,
    0x0A, 0xFF, 0xD7, 0xF2, 0x00, 0x12, 0x00, 0x00, 0x00, 0x00, 0x00, 0x00, 0x00, 0x00, 0x00, 0x00,
    0x00, 0x06, 0x90, 0x00, 0x00, 0x00, 0x00, 0x6D, 0x40, 0x00, 0x00, 0x00, 0x9A, 0x30, 0x00, 0x00,
    0x00, 0x0A, 0xCA, 0xD0, 0x00, 0x00, 0x00, 0x03, 0x11, 0x40, 0x00, 0x00, 0x00, 0x00, 0xEF, 0x10,
    0x00, 0x00, 0x00, 0x04, 0xFF, 0x70, 0x00, 0x00, 0x00, 0x0A, 0xEB, 0xD0, 0x00, 0x00, 0x00, 0x1F,
    0x85, 0xF3, 0x00, 0x00, 0x00, 0x6F, 0x20, 0xF9, 0x00, 0x00, 0x00, 0xCD, 0x00, 0xAF, 0x00, 0x00,
    0x02, 0xFF, 0xFF, 0xFF, 0x50, 0x00, 0x08, 0xF8, 0x77, 0x7F, 0xB0, 0x00, 0x0E, 0xB0, 0x00, 0x08,
    0xF1, 0x00, 0x4F, 0x50, 0x00, 0x02, 0xF7, 0x00, 0xAF, 0x00, 0x00, 0x00, 0xCD, 0x00, 0x00, 0x00,
    0x00, 0x44, 0x00, 0x00, 0x00, 0x01, 0xEB, 0x00, 0x00, 0x02, 0x28, 0xB0, 0x00, 0x00, 0x3F, 0xF4,
    0x00, 0x00, 0x00, 0xD8, 0x7D, 0x00, 0x00, 0x00, 0x33, 0x33, 0x00, 0x00, 0x05, 0xEF, 0xFE, 0x30,
    0x00, 0x07, 0xA2, 0x3D, 0xE0, 0x00, 0x00, 0x00, 0x06, 0xF2, 0x00, 0x01, 0x8C, 0xDE, 0xF2, 0x00,
    0x1E, 0xE9, 0x7A, 0xF2, 0x00, 0x5F, 0x30, 0x07, 0xF2, 0x00, 0x5F, 0x72, 0x6E, 0xF2, 0x00, 0x0A,
    0xFF, 0xD7, 0xF2, 0x00, 0x00, 0x12, 0x00, 0x00, 0x00, 0x00, 0x00, 0x00, 0x00, 0x00, 0x00, 0x00,
    0x00, 0x0A, 0x40, 0x00, 0x00, 0x00, 0x00, 0x06, 0xE4, 0x00, 0x00, 0x00, 0x00, 0x9A, 0x21, 0x00,
    0x00, 0x00, 0x0A, 0xCA, 0xD0, 0x00, 0x00, 0x00, 0x03, 0x11, 0x40, 0x00, 0x00, 0x00, 0x00, 0xEF,
    0x10, 0x00, 0x00, 0x00, 0x04, 0xFF, 0x70, 0x00, 0x00, 0x00, 0x0A, 0xEB, 0xD0, 0x00, 0x00, 0x00,
    0x1F, 0x85, 0xF3, 0x00, 0x00, 0x00, 0x6F, 0x20, 0xF9, 0x00, 0x00, 0x00, 0xCD, 0x00, 0xAF, 0x00,
    0x00, 0x02, 0xFF, 0xFF, 0xFF, 0x50, 0x00, 0x08, 0xF8, 0x77, 0x7F, 0xB0, 0x00, 0x0E, 0xB0, 0x00,
    0x08, 0xF1, 0x00, 0x4F, 0x50, 0x00, 0x02, 0xF7, 0x00, 0xAF, 0x00, 0x00, 0x00, 0xCD, 0x00, 0x00,
    0x00, 0x04, 0x00, 0x00, 0x00, 0x6F, 0x30, 0x00, 0x02, 0x29, 0xD0, 0x00, 0x3F, 0xF3, 0x40, 0x00,
    0xD8, 0x7D, 0x00, 0x00, 0x33, 0x33, 0x00, 0x05, 0xEF, 0xFE, 0x30, 0x07, 0xA2, 0x3D, 0xE0, 0x00,
    0x00, 0x06, 0xF2, 0x01, 0x8C, 0xDE, 0xF2, 0x1E, 0xE9, 0x7A, 0xF2, 0x5F, 0x30, 0x07, 0xF2, 0x5F,
    0x72, 0x6E, 0xF2, 0x0A, 0xFF, 0xD7, 0xF2, 0x00, 0x12, 0x00, 0x00, 0x00, 0x00, 0x05, 0xDC, 0x20,
    0x00, 0x00, 0x00, 0x01, 0x6F, 0x50, 0x00, 0x00, 0x01, 0xCD, 0x65, 0x00, 0x00, 0x00, 0x0C, 0xBA,
    0xD0, 0x00, 0x00, 0x00, 0x03, 0x11, 0x30, 0x00, 0x00, 0x00, 0x00, 0xEF, 0x10, 0x00, 0x00, 0x00,
    0x04, 0xFF, 0x70, 0x00, 0x00, 0x00, 0x0A, 0xEB, 0xD0, 0x00, 0x00, 0x00, 0x1F, 0x85, 0xF3, 0x00,
    0x00, 0x00, 0x6F, 0x20, 0xF9, 0x00, 0x00, 0x00, 0xCD, 0x00, 0xAF, 0x00, 0x00, 0x02, 0xFF, 0xFF,
    0xFF, 0x50, 0x00, 0x08, 0xF8, 0x77, 0x7F, 0xB0, 0x00, 0x0E, 0xB0, 0x00, 0x08, 0xF1, 0x00, 0x4F,
    0x50, 0x00, 0x02, 0xF7, 0x00, 0xAF, 0x00, 0x00, 0x00, 0xCD, 0x00, 0x00, 0x00, 0x04, 0x40, 0x00,
    0x00, 0x4C, 0xE6, 0x00, 0x02, 0x24, 0xE5, 0x00, 0x3F, 0xF5, 0x30, 0x00, 0xD8, 0x7D, 0x00, 0x00,
    0x33, 0x33, 0x00, 0x05, 0xEF, 0xFE, 0x30, 0x07, 0xA2, 0x3D, 0xE0, 0x00, 0x00, 0x06, 0xF2, 0x01,
    0x8C, 0xDE, 0xF2, 0x1E, 0xE9, 0x7A, 0xF2, 0x5F, 0x30, 0x07, 0xF2, 0x5F, 0x72, 0x6E, 0xF2, 0x0A,
    0xFF, 0xD7, 0xF2, 0x00, 0x12, 0x00, 0x00, 0x00, 0x09, 0xD6, 0xA3, 0x00, 0x00, 0x00, 0x1B, 0x5D,
    0xB0, 0x00, 0x00, 0x00, 0x00, 0x9A, 0x10, 0x00, 0x00, 0x00, 0x0A, 0xCA, 0xD0, 0x00, 0x00, 0x00,
    0x03, 0x11, 0x40, 0x00, 0x00, 0x00, 0x00, 0xEF, 0x10, 0x00, 0x00, 0x00, 0x04, 0xFF, 0x70, 0x00,
    0x00, 0x00, 0x0A, 0xEB, 0xD0, 0x00, 0x00, 0x00, 0x1F, 0x85, 0xF3, 0x00, 0x00, 0x00, 0x6F, 0x20,
    0xF9, 0x00, 0x00, 0x00, 0xCD, 0x00, 0xAF, 0x00, 0x00, 0x02, 0xFF, 0xFF, 0xFF, 0x50, 0x00, 0x08,
    0xF8, 0x77, 0x7F, 0xB0, 0x00, 0x0E, 0xB0, 0x00, 0x08, 0xF1, 0x00, 0x4F, 0x50, 0x00, 0x02, 0xF7,
    0x00, 0xAF, 0x00, 0x00, 0x00, 0xCD, 0x00, 0x00, 0x36, 0x03, 0x10, 0x01, 0xFD, 0xDF, 0x30, 0x00,
    0x32, 0x84, 0x00, 0x00, 0x3F, 0xF3, 0x00, 0x00, 0xD8, 0x7D, 0x00, 0x00, 0x33, 0x33, 0x00, 0x05,
    0xEF, 0xFE, 0x30, 0x07, 0xA2, 0x3D, 0xE0, 0x00, 0x00, 0x06, 0xF2, 0x01, 0x8C, 0xDE, 0xF2, 0x1E,
    0xE9, 0x7A, 0xF2, 0x5F, 0x30, 0x07, 0xF2, 0x5F, 0x72, 0x6E, 0xF2, 0x0A, 0xFF, 0xD7, 0xF2, 0x00,
    0x12, 0x00, 0x00, 0x00, 0x01, 0xCD, 0x20, 0x00, 0x00, 0x00, 0x0B, 0xB9, 0xE1, 0x00, 0x00, 0x00,
    0x03, 0x11, 0x30, 0x00, 0x00, 0x00, 0x00, 0xEF, 0x10, 0x00, 0x00, 0x00, 0x04, 0xFF, 0x70, 0x00,
    0x00, 0x00, 0x0A, 0xEB, 0xD0, 0x00, 0x00, 0x00, 0x1F, 0x85, 0xF3, 0x00, 0x00, 0x00, 0x6F, 0x20,
    0xF9, 0x00, 0x00, 0x00, 0xCD, 0x00, 0xAF, 0x00, 0x00, 0x02, 0xFF, 0xFF, 0xFF, 0x50, 0x00, 0x08,
    0xF8, 0x77, 0x7F, 0xB0, 0x00, 0x0E, 0xB0, 0x00, 0x08, 0xF1, 0x00, 0x4F, 0x50, 0x00, 0x02, 0xF7,
    0x00, 0xAF, 0x00, 0x00, 0x00, 0xCD, 0x00, 0x00, 0x00, 0x00, 0x00, 0x00, 0x00, 0x00, 0x00, 0xAD,
    0x00, 0x00, 0x00, 0x00, 0x00, 0x9C, 0x00, 0x00, 0x00, 0x00, 0x02, 0x20, 0x00, 0x00, 0x3F, 0xF3,
    0x00, 0x00, 0xD8, 0x7D, 0x00, 0x00, 0x33, 0x33, 0x00, 0x05, 0xEF, 0xFE, 0x30, 0x07, 0xA2, 0x3D,
    0xE0, 0x00, 0x00, 0x06, 0xF2, 0x01, 0x8C, 0xDE, 0xF2, 0x1E, 0xE9, 0x7A, 0xF2, 0x5F, 0x30, 0x07,
    0xF2, 0x5F, 0x72, 0x6E, 0xF2, 0x0A, 0xFF, 0xD7, 0xF2, 0x00, 0x12, 0x00, 0x00, 0x00, 0x0A, 0xD0,
    0x00, 0x00, 0x09, 0xC0, 0x00, 0x00, 0x00, 0x00, 0x00, 0x00, 0x00, 0x00, 0x00, 0x05, 0xB0, 0x00,
    0x00, 0x00, 0x00, 0x5E, 0x40, 0x00, 0x00, 0x00, 0x0A, 0x21, 0xA1, 0x00, 0x00, 0x00, 0x09, 0xFE,
    0xC0, 0x00, 0x00, 0x00, 0x00, 0x45, 0x00, 0x00, 0x00, 0x00, 0x00, 0xEF, 0x10, 0x00, 0x00, 0x00,
    0x04, 0xFF, 0x70, 0x00, 0x00, 0x00, 0x0A, 0xEB, 0xD0, 0x00, 0x00, 0x00, 0x1F, 0x85, 0xF3, 0x00,
    0x00, 0x00, 0x6F, 0x20, 0xF9, 0x00, 0x00, 0x00, 0xCD, 0x00, 0xAF, 0x00, 0x00, 0x02, 0xFF, 0xFF,
    0xFF, 0x50, 0x00, 0x08, 0xF8, 0x77, 0x7F, 0xB0, 0x00, 0x0E, 0xB0, 0x00, 0x08, 0xF1, 0x00, 0x4F,
    0x50, 0x00, 0x02, 0xF7, 0x00, 0xAF, 0x00, 0x00, 0x00, 0xCD, 0x00, 0x00, 0x00, 0x20, 0x00, 0x00,
    0x00, 0xCB, 0x00, 0x00, 0x08, 0xE2, 0x00, 0x00, 0x54, 0x25, 0x00, 0x00, 0xE3, 0x3E, 0x00, 0x00,
    0x6F, 0xF6, 0x00, 0x00, 0x04, 0x40, 0x00, 0x05, 0xEF, 0xFE, 0x30, 0x07, 0xA2, 0x3D, 0xE0, 0x00,
    0x00, 0x06, 0xF2, 0x01, 0x8C, 0xDE, 0xF2, 0x1E, 0xE9, 0x7A, 0xF2, 0x5F, 0x30, 0x07, 0xF2, 0x5F,
    0x72, 0x6E, 0xF2, 0x0A, 0xFF, 0xD7, 0xF2, 0x00, 0x12, 0x00, 0x00, 0x00, 0x00, 0x00, 0x00, 0x00,
    0x00, 0x00, 0x09, 0x70, 0x00, 0x00, 0x00, 0x00, 0x03, 0xD8, 0x00, 0x00, 0x00, 0x00, 0x0A, 0x12,
    0xA1, 0x00, 0x00, 0x00, 0x09, 0xFE, 0xC0, 0x00, 0x00, 0x00, 0x00, 0x45, 0x00, 0x00, 0x00, 0x00,
    0x00, 0xEF, 0x10, 0x00, 0x00, 0x00, 0x04, 0xFF, 0x70, 0x00, 0x00, 0x00, 0x0A, 0xEB, 0xD0, 0x00,
    0x00, 0x00, 0x1F, 0x85, 0xF3, 0x00, 0x00, 0x00, 0x6F, 0x20, 0xF9, 0x00, 0x00, 0x00, 0xCD, 0x00,
    0xAF, 0x00, 0x00, 0x02, 0xFF, 0xFF, 0xFF, 0x50, 0x00, 0x08, 0xF8, 0x77, 0x7F, 0xB0, 0x00, 0x0E,
    0xB0, 0x00, 0x08, 0xF1, 0x00, 0x4F, 0x50, 0x00, 0x02, 0xF7, 0x00, 0xAF, 0x00, 0x00, 0x00, 0xCD,
    0x00, 0x00, 0x02, 0x00, 0x00, 0x00, 0xAD, 0x00, 0x00, 0x00, 0x2E, 0x80, 0x00, 0x00, 0x51, 0x45,
    0x00, 0x00, 0xE3, 0x3E, 0x00, 0x00, 0x6F, 0xF6, 0x00, 0x00, 0x04, 0x40, 0x00, 0x05, 0xEF, 0xFE,
    0x30, 0x07, 0xA2, 0x3D, 0xE0, 0x00, 0x00, 0x06, 0xF2, 0x01, 0x8C, 0xDE, 0xF2, 0x1E, 0xE9, 0x7A,
    0xF2, 0x5F, 0x30, 0x07, 0xF2, 0x5F, 0x72, 0x6E, 0xF2, 0x0A, 0xFF, 0xD7, 0xF2, 0x00, 0x12, 0x00,
    0x00, 0x00, 0x03, 0xDD, 0x40, 0x00, 0x00, 0x00, 0x00, 0x5E, 0x70, 0x00, 0x00, 0x00, 0x0A, 0x23,
    0xA1, 0x00, 0x00, 0x00, 0x09, 0xFE, 0xC0, 0x00, 0x00, 0x00, 0x00, 0x45, 0x00, 0x00, 0x00, 0x00,
    0x00, 0xEF, 0x10, 0x00, 0x00, 0x00, 0x04, 0xFF, 0x70, 0x00, 0x00, 0x00, 0x0A, 0xEB, 0xD0, 0x00,
    0x00, 0x00, 0x1F, 0x85, 0xF3, 0x00, 0x00, 0x00, 0x6F, 0x20, 0xF9, 0x00, 0x00, 0x00, 0xCD, 0x00,
    0xAF, 0x00, 0x00, 0x02, 0xFF, 0xFF, 0xFF, 0x50, 0x00, 0x08, 0xF8, 0x77, 0x7F, 0xB0, 0x00, 0x0E,
    0xB0, 0x00, 0x08, 0xF1, 0x00, 0x4F, 0x50, 0x00, 0x02, 0xF7, 0x00, 0xAF, 0x00, 0x00, 0x00, 0xCD,
    0x00, 0x00, 0x03, 0x10, 0x00, 0x00, 0x6E, 0xF4, 0x00, 0x00, 0x03, 0xE5, 0x00, 0x00, 0x53, 0x45,
    0x00, 0x00, 0xF3, 0x3E, 0x00, 0x00, 0x6F, 0xF6, 0x00, 0x00, 0x04, 0x40, 0x00, 0x05, 0xEF, 0xFE,
    0x30, 0x07, 0xA2, 0x3D, 0xE0, 0x00, 0x00, 0x06, 0xF2, 0x01, 0x8C, 0xDE, 0xF2, 0x1E, 0xE9, 0x7A,
    0xF2, 0x5F, 0x30, 0x07, 0xF2, 0x5F, 0x72, 0x6E, 0xF2, 0x0A, 0xFF, 0xD7, 0xF2, 0x00, 0x12, 0x00,
    0x00, 0x00, 0x09, 0xD6, 0xA3, 0x00, 0x00, 0x00, 0x1B, 0x5D, 0xB0, 0x00, 0x00, 0x00, 0x0A, 0x10,
    0xA1, 0x00, 0x00, 0x00, 0x09, 0xFE, 0xC0, 0x00, 0x00, 0x00, 0x00, 0x45, 0x00, 0x00, 0x00, 0x00,
    0x00, 0xEF, 0x10, 0x00, 0x00, 0x00, 0x04, 0xFF, 0x70, 0x00, 0x00, 0x00, 0x0A, 0xEB, 0xD0, 0x00,
    0x00, 0x00, 0x1F, 0x85, 0xF3, 0x00, 0x00, 0x00, 0x6F, 0x20, 0xF9, 0x00, 0x00, 0x00, 0xCD, 0x00,
    0xAF, 0x00, 0x00, 0x02, 0xFF, 0xFF, 0xFF, 0x50, 0x00, 0x08, 0xF8, 0x77, 0x7F, 0xB0, 0x00, 0x0E,
    0xB0, 0x00, 0x08, 0xF1, 0x00, 0x4F, 0x50, 0x00, 0x02, 0xF7, 0x00, 0xAF, 0x00, 0x00, 0x00, 0xCD,
    0x00, 0x00, 0x8B, 0x39, 0x30, 0x02, 0xD7, 0xFE, 0x10, 0x00, 0x50, 0x05, 0x00, 0x00, 0xE3, 0x3E,
    0x00, 0x00, 0x6F, 0xF6, 0x00, 0x00, 0x04, 0x40, 0x00, 0x05, 0xEF, 0xFE, 0x30, 0x07, 0xA2, 0x3D,
    0xE0, 0x00, 0x00, 0x06, 0xF2, 0x01, 0x8C, 0xDE, 0xF2, 0x1E, 0xE9, 0x7A, 0xF2, 0x5F, 0x30, 0x07,
    0xF2, 0x5F, 0x72, 0x6E, 0xF2, 0x0A, 0xFF, 0xD7, 0xF2, 0x00, 0x12, 0x00, 0x00, 0x00, 0x00, 0x00,
    0x00, 0x00, 0x00, 0x00, 0x0E, 0x41, 0xF1, 0x00, 0x00, 0x00, 0x06, 0xFF, 0x90, 0x00, 0x00, 0x00,
    0x00, 0x22, 0x00, 0x00, 0x00, 0x00, 0x00, 0xEF, 0x10, 0x00, 0x00, 0x00, 0x04, 0xFF, 0x70, 0x00,
    0x00, 0x00, 0x0A, 0xEB, 0xD0, 0x00, 0x00, 0x00, 0x1F, 0x85, 0xF3, 0x00, 0x00, 0x00, 0x6F, 0x20,
    0xF9, 0x00, 0x00, 0x00, 0xCD, 0x00, 0xAF, 0x00, 0x00, 0x02, 0xFF, 0xFF, 0xFF, 0x50, 0x00, 0x08,
    0xF8, 0x77, 0x7F, 0xB0, 0x00, 0x0E, 0xB0, 0x00, 0x08, 0xF1, 0x00, 0x4F, 0x50, 0x00, 0x02, 0xF7,
    0x00, 0xAF, 0x00, 0x00, 0x00, 0xCD, 0x00, 0x00, 0x00, 0x00, 0x00, 0x00, 0x00, 0x00, 0x00, 0xAD,
    0x00, 0x00, 0x00, 0x00, 0x00, 0x9C, 0x00, 0x00, 0x00, 0x00, 0x50, 0x05, 0x00, 0x00, 0xE3, 0x3E,
    0x00, 0x00, 0x6F, 0xF6, 0x00, 0x00, 0x04, 0x40, 0x00, 0x05, 0xEF, 0xFE, 0x30, 0x07, 0xA2, 0x3D,
    0xE0, 0x00, 0x00, 0x06, 0xF2, 0x01, 0x8C, 0xDE, 0xF2, 0x1E, 0xE9, 0x7A, 0xF2, 0x5F, 0x30, 0x07,
    0xF2, 0x5F, 0x72, 0x6E, 0xF2, 0x0A, 0xFF, 0xD7, 0xF2, 0x00, 0x12, 0x00, 0x00, 0x00, 0x0A, 0xD0,
    0x00, 0x00, 0x09, 0xC0, 0x00, 0x01, 0x11, 0x11, 0x11, 0x00, 0x0D, 0xFF, 0xFF, 0xFF, 0x20, 0x0D,
    0xC5, 0x55, 0x55, 0x00, 0x0D, 0xB0, 0x00, 0x00, 0x00, 0x0D, 0xB0, 0x00, 0x00, 0x00, 0x0D, 0xD7,
    0x77, 0x76, 0x00, 0x0D, 0xFF, 0xFF, 0xFC, 0x00, 0x0D, 0xB0, 0x00, 0x00, 0x00, 0x0D, 0xB0, 0x00,
    0x00, 0x00, 0x0D, 0xB0, 0x00, 0x00, 0x00, 0x0D, 0xD7, 0x77, 0x77, 0x20, 0x0D, 0xFF, 0xFF, 0xFF,
    0x50, 0x00, 0x00, 0x00, 0x00, 0x00, 0x00, 0x00, 0xCB, 0x00, 0x00, 0x00, 0x00, 0xBA, 0x00, 0x00,
    0x00, 0x02, 0x31, 0x00, 0x01, 0xCF, 0xFF, 0x80, 0x0C, 0xE3, 0x17, 0xF5, 0x2F, 0x60, 0x00, 0xDA,
    0x5F, 0xFD, 0xDD, 0xFC, 0x5F, 0x96, 0x66, 0x64, 0x2F, 0x60, 0x00, 0x10, 0x0B, 0xF5, 0x26, 0xF5,
    0x01, 0xBF, 0xFF, 0x90, 0x00, 0x01, 0x21, 0x00, 0x00, 0x04, 0xE4, 0x00, 0x00, 0x04, 0xD4, 0x00,
    0x00, 0x00, 0x00, 0x00, 0x00, 0x00, 0x09, 0xFD, 0x10, 0x00, 0x00, 0x01, 0x7F, 0x20, 0x00, 0x01,
    0x11, 0x53, 0x11, 0x00, 0x0D, 0xFF, 0xFF, 0xFF, 0x20, 0x0D, 0xC5, 0x55, 0x55, 0x00, 0x0D, 0xB0,
    0x00, 0x00, 0x00, 0x0D, 0xB0, 0x00, 0x00, 0x00, 0x0D, 0xD7, 0x77, 0x76, 0x00, 0x0D, 0xFF, 0xFF,
    0xFC, 0x00, 0x0D, 0xB0, 0x00, 0x00, 0x00, 0x0D, 0xB0, 0x00, 0x00, 0x00, 0x0D, 0xB0, 0x00, 0x00,
    0x00, 0x0D, 0xD7, 0x77, 0x77, 0x20, 0x0D, 0xFF, 0xFF, 0xFF, 0x50, 0x00, 0x05, 0x61, 0x00, 0x00,
    0x0C, 0xDB, 0x00, 0x00, 0x01, 0xD9, 0x00, 0x00, 0x02, 0x71, 0x00, 0x01, 0xCF, 0xFF, 0x80, 0x0C,
    0xE3, 0x17, 0xF5, 0x2F, 0x60, 0x00, 0xDA, 0x5F, 0xFD, 0xDD, 0xFC, 0x5F, 0x96, 0x66, 0x64, 0x2F,
    0x60, 0x00, 0x10, 0x0B, 0xF5, 0x26, 0xF5, 0x01, 0xBF, 0xFF, 0x90, 0x00, 0x01, 0x21, 0x00, 0x00,
    0x19, 0x61, 0x80, 0x00, 0x00, 0x8C, 0xDF, 0xA0, 0x00, 0x01, 0x22, 0x25, 0x11, 0x00, 0x0D, 0xFF,
    0xFF, 0xFF, 0x20, 0x0D, 0xC5, 0x55, 0x55, 0x00, 0x0D, 0xB0, 0x00, 0x00, 0x00, 0x0D, 0xB0, 0x00,
    0x00, 0x00, 0x0D, 0xD7, 0x77, 0x76, 0x00, 0x0D, 0xFF, 0xFF, 0xFC, 0x00, 0x0D, 0xB0, 0x00, 0x00,
    0x00, 0x0D, 0xB0, 0x00, 0x00, 0x00, 0x0D, 0xB0, 0x00, 0x00, 0x00, 0x0D, 0xD7, 0x77, 0x77, 0x20,
    0x0D, 0xFF, 0xFF, 0xFF, 0x50, 0x00, 0x4A, 0x44, 0x50, 0x00, 0xD9, 0xEF, 0x40, 0x00, 0x02, 0x43,
    0x00, 0x01, 0xCF, 0xFF, 0x80, 0x0C, 0xE3, 0x17, 0xF5, 0x2F, 0x60, 0x00, 0xDA, 0x5F, 0xFD, 0xDD,
    0xFC, 0x5F, 0x96, 0x66, 0x64, 0x2F, 0x60, 0x00, 0x10, 0x0B, 0xF5, 0x26, 0xF5, 0x01, 0xBF, 0xFF,
    0x90, 0x00, 0x01, 0x21, 0x00, 0x00, 0x00, 0x00, 0x00, 0x00, 0x00, 0x00, 0x00, 0x0B, 0x30, 0x00,
    0x00, 0x00, 0xCA, 0x10, 0x00, 0x03, 0xA7, 0x30, 0x00, 0x00, 0x2E, 0x9E, 0x70, 0x00, 0x01, 0x24,
    0x12, 0x41, 0x00, 0x0D, 0xFF, 0xFF, 0xFF, 0x20, 0x0D, 0xC5, 0x55, 0x55, 0x00, 0x0D, 0xB0, 0x00,
    0x00, 0x00, 0x0D, 0xB0, 0x00, 0x00, 0x00, 0x0D, 0xD7, 0x77, 0x76, 0x00, 0x0D, 0xFF, 0xFF, 0xFC,
    0x00, 0x0D, 0xB0, 0x00, 0x00, 0x00, 0x0D, 0xB0, 0x00, 0x00, 0x00, 0x0D, 0xB0, 0x00, 0x00, 0x00,
    0x0D, 0xD7, 0x77, 0x77, 0x20, 0x0D, 0xFF, 0xFF, 0xFF, 0x50, 0x00, 0x00, 0x00, 0x16, 0x00, 0x00,
    0x00, 0x00, 0xBE, 0x10, 0x00, 0x01, 0x24, 0xE2, 0x00, 0x00, 0x0D, 0xF7, 0x10, 0x00, 0x00, 0x9B,
    0x4E, 0x30, 0x00, 0x00, 0x22, 0x33, 0x00, 0x00, 0x01, 0xCF, 0xFF, 0x80, 0x00, 0x0C, 0xE3, 0x17,
    0xF5, 0x00, 0x2F, 0x60, 0x00, 0xDA, 0x00, 0x5F, 0xFD, 0xDD, 0xFC, 0x00, 0x5F, 0x96, 0x66, 0x64,
    0x00, 0x2F, 0x60, 0x00, 0x10, 0x00, 0x0B, 0xF5, 0x26, 0xF5, 0x00, 0x01, 0xBF, 0xFF, 0x90, 0x00,
    0x00, 0x01, 0x21, 0x00, 0x00, 0x00, 0x00, 0x00, 0x00, 0x00, 0x00, 0x00, 0x3B, 0x00, 0x00, 0x00,
    0x00, 0x1A, 0xC0, 0x00, 0x00, 0x03, 0xA7, 0x30, 0x00, 0x00, 0x2E, 0x9E, 0x70, 0x00, 0x01, 0x24,
    0x12, 0x41, 0x00, 0x0D, 0xFF, 0xFF, 0xFF, 0x20, 0x0D, 0xC5, 0x55, 0x55, 0x00, 0x0D, 0xB0, 0x00,
    0x00, 0x00, 0x0D, 0xB0, 0x00, 0x00, 0x00, 0x0D, 0xD7, 0x77, 0x76, 0x00, 0x0D, 0xFF, 0xFF, 0xFC,
    0x00, 0x0D, 0xB0, 0x00, 0x00, 0x00, 0x0D, 0xB0, 0x00, 0x00, 0x00, 0x0D, 0xB0, 0x00, 0x00, 0x00,
    0x0D, 0xD7, 0x77, 0x77, 0x20, 0x0D, 0xFF, 0xFF, 0xFF, 0x50, 0x00, 0x00, 0x04, 0x00, 0x00, 0x00,
    0x2F, 0x70, 0x00, 0x01, 0x26, 0xF2, 0x00, 0x0D, 0xF7, 0x40, 0x00, 0x9B, 0x4E, 0x30, 0x00, 0x22,
    0x33, 0x00, 0x01, 0xCF, 0xFF, 0x80, 0x0C, 0xE3, 0x17, 0xF5, 0x2F, 0x60, 0x00, 0xDA, 0x5F, 0xFD,
    0xDD, 0xFC, 0x5F, 0x96, 0x66, 0x64, 0x2F, 0x60, 0x00, 0x10, 0x0B, 0xF5, 0x26, 0xF5, 0x01, 0xBF,
    0xFF, 0x90, 0x00, 0x01, 0x21, 0x00, 0x00, 0x00, 0x0A, 0xD9, 0x00, 0x00, 0x00, 0x03, 0xAF, 0x00,
    0x00, 0x05, 0xEA, 0x62, 0x00, 0x00, 0x3F, 0x8D, 0x80, 0x00, 0x01, 0x24, 0x12, 0x41, 0x00, 0x0D,
    0xFF, 0xFF, 0xFF, 0x20, 0x0D, 0xC5, 0x55, 0x55, 0x00, 0x0D, 0xB0, 0x00, 0x00, 0x00, 0x0D, 0xB0,
    0x00, 0x00, 0x00, 0x0D, 0xD7, 0x77, 0x76, 0x00, 0x0D, 0xFF, 0xFF, 0xFC, 0x00, 0x0D, 0xB0, 0x00,
    0x00, 0x00, 0x0D, 0xB0, 0x00, 0x00, 0x00, 0x0D, 0xB0, 0x00, 0x00, 0x00, 0x0D, 0xD7, 0x77, 0x77,
    0x20, 0x0D, 0xFF, 0xFF, 0xFF, 0x50, 0x00, 0x00, 0x04, 0x50, 0x00, 0x00, 0x1C, 0xDB, 0x00, 0x01,
    0x21, 0xDA, 0x00, 0x0D, 0xF7, 0x40, 0x00, 0x9B, 0x4E, 0x30, 0x00, 0x22, 0x33, 0x00, 0x01, 0xCF,
    0xFF, 0x80, 0x0C, 0xE3, 0x17, 0xF5, 0x2F, 0x60, 0x00, 0xDA, 0x5F, 0xFD, 0xDD, 0xFC, 0x5F, 0x96,
    0x66, 0x64, 0x2F, 0x60, 0x00, 0x10, 0x0B, 0xF5, 0x26, 0xF5, 0x01, 0xBF, 0xFF, 0x90, 0x00, 0x01,
    0x21, 0x00, 0x00, 0x2D, 0xB5, 0xB0, 0x00, 0x00, 0x68, 0x8E, 0x50, 0x00, 0x00, 0x03, 0xA7, 0x00,
    0x00, 0x00, 0x2E, 0x9E, 0x70, 0x00, 0x01, 0x24, 0x12, 0x41, 0x00, 0x0D, 0xFF, 0xFF, 0xFF, 0x20,
    0x0D, 0xC5, 0x55, 0x55, 0x00, 0x0D, 0xB0, 0x00, 0x00, 0x00, 0x0D, 0xB0, 0x00, 0x00, 0x00, 0x0D,
    0xD7, 0x77, 0x76, 0x00, 0x0D, 0xFF, 0xFF, 0xFC, 0x00, 0x0D, 0xB0, 0x00, 0x00, 0x00, 0x0D, 0xB0,
    0x00, 0x00, 0x00, 0x0D, 0xB0, 0x00, 0x00, 0x00, 0x0D, 0xD7, 0x77, 0x77, 0x20, 0x0D, 0xFF, 0xFF,
    0xFF, 0x50, 0x00, 0x16, 0x12, 0x20, 0x00, 0xCD, 0xEE, 0x70, 0x00, 0x41, 0x66, 0x00, 0x00, 0x0D,
    0xF7, 0x00, 0x00, 0x9B, 0x4E, 0x30, 0x00, 0x22, 0x33, 0x00, 0x01, 0xCF, 0xFF, 0x80, 0x0C, 0xE3,
    0x17, 0xF5, 0x2F, 0x60, 0x00, 0xDA, 0x5F, 0xFD, 0xDD, 0xFC, 0x5F, 0x96, 0x66, 0x64, 0x2F, 0x60,
    0x00, 0x10, 0x0B, 0xF5, 0x26, 0xF5, 0x01, 0xBF, 0xFF, 0x90, 0x00, 0x01, 0x21, 0x00, 0x00, 0x05,
    0xEA, 0x00, 0x00, 0x00, 0x3F, 0x8D, 0x80, 0x00, 0x01, 0x24, 0x12, 0x41, 0x00, 0x0D, 0xFF, 0xFF,
    0xFF, 0x20, 0x0D, 0xC5, 0x55, 0x55, 0x00, 0x0D, 0xB0, 0x00, 0x00, 0x00, 0x0D, 0xB0, 0x00, 0x00,
    0x00, 0x0D, 0xD7, 0x77, 0x76, 0x00, 0x0D, 0xFF, 0xFF, 0xFC, 0x00, 0x0D, 0xB0, 0x00, 0x00, 0x00,
    0x0D, 0xB0, 0x00, 0x00, 0x00, 0x0D, 0xB0, 0x00, 0x00, 0x00, 0x0D, 0xD7, 0x77, 0x77, 0x20, 0x0D,
    0xFF, 0xFF, 0xFF, 0x50, 0x00, 0x00, 0x00, 0x00, 0x00, 0x00, 0x00, 0xCB, 0x00, 0x00, 0x00, 0x00,
    0xBA, 0x00, 0x00, 0x00, 0x01, 0x20, 0x00, 0x00, 0x0D, 0xF7, 0x00, 0x00, 0x9B, 0x4E, 0x30, 0x00,
    0x22, 0x33, 0x00, 0x01, 0xCF, 0xFF, 0x80, 0x0C, 0xE3, 0x17, 0xF5, 0x2F, 0x60, 0x00, 0xDA, 0x5F,
    0xFD, 0xDD, 0xFC, 0x5F, 0x96, 0x66, 0x64, 0x2F, 0x60, 0x00, 0x10, 0x0B, 0xF5, 0x26, 0xF5, 0x01,
    0xBF, 0xFF, 0x90, 0x00, 0x01, 0x21, 0x00, 0x00, 0x04, 0xE4, 0x00, 0x00, 0x04, 0xD4, 0x00, 0x00,
    0x00, 0x6F, 0xE3, 0x15, 0xF5, 0x03, 0x40, 0x0E, 0xA0, 0x0E, 0xA0, 0x0E, 0xA0, 0x0E, 0xA0, 0x0E,
    0xA0, 0x0E, 0xA0, 0x0E, 0xA0, 0x0E, 0xA0, 0x0E, 0xA0, 0x0E, 0xA0, 0x0E, 0xA0, 0x37, 0x50, 0x6A,
    0xF4, 0x07, 0xF2, 0x02, 0x10, 0x0F, 0x80, 0x0F, 0x80, 0x0F, 0x80, 0x0F, 0x80, 0x0F, 0x80, 0x0F,
    0x80, 0x0F, 0x80, 0x0F, 0x80, 0x01, 0x10, 0x0E, 0xA0, 0x0E, 0xA0, 0x0E, 0xA0, 0x0E, 0xA0, 0x0E,
    0xA0, 0x0E, 0xA0, 0x0E, 0xA0, 0x0E, 0xA0, 0x0E, 0xA0, 0x0E, 0xA0, 0x0E, 0xA0, 0x00, 0x00, 0x0D,
    0xA0, 0x0C, 0x90, 0x05, 0x30, 0x0F, 0xC0, 0x04, 0x20, 0x00, 0x00, 0x0D, 0xA0, 0x0D, 0xA0, 0x0D,
    0xA0, 0x0D, 0xA0, 0x0D, 0xA0, 0x0D, 0xA0, 0x0D, 0xA0, 0x0D, 0xA0, 0x00, 0x00, 0x03, 0x20, 0x0F,
    0xC0, 0x06, 0x40, 0x00, 0x00, 0x24, 0x30, 0x00, 0x00, 0x00, 0x2C, 0xFF, 0xFF, 0x80, 0x00, 0x02,
    0xFE, 0x63, 0x4A, 0xFA, 0x00, 0x0A, 0xF2, 0x00, 0x00, 0x8F, 0x40, 0x0F, 0xA0, 0x00, 0x00, 0x0F,
    0xA0, 0x2F, 0x60, 0x00, 0x00, 0x0C, 0xC0, 0x3F, 0x50, 0x00, 0x00, 0x0B, 0xD0, 0x2F, 0x60, 0x00,
    0x00, 0x0C, 0xC0, 0x0F, 0xA0, 0x00, 0x00, 0x1F, 0x90, 0x0A, 0xF3, 0x00, 0x00, 0x9F, 0x30, 0x01,
    0xEF, 0x84, 0x5B, 0xF9, 0x00, 0x00, 0x1A, 0xFF, 0xFE, 0x70, 0x00, 0x00, 0x00, 0x02, 0x10, 0x00,
    0x00, 0x00, 0x00, 0x0E, 0x90, 0x00, 0x00, 0x00, 0x00, 0x0D, 0x80, 0x00, 0x00, 0x00, 0x02, 0x31,
    0x00, 0x00, 0x01, 0xCF, 0xFF, 0x80, 0x00, 0x0C, 0xE5, 0x28, 0xF6, 0x00, 0x2F, 0x60, 0x00, 0xCD,
    0x00, 0x5F, 0x20, 0x00, 0x8F, 0x00, 0x5F, 0x20, 0x00, 0x8F, 0x00, 0x2F, 0x60, 0x00, 0xCD, 0x00,
    0x0B, 0xF6, 0x39, 0xF6, 0x00, 0x01, 0xBF, 0xFF, 0x80, 0x00, 0x00, 0x01, 0x20, 0x00, 0x00, 0x00,
    0x06, 0xE2, 0x00, 0x00, 0x00, 0x06, 0xD2, 0x00, 0x00, 0x00, 0x00, 0x00, 0x00, 0x00, 0x00, 0x00,
    0x00, 0x7F, 0xD2, 0x00, 0x00, 0x00, 0x00, 0x16, 0xF3, 0x00, 0x00, 0x00, 0x00, 0x27, 0x60, 0x00,
    0x00, 0x00, 0x2C, 0xFF, 0xFF, 0x80, 0x00, 0x02, 0xFE, 0x63, 0x4A, 0xFA, 0x00, 0x0A, 0xF2, 0x00,
    0x00, 0x8F, 0x40, 0x0F, 0xA0, 0x00, 0x00, 0x0F, 0xA0, 0x2F, 0x60, 0x00, 0x00, 0x0C, 0xC0, 0x3F,
    0x50, 0x00, 0x00, 0x0B, 0xD0, 0x2F, 0x60, 0x00, 0x00, 0x0C, 0xC0, 0x0F, 0xA0, 0x00, 0x00, 0x1F,
    0x90, 0x0A, 0xF3, 0x00, 0x00, 0x9F, 0x30, 0x01, 0xEF, 0x84, 0x5B, 0xF9, 0x00, 0x00, 0x1A, 0xFF,
    0xFE, 0x70, 0x00, 0x00, 0x00, 0x02, 0x10, 0x00, 0x00, 0x00, 0x05, 0x72, 0x00, 0x00, 0x00, 0x0A,
    0xCD, 0x00, 0x00, 0x00, 0x01, 0xDA, 0x00, 0x00, 0x00, 0x02, 0x61, 0x00, 0x00, 0x01, 0xCF, 0xFF,
    0x80, 0x00, 0x0C, 0xE5, 0x28, 0xF6, 0x00, 0x2F, 0x60, 0x00, 0xCD, 0x00, 0x5F, 0x20, 0x00, 0x8F,
    0x00, 0x5F, 0x20, 0x00, 0x8F, 0x00, 0x2F, 0x60, 0x00, 0xCD, 0x00, 0x0B, 0xF6, 0x39, 0xF6, 0x00,
    0x01, 0xBF, 0xFF, 0x80, 0x00, 0x00, 0x01, 0x20, 0x00, 0x00, 0x00, 0x00, 0x00, 0x00, 0x00, 0x00,
    0x00, 0x00, 0x00, 0x00, 0xA4, 0x00, 0x00, 0x00, 0x00, 0x0B, 0xB2, 0x00, 0x00, 0x00, 0x2A, 0x83,
    0x00, 0x00, 0x00, 0x01, 0xDA, 0xD9, 0x00, 0x00, 0x00, 0x00, 0x64, 0x44, 0x00, 0x00, 0x00, 0x2C,
    0xFF, 0xFF, 0x80, 0x00, 0x02, 0xFE, 0x63, 0x4A, 0xFA, 0x00, 0x0A, 0xF2, 0x00, 0x00, 0x8F, 0x40,
    0x0F, 0xA0, 0x00, 0x00, 0x0F, 0xA0, 0x2F, 0x60, 0x00, 0x00, 0x0C, 0xC0, 0x3F, 0x50, 0x00, 0x00,
    0x0B, 0xD0, 0x2F, 0x60, 0x00, 0x00, 0x0C, 0xC0, 0x0F, 0xA0, 0x00, 0x00, 0x1F, 0x90, 0x0A, 0xF3,
    0x00, 0x00, 0x9F, 0x30, 0x01, 0xEF, 0x84, 0x5B, 0xF9, 0x00, 0x00, 0x1A, 0xFF, 0xFE, 0x70, 0x00,
    0x00, 0x00, 0x02, 0x10, 0x00, 0x00, 0x00, 0x00, 0x00, 0x18, 0x00, 0x00, 0x00, 0x00, 0xBE, 0x20,
    0x00, 0x01, 0x44, 0xE2, 0x00, 0x00, 0x0D, 0xF8, 0x00, 0x00, 0x00, 0x9B, 0x3E, 0x40, 0x00, 0x00,
    0x12, 0x33, 0x00, 0x00, 0x01, 0xCF, 0xFF, 0x80, 0x00, 0x0C, 0xE5, 0x28, 0xF6, 0x00, 0x2F, 0x60,
    0x00, 0xCD, 0x00, 0x5F, 0x20, 0x00, 0x8F, 0x00, 0x5F, 0x20, 0x00, 0x8F, 0x00, 0x2F, 0x60, 0x00,
    0xCD, 0x00, 0x0B, 0xF6, 0x39, 0xF6, 0x00, 0x01, 0xBF, 0xFF, 0x80, 0x00, 0x00, 0x01, 0x20, 0x00,
    0x00, 0x00, 0x00, 0x00, 0x00, 0x00, 0x00, 0x00, 0x00, 0x01, 0xB1, 0x00, 0x00, 0x00, 0x00, 0x00,
    0x9D, 0x10, 0x00, 0x00, 0x00, 0x2A, 0x83, 0x00, 0x00, 0x00, 0x01, 0xDA, 0xD9, 0x00, 0x00, 0x00,
    0x00, 0x64, 0x44, 0x00, 0x00, 0x00, 0x2C, 0xFF, 0xFF, 0x80, 0x00, 0x02, 0xFE, 0x63, 0x4A, 0xFA,
    0x00, 0x0A, 0xF2, 0x00, 0x00, 0x8F, 0x40, 0x0F, 0xA0, 0x00, 0x00, 0x0F, 0xA0, 0x2F, 0x60, 0x00,
    0x00, 0x0C, 0xC0, 0x3F, 0x50, 0x00, 0x00, 0x0B, 0xD0, 0x2F, 0x60, 0x00, 0x00, 0x0C, 0xC0, 0x0F,
    0xA0, 0x00, 0x00, 0x1F, 0x90, 0x0A, 0xF3, 0x00, 0x00, 0x9F, 0x30, 0x01, 0xEF, 0x84, 0x5B, 0xF9,
    0x00, 0x00, 0x1A, 0xFF, 0xFE, 0x70, 0x00, 0x00, 0x00, 0x02, 0x10, 0x00, 0x00, 0x00, 0x00, 0x04,
    0x00, 0x00, 0x00, 0x00, 0x2F, 0x80, 0x00, 0x00, 0x01, 0x44, 0xF3, 0x00, 0x00, 0x0D, 0xF8, 0x30,
    0x00, 0x00, 0x9B, 0x3E, 0x40, 0x00, 0x00, 0x12, 0x33, 0x00, 0x00, 0x01, 0xCF, 0xFF, 0x80, 0x00,
    0x0C, 0xE5, 0x28, 0xF6, 0x00, 0x2F, 0x60, 0x00, 0xCD, 0x00, 0x5F, 0x20, 0x00, 0x8F, 0x00, 0x5F,
    0x20, 0x00, 0x8F, 0x00, 0x2F, 0x60, 0x00, 0xCD, 0x00, 0x0B, 0xF6, 0x39, 0xF6, 0x00, 0x01, 0xBF,
    0xFF, 0x80, 0x00, 0x00, 0x01, 0x20, 0x00, 0x00, 0x00, 0x00, 0x00, 0x8D, 0xA0, 0x00, 0x00, 0x00,
    0x00, 0x28, 0xF1, 0x00, 0x00, 0x00, 0x3E, 0xB5, 0x30, 0x00, 0x00, 0x01, 0xE9, 0xCA, 0x00, 0x00,
    0x00, 0x00, 0x54, 0x44, 0x00, 0x00, 0x00, 0x2C, 0xFF, 0xFF, 0x80, 0x00, 0x02, 0xFE, 0x63, 0x4A,
    0xFA, 0x00, 0x0A, 0xF2, 0x00, 0x00, 0x8F, 0x40, 0x0F, 0xA0, 0x00, 0x00, 0x0F, 0xA0, 0x2F, 0x60,
    0x00, 0x00, 0x0C, 0xC0, 0x3F, 0x50, 0x00, 0x00, 0x0B, 0xD0, 0x2F, 0x60, 0x00, 0x00, 0x0C, 0xC0,
    0x0F, 0xA0, 0x00, 0x00, 0x1F, 0x90, 0x0A, 0xF3, 0x00, 0x00, 0x9F, 0x30, 0x01, 0xEF, 0x84, 0x5B,
    0xF9, 0x00, 0x00, 0x1A, 0xFF, 0xFE, 0x70, 0x00, 0x00, 0x00, 0x02, 0x10, 0x00, 0x00, 0x00, 0x00,
    0x03, 0x50, 0x00, 0x00, 0x00, 0x0C, 0xDB, 0x00, 0x00, 0x01, 0x31, 0xCA, 0x00, 0x00, 0x0D, 0xF8,
    0x40, 0x00, 0x00, 0x9C, 0x4E, 0x30, 0x00, 0x00, 0x23, 0x33, 0x00, 0x00, 0x01, 0xCF, 0xFF, 0x80,
    0x00, 0x0C, 0xE5, 0x28, 0xF6, 0x00, 0x2F, 0x60, 0x00, 0xCD, 0x00, 0x5F, 0x20, 0x00, 0x8F, 0x00,
    0x5F, 0x20, 0x00, 0x8F, 0x00, 0x2F, 0x60, 0x00, 0xCD, 0x00, 0x0B, 0xF6, 0x39, 0xF6, 0x00, 0x01,
    0xBF, 0xFF, 0x80, 0x00, 0x00, 0x01, 0x20, 0x00, 0x00, 0x00, 0x01, 0xCC, 0x4C, 0x00, 0x00, 0x00,
    0x04, 0x97, 0xD7, 0x00, 0x00, 0x00, 0x00, 0x2A, 0x80, 0x00, 0x00, 0x00, 0x01, 0xDA, 0xD9, 0x00,
    0x00, 0x00, 0x00, 0x64, 0x44, 0x00, 0x00, 0x00, 0x2C, 0xFF, 0xFF, 0x80, 0x00, 0x02, 0xFE, 0x63,
    0x4A, 0xFA, 0x00, 0x0A, 0xF2, 0x00, 0x00, 0x8F, 0x40, 0x0F, 0xA0, 0x00, 0x00, 0x0F, 0xA0, 0x2F,
    0x60, 0x00, 0x00, 0x0C, 0xC0, 0x3F, 0x50, 0x00, 0x00, 0x0B, 0xD0, 0x2F, 0x60, 0x00, 0x00, 0x0C,
    0xC0, 0x0F, 0xA0, 0x00, 0x00, 0x1F, 0x90, 0x0A, 0xF3, 0x00, 0x00, 0x9F, 0x30, 0x01, 0xEF, 0x84,
    0x5B, 0xF9, 0x00, 0x00, 0x1A, 0xFF, 0xFE, 0x70, 0x00, 0x00, 0x00, 0x02, 0x10, 0x00, 0x00, 0x00,
    0x16, 0x12, 0x30, 0x00, 0x00, 0xCD, 0xEE, 0x70, 0x00, 0x00, 0x41, 0x66, 0x00, 0x00, 0x00, 0x0D,
    0xF7, 0x00, 0x00, 0x00, 0x9C, 0x4E, 0x30, 0x00, 0x00, 0x22, 0x34, 0x00, 0x00, 0x01, 0xCF, 0xFF,
    0x90, 0x00, 0x0B, 0xF5, 0x28, 0xF7, 0x00, 0x2F, 0x70, 0x00, 0xBE, 0x00, 0x5F, 0x30, 0x00, 0x7F,
    0x00, 0x5F, 0x30, 0x00, 0x7F, 0x00, 0x2F, 0x70, 0x00, 0xBD, 0x00, 0x0B, 0xF6, 0x39, 0xF6, 0x00,
    0x01, 0xBF, 0xFF, 0x80, 0x00, 0x00, 0x01, 0x20, 0x00, 0x00, 0x00, 0x00, 0x3E, 0xB0, 0x00, 0x00,
    0x00, 0x01, 0xE9, 0xCA, 0x00, 0x00, 0x00, 0x00, 0x54, 0x44, 0x00, 0x00, 0x00, 0x2C, 0xFF, 0xFF,
    0x80, 0x00, 0x02, 0xFE, 0x63, 0x4A, 0xFA, 0x00, 0x0A, 0xF2, 0x00, 0x00, 0x8F, 0x40, 0x0F, 0xA0,
    0x00, 0x00, 0x0F, 0xA0, 0x2F, 0x60, 0x00, 0x00, 0x0C, 0xC0, 0x3F, 0x50, 0x00, 0x00, 0x0B, 0xD0,
    0x2F, 0x60, 0x00, 0x00, 0x0C, 0xC0, 0x0F, 0xA0, 0x00, 0x00, 0x1F, 0x90, 0x0A, 0xF3, 0x00, 0x00,
    0x9F, 0x30, 0x01, 0xEF, 0x84, 0x5B, 0xF9, 0x00, 0x00, 0x1A, 0xFF, 0xFE, 0x70, 0x00, 0x00, 0x00,
    0x02, 0x10, 0x00, 0x00, 0x00, 0x00, 0x0E, 0x90, 0x00, 0x00, 0x00, 0x00, 0x0D, 0x80, 0x00, 0x00,
    0x00, 0x01, 0x40, 0x00, 0x00, 0x00, 0x0D, 0xF8, 0x00, 0x00, 0x00, 0x9B, 0x3E, 0x40, 0x00, 0x00,
    0x12, 0x33, 0x00, 0x00, 0x01, 0xCF, 0xFF, 0x80, 0x00, 0x0C, 0xE5, 0x28, 0xF6, 0x00, 0x2F, 0x60,
    0x00, 0xCD, 0x00, 0x5F, 0x20, 0x00, 0x8F, 0x00, 0x5F, 0x20, 0x00, 0x8F, 0x00, 0x2F, 0x60, 0x00,
    0xCD, 0x00, 0x0B, 0xF6, 0x39, 0xF6, 0x00, 0x01, 0xBF, 0xFF, 0x80, 0x00, 0x00, 0x01, 0x20, 0x00,
    0x00, 0x00, 0x06, 0xE2, 0x00, 0x00, 0x00, 0x06, 0xD2, 0x00, 0x00, 0x00, 0x00, 0x00, 0x20, 0x00,
    0x00, 0x00, 0x00, 0x05, 0xF3, 0x01, 0x20, 0x00, 0x00, 0x1F, 0x70, 0x09, 0xC0, 0x00, 0x00, 0x27,
    0x63, 0x3B, 0xC0, 0x00, 0x2C, 0xFF, 0xFF, 0xFC, 0x30, 0x02, 0xFE, 0x63, 0x4A, 0xF9, 0x00, 0x0A,
    0xF2, 0x00, 0x00, 0x8F, 0x30, 0x0F, 0xA0, 0x00, 0x00, 0x0F, 0x90, 0x2F, 0x60, 0x00, 0x00, 0x0C,
    0xC0, 0x3F, 0x50, 0x00, 0x00, 0x0B, 0xD0, 0x2F, 0x60, 0x00, 0x00, 0x0C, 0xC0, 0x0F, 0xA0, 0x00,
    0x00, 0x1F, 0x90, 0x0A, 0xF3, 0x00, 0x00, 0x9F, 0x30, 0x01, 0xEF, 0x84, 0x5B, 0xF9, 0x00, 0x00,
    0x1A, 0xFF, 0xFE, 0x70, 0x00, 0x00, 0x00, 0x02, 0x10, 0x00, 0x00, 0x00, 0x00, 0x27, 0x00, 0x00,
    0x00, 0x00, 0xCD, 0x13, 0x00, 0x00, 0x04, 0xD1, 0x1F, 0x40, 0x00, 0x02, 0x62, 0x4F, 0x50, 0x01,
    0xCF, 0xFF, 0xFA, 0x00, 0x0C, 0xE5, 0x28, 0xF5, 0x00, 0x2F, 0x60, 0x00, 0xCD, 0x00, 0x5F, 0x20,
    0x00, 0x8F, 0x00, 0x5F, 0x20, 0x00, 0x8F, 0x00, 0x2F, 0x60, 0x00, 0xCD, 0x00, 0x0B, 0xF6, 0x39,
    0xF6, 0x00, 0x01, 0xBF, 0xFF, 0x80, 0x00, 0x00, 0x01, 0x20, 0x00, 0x00, 0x00, 0x00, 0x01, 0x00,
    0x00, 0x00, 0x00, 0x00, 0x8E, 0x10, 0x01, 0x20, 0x00, 0x00, 0x1C, 0xB0, 0x09, 0xC0, 0x00, 0x00,
    0x25, 0x83, 0x3B, 0xC0, 0x00, 0x2C, 0xFF, 0xFF, 0xFC, 0x30, 0x02, 0xFE, 0x63, 0x4A, 0xF9, 0x00,
    0x0A, 0xF2, 0x00, 0x00, 0x8F, 0x30, 0x0F, 0xA0, 0x00, 0x00, 0x0F, 0x90, 0x2F, 0x60, 0x00, 0x00,
    0x0C, 0xC0, 0x3F, 0x50, 0x00, 0x00, 0x0B, 0xD0, 0x2F, 0x60, 0x00, 0x00, 0x0C, 0xC0, 0x0F, 0xA0,
    0x00, 0x00, 0x1F, 0x90, 0x0A, 0xF3, 0x00, 0x00, 0x9F, 0x30, 0x01, 0xEF, 0x84, 0x5B, 0xF9, 0x00,
    0x00, 0x1A, 0xFF, 0xFE, 0x70, 0x00, 0x00, 0x00, 0x02, 0x10, 0x00, 0x00, 0x00, 0x18, 0x00, 0x00,
    0x00, 0x00, 0x4F, 0x70, 0x03, 0x00, 0x00, 0x05, 0xE0, 0x1F, 0x40, 0x00, 0x02, 0x62, 0x4F, 0x50,
    0x01, 0xCF, 0xFF, 0xFA, 0x00, 0x0C, 0xE5, 0x28, 0xF5, 0x00, 0x2F, 0x60, 0x00, 0xCD, 0x00, 0x5F,
    0x20, 0x00, 0x8F, 0x00, 0x5F, 0x20, 0x00, 0x8F, 0x00, 0x2F, 0x60, 0x00, 0xCD, 0x00, 0x0B, 0xF6,
    0x39, 0xF6, 0x00, 0x01, 0xBF, 0xFF, 0x80, 0x00, 0x00, 0x01, 0x20, 0x00, 0x00, 0x00, 0x00, 0x00,
    0x00, 0x00, 0x00, 0x00, 0x00, 0x7F, 0xE2, 0x01, 0x20, 0x00, 0x00, 0x15, 0xF4, 0x09, 0xC0, 0x00,
    0x00, 0x28, 0x83, 0x3B, 0xC0, 0x00, 0x2C, 0xFF, 0xFF, 0xFC, 0x30, 0x02, 0xFE, 0x63, 0x4A, 0xF9,
    0x00, 0x0A, 0xF2, 0x00, 0x00, 0x8F, 0x30, 0x0F, 0xA0, 0x00, 0x00, 0x0F, 0x90, 0x2F, 0x60, 0x00,
    0x00, 0x0C, 0xC0, 0x3F, 0x50, 0x00, 0x00, 0x0B, 0xD0, 0x2F, 0x60, 0x00, 0x00, 0x0C, 0xC0, 0x0F,
    0xA0, 0x00, 0x00, 0x1F, 0x90, 0x0A, 0xF3, 0x00, 0x00, 0x9F, 0x30, 0x01, 0xEF, 0x84, 0x5B, 0xF9,
    0x00, 0x00, 0x1A, 0xFF, 0xFE, 0x70, 0x00, 0x00, 0x00, 0x02, 0x10, 0x00, 0x00, 0x00, 0x05, 0x72,
    0x00, 0x00, 0x00, 0x0A, 0xCD, 0x03, 0x00, 0x00, 0x01, 0xDA, 0x1F, 0x40, 0x00, 0x02, 0x82, 0x4F,
    0x50, 0x01, 0xCF, 0xFF, 0xFA, 0x00, 0x0C, 0xE5, 0x28, 0xF5, 0x00, 0x2F, 0x60, 0x00, 0xCD, 0x00,
    0x5F, 0x20, 0x00, 0x8F, 0x00, 0x5F, 0x20, 0x00, 0x8F, 0x00, 0x2F, 0x60, 0x00, 0xCD, 0x00, 0x0B,
    0xF6, 0x39, 0xF6, 0x00, 0x01, 0xBF, 0xFF, 0x80, 0x00, 0x00, 0x01, 0x20, 0x00, 0x00, 0x00, 0x00,
    0x87, 0x08, 0x01, 0x20, 0x00, 0x06, 0xDC, 0xFD, 0x09, 0xC0, 0x00, 0x00, 0x35, 0x94, 0x3B, 0xC0,
    0x00, 0x2C, 0xFF, 0xFF, 0xFC, 0x30, 0x02, 0xFE, 0x63, 0x4A, 0xF9, 0x00, 0x0A, 0xF2, 0x00, 0x00,
    0x8F, 0x30, 0x0F, 0xA0, 0x00, 0x00, 0x0F, 0x90, 0x2F, 0x60, 0x00, 0x00, 0x0C, 0xC0, 0x3F, 0x50,
    0x00, 0x00, 0x0B, 0xD0, 0x2F, 0x60, 0x00, 0x00, 0x0C, 0xC0, 0x0F, 0xA0, 0x00, 0x00, 0x1F, 0x90,
    0x0A, 0xF3, 0x00, 0x00, 0x9F, 0x30, 0x01, 0xEF, 0x84, 0x5B, 0xF9, 0x00, 0x00, 0x1A, 0xFF, 0xFE,
    0x70, 0x00, 0x00, 0x00, 0x02, 0x10, 0x00, 0x00, 0x00, 0x6B, 0x47, 0x43, 0x00, 0x00, 0xE8, 0xFE,
    0x3F, 0x40, 0x00, 0x02, 0x63, 0x4F, 0x50, 0x01, 0xCF, 0xFF, 0xFA, 0x00, 0x0C, 0xE5, 0x28, 0xF5,
    0x00, 0x2F, 0x60, 0x00, 0xCD, 0x00, 0x5F, 0x20, 0x00, 0x8F, 0x00, 0x5F, 0x20, 0x00, 0x8F, 0x00,
    0x2F, 0x60, 0x00, 0xCD, 0x00, 0x0B, 0xF6, 0x39, 0xF6, 0x00, 0x01, 0xBF, 0xFF, 0x80, 0x00, 0x00,
    0x01, 0x20, 0x00, 0x00, 0x00, 0x00, 0x00, 0x00, 0x01, 0x20, 0x00, 0x00, 0x00, 0x00, 0x09, 0xC0,
    0x00, 0x00, 0x25, 0x63, 0x3B, 0xC0, 0x00, 0x2C, 0xFF, 0xFF, 0xFC, 0x30, 0x02, 0xFE, 0x63, 0x4A,
    0xF9, 0x00, 0x0A, 0xF2, 0x00, 0x00, 0x8F, 0x30, 0x0F, 0xA0, 0x00, 0x00, 0x0F, 0x90, 0x2F, 0x60,
    0x00, 0x00, 0x0C, 0xC0, 0x3F, 0x50, 0x00, 0x00, 0x0B, 0xD0, 0x2F, 0x60, 0x00, 0x00, 0x0C, 0xC0,
    0x0F, 0xA0, 0x00, 0x00, 0x1F, 0x90, 0x0A, 0xF3, 0x00, 0x00, 0x9F, 0x30, 0x01, 0xEF, 0x84, 0x5B,
    0xF9, 0x00, 0x00, 0x1A, 0xFF, 0xFE, 0x70, 0x00, 0x00, 0x00, 0x02, 0x10, 0x00, 0x00, 0x00, 0x00,
    0x0D, 0x90, 0x00, 0x00, 0x00, 0x00, 0x0D, 0x80, 0x00, 0x00, 0x00, 0x00, 0x00, 0x03, 0x00, 0x00,
    0x00, 0x00, 0x1F, 0x40, 0x00, 0x02, 0x52, 0x4F, 0x50, 0x01, 0xCF, 0xFF, 0xFA, 0x00, 0x0C, 0xE5,
    0x28, 0xF5, 0x00, 0x2F, 0x60, 0x00, 0xCD, 0x00, 0x5F, 0x20, 0x00, 0x8F, 0x00, 0x5F, 0x20, 0x00,
    0x8F, 0x00, 0x2F, 0x60, 0x00, 0xCD, 0x00, 0x0B, 0xF6, 0x39, 0xF6, 0x00, 0x01, 0xBF, 0xFF, 0x80,
    0x00, 0x00, 0x01, 0x20, 0x00, 0x00, 0x00, 0x06, 0xE2, 0x00, 0x00, 0x00, 0x06, 0xD2, 0x00, 0x00,
    0x01, 0x10, 0x00, 0x00, 0x10, 0x00, 0x0D, 0xB0, 0x00, 0x00, 0xF8, 0x00, 0x0D, 0xB0, 0x00, 0x00,
    0xF8, 0x00, 0x0D, 0xB0, 0x00, 0x00, 0xF8, 0x00, 0x0D, 0xB0, 0x00, 0x00, 0xF8, 0x00, 0x0D, 0xB0,
    0x00, 0x00, 0xF8, 0x00, 0x0D, 0xB0, 0x00, 0x00, 0xF8, 0x00, 0x0D, 0xB0, 0x00, 0x00, 0xF7, 0x00,
    0x0C, 0xC0, 0x00, 0x02, 0xF6, 0x00, 0x09, 0xF2, 0x00, 0x07, 0xF3, 0x00, 0x02, 0xFE, 0x64, 0x8F,
    0xC0, 0x00, 0x00, 0x3D, 0xFF, 0xFA, 0x10, 0x00, 0x00, 0x00, 0x12, 0x00, 0x00, 0x00, 0x00, 0x00,
    0x6E, 0x20, 0x00, 0x00, 0x00, 0x00, 0x6D, 0x20, 0x00, 0x00, 0x00, 0x00, 0x00, 0x00, 0x00, 0x0F,
    0x70, 0x00, 0xBC, 0x00, 0x0F, 0x70, 0x00, 0xBC, 0x00, 0x0F, 0x70, 0x00, 0xBC, 0x00, 0x0F, 0x70,
    0x00, 0xBC, 0x00, 0x0F, 0x70, 0x00, 0xBC, 0x00, 0x0F, 0x90, 0x00, 0xDC, 0x00, 0x0B, 0xF5, 0x3A,
    0xFC, 0x00, 0x02, 0xDF, 0xF9, 0xBC, 0x00, 0x00, 0x02, 0x10, 0x00, 0x00, 0x00, 0x03, 0xE5, 0x00,
    0x00, 0x00, 0x03, 0xD4, 0x00, 0x00, 0x00, 0x00, 0x00, 0x00, 0x00, 0x00, 0x00, 0x00, 0xEF, 0x80,
    0x00, 0x00, 0x00, 0x00, 0x2B, 0xB0, 0x00, 0x00, 0x01, 0x10, 0x04, 0x00, 0x10, 0x00, 0x0D, 0xB0,
    0x00, 0x00, 0xF8, 0x00, 0x0D, 0xB0, 0x00, 0x00, 0xF8, 0x00, 0x0D, 0xB0, 0x00, 0x00, 0xF8, 0x00,
    0x0D, 0xB0, 0x00, 0x00, 0xF8, 0x00, 0x0D, 0xB0, 0x00, 0x00, 0xF8, 0x00, 0x0D, 0xB0, 0x00, 0x00,
    0xF8, 0x00, 0x0D, 0xB0, 0x00, 0x00, 0xF7, 0x00, 0x0C, 0xC0, 0x00, 0x02, 0xF6, 0x00, 0x09, 0xF2,
    0x00, 0x07, 0xF3, 0x00, 0x02, 0xFE, 0x64, 0x8F, 0xC0, 0x00, 0x00, 0x3D, 0xFF, 0xFA, 0x10, 0x00,
    0x00, 0x00, 0x12, 0x00, 0x00, 0x00, 0x00, 0x05, 0x72, 0x00, 0x00, 0x00, 0x0A, 0xBE, 0x00, 0x00,
    0x00, 0x00, 0xDB, 0x00, 0x00, 0x00, 0x00, 0x20, 0x00, 0x00, 0x0F, 0x70, 0x00, 0xBC, 0x00, 0x0F,
    0x70, 0x00, 0xBC, 0x00, 0x0F, 0x70, 0x00, 0xBC, 0x00, 0x0F, 0x70, 0x00, 0xBC, 0x00, 0x0F, 0x70,
    0x00, 0xBC, 0x00, 0x0F, 0x90, 0x00, 0xDC, 0x00, 0x0B, 0xF5, 0x3A, 0xFC, 0x00, 0x02, 0xDF, 0xF9,
    0xBC, 0x00, 0x00, 0x02, 0x10, 0x00, 0x00, 0x00, 0x00, 0x01, 0x00, 0x00, 0x00, 0x00, 0x00, 0x0C,
    0xA0, 0x00, 0x30, 0x00, 0x00, 0x9D, 0x20, 0x06, 0xF0, 0x01, 0x10, 0x10, 0x00, 0x28, 0xF0, 0x0D,
    0xB0, 0x00, 0x00, 0xFF, 0x60, 0x0D, 0xB0, 0x00, 0x00, 0xF8, 0x00, 0x0D, 0xB0, 0x00, 0x00, 0xF8,
    0x00, 0x0D, 0xB0, 0x00, 0x00, 0xF8, 0x00, 0x0D, 0xB0, 0x00, 0x00, 0xF8, 0x00, 0x0D, 0xB0, 0x00,
    0x00, 0xF8, 0x00, 0x0D, 0xB0, 0x00, 0x00, 0xF7, 0x00, 0x0C, 0xC0, 0x00, 0x02, 0xF6, 0x00, 0x09,
    0xF2, 0x00, 0x07, 0xF3, 0x00, 0x02, 0xFE, 0x64, 0x8F, 0xC0, 0x00, 0x00, 0x3D, 0xFF, 0xFA, 0x10,
    0x00, 0x00, 0x00, 0x12, 0x00, 0x00, 0x00, 0x00, 0x00, 0x18, 0x00, 0x00, 0x00, 0x00, 0xBE, 0x20,
    0x30, 0x00, 0x03, 0xE2, 0x01, 0xF3, 0x00, 0x00, 0x00, 0x04, 0xF4, 0x0F, 0x70, 0x00, 0xCF, 0xB0,
    0x0F, 0x70, 0x00, 0xBC, 0x00, 0x0F, 0x70, 0x00, 0xBC, 0x00, 0x0F, 0x70, 0x00, 0xBC, 0x00, 0x0F,
    0x70, 0x00, 0xBC, 0x00, 0x0F, 0x90, 0x00, 0xDC, 0x00, 0x0B, 0xF5, 0x3A, 0xFC, 0x00, 0x02, 0xDF,
    0xF9, 0xBC, 0x00, 0x00, 0x02, 0x10, 0x00, 0x00, 0x00, 0x00, 0x20, 0x00, 0x00, 0x00, 0x00, 0x01,
    0xE7, 0x00, 0x00, 0x30, 0x00, 0x00, 0x6F, 0x30, 0x06, 0xF0, 0x01, 0x10, 0x02, 0x00, 0x28, 0xF0,
    0x0D, 0xB0, 0x00, 0x00, 0xFF, 0x60, 0x0D, 0xB0, 0x00, 0x00, 0xF8, 0x00, 0x0D, 0xB0, 0x00, 0x00,
    0xF8, 0x00, 0x0D, 0xB0, 0x00, 0x00, 0xF8, 0x00, 0x0D, 0xB0, 0x00, 0x00, 0xF8, 0x00, 0x0D, 0xB0,
    0x00, 0x00, 0xF8, 0x00, 0x0D, 0xB0, 0x00, 0x00, 0xF7, 0x00, 0x0C, 0xC0, 0x00, 0x02, 0xF6, 0x00,
    0x09, 0xF2, 0x00, 0x07, 0xF3, 0x00, 0x02, 0xFE, 0x64, 0x8F, 0xC0, 0x00, 0x00, 0x3D, 0xFF, 0xFA,
    0x10, 0x00, 0x00, 0x00, 0x12, 0x00, 0x00, 0x00, 0x00, 0x08, 0x00, 0x00, 0x00, 0x00, 0x3F, 0x80,
    0x00, 0x30, 0x00, 0x03, 0xE1, 0x01, 0xF3, 0x00, 0x00, 0x00, 0x04, 0xF4, 0x0F, 0x70, 0x00, 0xCF,
    0xB0, 0x0F, 0x70, 0x00, 0xBC, 0x00, 0x0F, 0x70, 0x00, 0xBC, 0x00, 0x0F, 0x70, 0x00, 0xBC, 0x00,
    0x0F, 0x70, 0x00, 0xBC, 0x00, 0x0F, 0x90, 0x00, 0xDC, 0x00, 0x0B, 0xF5, 0x3A, 0xFC, 0x00, 0x02,
    0xDF, 0xF9, 0xBC, 0x00, 0x00, 0x02, 0x10, 0x00, 0x00, 0x00, 0x00, 0x00, 0x00, 0x00, 0x00, 0x00,
    0x00, 0xEF, 0x80, 0x00, 0x30, 0x00, 0x00, 0x2B, 0xB0, 0x06, 0xF0, 0x01, 0x10, 0x04, 0x00, 0x28,
    0xF0, 0x0D, 0xB0, 0x00, 0x00, 0xFF, 0x60, 0x0D, 0xB0, 0x00, 0x00, 0xF8, 0x00, 0x0D, 0xB0, 0x00,
    0x00, 0xF8, 0x00, 0x0D, 0xB0, 0x00, 0x00, 0xF8, 0x00, 0x0D, 0xB0, 0x00, 0x00, 0xF8, 0x00, 0x0D,
    0xB0, 0x00, 0x00, 0xF8, 0x00, 0x0D, 0xB0, 0x00, 0x00, 0xF7, 0x00, 0x0C, 0xC0, 0x00, 0x02, 0xF6,
    0x00, 0x09, 0xF2, 0x00, 0x07, 0xF3, 0x00, 0x02, 0xFE, 0x64, 0x8F, 0xC0, 0x00, 0x00, 0x3D, 0xFF,
    0xFA, 0x10, 0x00, 0x00, 0x00, 0x12, 0x00, 0x00, 0x00, 0x00, 0x05, 0x72, 0x00, 0x00, 0x00, 0x0A,
    0xBE, 0x00, 0x30, 0x00, 0x00, 0xDB, 0x01, 0xF3, 0x00, 0x00, 0x20, 0x04, 0xF4, 0x0F, 0x70, 0x00,
    0xCF, 0xB0, 0x0F, 0x70, 0x00, 0xBC, 0x00, 0x0F, 0x70, 0x00, 0xBC, 0x00, 0x0F, 0x70, 0x00, 0xBC,
    0x00, 0x0F, 0x70, 0x00, 0xBC, 0x00, 0x0F, 0x90, 0x00, 0xDC, 0x00, 0x0B, 0xF5, 0x3A, 0xFC, 0x00,
    0x02, 0xDF, 0xF9, 0xBC, 0x00, 0x00, 0x02, 0x10, 0x00, 0x00, 0x00, 0x03, 0x93, 0x44, 0x00, 0x30,
    0x00, 0x0E, 0xAF, 0xF5, 0x06, 0xF0, 0x01, 0x11, 0x01, 0x20, 0x28, 0xF0, 0x0D, 0xB0, 0x00, 0x00,
    0xFF, 0x60, 0x0D, 0xB0, 0x00, 0x00, 0xF8, 0x00, 0x0D, 0xB0, 0x00, 0x00, 0xF8, 0x00, 0x0D, 0xB0,
    0x00, 0x00, 0xF8, 0x00, 0x0D, 0xB0, 0x00, 0x00, 0xF8, 0x00, 0x0D, 0xB0, 0x00, 0x00, 0xF8, 0x00,
    0x0D, 0xB0, 0x00, 0x00, 0xF7, 0x00, 0x0C, 0xC0, 0x00, 0x02, 0xF6, 0x00, 0x09, 0xF2, 0x00, 0x07,
    0xF3, 0x00, 0x02, 0xFE, 0x64, 0x8F, 0xC0, 0x00, 0x00, 0x3D, 0xFF, 0xFA, 0x10, 0x00, 0x00, 0x00,
    0x12, 0x00, 0x00, 0x00, 0x00, 0x3B, 0x74, 0x70, 0x30, 0x00, 0xB9, 0xDF, 0x61, 0xF3, 0x00, 0x00,
    0x01, 0x04, 0xF4, 0x0F, 0x70, 0x00, 0xCF, 0xB0, 0x0F, 0x70, 0x00, 0xBC, 0x00, 0x0F, 0x70, 0x00,
    0xBC, 0x00, 0x0F, 0x70, 0x00, 0xBC, 0x00, 0x0F, 0x70, 0x00, 0xBC, 0x00, 0x0F, 0x90, 0x00, 0xDC,
    0x00, 0x0B, 0xF5, 0x3A, 0xFC, 0x00, 0x02, 0xDF, 0xF9, 0xBC, 0x00, 0x00, 0x02, 0x10, 0x00, 0x00,
    0x00, 0x00, 0x00, 0x00, 0x00, 0x30, 0x00, 0x00, 0x00, 0x00, 0x06, 0xF0, 0x01, 0x10, 0x00, 0x00,
    0x28, 0xF0, 0x0D, 0xB0, 0x00, 0x00, 0xFF, 0x60, 0x0D, 0xB0, 0x00, 0x00, 0xF8, 0x00, 0x0D, 0xB0,
    0x00, 0x00, 0xF8, 0x00, 0x0D, 0xB0, 0x00, 0x00, 0xF8, 0x00, 0x0D, 0xB0, 0x00, 0x00, 0xF8, 0x00,
    0x0D, 0xB0, 0x00, 0x00, 0xF8, 0x00, 0x0D, 0xB0, 0x00, 0x00, 0xF7, 0x00, 0x0C, 0xC0, 0x00, 0x02,
    0xF6, 0x00, 0x09, 0xF2, 0x00, 0x07, 0xF3, 0x00, 0x02, 0xFE, 0x64, 0x8F, 0xC0, 0x00, 0x00, 0x3D,
    0xFF, 0xFA, 0x10, 0x00, 0x00, 0x00, 0x12, 0x00, 0x00, 0x00, 0x00, 0x00, 0x14, 0x00, 0x00, 0x00,
    0x00, 0x00, 0x8F, 0x30, 0x00, 0x00, 0x00, 0x00, 0x37, 0x00, 0x00, 0x00, 0x00, 0x00, 0x00, 0x00,
    0x30, 0x00, 0x00, 0x00, 0x01, 0xF3, 0x00, 0x00, 0x00, 0x04, 0xF4, 0x0F, 0x70, 0x00, 0xCF, 0xB0,
    0x0F, 0x70, 0x00, 0xBC, 0x00, 0x0F, 0x70, 0x00, 0xBC, 0x00, 0x0F, 0x70, 0x00, 0xBC, 0x00, 0x0F,
    0x70, 0x00, 0xBC, 0x00, 0x0F, 0x90, 0x00, 0xDC, 0x00, 0x0B, 0xF5, 0x3A, 0xFC, 0x00, 0x02, 0xDF,
    0xF9, 0xBC, 0x00, 0x00, 0x02, 0x10, 0x00, 0x00, 0x00, 0x03, 0xE5, 0x00, 0x00, 0x00, 0x03, 0xD4,
    0x00, 0x00, 0x00, 0x00, 0x10, 0x00, 0x00, 0x00, 0x09, 0xD1, 0x00, 0x00, 0x00, 0x01, 0xCA, 0x00,
    0x00, 0x11, 0x00, 0x02, 0x00, 0x10, 0x9F, 0x30, 0x00, 0x0B, 0xF2, 0x0E, 0xC0, 0x00, 0x3F, 0x80,
    0x06, 0xF5, 0x00, 0xCE, 0x00, 0x00, 0xCD, 0x05, 0xF5, 0x00, 0x00, 0x3F, 0x7D, 0xC0, 0x00, 0x00,
    0x0A, 0xFF, 0x20, 0x00, 0x00, 0x01, 0xFA, 0x00, 0x00, 0x00, 0x00, 0xF8, 0x00, 0x00, 0x00, 0x00,
    0xF8, 0x00, 0x00, 0x00, 0x00, 0xF8, 0x00, 0x00, 0x00, 0x00, 0xF8, 0x00, 0x00, 0x00, 0x45, 0x00,
    0x00, 0x00, 0xAE, 0x10, 0x00, 0x00, 0x0A, 0x90, 0x00, 0x00, 0x00, 0x00, 0x00, 0xCD, 0x00, 0x00,
    0xEB, 0x6F, 0x30, 0x05, 0xF4, 0x0F, 0x90, 0x0B, 0xE0, 0x0A, 0xE0, 0x1F, 0x70, 0x03, 0xF5, 0x6F,
    0x10, 0x00, 0xDA, 0xCB, 0x00, 0x00, 0x7F, 0xF4, 0x00, 0x00, 0x1F, 0xE0, 0x00, 0x00, 0x1F, 0x80,
    0x00, 0x00, 0x8F, 0x10, 0x00, 0x00, 0xEB, 0x00, 0x00, 0x00, 0x21, 0x00, 0x00, 0x11, 0x00, 0x00,
    0x00, 0x10, 0x9F, 0x30, 0x00, 0x0B, 0xF2, 0x0E, 0xC0, 0x00, 0x3F, 0x80, 0x06, 0xF5, 0x00, 0xCE,
    0x00, 0x00, 0xCD, 0x05, 0xF5, 0x00, 0x00, 0x3F, 0x7D, 0xC0, 0x00, 0x00, 0x0A, 0xFF, 0x20, 0x00,
    0x00, 0x01, 0xFA, 0x00, 0x00, 0x00, 0x00, 0xF8, 0x00, 0x00, 0x00, 0x00, 0xF8, 0x00, 0x00, 0x00,
    0x00, 0xF8, 0x00, 0x00, 0x00, 0x00, 0xF8, 0x00, 0x00, 0x00, 0x00, 0x00, 0x00, 0x00, 0x00, 0x00,
    0x31, 0x00, 0x00, 0x00, 0x01, 0xFA, 0x00, 0x00, 0x00, 0x00, 0x73, 0x00, 0x00, 0x00, 0x00, 0x00,
    0x00, 0xCD, 0x00, 0x00, 0xEB, 0x6F, 0x30, 0x05, 0xF4, 0x0F, 0x90, 0x0B, 0xE0, 0x0A, 0xE0, 0x1F,
    0x70, 0x03, 0xF5, 0x6F, 0x10, 0x00, 0xDA, 0xCB, 0x00, 0x00, 0x7F, 0xF4, 0x00, 0x00, 0x1F, 0xE0,
    0x00, 0x00, 0x1F, 0x80, 0x00, 0x00, 0x8F, 0x13, 0xE5, 0x00, 0xEB, 0x03, 0xD5, 0x00, 0x21, 0x00,
    0x00, 0x00, 0x00, 0x00, 0x00, 0x00, 0x00, 0x08, 0xFD, 0x20, 0x00, 0x00, 0x01, 0x6F, 0x30, 0x00,
    0x11, 0x00, 0x32, 0x00, 0x10, 0x9F, 0x30, 0x00, 0x0B, 0xF2, 0x0E, 0xC0, 0x00, 0x3F, 0x80, 0x06,
    0xF5, 0x00, 0xCE, 0x00, 0x00, 0xCD, 0x05, 0xF5, 0x00, 0x00, 0x3F, 0x7D, 0xC0, 0x00, 0x00, 0x0A,
    0xFF, 0x20, 0x00, 0x00, 0x01, 0xFA, 0x00, 0x00, 0x00, 0x00, 0xF8, 0x00, 0x00, 0x00, 0x00, 0xF8,
    0x00, 0x00, 0x00, 0x00, 0xF8, 0x00, 0x00, 0x00, 0x00, 0xF8, 0x00, 0x00, 0x00, 0x26, 0x50, 0x00,
    0x00, 0x4A, 0xE6, 0x00, 0x00, 0x05, 0xF4, 0x00, 0x00, 0x01, 0x10, 0x00, 0xCD, 0x00, 0x00, 0xEB,
    0x6F, 0x30, 0x05, 0xF4, 0x0F, 0x90, 0x0B, 0xE0, 0x0A, 0xE0, 0x1F, 0x70, 0x03, 0xF5, 0x6F, 0x10,
    0x00, 0xDA, 0xCB, 0x00, 0x00, 0x7F, 0xF4, 0x00, 0x00, 0x1F, 0xE0, 0x00, 0x00, 0x1F, 0x80, 0x00,
    0x00, 0x8F, 0x10, 0x00, 0x00, 0xEB, 0x00, 0x00, 0x00, 0x21, 0x00, 0x00, 0x00, 0x08, 0x70, 0x80,
    0x00, 0x00, 0x7D, 0xCF, 0xC0, 0x00, 0x11, 0x01, 0x03, 0x00, 0x10, 0x9F, 0x30, 0x00, 0x0B, 0xF2,
    0x0E, 0xC0, 0x00, 0x3F, 0x80, 0x06, 0xF5, 0x00, 0xCE, 0x00, 0x00, 0xCD, 0x05, 0xF5, 0x00, 0x00,
    0x3F, 0x7D, 0xC0, 0x00, 0x00, 0x0A, 0xFF, 0x20, 0x00, 0x00, 0x01, 0xFA, 0x00, 0x00, 0x00, 0x00,
    0xF8, 0x00, 0x00, 0x00, 0x00, 0xF8, 0x00, 0x00, 0x00, 0x00, 0xF8, 0x00, 0x00, 0x00, 0x00, 0xF8,
    0x00, 0x00, 0x00, 0x9B, 0x28, 0x20, 0x03, 0xD8, 0xFD, 0x00, 0x00, 0x00, 0x10, 0x00, 0xCD, 0x00,
    0x00, 0xEB, 0x6F, 0x30, 0x05, 0xF4, 0x0F, 0x90, 0x0B, 0xE0, 0x0A, 0xE0, 0x1F, 0x70, 0x03, 0xF5,
    0x6F, 0x10, 0x00, 0xDA, 0xCB, 0x00, 0x00, 0x7F, 0xF4, 0x00, 0x00, 0x1F, 0xE0, 0x00, 0x00, 0x1F,
    0x80, 0x00, 0x00, 0x8F, 0x10, 0x00, 0x00, 0xEB, 0x00, 0x00, 0x00, 0x21, 0x00, 0x00, 0x04, 0xD4,
    0x00, 0x5D, 0x30, 0x06, 0xD3, 0x00, 0x07, 0xF7, 0x00, 0x8F, 0x60, 0x09, 0xF5, 0x00, 0x00, 0x20,
    0x00, 0x02, 0x00, 0x00, 0x20, 0x00,
};

const kiosk_glyph_t kiosk_ui_15_glyphs[] = {
    { 32, 4, 0, 0, 16, 4, 0 },
    { 33, 4, 13, 0, 4, 4, 0 },
    { 34, 5, 13, 0, 3, 5, 26 },
    { 35, 11, 12, 0, 4, 11, 65 },
    { 36, 9, 15, 0, 3, 9, 137 },
    { 37, 13, 12, 0, 4, 12, 212 },
    { 38, 11, 13, 0, 4, 11, 296 },
    { 39, 3, 13, 0, 3, 3, 374 },
    { 40, 5, 14, 0, 3, 5, 400 },
    { 41, 5, 14, 0, 3, 5, 442 },
    { 42, 7, 12, 0, 4, 7, 484 },
    { 43, 9, 10, 0, 6, 9, 532 },
    { 44, 4, 4, 0, 14, 4, 582 },
    { 45, 7, 7, 0, 9, 7, 590 },
    { 46, 4, 3, 0, 14, 4, 618 },
    { 47, 6, 12, 0, 4, 6, 624 },
    { 48, 10, 13, 0, 4, 10, 660 },
    { 49, 6, 12, 0, 4, 6, 725 },
    { 50, 9, 12, 0, 4, 9, 761 },
    { 51, 9, 13, 0, 4, 9, 821 },
    { 52, 9, 12, 0, 4, 9, 886 },
    { 53, 9, 13, 0, 4, 9, 946 },
    { 54, 9, 13, 0, 4, 9, 1011 },
    { 55, 8, 12, 0, 4, 8, 1076 },
    { 56, 10, 13, 0, 4, 10, 1124 },
    { 57, 9, 12, 0, 4, 9, 1189 },
    { 58, 4, 9, 0, 8, 4, 1249 },
    { 59, 4, 11, 0, 7, 4, 1267 },
    { 60, 9, 10, 0, 6, 9, 1289 },
    { 61, 9, 8, 0, 8, 9, 1339 },
    { 62, 9, 10, 0, 6, 9, 1379 },
    { 63, 7, 13, 0, 4, 7, 1429 },
    { 64, 12, 13, 0, 4, 12, 1481 },
    { 65, 11, 12, 0, 4, 10, 1559 },
    { 66, 10, 12, 0, 4, 10, 1631 },
    { 67, 10, 13, 0, 4, 10, 1691 },
    { 68, 11, 12, 0, 4, 11, 1756 },
    { 69, 9, 12, 0, 4, 9, 1828 },
    { 70, 9, 12, 0, 4, 8, 1888 },
    { 71, 11, 13, 0, 4, 11, 1948 },
    { 72, 11, 12, 0, 4, 11, 2026 },
    { 73, 4, 12, 0, 4, 4, 2098 },
    { 74, 7, 13, 0, 4, 7, 2122 },
    { 75, 10, 12, 0, 4, 10, 2174 },
    { 76, 9, 12, 0, 4, 9, 2234 },
    { 77, 13, 12, 0, 4, 13, 2294 },
    { 78, 11, 12, 0, 4, 11, 2378 },
    { 79, 12, 13, 0, 4, 12, 2450 },
    { 80, 10, 12, 0, 4, 9, 2528 },
    { 81, 12, 14, 0, 4, 12, 2588 },
    { 82, 10, 12, 0, 4, 10, 2672 },
    { 83, 9, 13, 0, 4, 9, 2732 },
    { 84, 9, 12, 0, 4, 9, 2797 },
    { 85, 11, 13, 0, 4, 11, 2857 },
    { 86, 11, 12, 0, 4, 10, 2935 },
    { 87, 15, 12, 0, 4, 15, 3007 },
    { 88, 10, 12, 0, 4, 10, 3103 },
    { 89, 10, 12, 0, 4, 10, 3163 },
    { 90, 9, 12, 0, 4, 9, 3223 },
    { 91, 6, 14, 0, 3, 5, 3283 },
    { 92, 6, 12, 0, 4, 5, 3325 },
    { 93, 5, 14, 0, 3, 5, 3361 },
    { 94, 7, 13, 0, 3, 7, 3403 },
    { 95, 7, 3, 0, 16, 7, 3455 },
    { 96, 4, 12, 0, 4, 4, 3467 },
    { 97, 8, 10, 0, 7, 8, 3491 },
    { 98, 9, 13, 0, 4, 9, 3531 },
    { 99, 8, 10, 0, 7, 8, 3596 },
    { 100, 9, 13, 0, 4, 9, 3636 },
    { 101, 8, 10, 0, 7, 8, 3701 },
    { 102, 6, 12, 0, 4, 5, 3741 },
    { 103, 9, 13, 0, 7, 9, 3777 },
    { 104, 9, 12, 0, 4, 9, 3842 },
    { 105, 4, 12, 0, 4, 4, 3902 },
    { 106, 5, 16, -1, 4, 4, 3926 },
    { 107, 8, 12, 0, 4, 8, 3974 },
    { 108, 4, 13, 0, 4, 4, 4022 },
    { 109, 13, 9, 0, 7, 13, 4048 },
    { 110, 9, 9, 0, 7, 9, 4111 },
    { 111, 9, 10, 0, 7, 9, 4156 },
    { 112, 9, 13, 0, 7, 9, 4206 },
    { 113, 9, 13, 0, 7, 9, 4271 },
    { 114, 6, 9, 0, 7, 6, 4336 },
    { 115, 7, 10, 0, 7, 7, 4363 },
    { 116, 6, 12, 0, 5, 6, 4403 },
    { 117, 9, 10, 0, 7, 9, 4439 },
    { 118, 8, 9, 0, 7, 8, 4489 },
    { 119, 13, 9, 0, 7, 12, 4525 },
    { 120, 8, 9, 0, 7, 8, 4588 },
    { 121, 8, 13, 0, 7, 8, 4624 },
    { 122, 7, 9, 0, 7, 7, 4676 },
    { 123, 6, 14, 0, 3, 5, 4712 },
    { 124, 3, 14, 0, 3, 3, 4754 },
    { 125, 6, 14, 0, 3, 5, 4782 },
    { 126, 8, 7, 0, 9, 8, 4824 },
    { 176, 6, 12, 0, 4, 6, 4852 },
    { 183, 7, 7, 0, 9, 7, 4888 },
    { 192, 11, 15, 0, 1, 10, 4916 },
    { 193, 11, 15, 0, 1, 10, 5006 },
    { 194, 11, 14, 0, 2, 10, 5096 },
    { 195, 11, 14, 0, 2, 10, 5180 },
    { 200, 9, 15, 0, 1, 9, 5264 },
    { 201, 9, 15, 0, 1, 9, 5339 },
    { 202, 9, 14, 0, 2, 9, 5414 },
    { 204, 4, 15, 0, 1, 4, 5484 },
    { 205, 4, 15, 0, 1, 4, 5514 },
    { 210, 12, 16, 0, 1, 12, 5544 },
    { 211, 12, 16, 0, 1, 12, 5640 },
    { 212, 12, 15, 0, 2, 12, 5736 },
    { 213, 12, 15, 0, 2, 12, 5826 },
    { 217, 11, 16, 0, 1, 11, 5916 },
    { 218, 11, 16, 0, 1, 11, 6012 },
    { 221, 10, 15, 0, 1, 10, 6108 },
    { 224, 8, 13, 0, 4, 8, 6183 },
    { 225, 8, 13, 0, 4, 8, 6235 },
    { 226, 8, 13, 0, 4, 8, 6287 },
    { 227, 8, 12, 0, 5, 8, 6339 },
    { 232, 8, 13, 0, 4, 8, 6387 },
    { 233, 8, 13, 0, 4, 8, 6439 },
    { 234, 8, 13, 0, 4, 8, 6491 },
    { 236, 5, 12, -1, 4, 4, 6543 },
    { 237, 4, 12, 0, 4, 4, 6579 },
    { 242, 9, 13, 0, 4, 9, 6603 },
    { 243, 9, 13, 0, 4, 9, 6668 },
    { 244, 9, 13, 0, 4, 9, 6733 },
    { 245, 9, 12, 0, 5, 9, 6798 },
    { 249, 9, 13, 0, 4, 9, 6858 },
    { 250, 9, 13, 0, 4, 9, 6923 },
    { 253, 8, 16, 0, 4, 8, 6988 },
    { 258, 11, 15, 0, 1, 10, 7052 },
    { 259, 8, 13, 0, 4, 8, 7142 },
    { 272, 12, 12, 0, 4, 12, 7194 },
    { 273, 10, 13, 0, 4, 9, 7266 },
    { 296, 6, 14, -1, 2, 4, 7331 },
    { 297, 6, 11, -1, 5, 4, 7373 },
    { 360, 11, 15, 0, 2, 11, 7406 },
    { 361, 9, 12, 0, 5, 9, 7496 },
    { 416, 12, 15, 0, 2, 12, 7556 },
    { 417, 9, 12, 0, 5, 9, 7646 },
    { 431, 12, 15, 0, 2, 11, 7706 },
    { 432, 10, 12, 0, 5, 9, 7796 },
    { 7840, 11, 15, 0, 4, 10, 7856 },
    { 7841, 8, 12, 0, 7, 8, 7946 },
    { 7842, 11, 15, 0, 1, 10, 7994 },
    { 7843, 8, 13, 0, 4, 8, 8084 },
    { 7844, 11, 17, 0, -1, 10, 8136 },
    { 7845, 9, 15, 0, 2, 8, 8238 },
    { 7846, 11, 17, 0, -1, 10, 8313 },
    { 7847, 8, 15, 0, 2, 8, 8415 },
    { 7848, 11, 16, 0, 0, 10, 8475 },
    { 7849, 8, 15, 0, 2, 8, 8571 },
    { 7850, 11, 16, 0, 0, 10, 8631 },
    { 7851, 8, 15, 0, 2, 8, 8727 },
    { 7852, 11, 17, 0, 2, 10, 8787 },
    { 7853, 8, 15, 0, 4, 8, 8889 },
    { 7854, 11, 17, 0, -1, 10, 8949 },
    { 7855, 8, 16, 0, 1, 8, 9051 },
    { 7856, 11, 17, 0, -1, 10, 9115 },
    { 7857, 8, 16, 0, 1, 8, 9217 },
    { 7858, 11, 16, 0, 0, 10, 9281 },
    { 7859, 8, 16, 0, 1, 8, 9377 },
    { 7860, 11, 16, 0, 0, 10, 9441 },
    { 7861, 8, 15, 0, 2, 8, 9537 },
    { 7862, 11, 18, 0, 1, 10, 9597 },
    { 7863, 8, 15, 0, 4, 8, 9705 },
    { 7864, 9, 15, 0, 4, 9, 9765 },
    { 7865, 8, 12, 0, 7, 8, 9840 },
    { 7866, 9, 15, 0, 1, 9, 9888 },
    { 7867, 8, 13, 0, 4, 8, 9963 },
    { 7868, 9, 14, 0, 2, 9, 10015 },
    { 7869, 8, 12, 0, 5, 8, 10085 },
    { 7870, 9, 17, 0, -1, 9, 10133 },
    { 7871, 9, 15, 0, 2, 8, 10218 },
    { 7872, 9, 17, 0, -1, 9, 10293 },
    { 7873, 8, 15, 0, 2, 8, 10378 },
    { 7874, 9, 16, 0, 0, 9, 10438 },
    { 7875, 8, 15, 0, 2, 8, 10518 },
    { 7876, 9, 16, 0, 0, 9, 10578 },
    { 7877, 8, 15, 0, 2, 8, 10658 },
    { 7878, 9, 17, 0, 2, 9, 10718 },
    { 7879, 8, 15, 0, 4, 8, 10803 },
    { 7880, 4, 15, 0, 1, 4, 10863 },
    { 7881, 4, 12, 0, 4, 4, 10893 },
    { 7882, 4, 15, 0, 4, 4, 10917 },
    { 7883, 4, 16, 0, 4, 4, 10947 },
    { 7884, 12, 15, 0, 4, 12, 10979 },
    { 7885, 9, 12, 0, 7, 9, 11069 },
    { 7886, 12, 16, 0, 1, 12, 11129 },
    { 7887, 9, 13, 0, 4, 9, 11225 },
    { 7888, 12, 18, 0, -1, 12, 11290 },
    { 7889, 9, 15, 0, 2, 9, 11398 },
    { 7890, 12, 18, 0, -1, 12, 11473 },
    { 7891, 9, 15, 0, 2, 9, 11581 },
    { 7892, 12, 17, 0, 0, 12, 11656 },
    { 7893, 9, 15, 0, 2, 9, 11758 },
    { 7894, 12, 17, 0, 0, 12, 11833 },
    { 7895, 9, 15, 0, 2, 9, 11935 },
    { 7896, 12, 17, 0, 2, 12, 12010 },
    { 7897, 9, 15, 0, 4, 9, 12112 },
    { 7898, 12, 16, 0, 1, 12, 12187 },
    { 7899, 9, 13, 0, 4, 9, 12283 },
    { 7900, 12, 16, 0, 1, 12, 12348 },
    { 7901, 9, 13, 0, 4, 9, 12444 },
    { 7902, 12, 16, 0, 1, 12, 12509 },
    { 7903, 9, 13, 0, 4, 9, 12605 },
    { 7904, 12, 15, 0, 2, 12, 12670 },
    { 7905, 9, 12, 0, 5, 9, 12760 },
    { 7906, 12, 17, 0, 2, 12, 12820 },
    { 7907, 9, 14, 0, 5, 9, 12922 },
    { 7908, 11, 15, 0, 4, 11, 12992 },
    { 7909, 9, 12, 0, 7, 9, 13082 },
    { 7910, 11, 16, 0, 1, 11, 13142 },
    { 7911, 9, 13, 0, 4, 9, 13238 },
    { 7912, 12, 16, 0, 1, 11, 13303 },
    { 7913, 10, 13, 0, 4, 9, 13399 },
    { 7914, 12, 16, 0, 1, 11, 13464 },
    { 7915, 10, 13, 0, 4, 9, 13560 },
    { 7916, 12, 16, 0, 1, 11, 13625 },
    { 7917, 10, 13, 0, 4, 9, 13721 },
    { 7918, 12, 15, 0, 2, 11, 13786 },
    { 7919, 10, 12, 0, 5, 9, 13876 },
    { 7920, 12, 18, 0, 2, 11, 13936 },
    { 7921, 10, 14, 0, 5, 9, 14044 },
    { 7922, 10, 15, 0, 1, 10, 14114 },
    { 7923, 8, 16, 0, 4, 8, 14189 },
    { 7924, 10, 16, 0, 4, 10, 14253 },
    { 7925, 8, 13, 0, 7, 8, 14333 },
    { 7926, 10, 15, 0, 1, 10, 14385 },
    { 7927, 8, 16, 0, 4, 8, 14460 },
    { 7928, 10, 14, 0, 2, 10, 14524 },
    { 7929, 8, 15, 0, 5, 8, 14594 },
    { 8230, 15, 3, 0, 14, 15, 14654 },
};
