// GENERATED FILE - DO NOT EDIT.
// Source: firmware/assets/fonts/gen_font.py
// Regenerate: ml/.venv/bin/python firmware/assets/fonts/gen_font.py

#include "kiosk_ui_24.h"

const uint8_t kiosk_ui_24_line_h = 33;
const uint8_t kiosk_ui_24_ascent = 26;
const uint16_t kiosk_ui_24_count = 232;

const uint8_t kiosk_ui_24_bitmap[] = {
    0x00, 0xCC, 0xC4, 0x00, 0x00, 0xFF, 0xF5, 0x00, 0x00, 0xFF, 0xF5, 0x00, 0x00, 0xFF, 0xF4, 0x00,
    0x00, 0xEF, 0xF4, 0x00, 0x00, 0xEF, 0xF3, 0x00, 0x00, 0xDF, 0xF2, 0x00, 0x00, 0xCF, 0xF2, 0x00,
    0x00, 0xCF, 0xF1, 0x00, 0x00, 0xBF, 0xF1, 0x00, 0x00, 0xBF, 0xF0, 0x00, 0x00, 0xAF, 0xF0, 0x00,
    0x00, 0x36, 0x50, 0x00, 0x00, 0x00, 0x00, 0x00, 0x00, 0x38, 0x50, 0x00, 0x01, 0xFF, 0xF6, 0x00,
    0x04, 0xFF, 0xF9, 0x00, 0x00, 0xDF, 0xF4, 0x00, 0x00, 0x04, 0x20, 0x00, 0x05, 0x55, 0x04, 0x55,
    0x10, 0x0E, 0xFF, 0x1C, 0xFF, 0x20, 0x0C, 0xFF, 0x0B, 0xFF, 0x10, 0x0B, 0xFE, 0x09, 0xFF, 0x00,
    0x09, 0xFC, 0x08, 0xFE, 0x00, 0x08, 0xFA, 0x06, 0xFC, 0x00, 0x06, 0xF9, 0x05, 0xFA, 0x00, 0x02,
    0x73, 0x01, 0x74, 0x00, 0x00, 0x00, 0x00, 0x00, 0x00, 0x00, 0x00, 0x00, 0x00, 0x00, 0x00, 0x00,
    0x00, 0x00, 0x00, 0x00, 0x00, 0x00, 0x00, 0x00, 0x00, 0x00, 0x00, 0x00, 0x00, 0x00, 0x00, 0x00,
    0x00, 0x00, 0x00, 0x00, 0x00, 0x00, 0x00, 0x00, 0x00, 0x00, 0x00, 0x00, 0x00, 0x00, 0x00, 0x00,
    0x00, 0x00, 0x00, 0x00, 0x00, 0x00, 0x00, 0x00, 0x00, 0x00, 0x00, 0x00, 0x00, 0x00, 0x00, 0x00,
    0x00, 0x00, 0x00, 0x00, 0x00, 0x00, 0x00, 0x00, 0xAC, 0x60, 0x03, 0xCC, 0x20, 0x00, 0x00, 0x00,
    0x01, 0xFF, 0x60, 0x07, 0xFF, 0x00, 0x00, 0x00, 0x00, 0x04, 0xFF, 0x20, 0x0A, 0xFC, 0x00, 0x00,
    0x00, 0x00, 0x07, 0xFF, 0x00, 0x0D, 0xF9, 0x00, 0x00, 0x00, 0x00, 0x0A, 0xFC, 0x00, 0x1F, 0xF6,
    0x00, 0x00, 0x04, 0xEE, 0xEF, 0xFF, 0xEE, 0xFF, 0xFF, 0xEC, 0x00, 0x04, 0xFF, 0xFF, 0xFF, 0xFF,
    0xFF, 0xFF, 0xFD, 0x00, 0x01, 0x55, 0xAF, 0xF7, 0x55, 0xFF, 0xF5, 0x54, 0x00, 0x00, 0x00, 0x8F,
    0xF0, 0x00, 0xEF, 0x90, 0x00, 0x00, 0x00, 0x00, 0xBF, 0xC0, 0x01, 0xFF, 0x50, 0x00, 0x00, 0x01,
    0x11, 0xFF, 0xA1, 0x16, 0xFF, 0x41, 0x10, 0x00, 0x0F, 0xFF, 0xFF, 0xFF, 0xFF, 0xFF, 0xFF, 0xF1,
    0x00, 0x0F, 0xFF, 0xFF, 0xFF, 0xFF, 0xFF, 0xFF, 0xF1, 0x00, 0x02, 0x2A, 0xFF, 0x22, 0x2F, 0xFB,
    0x22, 0x20, 0x00, 0x00, 0x0B, 0xFB, 0x00, 0x1F, 0xF5, 0x00, 0x00, 0x00, 0x00, 0x0E, 0xF8, 0x00,
    0x4F, 0xF2, 0x00, 0x00, 0x00, 0x00, 0x2F, 0xF5, 0x00, 0x8F, 0xF0, 0x00, 0x00, 0x00, 0x00, 0x5F,
    0xF2, 0x00, 0xBF, 0xB0, 0x00, 0x00, 0x00, 0x00, 0x00, 0x00, 0x00, 0x00, 0x00, 0x00, 0x00, 0x00,
    0x03, 0xFF, 0xA0, 0x00, 0x00, 0x00, 0x00, 0x03, 0xFF, 0xA0, 0x00, 0x00, 0x00, 0x02, 0x9F, 0xFF,
    0xFB, 0x40, 0x00, 0x00, 0x5F, 0xFF, 0xFF, 0xFF, 0xFA, 0x00, 0x03, 0xFF, 0xFF, 0xFF, 0xFF, 0xFF,
    0xA0, 0x0B, 0xFF, 0x92, 0xFF, 0x86, 0xFF, 0xE1, 0x0F, 0xFD, 0x01, 0xFF, 0x80, 0x4B, 0x10, 0x0F,
    0xFD, 0x01, 0xFF, 0x80, 0x00, 0x00, 0x0D, 0xFF, 0x82, 0xFF, 0x80, 0x00, 0x00, 0x05, 0xFF, 0xFF,
    0xFF, 0x80, 0x00, 0x00, 0x00, 0x7F, 0xFF, 0xFF, 0xF9, 0x30, 0x00, 0x00, 0x02, 0x9F, 0xFF, 0xFF,
    0xFA, 0x00, 0x00, 0x00, 0x01, 0xFF, 0xFF, 0xFF, 0xB0, 0x00, 0x00, 0x01, 0xFF, 0x86, 0xFF, 0xF3,
    0x00, 0x00, 0x01, 0xFF, 0x80, 0x7F, 0xF6, 0x02, 0xC3, 0x01, 0xFF, 0x80, 0x6F, 0xF7, 0x3F, 0xFE,
    0x31, 0xFF, 0x81, 0xDF, 0xF4, 0x0C, 0xFF, 0xFD, 0xFF, 0xFF, 0xFF, 0xD0, 0x01, 0xCF, 0xFF, 0xFF,
    0xFF, 0xFE, 0x20, 0x00, 0x07, 0xDF, 0xFF, 0xFF, 0x91, 0x00, 0x00, 0x00, 0x05, 0xFF, 0xD0, 0x00,
    0x00, 0x00, 0x00, 0x02, 0xFF, 0x90, 0x00, 0x00, 0x00, 0x49, 0xBA, 0x50, 0x00, 0x00, 0x00, 0x2C,
    0xCA, 0x00, 0x08, 0xFF, 0xFF, 0xFA, 0x00, 0x00, 0x00, 0xDF, 0xF3, 0x00, 0x3F, 0xFA, 0x58, 0xFF,
    0x50, 0x00, 0x09, 0xFF, 0x70, 0x00, 0x8F, 0xC0, 0x00, 0x9F, 0xA0, 0x00, 0x4F, 0xFB, 0x00, 0x00,
    0x9F, 0x90, 0x00, 0x7F, 0xB0, 0x01, 0xEF, 0xE1, 0x00, 0x00, 0x7F, 0xD0, 0x00, 0xCF, 0x90, 0x0C,
    0xFF, 0x40, 0x00, 0x00, 0x1E, 0xFE, 0xAD, 0xFF, 0x30, 0x7F, 0xF8, 0x00, 0x00, 0x00, 0x03, 0xEF,
    0xFF, 0xE5, 0x03, 0xFF, 0xC0, 0x00, 0x00, 0x00, 0x00, 0x04, 0x64, 0x00, 0x1E, 0xFF, 0x20, 0x00,
    0x00, 0x00, 0x00, 0x00, 0x00, 0x00, 0xAF, 0xF5, 0x00, 0x02, 0x10, 0x00, 0x00, 0x00, 0x00, 0x06,
    0xFF, 0xA0, 0x09, 0xFF, 0xFC, 0x20, 0x00, 0x00, 0x00, 0x2F, 0xFD, 0x00, 0xCF, 0xFE, 0xFF, 0xF2,
    0x00, 0x00, 0x00, 0xDF, 0xF3, 0x04, 0xFF, 0x40, 0x1C, 0xF9, 0x00, 0x00, 0x09, 0xFF, 0x70, 0x07,
    0xFB, 0x00, 0x05, 0xFD, 0x00, 0x00, 0x5F, 0xFB, 0x00, 0x07, 0xFC, 0x00, 0x06, 0xFC, 0x00, 0x02,
    0xFF, 0xE1, 0x00, 0x03, 0xFF, 0x61, 0x3E, 0xF8, 0x00, 0x0C, 0xFF, 0x40, 0x00, 0x00, 0xAF, 0xFF,
    0xFF, 0xE1, 0x00, 0x8F, 0xF8, 0x00, 0x00, 0x00, 0x07, 0xDF, 0xE9, 0x10, 0x00, 0x00, 0x00, 0x00,
    0x00, 0x00, 0x00, 0x00, 0x00, 0x00, 0x00, 0x06, 0xDF, 0xFE, 0x80, 0x00, 0x00, 0x00, 0x00, 0x00,
    0xBF, 0xFF, 0xFF, 0xFC, 0x00, 0x00, 0x00, 0x00, 0x07, 0xFF, 0xFA, 0x9F, 0xFF, 0x70, 0x00, 0x00,
    0x00, 0x0C, 0xFF, 0x60, 0x05, 0xFF, 0xC0, 0x00, 0x00, 0x00, 0x0E, 0xFF, 0x10, 0x02, 0xFF, 0xC0,
    0x00, 0x00, 0x00, 0x0D, 0xFF, 0x30, 0x09, 0xFF, 0xA0, 0x00, 0x00, 0x00, 0x07, 0xFF, 0xD2, 0xAF,
    0xFF, 0x30, 0x00, 0x00, 0x00, 0x00, 0xEF, 0xFF, 0xFF, 0xF6, 0x00, 0x00, 0x00, 0x00, 0x03, 0xFF,
    0xFF, 0xFC, 0x30, 0x00, 0x00, 0x00, 0x00, 0x6F, 0xFF, 0xFF, 0xF8, 0x00, 0x0A, 0x95, 0x00, 0x04,
    0xFF, 0xFC, 0xAF, 0xFF, 0x60, 0x2F, 0xFE, 0x00, 0x0C, 0xFF, 0x90, 0x08, 0xFF, 0xF5, 0x9F, 0xF9,
    0x00, 0x0F, 0xFF, 0x00, 0x00, 0x9F, 0xFF, 0xFF, 0xF2, 0x00, 0x0F, 0xFF, 0x00, 0x00, 0x0A, 0xFF,
    0xFF, 0x90, 0x00, 0x0E, 0xFF, 0x50, 0x00, 0x02, 0xFF, 0xFF, 0x30, 0x00, 0x07, 0xFF, 0xF9, 0x45,
    0x9F, 0xFF, 0xFF, 0xD1, 0x00, 0x00, 0xCF, 0xFF, 0xFF, 0xFF, 0xFD, 0xFF, 0xFD, 0x00, 0x00, 0x08,
    0xEF, 0xFF, 0xFD, 0x60, 0x2E, 0xFF, 0xB0, 0x00, 0x00, 0x03, 0x44, 0x20, 0x00, 0x00, 0x00, 0x00,
    0x05, 0x55, 0x00, 0x0F, 0xFF, 0x00, 0x0E, 0xFD, 0x00, 0x0D, 0xFC, 0x00, 0x0B, 0xFA, 0x00, 0x0A,
    0xF9, 0x00, 0x08, 0xF7, 0x00, 0x03, 0x72, 0x00, 0x00, 0x00, 0x00, 0x00, 0x00, 0x00, 0x00, 0x00,
    0x00, 0x00, 0x00, 0x00, 0x00, 0x00, 0x00, 0x00, 0x00, 0x00, 0x00, 0x00, 0x00, 0x00, 0x00, 0x00,
    0x00, 0x00, 0x00, 0x00, 0x00, 0x00, 0x00, 0x00, 0x00, 0x00, 0x00, 0x00, 0x00, 0x00, 0x00, 0x00,
    0x00, 0x7C, 0xC2, 0x00, 0x01, 0xFF, 0xC0, 0x00, 0x08, 0xFF, 0x40, 0x00, 0x0E, 0xFE, 0x00, 0x00,
    0x4F, 0xF9, 0x00, 0x00, 0x8F, 0xF4, 0x00, 0x00, 0xCF, 0xF1, 0x00, 0x00, 0xFF, 0xD0, 0x00, 0x01,
    0xFF, 0xB0, 0x00, 0x02, 0xFF, 0xA0, 0x00, 0x03, 0xFF, 0x90, 0x00, 0x03, 0xFF, 0x90, 0x00, 0x02,
    0xFF, 0xB0, 0x00, 0x00, 0xFF, 0xC0, 0x00, 0x00, 0xDF, 0xF0, 0x00, 0x00, 0xAF, 0xF3, 0x00, 0x00,
    0x6F, 0xF7, 0x00, 0x00, 0x1F, 0xFC, 0x00, 0x00, 0x0B, 0xFF, 0x20, 0x00, 0x04, 0xFF, 0x90, 0x00,
    0x00, 0xCF, 0xF1, 0x00, 0x00, 0x13, 0x31, 0x1C, 0xC8, 0x00, 0x00, 0x0A, 0xFF, 0x20, 0x00, 0x03,
    0xFF, 0xA0, 0x00, 0x00, 0xDF, 0xF0, 0x00, 0x00, 0x8F, 0xF5, 0x00, 0x00, 0x3F, 0xFA, 0x00, 0x00,
    0x0F, 0xFD, 0x00, 0x00, 0x0C, 0xFF, 0x00, 0x00, 0x0A, 0xFF, 0x30, 0x00, 0x09, 0xFF, 0x40, 0x00,
    0x08, 0xFF, 0x50, 0x00, 0x08, 0xFF, 0x40, 0x00, 0x09, 0xFF, 0x30, 0x00, 0x0B, 0xFF, 0x10, 0x00,
    0x0E, 0xFE, 0x00, 0x00, 0x1F, 0xFB, 0x00, 0x00, 0x5F, 0xF7, 0x00, 0x00, 0xBF, 0xF2, 0x00, 0x01,
    0xFF, 0xC0, 0x00, 0x07, 0xFF, 0x50, 0x00, 0x0E, 0xFD, 0x00, 0x00, 0x03, 0x31, 0x00, 0x00, 0x00,
    0x00, 0x9C, 0x30, 0x00, 0x00, 0x81, 0xAF, 0x26, 0x20, 0x04, 0xFE, 0xBF, 0x9F, 0xB0, 0x02, 0x8E,
    0xFF, 0xFB, 0x50, 0x00, 0x6C, 0xFF, 0xF9, 0x30, 0x05, 0xFF, 0xCF, 0xBF, 0xC0, 0x00, 0x92, 0xAF,
    0x18, 0x30, 0x00, 0x00, 0xBE, 0x30, 0x00, 0x00, 0x00, 0x00, 0x00, 0x00, 0x00, 0x00, 0x00, 0x00,
    0x00, 0x00, 0x00, 0x00, 0x00, 0x00, 0x00, 0x00, 0x00, 0x00, 0x00, 0x00, 0x00, 0x00, 0x00, 0x00,
    0x00, 0x00, 0x00, 0x00, 0x00, 0x00, 0x00, 0x00, 0x00, 0x00, 0x00, 0x00, 0x00, 0x00, 0x00, 0x00,
    0x00, 0x00, 0x00, 0x00, 0x00, 0x00, 0x00, 0x00, 0x00, 0x00, 0x00, 0x00, 0x99, 0x70, 0x00, 0x00,
    0x00, 0x00, 0x00, 0x01, 0xFF, 0xD0, 0x00, 0x00, 0x00, 0x00, 0x00, 0x01, 0xFF, 0xD0, 0x00, 0x00,
    0x00, 0x00, 0x00, 0x01, 0xFF, 0xD0, 0x00, 0x00, 0x00, 0x01, 0x44, 0x45, 0xFF, 0xF4, 0x44, 0x40,
    0x00, 0x05, 0xFF, 0xFF, 0xFF, 0xFF, 0xFF, 0xF1, 0x00, 0x05, 0xFF, 0xFF, 0xFF, 0xFF, 0xFF, 0xF1,
    0x00, 0x02, 0x77, 0x78, 0xFF, 0xF7, 0x77, 0x70, 0x00, 0x00, 0x00, 0x01, 0xFF, 0xD0, 0x00, 0x00,
    0x00, 0x00, 0x00, 0x01, 0xFF, 0xD0, 0x00, 0x00, 0x00, 0x00, 0x00, 0x01, 0xFF, 0xD0, 0x00, 0x00,
    0x00, 0x00, 0x00, 0x00, 0xCC, 0xA0, 0x00, 0x00, 0x00, 0x00, 0x00, 0x00, 0x00, 0x00, 0x00, 0x00,
    0x00, 0x00, 0x00, 0x00, 0x00, 0x00, 0x00, 0x00, 0x00, 0x00, 0x00, 0x00, 0x00, 0x00, 0x00, 0x00,
    0x00, 0x00, 0x57, 0x74, 0x00, 0x00, 0xEF, 0xF5, 0x00, 0x00, 0xFF, 0xF0, 0x00, 0x02, 0xFF, 0xA0,
    0x00, 0x05, 0xFF, 0x50, 0x00, 0x07, 0xFF, 0x00, 0x00, 0x08, 0xD9, 0x00, 0x00, 0x0A, 0xAA, 0xAA,
    0xAA, 0xAA, 0x10, 0x1F, 0xFF, 0xFF, 0xFF, 0xFF, 0x10, 0x1F, 0xFF, 0xFF, 0xFF, 0xFF, 0x10, 0x01,
    0x11, 0x11, 0x11, 0x11, 0x00, 0x00, 0x00, 0x00, 0x00, 0x00, 0x00, 0x00, 0x00, 0x00, 0x00, 0x00,
    0x00, 0x00, 0x00, 0x00, 0x00, 0x00, 0x00, 0x00, 0x00, 0x00, 0x00, 0x00, 0x00, 0x00, 0x00, 0x00,
    0x00, 0x00, 0x00, 0x00, 0x00, 0x00, 0x00, 0x00, 0x00, 0x00, 0x00, 0x00, 0x00, 0x00, 0x00, 0x00,
    0x58, 0x40, 0x00, 0x04, 0xFF, 0xF2, 0x00, 0x07, 0xFF, 0xF5, 0x00, 0x03, 0xFF, 0xE1, 0x00, 0x00,
    0x14, 0x10, 0x00, 0x00, 0x00, 0x00, 0x9C, 0xC1, 0x00, 0x00, 0x01, 0xFF, 0xD0, 0x00, 0x00, 0x05,
    0xFF, 0x90, 0x00, 0x00, 0x0A, 0xFF, 0x40, 0x00, 0x00, 0x0F, 0xFE, 0x00, 0x00, 0x00, 0x4F, 0xFA,
    0x00, 0x00, 0x00, 0x9F, 0xF5, 0x00, 0x00, 0x00, 0xEF, 0xF0, 0x00, 0x00, 0x03, 0xFF, 0xB0, 0x00,
    0x00, 0x08, 0xFF, 0x60, 0x00, 0x00, 0x0D, 0xFF, 0x10, 0x00, 0x00, 0x2F, 0xFC, 0x00, 0x00, 0x00,
    0x7F, 0xF7, 0x00, 0x00, 0x00, 0xCF, 0xF2, 0x00, 0x00, 0x01, 0xFF, 0xD0, 0x00, 0x00, 0x06, 0xFF,
    0x80, 0x00, 0x00, 0x0B, 0xFF, 0x30, 0x00, 0x00, 0x0F, 0xFE, 0x00, 0x00, 0x00, 0x00, 0x00, 0x00,
    0x00, 0x00, 0x00, 0x00, 0x00, 0x00, 0x00, 0x3B, 0xFF, 0xFC, 0x60, 0x00, 0x00, 0x00, 0x06, 0xFF,
    0xFF, 0xFF, 0xFB, 0x00, 0x00, 0x00, 0x3F, 0xFF, 0xFC, 0xEF, 0xFF, 0x80, 0x00, 0x00, 0xCF, 0xFD,
    0x10, 0x09, 0xFF, 0xF1, 0x00, 0x02, 0xFF, 0xF2, 0x00, 0x00, 0xDF, 0xF6, 0x00, 0x06, 0xFF, 0xC0,
    0x00, 0x00, 0x7F, 0xFB, 0x00, 0x09, 0xFF, 0x90, 0x00, 0x00, 0x4F, 0xFD, 0x00, 0x0B, 0xFF, 0x60,
    0x00, 0x00, 0x2F, 0xFF, 0x00, 0x0B, 0xFF, 0x60, 0x00, 0x00, 0x1F, 0xFF, 0x00, 0x0B, 0xFF, 0x50,
    0x00, 0x00, 0x1F, 0xFF, 0x00, 0x0B, 0xFF, 0x60, 0x00, 0x00, 0x1F, 0xFF, 0x00, 0x09, 0xFF, 0x80,
    0x00, 0x00, 0x3F, 0xFE, 0x00, 0x07, 0xFF, 0xB0, 0x00, 0x00, 0x6F, 0xFB, 0x00, 0x03, 0xFF, 0xF1,
    0x00, 0x00, 0xBF, 0xF8, 0x00, 0x00, 0xEF, 0xFA, 0x00, 0x05, 0xFF, 0xF2, 0x00, 0x00, 0x6F, 0xFF,
    0xC8, 0xAF, 0xFF, 0xA0, 0x00, 0x00, 0x0A, 0xFF, 0xFF, 0xFF, 0xFD, 0x10, 0x00, 0x00, 0x00, 0x7E,
    0xFF, 0xFF, 0xA1, 0x00, 0x00, 0x00, 0x00, 0x00, 0x34, 0x31, 0x00, 0x00, 0x00, 0x00, 0x00, 0x4B,
    0xCB, 0x00, 0x00, 0x00, 0x3B, 0xFF, 0xFF, 0x00, 0x00, 0x0A, 0xFF, 0xFF, 0xFF, 0x00, 0x00, 0x0E,
    0xFF, 0xEF, 0xFF, 0x00, 0x00, 0x0E, 0xE6, 0x2F, 0xFF, 0x00, 0x00, 0x06, 0x00, 0x1F, 0xFF, 0x00,
    0x00, 0x00, 0x00, 0x1F, 0xFF, 0x00, 0x00, 0x00, 0x00, 0x1F, 0xFF, 0x00, 0x00, 0x00, 0x00, 0x1F,
    0xFF, 0x00, 0x00, 0x00, 0x00, 0x1F, 0xFF, 0x00, 0x00, 0x00, 0x00, 0x1F, 0xFF, 0x00, 0x00, 0x00,
    0x00, 0x1F, 0xFF, 0x00, 0x00, 0x00, 0x00, 0x1F, 0xFF, 0x00, 0x00, 0x00, 0x00, 0x1F, 0xFF, 0x00,
    0x00, 0x00, 0x00, 0x1F, 0xFF, 0x00, 0x00, 0x00, 0x00, 0x1F, 0xFF, 0x00, 0x00, 0x00, 0x00, 0x1F,
    0xFF, 0x00, 0x00, 0x00, 0x00, 0x1F, 0xFF, 0x00, 0x00, 0x00, 0x00, 0x00, 0x00, 0x00, 0x00, 0x00,
    0x00, 0x03, 0xAF, 0xFF, 0xD8, 0x10, 0x00, 0x00, 0x6F, 0xFF, 0xFF, 0xFF, 0xE2, 0x00, 0x04, 0xFF,
    0xFF, 0xCD, 0xFF, 0xFC, 0x00, 0x0B, 0xFF, 0xA0, 0x00, 0x5F, 0xFF, 0x30, 0x00, 0x9C, 0x00, 0x00,
    0x0C, 0xFF, 0x60, 0x00, 0x00, 0x00, 0x00, 0x0A, 0xFF, 0x60, 0x00, 0x00, 0x00, 0x00, 0x0E, 0xFF,
    0x40, 0x00, 0x00, 0x00, 0x00, 0x6F, 0xFE, 0x00, 0x00, 0x00, 0x00, 0x03, 0xFF, 0xF6, 0x00, 0x00,
    0x00, 0x00, 0x2E, 0xFF, 0xA0, 0x00, 0x00, 0x00, 0x01, 0xEF, 0xFC, 0x00, 0x00, 0x00, 0x00, 0x1D,
    0xFF, 0xD1, 0x00, 0x00, 0x00, 0x00, 0xCF, 0xFE, 0x10, 0x00, 0x00, 0x00, 0x0C, 0xFF, 0xE2, 0x00,
    0x00, 0x00, 0x00, 0xBF, 0xFF, 0x30, 0x00, 0x00, 0x00, 0x0A, 0xFF, 0xFF, 0xDD, 0xDD, 0xDD, 0xB0,
    0x0F, 0xFF, 0xFF, 0xFF, 0xFF, 0xFF, 0xD0, 0x0F, 0xFF, 0xFF, 0xFF, 0xFF, 0xFF, 0xD0, 0x03, 0xCC,
    0xCC, 0xCC, 0xCC, 0xCC, 0x30, 0x05, 0xFF, 0xFF, 0xFF, 0xFF, 0xFF, 0x40, 0x05, 0xFF, 0xFF, 0xFF,
    0xFF, 0xFF, 0x40, 0x00, 0x11, 0x11, 0x14, 0xFF, 0xF8, 0x00, 0x00, 0x00, 0x00, 0x2E, 0xFF, 0x80,
    0x00, 0x00, 0x00, 0x02, 0xEF, 0xF7, 0x00, 0x00, 0x00, 0x00, 0x2E, 0xFF, 0x60, 0x00, 0x00, 0x00,
    0x01, 0xDF, 0xFE, 0xA7, 0x20, 0x00, 0x00, 0x01, 0xEF, 0xFF, 0xFF, 0xF6, 0x00, 0x00, 0x00, 0x4F,
    0xAA, 0xEF, 0xFF, 0x40, 0x00, 0x00, 0x00, 0x00, 0x0A, 0xFF, 0xC0, 0x00, 0x00, 0x00, 0x00, 0x01,
    0xFF, 0xF1, 0x00, 0x00, 0x00, 0x00, 0x00, 0xEF, 0xF2, 0x00, 0x5A, 0x00, 0x00, 0x00, 0xFF, 0xF1,
    0x09, 0xFF, 0x80, 0x00, 0x08, 0xFF, 0xE0, 0x06, 0xFF, 0xFD, 0x87, 0xBF, 0xFF, 0x70, 0x00, 0x8F,
    0xFF, 0xFF, 0xFF, 0xFB, 0x00, 0x00, 0x05, 0xCF, 0xFF, 0xFE, 0x70, 0x00, 0x00, 0x00, 0x02, 0x44,
    0x20, 0x00, 0x00, 0x00, 0x00, 0x00, 0x09, 0xCC, 0xC8, 0x00, 0x00, 0x00, 0x00, 0x00, 0x4F, 0xFF,
    0xFB, 0x00, 0x00, 0x00, 0x00, 0x00, 0xDF, 0xFF, 0xFB, 0x00, 0x00, 0x00, 0x00, 0x06, 0xFF, 0xFF,
    0xFB, 0x00, 0x00, 0x00, 0x00, 0x0E, 0xFF, 0x8F, 0xFB, 0x00, 0x00, 0x00, 0x00, 0x8F, 0xF9, 0x5F,
    0xFB, 0x00, 0x00, 0x00, 0x01, 0xFF, 0xF1, 0x5F, 0xFB, 0x00, 0x00, 0x00, 0x0A, 0xFF, 0x70, 0x5F,
    0xFB, 0x00, 0x00, 0x00, 0x3F, 0xFE, 0x00, 0x5F, 0xFB, 0x00, 0x00, 0x00, 0xCF, 0xF5, 0x00, 0x5F,
    0xFB, 0x00, 0x00, 0x05, 0xFF, 0xC0, 0x00, 0x5F, 0xFB, 0x00, 0x00, 0x0D, 0xFF, 0x96, 0x66, 0xBF,
    0xFF, 0x65, 0x00, 0x5F, 0xFF, 0xFF, 0xFF, 0xFF, 0xFF, 0xFE, 0x00, 0x6F, 0xFF, 0xFF, 0xFF, 0xFF,
    0xFF, 0xFE, 0x00, 0x27, 0x77, 0x77, 0x77, 0xCF, 0xFF, 0x76, 0x00, 0x00, 0x00, 0x00, 0x00, 0x5F,
    0xFB, 0x00, 0x00, 0x00, 0x00, 0x00, 0x00, 0x5F, 0xFB, 0x00, 0x00, 0x00, 0x00, 0x00, 0x00, 0x5F,
    0xFB, 0x00, 0x00, 0x00, 0x8C, 0xCC, 0xCC, 0xCC, 0xCC, 0x40, 0x00, 0x00, 0xCF, 0xFF, 0xFF, 0xFF,
    0xFF, 0x50, 0x00, 0x00, 0xDF, 0xFF, 0xFF, 0xFF, 0xFF, 0x50, 0x00, 0x00, 0xEF, 0xF2, 0x00, 0x00,
    0x00, 0x00, 0x00, 0x00, 0xFF, 0xF0, 0x00, 0x00, 0x00, 0x00, 0x00, 0x01, 0xFF, 0xE0, 0x00, 0x00,
    0x00, 0x00, 0x00, 0x02, 0xFF, 0xD0, 0x23, 0x20, 0x00, 0x00, 0x00, 0x03, 0xFF, 0xFD, 0xFF, 0xFF,
    0x90, 0x00, 0x00, 0x04, 0xFF, 0xFF, 0xFF, 0xFF, 0xFD, 0x00, 0x00, 0x05, 0xFF, 0xFD, 0x88, 0xCF,
    0xFF, 0x90, 0x00, 0x00, 0x5C, 0xA0, 0x00, 0x08, 0xFF, 0xF0, 0x00, 0x00, 0x00, 0x00, 0x00, 0x00,
    0xEF, 0xF2, 0x00, 0x00, 0x00, 0x00, 0x00, 0x00, 0xCF, 0xF4, 0x00, 0x00, 0x39, 0x00, 0x00, 0x00,
    0xEF, 0xF2, 0x00, 0x07, 0xFF, 0x80, 0x00, 0x07, 0xFF, 0xE0, 0x00, 0x06, 0xFF, 0xFD, 0x87, 0xBF,
    0xFF, 0x70, 0x00, 0x00, 0xAF, 0xFF, 0xFF, 0xFF, 0xFB, 0x00, 0x00, 0x00, 0x06, 0xDF, 0xFF, 0xFE,
    0x70, 0x00, 0x00, 0x00, 0x00, 0x02, 0x44, 0x20, 0x00, 0x00, 0x00, 0x00, 0x00, 0x00, 0x5C, 0xCB,
    0x10, 0x00, 0x00, 0x00, 0x00, 0x00, 0xEF, 0xF9, 0x00, 0x00, 0x00, 0x00, 0x00, 0x08, 0xFF, 0xE1,
    0x00, 0x00, 0x00, 0x00, 0x00, 0x2F, 0xFF, 0x60, 0x00, 0x00, 0x00, 0x00, 0x00, 0xAF, 0xFC, 0x00,
    0x00, 0x00, 0x00, 0x00, 0x03, 0xFF, 0xF3, 0x00, 0x00, 0x00, 0x00, 0x00, 0x0C, 0xFF, 0xD5, 0x64,
    0x00, 0x00, 0x00, 0x00, 0x6F, 0xFF, 0xFF, 0xFF, 0xE6, 0x00, 0x00, 0x00, 0xEF, 0xFF, 0xFF, 0xFF,
    0xFF, 0x70, 0x00, 0x05, 0xFF, 0xFD, 0x74, 0x7D, 0xFF, 0xF1, 0x00, 0x0A, 0xFF, 0xD0, 0x00, 0x01,
    0xEF, 0xF7, 0x00, 0x0C, 0xFF, 0x50, 0x00, 0x00, 0x7F, 0xFA, 0x00, 0x0D, 0xFF, 0x30, 0x00, 0x00,
    0x6F, 0xFB, 0x00, 0x0C, 0xFF, 0x60, 0x00, 0x00, 0x9F, 0xF9, 0x00, 0x07, 0xFF, 0xE1, 0x00, 0x03,
    0xFF, 0xF5, 0x00, 0x01, 0xEF, 0xFF, 0x97, 0x9F, 0xFF, 0xD0, 0x00, 0x00, 0x4F, 0xFF, 0xFF, 0xFF,
    0xFE, 0x20, 0x00, 0x00, 0x02, 0xBF, 0xFF, 0xFF, 0xA1, 0x00, 0x00, 0x00, 0x00, 0x01, 0x34, 0x30,
    0x00, 0x00, 0x00, 0x4C, 0xCC, 0xCC, 0xCC, 0xCC, 0xCC, 0x10, 0x5F, 0xFF, 0xFF, 0xFF, 0xFF, 0xFF,
    0x20, 0x5F, 0xFF, 0xFF, 0xFF, 0xFF, 0xFF, 0x10, 0x02, 0x22, 0x22, 0x22, 0xBF, 0xF9, 0x00, 0x00,
    0x00, 0x00, 0x01, 0xFF, 0xF2, 0x00, 0x00, 0x00, 0x00, 0x08, 0xFF, 0xB0, 0x00, 0x00, 0x00, 0x00,
    0x0E, 0xFF, 0x40, 0x00, 0x00, 0x00, 0x00, 0x6F, 0xFD, 0x00, 0x00, 0x00, 0x00, 0x00, 0xDF, 0xF6,
    0x00, 0x00, 0x00, 0x00, 0x05, 0xFF, 0xE0, 0x00, 0x00, 0x00, 0x00, 0x0C, 0xFF, 0x80, 0x00, 0x00,
    0x00, 0x00, 0x3F, 0xFF, 0x10, 0x00, 0x00, 0x00, 0x00, 0xAF, 0xFA, 0x00, 0x00, 0x00, 0x00, 0x02,
    0xFF, 0xF3, 0x00, 0x00, 0x00, 0x00, 0x09, 0xFF, 0xC0, 0x00, 0x00, 0x00, 0x00, 0x1F, 0xFF, 0x40,
    0x00, 0x00, 0x00, 0x00, 0x7F, 0xFD, 0x00, 0x00, 0x00, 0x00, 0x00, 0xEF, 0xF6, 0x00, 0x00, 0x00,
    0x00, 0x00, 0x00, 0x00, 0x00, 0x00, 0x00, 0x00, 0x00, 0x00, 0x00, 0x5B, 0xFF, 0xFD, 0x80, 0x00,
    0x00, 0x00, 0x0B, 0xFF, 0xFF, 0xFF, 0xFE, 0x20, 0x00, 0x00, 0x8F, 0xFF, 0xEB, 0xCF, 0xFF, 0xD0,
    0x00, 0x00, 0xEF, 0xF9, 0x00, 0x04, 0xFF, 0xF3, 0x00, 0x01, 0xFF, 0xF0, 0x00, 0x00, 0xCF, 0xF6,
    0x00, 0x00, 0xFF, 0xF1, 0x00, 0x00, 0xCF, 0xF4, 0x00, 0x00, 0x9F, 0xFA, 0x00, 0x06, 0xFF, 0xE0,
    0x00, 0x00, 0x0C, 0xFF, 0xFC, 0xEF, 0xFF, 0x30, 0x00, 0x00, 0x00, 0xCF, 0xFF, 0xFF, 0xF3, 0x00,
    0x00, 0x00, 0x1C, 0xFF, 0xFF, 0xFF, 0xFE, 0x40, 0x00, 0x00, 0xDF, 0xF9, 0x20, 0x06, 0xFF, 0xF2,
    0x00, 0x06, 0xFF, 0xB0, 0x00, 0x00, 0x6F, 0xFB, 0x00, 0x0A, 0xFF, 0x60, 0x00, 0x00, 0x1F, 0xFF,
    0x00, 0x0B, 0xFF, 0x80, 0x00, 0x00, 0x3F, 0xFF, 0x00, 0x08, 0xFF, 0xE2, 0x00, 0x00, 0xBF, 0xFD,
    0x00, 0x02, 0xFF, 0xFF, 0x97, 0x8D, 0xFF, 0xF6, 0x00, 0x00, 0x5F, 0xFF, 0xFF, 0xFF, 0xFF, 0xA0,
    0x00, 0x00, 0x02, 0xBF, 0xFF, 0xFF, 0xD5, 0x00, 0x00, 0x00, 0x00, 0x00, 0x34, 0x41, 0x00, 0x00,
    0x00, 0x00, 0x00, 0x00, 0x00, 0x00, 0x00, 0x00, 0x00, 0x00, 0x00, 0x7D, 0xFF, 0xFB, 0x50, 0x00,
    0x00, 0x00, 0x2D, 0xFF, 0xFF, 0xFF, 0xFA, 0x00, 0x00, 0x01, 0xDF, 0xFF, 0xCB, 0xEF, 0xFF, 0x90,
    0x00, 0x07, 0xFF, 0xE3, 0x00, 0x08, 0xFF, 0xF2, 0x00, 0x0C, 0xFF, 0x60, 0x00, 0x00, 0xCF, 0xF7,
    0x00, 0x0F, 0xFF, 0x20, 0x00, 0x00, 0x8F, 0xF9, 0x00, 0x0F, 0xFF, 0x20, 0x00, 0x00, 0x8F, 0xF9,
    0x00, 0x0C, 0xFF, 0x80, 0x00, 0x00, 0xEF, 0xF7, 0x00, 0x07, 0xFF, 0xF8, 0x21, 0x4C, 0xFF, 0xF2,
    0x00, 0x00, 0xDF, 0xFF, 0xFF, 0xFF, 0xFF, 0xC0, 0x00, 0x00, 0x2C, 0xFF, 0xFF, 0xFF, 0xFF, 0x40,
    0x00, 0x00, 0x00, 0x59, 0xA9, 0xFF, 0xFB, 0x00, 0x00, 0x00, 0x00, 0x00, 0x04, 0xFF, 0xF2, 0x00,
    0x00, 0x00, 0x00, 0x00, 0x0D, 0xFF, 0x90, 0x00, 0x00, 0x00, 0x00, 0x00, 0x8F, 0xFE, 0x10, 0x00,
    0x00, 0x00, 0x00, 0x02, 0xFF, 0xF6, 0x00, 0x00, 0x00, 0x00, 0x00, 0x0B, 0xFF, 0xD0, 0x00, 0x00,
    0x00, 0x00, 0x00, 0x5F, 0xFF, 0x40, 0x00, 0x00, 0x00, 0x00, 0x8C, 0x70, 0x00, 0x06, 0xFF, 0xF4,
    0x00, 0x07, 0xFF, 0xF5, 0x00, 0x01, 0xDF, 0xC0, 0x00, 0x00, 0x01, 0x00, 0x00, 0x00, 0x00, 0x00,
    0x00, 0x00, 0x00, 0x00, 0x00, 0x00, 0x00, 0x00, 0x00, 0x00, 0x00, 0x00, 0x00, 0x00, 0x58, 0x40,
    0x00, 0x04, 0xFF, 0xF2, 0x00, 0x07, 0xFF, 0xF5, 0x00, 0x03, 0xFF, 0xE1, 0x00, 0x00, 0x14, 0x10,
    0x00, 0x00, 0x05, 0x40, 0x00, 0x00, 0xCF, 0xF8, 0x00, 0x01, 0xFF, 0xFC, 0x00, 0x00, 0xDF, 0xF8,
    0x00, 0x00, 0x16, 0x50, 0x00, 0x00, 0x00, 0x00, 0x00, 0x00, 0x00, 0x00, 0x00, 0x00, 0x00, 0x00,
    0x00, 0x00, 0x00, 0x00, 0x00, 0x00, 0x00, 0x00, 0x00, 0x00, 0x57, 0x74, 0x00, 0x00, 0xEF, 0xF5,
    0x00, 0x00, 0xFF, 0xF0, 0x00, 0x02, 0xFF, 0xA0, 0x00, 0x05, 0xFF, 0x50, 0x00, 0x07, 0xFF, 0x00,
    0x00, 0x08, 0xD9, 0x00, 0x00, 0x00, 0x00, 0x00, 0x00, 0x00, 0x00, 0x00, 0x00, 0x00, 0x00, 0x00,
    0x00, 0x00, 0x04, 0xD0, 0x00, 0x00, 0x00, 0x00, 0x00, 0x03, 0xCF, 0xF0, 0x00, 0x00, 0x00, 0x00,
    0x02, 0xBF, 0xFF, 0xF0, 0x00, 0x00, 0x00, 0x01, 0x9F, 0xFF, 0xFC, 0x40, 0x00, 0x00, 0x01, 0x8F,
    0xFF, 0xFD, 0x50, 0x00, 0x00, 0x00, 0x7F, 0xFF, 0xFD, 0x50, 0x00, 0x00, 0x00, 0x04, 0xFF, 0xFD,
    0x50, 0x00, 0x00, 0x00, 0x00, 0x04, 0xFF, 0xFA, 0x20, 0x00, 0x00, 0x00, 0x00, 0x01, 0xBF, 0xFF,
    0xF9, 0x20, 0x00, 0x00, 0x00, 0x00, 0x03, 0xCF, 0xFF, 0xF9, 0x10, 0x00, 0x00, 0x00, 0x00, 0x05,
    0xDF, 0xFF, 0xF9, 0x10, 0x00, 0x00, 0x00, 0x00, 0x06, 0xEF, 0xFF, 0xF0, 0x00, 0x00, 0x00, 0x00,
    0x00, 0x07, 0xEF, 0xF0, 0x00, 0x00, 0x00, 0x00, 0x00, 0x00, 0x18, 0xF0, 0x00, 0x00, 0x00, 0x00,
    0x00, 0x00, 0x00, 0x10, 0x00, 0x00, 0x00, 0x00, 0x00, 0x00, 0x00, 0x00, 0x00, 0x00, 0x00, 0x00,
    0x00, 0x00, 0x00, 0x00, 0x00, 0x05, 0xFF, 0xFF, 0xFF, 0xFF, 0xFF, 0xF1, 0x00, 0x05, 0xFF, 0xFF,
    0xFF, 0xFF, 0xFF, 0xF1, 0x00, 0x03, 0xBB, 0xBB, 0xBB, 0xBB, 0xBB, 0xB0, 0x00, 0x00, 0x00, 0x00,
    0x00, 0x00, 0x00, 0x00, 0x00, 0x00, 0x00, 0x00, 0x00, 0x00, 0x00, 0x00, 0x00, 0x02, 0x77, 0x77,
    0x77, 0x77, 0x77, 0x70, 0x00, 0x05, 0xFF, 0xFF, 0xFF, 0xFF, 0xFF, 0xF1, 0x00, 0x05, 0xFF, 0xFF,
    0xFF, 0xFF, 0xFF, 0xF1, 0x00, 0x01, 0x44, 0x44, 0x44, 0x44, 0x44, 0x40, 0x00, 0x00, 0x00, 0x00,
    0x00, 0x00, 0x00, 0x00, 0x00, 0x00, 0x00, 0x00, 0x00, 0x00, 0x00, 0x00, 0x00, 0x00, 0x00, 0x00,
    0x00, 0x00, 0x00, 0x00, 0x00, 0x00, 0x00, 0x00, 0x00, 0x00, 0x00, 0x00, 0x00, 0x00, 0x00, 0x00,
    0x00, 0x00, 0x00, 0x00, 0x00, 0x04, 0xB2, 0x00, 0x00, 0x00, 0x00, 0x00, 0x00, 0x04, 0xFF, 0xA1,
    0x00, 0x00, 0x00, 0x00, 0x00, 0x04, 0xFF, 0xFF, 0x81, 0x00, 0x00, 0x00, 0x00, 0x00, 0x6E, 0xFF,
    0xFF, 0x70, 0x00, 0x00, 0x00, 0x00, 0x00, 0x7E, 0xFF, 0xFE, 0x60, 0x00, 0x00, 0x00, 0x00, 0x00,
    0x7E, 0xFF, 0xFD, 0x50, 0x00, 0x00, 0x00, 0x00, 0x00, 0x7E, 0xFF, 0xF0, 0x00, 0x00, 0x00, 0x00,
    0x00, 0x3C, 0xFF, 0xF0, 0x00, 0x00, 0x00, 0x00, 0x3B, 0xFF, 0xFF, 0x90, 0x00, 0x00, 0x00, 0x3B,
    0xFF, 0xFF, 0xA2, 0x00, 0x00, 0x00, 0x3B, 0xFF, 0xFF, 0xB3, 0x00, 0x00, 0x00, 0x04, 0xFF, 0xFF,
    0xC4, 0x00, 0x00, 0x00, 0x00, 0x04, 0xFF, 0xD5, 0x00, 0x00, 0x00, 0x00, 0x00, 0x04, 0xE6, 0x00,
    0x00, 0x00, 0x00, 0x00, 0x00, 0x01, 0x00, 0x00, 0x00, 0x00, 0x00, 0x00, 0x00, 0x00, 0x00, 0x00,
    0x00, 0x00, 0x00, 0x00, 0x00, 0x00, 0x00, 0x00, 0x00, 0x00, 0x00, 0x00, 0x17, 0xDF, 0xFF, 0xA2,
    0x00, 0x02, 0xEF, 0xFF, 0xFF, 0xFF, 0x40, 0x0E, 0xFF, 0xFC, 0xCF, 0xFF, 0xE0, 0x5F, 0xFD, 0x20,
    0x03, 0xFF, 0xF4, 0x05, 0xE1, 0x00, 0x00, 0xBF, 0xF5, 0x00, 0x00, 0x00, 0x00, 0xEF, 0xF3, 0x00,
    0x00, 0x00, 0x0B, 0xFF, 0xC0, 0x00, 0x00, 0x00, 0xBF, 0xFE, 0x20, 0x00, 0x00, 0x0A, 0xFF, 0xC1,
    0x00, 0x00, 0x00, 0x2F, 0xFD, 0x10, 0x00, 0x00, 0x00, 0x5F, 0xF7, 0x00, 0x00, 0x00, 0x00, 0x4F,
    0xF6, 0x00, 0x00, 0x00, 0x00, 0x16, 0x62, 0x00, 0x00, 0x00, 0x00, 0x00, 0x00, 0x00, 0x00, 0x00,
    0x00, 0x07, 0x71, 0x00, 0x00, 0x00, 0x00, 0xAF, 0xFC, 0x00, 0x00, 0x00, 0x00, 0xDF, 0xFF, 0x00,
    0x00, 0x00, 0x00, 0x8F, 0xFA, 0x00, 0x00, 0x00, 0x00, 0x03, 0x30, 0x00, 0x00, 0x00, 0x00, 0x00,
    0x00, 0x00, 0x00, 0x00, 0x00, 0x00, 0x00, 0x00, 0x00, 0x00, 0x6B, 0xEF, 0xFF, 0xD9, 0x30, 0x00,
    0x00, 0x00, 0x00, 0x4E, 0xFF, 0xFF, 0xFF, 0xFF, 0xF9, 0x00, 0x00, 0x00, 0x08, 0xFF, 0xE7, 0x20,
    0x01, 0x5B, 0xFF, 0xD1, 0x00, 0x00, 0x5F, 0xFA, 0x00, 0x00, 0x00, 0x00, 0x4E, 0xFB, 0x00, 0x01,
    0xFF, 0xA0, 0x01, 0x68, 0x60, 0x13, 0x24, 0xFF, 0x60, 0x08, 0xFE, 0x00, 0x4F, 0xFF, 0xFD, 0x8F,
    0xA0, 0xAF, 0xC0, 0x0E, 0xF8, 0x01, 0xFF, 0xFD, 0xDF, 0xFF, 0xA0, 0x3F, 0xF1, 0x1F, 0xF3, 0x07,
    0xFF, 0x70, 0x06, 0xFF, 0xA0, 0x0F, 0xF3, 0x3F, 0xF1, 0x0A, 0xFF, 0x00, 0x00, 0xDF, 0xA0, 0x0F,
    0xF3, 0x3F, 0xF0, 0x0B, 0xFE, 0x00, 0x00, 0xDF, 0xA0, 0x0F, 0xF2, 0x2F, 0xF2, 0x08, 0xFF, 0x50,
    0x04, 0xFF, 0xB0, 0x5F, 0xE0, 0x0F, 0xF5, 0x02, 0xFF, 0xFB, 0xBF, 0xDF, 0xF9, 0xEF, 0x80, 0x0B,
    0xFB, 0x00, 0x5F, 0xFF, 0xFE, 0x2A, 0xFF, 0xFC, 0x00, 0x04, 0xFF, 0x50, 0x02, 0x89, 0x71, 0x00,
    0x68, 0x50, 0x00, 0x00, 0xAF, 0xF4, 0x00, 0x00, 0x00, 0x00, 0x00, 0x00, 0x00, 0x00, 0x0C, 0xFF,
    0xA3, 0x00, 0x00, 0x15, 0xC0, 0x00, 0x00, 0x00, 0x00, 0x9F, 0xFF, 0xED, 0xCD, 0xFF, 0xF7, 0x00,
    0x00, 0x00, 0x00, 0x04, 0xBF, 0xFF, 0xFF, 0xFD, 0x70, 0x00, 0x00, 0x00, 0x00, 0x00, 0x00, 0x34,
    0x43, 0x10, 0x00, 0x00, 0x00, 0x00, 0x00, 0x00, 0x3C, 0xCB, 0x10, 0x00, 0x00, 0x00, 0x00, 0x00,
    0x00, 0xAF, 0xFF, 0x60, 0x00, 0x00, 0x00, 0x00, 0x00, 0x01, 0xFF, 0xFF, 0xC0, 0x00, 0x00, 0x00,
    0x00, 0x00, 0x06, 0xFF, 0xFF, 0xF2, 0x00, 0x00, 0x00, 0x00, 0x00, 0x0C, 0xFF, 0xCF, 0xF8, 0x00,
    0x00, 0x00, 0x00, 0x00, 0x2F, 0xFE, 0x2F, 0xFE, 0x00, 0x00, 0x00, 0x00, 0x00, 0x8F, 0xF8, 0x0C,
    0xFF, 0x40, 0x00, 0x00, 0x00, 0x00, 0xEF, 0xF2, 0x06, 0xFF, 0xA0, 0x00, 0x00, 0x00, 0x04, 0xFF,
    0xD0, 0x01, 0xFF, 0xF1, 0x00, 0x00, 0x00, 0x0A, 0xFF, 0x70, 0x00, 0xBF, 0xF6, 0x00, 0x00, 0x00,
    0x0F, 0xFF, 0xFE, 0xEE, 0xFF, 0xFC, 0x00, 0x00, 0x00, 0x6F, 0xFF, 0xFF, 0xFF, 0xFF, 0xFF, 0x20,
    0x00, 0x00, 0xCF, 0xFF, 0xFF, 0xFF, 0xFF, 0xFF, 0x80, 0x00, 0x02, 0xFF, 0xF0, 0x00, 0x00, 0x04,
    0xFF, 0xE0, 0x00, 0x08, 0xFF, 0xA0, 0x00, 0x00, 0x00, 0xEF, 0xF4, 0x00, 0x0E, 0xFF, 0x40, 0x00,
    0x00, 0x00, 0x8F, 0xFA, 0x00, 0x4F, 0xFE, 0x00, 0x00, 0x00, 0x00, 0x2F, 0xFF, 0x10, 0xAF, 0xF9,
    0x00, 0x00, 0x00, 0x00, 0x0D, 0xFF, 0x60, 0x03, 0xCC, 0xCC, 0xCC, 0xBB, 0x94, 0x00, 0x00, 0x04,
    0xFF, 0xFF, 0xFF, 0xFF, 0xFF, 0xC1, 0x00, 0x04, 0xFF, 0xFF, 0xFF, 0xFF, 0xFF, 0xFB, 0x00, 0x04,
    0xFF, 0xB0, 0x00, 0x13, 0xAF, 0xFF, 0x20, 0x04, 0xFF, 0xB0, 0x00, 0x00, 0x0E, 0xFF, 0x40, 0x04,
    0xFF, 0xB0, 0x00, 0x00, 0x0D, 0xFF, 0x40, 0x04, 0xFF, 0xB0, 0x00, 0x00, 0x4F, 0xFF, 0x10, 0x04,
    0xFF, 0xF9, 0x99, 0x9B, 0xFF, 0xF6, 0x00, 0x04, 0xFF, 0xFF, 0xFF, 0xFF, 0xFF, 0x50, 0x00, 0x04,
    0xFF, 0xFF, 0xFF, 0xFF, 0xFF, 0xF9, 0x00, 0x04, 0xFF, 0xE3, 0x33, 0x35, 0x8F, 0xFF, 0x80, 0x04,
    0xFF, 0xB0, 0x00, 0x00, 0x04, 0xFF, 0xF0, 0x04, 0xFF, 0xB0, 0x00, 0x00, 0x00, 0xFF, 0xF2, 0x04,
    0xFF, 0xB0, 0x00, 0x00, 0x01, 0xFF, 0xF2, 0x04, 0xFF, 0xB0, 0x00, 0x00, 0x2C, 0xFF, 0xF0, 0x04,
    0xFF, 0xFC, 0xCC, 0xCE, 0xFF, 0xFF, 0x80, 0x04, 0xFF, 0xFF, 0xFF, 0xFF, 0xFF, 0xFB, 0x00, 0x04,
    0xFF, 0xFF, 0xFF, 0xFF, 0xEB, 0x50, 0x00, 0x00, 0x00, 0x00, 0x00, 0x00, 0x00, 0x00, 0x00, 0x00,
    0x00, 0x00, 0x03, 0x9D, 0xFF, 0xFC, 0x71, 0x00, 0x00, 0x00, 0x00, 0x8F, 0xFF, 0xFF, 0xFF, 0xFE,
    0x30, 0x00, 0x00, 0x0A, 0xFF, 0xFF, 0xED, 0xEF, 0xFF, 0xF3, 0x00, 0x00, 0x6F, 0xFF, 0xB2, 0x00,
    0x04, 0xEF, 0xFB, 0x00, 0x01, 0xFF, 0xF9, 0x00, 0x00, 0x00, 0x1D, 0x80, 0x00, 0x06, 0xFF, 0xE0,
    0x00, 0x00, 0x00, 0x00, 0x00, 0x00, 0x0A, 0xFF, 0x90, 0x00, 0x00, 0x00, 0x00, 0x00, 0x00, 0x0D,
    0xFF, 0x50, 0x00, 0x00, 0x00, 0x00, 0x00, 0x00, 0x0E, 0xFF, 0x30, 0x00, 0x00, 0x00, 0x00, 0x00,
    0x00, 0x0E, 0xFF, 0x30, 0x00, 0x00, 0x00, 0x00, 0x00, 0x00, 0x0D, 0xFF, 0x50, 0x00, 0x00, 0x00,
    0x00, 0x00, 0x00, 0x0B, 0xFF, 0x80, 0x00, 0x00, 0x00, 0x00, 0x00, 0x00, 0x07, 0xFF, 0xD0, 0x00,
    0x00, 0x00, 0x00, 0x00, 0x00, 0x01, 0xFF, 0xF7, 0x00, 0x00, 0x00, 0x0A, 0x40, 0x00, 0x00, 0x8F,
    0xFF, 0x70, 0x00, 0x01, 0xBF, 0xF8, 0x00, 0x00, 0x0C, 0xFF, 0xFE, 0xA9, 0xBF, 0xFF, 0xF6, 0x00,
    0x00, 0x00, 0xBF, 0xFF, 0xFF, 0xFF, 0xFF, 0x70, 0x00, 0x00, 0x00, 0x06, 0xDF, 0xFF, 0xFF, 0xB3,
    0x00, 0x00, 0x00, 0x00, 0x00, 0x01, 0x44, 0x31, 0x00, 0x00, 0x00, 0x03, 0xCC, 0xCC, 0xCC, 0xBA,
    0x84, 0x00, 0x00, 0x00, 0x04, 0xFF, 0xFF, 0xFF, 0xFF, 0xFF, 0xD3, 0x00, 0x00, 0x04, 0xFF, 0xFF,
    0xFF, 0xFF, 0xFF, 0xFF, 0x60, 0x00, 0x04, 0xFF, 0xC1, 0x11, 0x23, 0x8E, 0xFF, 0xF3, 0x00, 0x04,
    0xFF, 0xB0, 0x00, 0x00, 0x01, 0xDF, 0xFD, 0x00, 0x04, 0xFF, 0xB0, 0x00, 0x00, 0x00, 0x2F, 0xFF,
    0x30, 0x04, 0xFF, 0xB0, 0x00, 0x00, 0x00, 0x0B, 0xFF, 0x80, 0x04, 0xFF, 0xB0, 0x00, 0x00, 0x00,
    0x07, 0xFF, 0xB0, 0x04, 0xFF, 0xB0, 0x00, 0x00, 0x00, 0x05, 0xFF, 0xC0, 0x04, 0xFF, 0xB0, 0x00,
    0x00, 0x00, 0x05, 0xFF, 0xD0, 0x04, 0xFF, 0xB0, 0x00, 0x00, 0x00, 0x06, 0xFF, 0xC0, 0x04, 0xFF,
    0xB0, 0x00, 0x00, 0x00, 0x0A, 0xFF, 0x90, 0x04, 0xFF, 0xB0, 0x00, 0x00, 0x00, 0x1F, 0xFF, 0x50,
    0x04, 0xFF, 0xB0, 0x00, 0x00, 0x00, 0xBF, 0xFE, 0x00, 0x04, 0xFF, 0xB0, 0x00, 0x00, 0x5D, 0xFF,
    0xF5, 0x00, 0x04, 0xFF, 0xFD, 0xDD, 0xEF, 0xFF, 0xFF, 0x90, 0x00, 0x04, 0xFF, 0xFF, 0xFF, 0xFF,
    0xFF, 0xF6, 0x00, 0x00, 0x04, 0xFF, 0xFF, 0xFF, 0xFE, 0xB7, 0x10, 0x00, 0x00, 0x03, 0xCC, 0xCC,
    0xCC, 0xCC, 0xCC, 0xC2, 0x04, 0xFF, 0xFF, 0xFF, 0xFF, 0xFF, 0xF3, 0x04, 0xFF, 0xFF, 0xFF, 0xFF,
    0xFF, 0xF3, 0x04, 0xFF, 0xB0, 0x00, 0x00, 0x00, 0x00, 0x04, 0xFF, 0xB0, 0x00, 0x00, 0x00, 0x00,
    0x04, 0xFF, 0xB0, 0x00, 0x00, 0x00, 0x00, 0x04, 0xFF, 0xB0, 0x00, 0x00, 0x00, 0x00, 0x04, 0xFF,
    0xD8, 0x88, 0x88, 0x88, 0x50, 0x04, 0xFF, 0xFF, 0xFF, 0xFF, 0xFF, 0xB0, 0x04, 0xFF, 0xFF, 0xFF,
    0xFF, 0xFF, 0xB0, 0x04, 0xFF, 0xC4, 0x44, 0x44, 0x44, 0x30, 0x04, 0xFF, 0xB0, 0x00, 0x00, 0x00,
    0x00, 0x04, 0xFF, 0xB0, 0x00, 0x00, 0x00, 0x00, 0x04, 0xFF, 0xB0, 0x00, 0x00, 0x00, 0x00, 0x04,
    0xFF, 0xB0, 0x00, 0x00, 0x00, 0x00, 0x04, 0xFF, 0xFC, 0xCC, 0xCC, 0xCC, 0xC6, 0x04, 0xFF, 0xFF,
    0xFF, 0xFF, 0xFF, 0xF7, 0x04, 0xFF, 0xFF, 0xFF, 0xFF, 0xFF, 0xF7, 0x03, 0xCC, 0xCC, 0xCC, 0xCC,
    0xCC, 0xB0, 0x04, 0xFF, 0xFF, 0xFF, 0xFF, 0xFF, 0xF0, 0x04, 0xFF, 0xFF, 0xFF, 0xFF, 0xFF, 0xF0,
    0x04, 0xFF, 0xC1, 0x11, 0x11, 0x11, 0x10, 0x04, 0xFF, 0xB0, 0x00, 0x00, 0x00, 0x00, 0x04, 0xFF,
    0xB0, 0x00, 0x00, 0x00, 0x00, 0x04, 0xFF, 0xB0, 0x00, 0x00, 0x00, 0x00, 0x04, 0xFF, 0xC1, 0x11,
    0x11, 0x11, 0x00, 0x04, 0xFF, 0xFF, 0xFF, 0xFF, 0xFF, 0x60, 0x04, 0xFF, 0xFF, 0xFF, 0xFF, 0xFF,
    0x60, 0x04, 0xFF, 0xFC, 0xCC, 0xCC, 0xCC, 0x50, 0x04, 0xFF, 0xB0, 0x00, 0x00, 0x00, 0x00, 0x04,
    0xFF, 0xB0, 0x00, 0x00, 0x00, 0x00, 0x04, 0xFF, 0xB0, 0x00, 0x00, 0x00, 0x00, 0x04, 0xFF, 0xB0,
    0x00, 0x00, 0x00, 0x00, 0x04, 0xFF, 0xB0, 0x00, 0x00, 0x00, 0x00, 0x04, 0xFF, 0xB0, 0x00, 0x00,
    0x00, 0x00, 0x04, 0xFF, 0xB0, 0x00, 0x00, 0x00, 0x00, 0x00, 0x00, 0x00, 0x00, 0x00, 0x00, 0x00,
    0x00, 0x00, 0x00, 0x00, 0x03, 0x9D, 0xFF, 0xFD, 0x71, 0x00, 0x00, 0x00, 0x00, 0x8F, 0xFF, 0xFF,
    0xFF, 0xFE, 0x40, 0x00, 0x00, 0x0B, 0xFF, 0xFF, 0xED, 0xEF, 0xFF, 0xF4, 0x00, 0x00, 0x6F, 0xFF,
    0xB2, 0x00, 0x04, 0xEF, 0xF8, 0x00, 0x01, 0xFF, 0xFA, 0x00, 0x00, 0x00, 0x1C, 0x40, 0x00, 0x06,
    0xFF, 0xE0, 0x00, 0x00, 0x00, 0x00, 0x00, 0x00, 0x0A, 0xFF, 0x90, 0x00, 0x00, 0x00, 0x00, 0x00,
    0x00, 0x0D, 0xFF, 0x50, 0x00, 0x00, 0x00, 0x00, 0x00, 0x00, 0x0E, 0xFF, 0x30, 0x00, 0x08, 0xFF,
    0xFF, 0xFF, 0x20, 0x0E, 0xFF, 0x30, 0x00, 0x08, 0xFF, 0xFF, 0xFF, 0x20, 0x0E, 0xFF, 0x40, 0x00,
    0x07, 0xDD, 0xDF, 0xFF, 0x20, 0x0B, 0xFF, 0x70, 0x00, 0x00, 0x00, 0x0C, 0xFF, 0x20, 0x08, 0xFF,
    0xC0, 0x00, 0x00, 0x00, 0x0C, 0xFF, 0x20, 0x02, 0xFF, 0xF5, 0x00, 0x00, 0x00, 0x0C, 0xFF, 0x20,
    0x00, 0x9F, 0xFF, 0x60, 0x00, 0x00, 0x8F, 0xFF, 0x20, 0x00, 0x0E, 0xFF, 0xFE, 0xA8, 0xAE, 0xFF,
    0xFC, 0x00, 0x00, 0x01, 0xCF, 0xFF, 0xFF, 0xFF, 0xFF, 0xB0, 0x00, 0x00, 0x00, 0x07, 0xEF, 0xFF,
    0xFF, 0xC5, 0x00, 0x00, 0x00, 0x00, 0x00, 0x02, 0x44, 0x31, 0x00, 0x00, 0x00, 0x03, 0xCC, 0x80,
    0x00, 0x00, 0x00, 0x0B, 0xCC, 0x10, 0x04, 0xFF, 0xB0, 0x00, 0x00, 0x00, 0x0F, 0xFF, 0x10, 0x04,
    0xFF, 0xB0, 0x00, 0x00, 0x00, 0x0F, 0xFF, 0x10, 0x04, 0xFF, 0xB0, 0x00, 0x00, 0x00, 0x0F, 0xFF,
    0x10, 0x04, 0xFF, 0xB0, 0x00, 0x00, 0x00, 0x0F, 0xFF, 0x10, 0x04, 0xFF, 0xB0, 0x00, 0x00, 0x00,
    0x0F, 0xFF, 0x10, 0x04, 0xFF, 0xB0, 0x00, 0x00, 0x00, 0x0F, 0xFF, 0x10, 0x04, 0xFF, 0xFB, 0xBB,
    0xBB, 0xBB, 0xBF, 0xFF, 0x10, 0x04, 0xFF, 0xFF, 0xFF, 0xFF, 0xFF, 0xFF, 0xFF, 0x10, 0x04, 0xFF,
    0xFF, 0xFF, 0xFF, 0xFF, 0xFF, 0xFF, 0x10, 0x04, 0xFF, 0xE2, 0x22, 0x22, 0x22, 0x2F, 0xFF, 0x10,
    0x04, 0xFF, 0xB0, 0x00, 0x00, 0x00, 0x0F, 0xFF, 0x10, 0x04, 0xFF, 0xB0, 0x00, 0x00, 0x00, 0x0F,
    0xFF, 0x10, 0x04, 0xFF, 0xB0, 0x00, 0x00, 0x00, 0x0F, 0xFF, 0x10, 0x04, 0xFF, 0xB0, 0x00, 0x00,
    0x00, 0x0F, 0xFF, 0x10, 0x04, 0xFF, 0xB0, 0x00, 0x00, 0x00, 0x0F, 0xFF, 0x10, 0x04, 0xFF, 0xB0,
    0x00, 0x00, 0x00, 0x0F, 0xFF, 0x10, 0x04, 0xFF, 0xB0, 0x00, 0x00, 0x00, 0x0F, 0xFF, 0x10, 0x03,
    0xCC, 0x80, 0x04, 0xFF, 0xB0, 0x04, 0xFF, 0xB0, 0x04, 0xFF, 0xB0, 0x04, 0xFF, 0xB0, 0x04, 0xFF,
    0xB0, 0x04, 0xFF, 0xB0, 0x04, 0xFF, 0xB0, 0x04, 0xFF, 0xB0, 0x04, 0xFF, 0xB0, 0x04, 0xFF, 0xB0,
    0x04, 0xFF, 0xB0, 0x04, 0xFF, 0xB0, 0x04, 0xFF, 0xB0, 0x04, 0xFF, 0xB0, 0x04, 0xFF, 0xB0, 0x04,
    0xFF, 0xB0, 0x04, 0xFF, 0xB0, 0x00, 0x00, 0x00, 0x06, 0xCC, 0x50, 0x00, 0x00, 0x00, 0x09, 0xFF,
    0x70, 0x00, 0x00, 0x00, 0x09, 0xFF, 0x70, 0x00, 0x00, 0x00, 0x09, 0xFF, 0x70, 0x00, 0x00, 0x00,
    0x09, 0xFF, 0x70, 0x00, 0x00, 0x00, 0x09, 0xFF, 0x70, 0x00, 0x00, 0x00, 0x09, 0xFF, 0x70, 0x00,
    0x00, 0x00, 0x09, 0xFF, 0x70, 0x00, 0x00, 0x00, 0x09, 0xFF, 0x70, 0x00, 0x00, 0x00, 0x09, 0xFF,
    0x70, 0x00, 0x00, 0x00, 0x09, 0xFF, 0x70, 0x00, 0x00, 0x00, 0x09, 0xFF, 0x70, 0x00, 0x00, 0x00,
    0x09, 0xFF, 0x70, 0x00, 0x60, 0x00, 0x0A, 0xFF, 0x60, 0x3D, 0xF5, 0x00, 0x1E, 0xFF, 0x50, 0x8F,
    0xFF, 0xB9, 0xEF, 0xFF, 0x10, 0x1D, 0xFF, 0xFF, 0xFF, 0xF7, 0x00, 0x01, 0xAF, 0xFF, 0xFE, 0x60,
    0x00, 0x00, 0x01, 0x34, 0x30, 0x00, 0x00, 0x03, 0xCC, 0x80, 0x00, 0x00, 0x03, 0xBC, 0xC6, 0x00,
    0x04, 0xFF, 0xB0, 0x00, 0x00, 0x2E, 0xFF, 0xA0, 0x00, 0x04, 0xFF, 0xB0, 0x00, 0x01, 0xEF, 0xFB,
    0x00, 0x00, 0x04, 0xFF, 0xB0, 0x00, 0x1D, 0xFF, 0xC0, 0x00, 0x00, 0x04, 0xFF, 0xB0, 0x00, 0xCF,
    0xFC, 0x00, 0x00, 0x00, 0x04, 0xFF, 0xB0, 0x0B, 0xFF, 0xD1, 0x00, 0x00, 0x00, 0x04, 0xFF, 0xB0,
    0xAF, 0xFD, 0x10, 0x00, 0x00, 0x00, 0x04, 0xFF, 0xB9, 0xFF, 0xF6, 0x00, 0x00, 0x00, 0x00, 0x04,
    0xFF, 0xFF, 0xFF, 0xFE, 0x00, 0x00, 0x00, 0x00, 0x04, 0xFF, 0xFF, 0xFF, 0xFF, 0x90, 0x00, 0x00,
    0x00, 0x04, 0xFF, 0xFF, 0x37, 0xFF, 0xF4, 0x00, 0x00, 0x00, 0x04, 0xFF, 0xF3, 0x00, 0xCF, 0xFE,
    0x10, 0x00, 0x00, 0x04, 0xFF, 0xF0, 0x00, 0x2F, 0xFF, 0xA0, 0x00, 0x00, 0x04, 0xFF, 0xB0, 0x00,
    0x07, 0xFF, 0xF5, 0x00, 0x00, 0x04, 0xFF, 0xB0, 0x00, 0x00, 0xCF, 0xFE, 0x10, 0x00, 0x04, 0xFF,
    0xB0, 0x00, 0x00, 0x2F, 0xFF, 0xA0, 0x00, 0x04, 0xFF, 0xB0, 0x00, 0x00, 0x07, 0xFF, 0xF5, 0x00,
    0x04, 0xFF, 0xB0, 0x00, 0x00, 0x00, 0xCF, 0xFE, 0x10, 0x03, 0xCC, 0x80, 0x00, 0x00, 0x00, 0x00,
    0x04, 0xFF, 0xB0, 0x00, 0x00, 0x00, 0x00, 0x04, 0xFF, 0xB0, 0x00, 0x00, 0x00, 0x00, 0x04, 0xFF,
    0xB0, 0x00, 0x00, 0x00, 0x00, 0x04, 0xFF, 0xB0, 0x00, 0x00, 0x00, 0x00, 0x04, 0xFF, 0xB0, 0x00,
    0x00, 0x00, 0x00, 0x04, 0xFF, 0xB0, 0x00, 0x00, 0x00, 0x00, 0x04, 0xFF, 0xB0, 0x00, 0x00, 0x00,
    0x00, 0x04, 0xFF, 0xB0, 0x00, 0x00, 0x00, 0x00, 0x04, 0xFF, 0xB0, 0x00, 0x00, 0x00, 0x00, 0x04,
    0xFF, 0xB0, 0x00, 0x00, 0x00, 0x00, 0x04, 0xFF, 0xB0, 0x00, 0x00, 0x00, 0x00, 0x04, 0xFF, 0xB0,
    0x00, 0x00, 0x00, 0x00, 0x04, 0xFF, 0xB0, 0x00, 0x00, 0x00, 0x00, 0x04, 0xFF, 0xB0, 0x00, 0x00,
    0x00, 0x00, 0x04, 0xFF, 0xFC, 0xCC, 0xCC, 0xCC, 0xC4, 0x04, 0xFF, 0xFF, 0xFF, 0xFF, 0xFF, 0xF6,
    0x04, 0xFF, 0xFF, 0xFF, 0xFF, 0xFF, 0xF6, 0x03, 0xCC, 0x90, 0x00, 0x00, 0x00, 0x00, 0x00, 0x3C,
    0xC9, 0x00, 0x04, 0xFF, 0xF5, 0x00, 0x00, 0x00, 0x00, 0x00, 0xDF, 0xFC, 0x00, 0x04, 0xFF, 0xFE,
    0x00, 0x00, 0x00, 0x00, 0x08, 0xFF, 0xFC, 0x00, 0x04, 0xFF, 0xFF, 0x90, 0x00, 0x00, 0x00, 0x2F,
    0xFF, 0xFC, 0x00, 0x04, 0xFF, 0xFF, 0xF3, 0x00, 0x00, 0x00, 0xBF, 0xFF, 0xFC, 0x00, 0x04, 0xFF,
    0xFF, 0xFD, 0x00, 0x00, 0x06, 0xFF, 0xFF, 0xFC, 0x00, 0x04, 0xFF, 0xBC, 0xFF, 0x70, 0x00, 0x1E,
    0xFF, 0x7F, 0xFC, 0x00, 0x04, 0xFF, 0xA3, 0xFF, 0xF1, 0x00, 0xAF, 0xF9, 0x3F, 0xFC, 0x00, 0x04,
    0xFF, 0xA0, 0x9F, 0xFB, 0x04, 0xFF, 0xE1, 0x3F, 0xFC, 0x00, 0x04, 0xFF, 0xA0, 0x0E, 0xFF, 0x5D,
    0xFF, 0x50, 0x3F, 0xFC, 0x00, 0x04, 0xFF, 0xA0, 0x04, 0xFF, 0xFF, 0xFB, 0x00, 0x3F, 0xFC, 0x00,
    0x04, 0xFF, 0xA0, 0x00, 0xAF, 0xFF, 0xF2, 0x00, 0x3F, 0xFC, 0x00, 0x04, 0xFF, 0xA0, 0x00, 0x1F,
    0xFF, 0x70, 0x00, 0x3F, 0xFC, 0x00, 0x04, 0xFF, 0xA0, 0x00, 0x05, 0xA9, 0x00, 0x00, 0x3F, 0xFC,
    0x00, 0x04, 0xFF, 0xA0, 0x00, 0x00, 0x00, 0x00, 0x00, 0x3F, 0xFC, 0x00, 0x04, 0xFF, 0xA0, 0x00,
    0x00, 0x00, 0x00, 0x00, 0x3F, 0xFC, 0x00, 0x04, 0xFF, 0xA0, 0x00, 0x00, 0x00, 0x00, 0x00, 0x3F,
    0xFC, 0x00, 0x04, 0xFF, 0xA0, 0x00, 0x00, 0x00, 0x00, 0x00, 0x3F, 0xFC, 0x00, 0x03, 0xCC, 0x90,
    0x00, 0x00, 0x00, 0x0B, 0xCC, 0x00, 0x04, 0xFF, 0xF5, 0x00, 0x00, 0x00, 0x0E, 0xFF, 0x00, 0x04,
    0xFF, 0xFE, 0x10, 0x00, 0x00, 0x0E, 0xFF, 0x00, 0x04, 0xFF, 0xFF, 0xB0, 0x00, 0x00, 0x0E, 0xFF,
    0x00, 0x04, 0xFF, 0xFF, 0xF6, 0x00, 0x00, 0x0E, 0xFF, 0x00, 0x04, 0xFF, 0xEF, 0xFF, 0x20, 0x00,
    0x0E, 0xFF, 0x00, 0x04, 0xFF, 0xAA, 0xFF, 0xC0, 0x00, 0x0E, 0xFF, 0x00, 0x04, 0xFF, 0xA1, 0xEF,
    0xF7, 0x00, 0x0E, 0xFF, 0x00, 0x04, 0xFF, 0xA0, 0x4F, 0xFF, 0x30, 0x0E, 0xFF, 0x00, 0x04, 0xFF,
    0xA0, 0x09, 0xFF, 0xD0, 0x0E, 0xFF, 0x00, 0x04, 0xFF, 0xA0, 0x00, 0xDF, 0xF9, 0x0E, 0xFF, 0x00,
    0x04, 0xFF, 0xA0, 0x00, 0x3F, 0xFF, 0x4E, 0xFF, 0x00, 0x04, 0xFF, 0xA0, 0x00, 0x07, 0xFF, 0xEF,
    0xFF, 0x00, 0x04, 0xFF, 0xA0, 0x00, 0x00, 0xCF, 0xFF, 0xFF, 0x00, 0x04, 0xFF, 0xA0, 0x00, 0x00,
    0x2F, 0xFF, 0xFF, 0x00, 0x04, 0xFF, 0xA0, 0x00, 0x00, 0x06, 0xFF, 0xFF, 0x00, 0x04, 0xFF, 0xA0,
    0x00, 0x00, 0x00, 0xBF, 0xFF, 0x00, 0x04, 0xFF, 0xA0, 0x00, 0x00, 0x00, 0x1E, 0xFF, 0x00, 0x00,
    0x00, 0x00, 0x00, 0x00, 0x00, 0x00, 0x00, 0x00, 0x00, 0x00, 0x00, 0x04, 0xAE, 0xFF, 0xFC, 0x71,
    0x00, 0x00, 0x00, 0x00, 0x00, 0xAF, 0xFF, 0xFF, 0xFF, 0xFE, 0x40, 0x00, 0x00, 0x00, 0x0C, 0xFF,
    0xFF, 0xED, 0xFF, 0xFF, 0xF5, 0x00, 0x00, 0x00, 0x7F, 0xFF, 0x91, 0x00, 0x05, 0xEF, 0xFE, 0x10,
    0x00, 0x01, 0xFF, 0xF8, 0x00, 0x00, 0x00, 0x1E, 0xFF, 0x90, 0x00, 0x06, 0xFF, 0xE0, 0x00, 0x00,
    0x00, 0x06, 0xFF, 0xE0, 0x00, 0x0A, 0xFF, 0x80, 0x00, 0x00, 0x00, 0x00, 0xFF, 0xF3, 0x00, 0x0C,
    0xFF, 0x50, 0x00, 0x00, 0x00, 0x00, 0xCF, 0xF5, 0x00, 0x0E, 0xFF, 0x30, 0x00, 0x00, 0x00, 0x00,
    0xAF, 0xF6, 0x00, 0x0E, 0xFF, 0x30, 0x00, 0x00, 0x00, 0x00, 0xAF, 0xF7, 0x00, 0x0D, 0xFF, 0x40,
    0x00, 0x00, 0x00, 0x00, 0xBF, 0xF5, 0x00, 0x0B, 0xFF, 0x70, 0x00, 0x00, 0x00, 0x00, 0xEF, 0xF4,
    0x00, 0x07, 0xFF, 0xC0, 0x00, 0x00, 0x00, 0x04, 0xFF, 0xF0, 0x00, 0x02, 0xFF, 0xF5, 0x00, 0x00,
    0x00, 0x0D, 0xFF, 0xA0, 0x00, 0x00, 0xAF, 0xFF, 0x50, 0x00, 0x01, 0xBF, 0xFF, 0x30, 0x00, 0x00,
    0x1E, 0xFF, 0xFD, 0xA9, 0xBF, 0xFF, 0xF8, 0x00, 0x00, 0x00, 0x02, 0xDF, 0xFF, 0xFF, 0xFF, 0xFF,
    0x80, 0x00, 0x00, 0x00, 0x00, 0x08, 0xEF, 0xFF, 0xFF, 0xC4, 0x00, 0x00, 0x00, 0x00, 0x00, 0x00,
    0x02, 0x44, 0x31, 0x00, 0x00, 0x00, 0x00, 0x03, 0xCC, 0xCC, 0xCC, 0xBA, 0x72, 0x00, 0x00, 0x04,
    0xFF, 0xFF, 0xFF, 0xFF, 0xFF, 0x90, 0x00, 0x04, 0xFF, 0xFF, 0xFF, 0xFF, 0xFF, 0xFA, 0x00, 0x04,
    0xFF, 0xB0, 0x00, 0x14, 0xCF, 0xFF, 0x30, 0x04, 0xFF, 0xB0, 0x00, 0x00, 0x0D, 0xFF, 0x80, 0x04,
    0xFF, 0xB0, 0x00, 0x00, 0x08, 0xFF, 0xA0, 0x04, 0xFF, 0xB0, 0x00, 0x00, 0x07, 0xFF, 0xA0, 0x04,
    0xFF, 0xB0, 0x00, 0x00, 0x0C, 0xFF, 0x80, 0x04, 0xFF, 0xB0, 0x00, 0x03, 0xBF, 0xFF, 0x40, 0x04,
    0xFF, 0xFF, 0xFF, 0xFF, 0xFF, 0xFB, 0x00, 0x04, 0xFF, 0xFF, 0xFF, 0xFF, 0xFF, 0xB1, 0x00, 0x04,
    0xFF, 0xFD, 0xDD, 0xDC, 0x94, 0x00, 0x00, 0x04, 0xFF, 0xB0, 0x00, 0x00, 0x00, 0x00, 0x00, 0x04,
    0xFF, 0xB0, 0x00, 0x00, 0x00, 0x00, 0x00, 0x04, 0xFF, 0xB0, 0x00, 0x00, 0x00, 0x00, 0x00, 0x04,
    0xFF, 0xB0, 0x00, 0x00, 0x00, 0x00, 0x00, 0x04, 0xFF, 0xB0, 0x00, 0x00, 0x00, 0x00, 0x00, 0x04,
    0xFF, 0xB0, 0x00, 0x00, 0x00, 0x00, 0x00, 0x00, 0x00, 0x00, 0x00, 0x00, 0x00, 0x00, 0x00, 0x00,
    0x00, 0x00, 0x00, 0x04, 0xAE, 0xFF, 0xFC, 0x71, 0x00, 0x00, 0x00, 0x00, 0x00, 0xAF, 0xFF, 0xFF,
    0xFF, 0xFE, 0x40, 0x00, 0x00, 0x00, 0x0C, 0xFF, 0xFF, 0xED, 0xFF, 0xFF, 0xF5, 0x00, 0x00, 0x00,
    0x8F, 0xFF, 0x91, 0x00, 0x05, 0xEF, 0xFE, 0x10, 0x00, 0x01, 0xFF, 0xF8, 0x00, 0x00, 0x00, 0x1E,
    0xFF, 0x90, 0x00, 0x06, 0xFF, 0xE0, 0x00, 0x00, 0x00, 0x06, 0xFF, 0xE0, 0x00, 0x0A, 0xFF, 0x80,
    0x00, 0x00, 0x00, 0x00, 0xFF, 0xF3, 0x00, 0x0C, 0xFF, 0x50, 0x00, 0x00, 0x00, 0x00, 0xCF, 0xF5,
    0x00, 0x0E, 0xFF, 0x30, 0x00, 0x00, 0x00, 0x00, 0xAF, 0xF6, 0x00, 0x0E, 0xFF, 0x30, 0x00, 0x00,
    0x00, 0x00, 0xAF, 0xF7, 0x00, 0x0D, 0xFF, 0x40, 0x00, 0x00, 0x00, 0x00, 0xBF, 0xF5, 0x00, 0x0B,
    0xFF, 0x70, 0x00, 0x00, 0x05, 0x00, 0xEF, 0xF4, 0x00, 0x07, 0xFF, 0xC0, 0x00, 0x00, 0x9F, 0x84,
    0xFF, 0xF0, 0x00, 0x02, 0xFF, 0xF5, 0x00, 0x06, 0xFF, 0xFF, 0xFF, 0xA0, 0x00, 0x00, 0xAF, 0xFF,
    0x50, 0x00, 0xAF, 0xFF, 0xFF, 0x30, 0x00, 0x00, 0x1E, 0xFF, 0xFD, 0xA9, 0xBF, 0xFF, 0xFB, 0x00,
    0x00, 0x00, 0x02, 0xDF, 0xFF, 0xFF, 0xFF, 0xFF, 0xFE, 0x10, 0x00, 0x00, 0x00, 0x18, 0xEF, 0xFF,
    0xFF, 0xFF, 0xFF, 0xC0, 0x00, 0x00, 0x00, 0x00, 0x02, 0x44, 0x31, 0x04, 0xFF, 0xF4, 0x00, 0x00,
    0x00, 0x00, 0x00, 0x00, 0x00, 0x00, 0x7E, 0x30, 0x00, 0x00, 0x00, 0x00, 0x00, 0x00, 0x00, 0x00,
    0x01, 0x00, 0x00, 0x03, 0xCC, 0xCC, 0xCC, 0xBA, 0x71, 0x00, 0x00, 0x04, 0xFF, 0xFF, 0xFF, 0xFF,
    0xFF, 0x80, 0x00, 0x04, 0xFF, 0xFF, 0xFF, 0xFF, 0xFF, 0xF7, 0x00, 0x04, 0xFF, 0xB0, 0x00, 0x14,
    0xCF, 0xFF, 0x10, 0x04, 0xFF, 0xB0, 0x00, 0x00, 0x1E, 0xFF, 0x50, 0x04, 0xFF, 0xB0, 0x00, 0x00,
    0x0B, 0xFF, 0x70, 0x04, 0xFF, 0xB0, 0x00, 0x00, 0x0C, 0xFF, 0x60, 0x04, 0xFF, 0xB0, 0x00, 0x00,
    0x6F, 0xFF, 0x30, 0x04, 0xFF, 0xF9, 0x99, 0xAD, 0xFF, 0xFD, 0x00, 0x04, 0xFF, 0xFF, 0xFF, 0xFF,
    0xFF, 0xE2, 0x00, 0x04, 0xFF, 0xFF, 0xFF, 0xFF, 0xFA, 0x10, 0x00, 0x04, 0xFF, 0xF3, 0x33, 0xFF,
    0xF6, 0x00, 0x00, 0x04, 0xFF, 0xB0, 0x00, 0x5F, 0xFE, 0x10, 0x00, 0x04, 0xFF, 0xB0, 0x00, 0x0C,
    0xFF, 0x90, 0x00, 0x04, 0xFF, 0xB0, 0x00, 0x03, 0xFF, 0xF3, 0x00, 0x04, 0xFF, 0xB0, 0x00, 0x00,
    0xAF, 0xFC, 0x00, 0x04, 0xFF, 0xB0, 0x00, 0x00, 0x1F, 0xFF, 0x60, 0x04, 0xFF, 0xB0, 0x00, 0x00,
    0x08, 0xFF, 0xE1, 0x00, 0x00, 0x00, 0x00, 0x00, 0x00, 0x00, 0x00, 0x00, 0x00, 0x7C, 0xFF, 0xFD,
    0x71, 0x00, 0x00, 0x00, 0x3E, 0xFF, 0xFF, 0xFF, 0xFE, 0x40, 0x00, 0x02, 0xFF, 0xFF, 0xDB, 0xDF,
    0xFF, 0xF3, 0x00, 0x09, 0xFF, 0xD2, 0x00, 0x02, 0xCF, 0xF8, 0x00, 0x0D, 0xFF, 0x40, 0x00, 0x00,
    0x0B, 0x50, 0x00, 0x0D, 0xFF, 0x40, 0x00, 0x00, 0x00, 0x00, 0x00, 0x0B, 0xFF, 0xD2, 0x00, 0x00,
    0x00, 0x00, 0x00, 0x03, 0xFF, 0xFF, 0xB6, 0x10, 0x00, 0x00, 0x00, 0x00, 0x6F, 0xFF, 0xFF, 0xFC,
    0x60, 0x00, 0x00, 0x00, 0x02, 0x8E, 0xFF, 0xFF, 0xFE, 0x40, 0x00, 0x00, 0x00, 0x00, 0x38, 0xDF,
    0xFF, 0xF3, 0x00, 0x00, 0x00, 0x00, 0x00, 0x04, 0xEF, 0xFB, 0x00, 0x00, 0x00, 0x00, 0x00, 0x00,
    0x4F, 0xFE, 0x00, 0x01, 0xB7, 0x00, 0x00, 0x00, 0x2F, 0xFF, 0x00, 0x2E, 0xFF, 0x60, 0x00, 0x00,
    0xAF, 0xFC, 0x00, 0x0B, 0xFF, 0xFD, 0x87, 0x8D, 0xFF, 0xF5, 0x00, 0x00, 0xBF, 0xFF, 0xFF, 0xFF,
    0xFF, 0x90, 0x00, 0x00, 0x06, 0xCF, 0xFF, 0xFF, 0xC4, 0x00, 0x00, 0x00, 0x00, 0x01, 0x34, 0x31,
    0x00, 0x00, 0x00, 0x5C, 0xCC, 0xCC, 0xCC, 0xCC, 0xCC, 0xCC, 0x20, 0x7F, 0xFF, 0xFF, 0xFF, 0xFF,
    0xFF, 0xFF, 0x30, 0x7F, 0xFF, 0xFF, 0xFF, 0xFF, 0xFF, 0xFF, 0x30, 0x01, 0x11, 0x13, 0xFF, 0xE1,
    0x11, 0x11, 0x00, 0x00, 0x00, 0x02, 0xFF, 0xE0, 0x00, 0x00, 0x00, 0x00, 0x00, 0x02, 0xFF, 0xE0,
    0x00, 0x00, 0x00, 0x00, 0x00, 0x02, 0xFF, 0xE0, 0x00, 0x00, 0x00, 0x00, 0x00, 0x02, 0xFF, 0xE0,
    0x00, 0x00, 0x00, 0x00, 0x00, 0x02, 0xFF, 0xE0, 0x00, 0x00, 0x00, 0x00, 0x00, 0x02, 0xFF, 0xE0,
    0x00, 0x00, 0x00, 0x00, 0x00, 0x02, 0xFF, 0xE0, 0x00, 0x00, 0x00, 0x00, 0x00, 0x02, 0xFF, 0xE0,
    0x00, 0x00, 0x00, 0x00, 0x00, 0x02, 0xFF, 0xE0, 0x00, 0x00, 0x00, 0x00, 0x00, 0x02, 0xFF, 0xE0,
    0x00, 0x00, 0x00, 0x00, 0x00, 0x02, 0xFF, 0xE0, 0x00, 0x00, 0x00, 0x00, 0x00, 0x02, 0xFF, 0xE0,
    0x00, 0x00, 0x00, 0x00, 0x00, 0x02, 0xFF, 0xE0, 0x00, 0x00, 0x00, 0x00, 0x00, 0x02, 0xFF, 0xE0,
    0x00, 0x00, 0x00, 0x03, 0xCC, 0x80, 0x00, 0x00, 0x00, 0x6C, 0xC6, 0x00, 0x04, 0xFF, 0xB0, 0x00,
    0x00, 0x00, 0x8F, 0xF8, 0x00, 0x04, 0xFF, 0xB0, 0x00, 0x00, 0x00, 0x8F, 0xF8, 0x00, 0x04, 0xFF,
    0xB0, 0x00, 0x00, 0x00, 0x8F, 0xF8, 0x00, 0x04, 0xFF, 0xB0, 0x00, 0x00, 0x00, 0x8F, 0xF8, 0x00,
    0x04, 0xFF, 0xB0, 0x00, 0x00, 0x00, 0x8F, 0xF8, 0x00, 0x04, 0xFF, 0xB0, 0x00, 0x00, 0x00, 0x8F,
    0xF8, 0x00, 0x04, 0xFF, 0xB0, 0x00, 0x00, 0x00, 0x8F, 0xF8, 0x00, 0x04, 0xFF, 0xB0, 0x00, 0x00,
    0x00, 0x8F, 0xF8, 0x00, 0x04, 0xFF, 0xB0, 0x00, 0x00, 0x00, 0x8F, 0xF8, 0x00, 0x04, 0xFF, 0xB0,
    0x00, 0x00, 0x00, 0x8F, 0xF8, 0x00, 0x04, 0xFF, 0xC0, 0x00, 0x00, 0x00, 0x9F, 0xF7, 0x00, 0x02,
    0xFF, 0xE0, 0x00, 0x00, 0x00, 0xBF, 0xF5, 0x00, 0x00, 0xFF, 0xF4, 0x00, 0x00, 0x01, 0xFF, 0xF3,
    0x00, 0x00, 0xAF, 0xFD, 0x20, 0x00, 0x0B, 0xFF, 0xD0, 0x00, 0x00, 0x2F, 0xFF, 0xFA, 0x8A, 0xEF,
    0xFF, 0x50, 0x00, 0x00, 0x05, 0xFF, 0xFF, 0xFF, 0xFF, 0xF8, 0x00, 0x00, 0x00, 0x00, 0x3B, 0xFF,
    0xFF, 0xFC, 0x40, 0x00, 0x00, 0x00, 0x00, 0x00, 0x13, 0x43, 0x10, 0x00, 0x00, 0x00, 0x8C, 0xC7,
    0x00, 0x00, 0x00, 0x00, 0x08, 0xCC, 0x60, 0x5F, 0xFE, 0x00, 0x00, 0x00, 0x00, 0x1F, 0xFF, 0x30,
    0x0E, 0xFF, 0x40, 0x00, 0x00, 0x00, 0x6F, 0xFD, 0x00, 0x09, 0xFF, 0xA0, 0x00, 0x00, 0x00, 0xCF,
    0xF7, 0x00, 0x03, 0xFF, 0xF0, 0x00, 0x00, 0x02, 0xFF, 0xF1, 0x00, 0x00, 0xDF, 0xF5, 0x00, 0x00,
    0x08, 0xFF, 0xB0, 0x00, 0x00, 0x7F, 0xFB, 0x00, 0x00, 0x0D, 0xFF, 0x50, 0x00, 0x00, 0x1F, 0xFF,
    0x10, 0x00, 0x3F, 0xFE, 0x00, 0x00, 0x00, 0x0B, 0xFF, 0x70, 0x00, 0x9F, 0xF9, 0x00, 0x00, 0x00,
    0x05, 0xFF, 0xD0, 0x00, 0xEF, 0xF3, 0x00, 0x00, 0x00, 0x00, 0xEF, 0xF2, 0x05, 0xFF, 0xD0, 0x00,
    0x00, 0x00, 0x00, 0x9F, 0xF8, 0x0A, 0xFF, 0x70, 0x00, 0x00, 0x00, 0x00, 0x3F, 0xFE, 0x1F, 0xFF,
    0x10, 0x00, 0x00, 0x00, 0x00, 0x0D, 0xFF, 0xBF, 0xFB, 0x00, 0x00, 0x00, 0x00, 0x00, 0x07, 0xFF,
    0xFF, 0xF5, 0x00, 0x00, 0x00, 0x00, 0x00, 0x01, 0xFF, 0xFF, 0xE0, 0x00, 0x00, 0x00, 0x00, 0x00,
    0x00, 0xBF, 0xFF, 0x90, 0x00, 0x00, 0x00, 0x00, 0x00, 0x00, 0x5F, 0xFF, 0x30, 0x00, 0x00, 0x00,
    0x7C, 0xC6, 0x00, 0x00, 0x00, 0x5C, 0xCB, 0x00, 0x00, 0x00, 0x0B, 0xCC, 0x20, 0x5F, 0xFC, 0x00,
    0x00, 0x00, 0xBF, 0xFF, 0x30, 0x00, 0x00, 0x2F, 0xFF, 0x00, 0x1F, 0xFF, 0x00, 0x00, 0x00, 0xFF,
    0xFF, 0x80, 0x00, 0x00, 0x6F, 0xFB, 0x00, 0x0C, 0xFF, 0x40, 0x00, 0x04, 0xFF, 0xFF, 0xD0, 0x00,
    0x00, 0xAF, 0xF6, 0x00, 0x08, 0xFF, 0x80, 0x00, 0x08, 0xFF, 0xFF, 0xF1, 0x00, 0x00, 0xEF, 0xF2,
    0x00, 0x04, 0xFF, 0xD0, 0x00, 0x0D, 0xFF, 0x7F, 0xF6, 0x00, 0x03, 0xFF, 0xD0, 0x00, 0x00, 0xFF,
    0xF1, 0x00, 0x1F, 0xFB, 0x2F, 0xFB, 0x00, 0x07, 0xFF, 0x90, 0x00, 0x00, 0xBF, 0xF5, 0x00, 0x6F,
    0xF6, 0x0D, 0xFF, 0x00, 0x0B, 0xFF, 0x40, 0x00, 0x00, 0x7F, 0xF9, 0x00, 0xAF, 0xF1, 0x08, 0xFF,
    0x40, 0x0F, 0xFF, 0x00, 0x00, 0x00, 0x2F, 0xFD, 0x00, 0xFF, 0xC0, 0x03, 0xFF, 0x90, 0x3F, 0xFB,
    0x00, 0x00, 0x00, 0x0E, 0xFF, 0x23, 0xFF, 0x70, 0x00, 0xEF, 0xD0, 0x8F, 0xF7, 0x00, 0x00, 0x00,
    0x09, 0xFF, 0x68, 0xFF, 0x20, 0x00, 0xAF, 0xF2, 0xCF, 0xF3, 0x00, 0x00, 0x00, 0x05, 0xFF, 0xAC,
    0xFD, 0x00, 0x00, 0x5F, 0xF7, 0xFF, 0xE0, 0x00, 0x00, 0x00, 0x01, 0xFF, 0xFF, 0xF8, 0x00, 0x00,
    0x0F, 0xFF, 0xFF, 0xA0, 0x00, 0x00, 0x00, 0x00, 0xCF, 0xFF, 0xF4, 0x00, 0x00, 0x0B, 0xFF, 0xFF,
    0x50, 0x00, 0x00, 0x00, 0x00, 0x8F, 0xFF, 0xE0, 0x00, 0x00, 0x06, 0xFF, 0xFF, 0x10, 0x00, 0x00,
    0x00, 0x00, 0x4F, 0xFF, 0xA0, 0x00, 0x00, 0x01, 0xFF, 0xFC, 0x00, 0x00, 0x00, 0x00, 0x00, 0x0F,
    0xFF, 0x50, 0x00, 0x00, 0x00, 0xCF, 0xF8, 0x00, 0x00, 0x00, 0x0B, 0xCC, 0x80, 0x00, 0x00, 0x00,
    0xBC, 0xC7, 0x00, 0x05, 0xFF, 0xF4, 0x00, 0x00, 0x09, 0xFF, 0xE1, 0x00, 0x00, 0xAF, 0xFE, 0x00,
    0x00, 0x3F, 0xFF, 0x50, 0x00, 0x00, 0x1E, 0xFF, 0x90, 0x00, 0xDF, 0xFA, 0x00, 0x00, 0x00, 0x04,
    0xFF, 0xF4, 0x07, 0xFF, 0xE1, 0x00, 0x00, 0x00, 0x00, 0x9F, 0xFE, 0x3F, 0xFF, 0x40, 0x00, 0x00,
    0x00, 0x00, 0x0D, 0xFF, 0xFF, 0xF9, 0x00, 0x00, 0x00, 0x00, 0x00, 0x03, 0xFF, 0xFF, 0xD0, 0x00,
    0x00, 0x00, 0x00, 0x00, 0x00, 0xCF, 0xFF, 0x40, 0x00, 0x00, 0x00, 0x00, 0x00, 0x01, 0xFF, 0xFF,
    0x90, 0x00, 0x00, 0x00, 0x00, 0x00, 0x0A, 0xFF, 0xFF, 0xF4, 0x00, 0x00, 0x00, 0x00, 0x00, 0x5F,
    0xFF, 0xAF, 0xFE, 0x00, 0x00, 0x00, 0x00, 0x01, 0xEF, 0xF7, 0x0E, 0xFF, 0x90, 0x00, 0x00, 0x00,
    0x0A, 0xFF, 0xD0, 0x04, 0xFF, 0xF4, 0x00, 0x00, 0x00, 0x4F, 0xFF, 0x30, 0x00, 0xAF, 0xFE, 0x00,
    0x00, 0x01, 0xEF, 0xFA, 0x00, 0x00, 0x1E, 0xFF, 0x90, 0x00, 0x0A, 0xFF, 0xF1, 0x00, 0x00, 0x06,
    0xFF, 0xF4, 0x00, 0x4F, 0xFF, 0x60, 0x00, 0x00, 0x00, 0xCF, 0xFE, 0x00, 0x8C, 0xCA, 0x00, 0x00,
    0x00, 0x00, 0xBC, 0xC7, 0x2F, 0xFF, 0x60, 0x00, 0x00, 0x06, 0xFF, 0xF2, 0x09, 0xFF, 0xE0, 0x00,
    0x00, 0x0E, 0xFF, 0x80, 0x01, 0xEF, 0xF7, 0x00, 0x00, 0x7F, 0xFE, 0x00, 0x00, 0x6F, 0xFE, 0x00,
    0x00, 0xEF, 0xF5, 0x00, 0x00, 0x0C, 0xFF, 0x70, 0x08, 0xFF, 0xC0, 0x00, 0x00, 0x03, 0xFF, 0xF1,
    0x1F, 0xFF, 0x30, 0x00, 0x00, 0x00, 0xAF, 0xF8, 0x9F, 0xF9, 0x00, 0x00, 0x00, 0x00, 0x1F, 0xFF,
    0xFF, 0xE1, 0x00, 0x00, 0x00, 0x00, 0x07, 0xFF, 0xFF, 0x60, 0x00, 0x00, 0x00, 0x00, 0x00, 0xDF,
    0xFC, 0x00, 0x00, 0x00, 0x00, 0x00, 0x00, 0x8F, 0xF8, 0x00, 0x00, 0x00, 0x00, 0x00, 0x00, 0x8F,
    0xF8, 0x00, 0x00, 0x00, 0x00, 0x00, 0x00, 0x8F, 0xF8, 0x00, 0x00, 0x00, 0x00, 0x00, 0x00, 0x8F,
    0xF8, 0x00, 0x00, 0x00, 0x00, 0x00, 0x00, 0x8F, 0xF8, 0x00, 0x00, 0x00, 0x00, 0x00, 0x00, 0x8F,
    0xF8, 0x00, 0x00, 0x00, 0x00, 0x00, 0x00, 0x8F, 0xF8, 0x00, 0x00, 0x00, 0x0B, 0xCC, 0xCC, 0xCC,
    0xCC, 0xCC, 0xC9, 0x00, 0x0F, 0xFF, 0xFF, 0xFF, 0xFF, 0xFF, 0xFC, 0x00, 0x0F, 0xFF, 0xFF, 0xFF,
    0xFF, 0xFF, 0xFB, 0x00, 0x01, 0x11, 0x11, 0x11, 0x1A, 0xFF, 0xF2, 0x00, 0x00, 0x00, 0x00, 0x00,
    0x4F, 0xFF, 0x60, 0x00, 0x00, 0x00, 0x00, 0x01, 0xEF, 0xFB, 0x00, 0x00, 0x00, 0x00, 0x00, 0x0B,
    0xFF, 0xE1, 0x00, 0x00, 0x00, 0x00, 0x00, 0x6F, 0xFF, 0x40, 0x00, 0x00, 0x00, 0x00, 0x02, 0xFF,
    0xF8, 0x00, 0x00, 0x00, 0x00, 0x00, 0x0D, 0xFF, 0xD0, 0x00, 0x00, 0x00, 0x00, 0x00, 0x9F, 0xFF,
    0x20, 0x00, 0x00, 0x00, 0x00, 0x04, 0xFF, 0xF6, 0x00, 0x00, 0x00, 0x00, 0x00, 0x1E, 0xFF, 0xB0,
    0x00, 0x00, 0x00, 0x00, 0x00, 0xBF, 0xFE, 0x10, 0x00, 0x00, 0x00, 0x00, 0x06, 0xFF, 0xF4, 0x00,
    0x00, 0x00, 0x00, 0x00, 0x2F, 0xFF, 0xFD, 0xDD, 0xDD, 0xDD, 0xDD, 0x20, 0x4F, 0xFF, 0xFF, 0xFF,
    0xFF, 0xFF, 0xFF, 0x20, 0x4F, 0xFF, 0xFF, 0xFF, 0xFF, 0xFF, 0xFF, 0x20, 0x00, 0x7C, 0xCC, 0xCC,
    0x20, 0x00, 0x9F, 0xFF, 0xFF, 0x30, 0x00, 0x9F, 0xFC, 0xBB, 0x20, 0x00, 0x9F, 0xF3, 0x00, 0x00,
    0x00, 0x9F, 0xF3, 0x00, 0x00, 0x00, 0x9F, 0xF3, 0x00, 0x00, 0x00, 0x9F, 0xF3, 0x00, 0x00, 0x00,
    0x9F, 0xF3, 0x00, 0x00, 0x00, 0x9F, 0xF3, 0x00, 0x00, 0x00, 0x9F, 0xF3, 0x00, 0x00, 0x00, 0x9F,
    0xF3, 0x00, 0x00, 0x00, 0x9F, 0xF3, 0x00, 0x00, 0x00, 0x9F, 0xF3, 0x00, 0x00, 0x00, 0x9F, 0xF3,
    0x00, 0x00, 0x00, 0x9F, 0xF3, 0x00, 0x00, 0x00, 0x9F, 0xF3, 0x00, 0x00, 0x00, 0x9F, 0xF3, 0x00,
    0x00, 0x00, 0x9F, 0xF3, 0x00, 0x00, 0x00, 0x9F, 0xF7, 0x55, 0x10, 0x00, 0x9F, 0xFF, 0xFF, 0x30,
    0x00, 0x9F, 0xFF, 0xFF, 0x30, 0x00, 0x13, 0x33, 0x33, 0x00, 0x9C, 0xC2, 0x00, 0x00, 0x00, 0x7F,
    0xF7, 0x00, 0x00, 0x00, 0x2F, 0xFC, 0x00, 0x00, 0x00, 0x0D, 0xFF, 0x10, 0x00, 0x00, 0x08, 0xFF,
    0x60, 0x00, 0x00, 0x03, 0xFF, 0xB0, 0x00, 0x00, 0x00, 0xEF, 0xF0, 0x00, 0x00, 0x00, 0x9F, 0xF5,
    0x00, 0x00, 0x00, 0x4F, 0xFA, 0x00, 0x00, 0x00, 0x0F, 0xFE, 0x00, 0x00, 0x00, 0x0A, 0xFF, 0x40,
    0x00, 0x00, 0x05, 0xFF, 0x90, 0x00, 0x00, 0x01, 0xFF, 0xD0, 0x00, 0x00, 0x00, 0xCF, 0xF2, 0x00,
    0x00, 0x00, 0x7F, 0xF7, 0x00, 0x00, 0x00, 0x2F, 0xFC, 0x00, 0x00, 0x00, 0x0D, 0xFF, 0x10, 0x00,
    0x00, 0x08, 0xFF, 0x60, 0x9C, 0xCC, 0xCC, 0x10, 0x00, 0xBF, 0xFF, 0xFF, 0x10, 0x00, 0x8B, 0xBE,
    0xFF, 0x10, 0x00, 0x00, 0x0B, 0xFF, 0x10, 0x00, 0x00, 0x0B, 0xFF, 0x10, 0x00, 0x00, 0x0B, 0xFF,
    0x10, 0x00, 0x00, 0x0B, 0xFF, 0x10, 0x00, 0x00, 0x0B, 0xFF, 0x10, 0x00, 0x00, 0x0B, 0xFF, 0x10,
    0x00, 0x00, 0x0B, 0xFF, 0x10, 0x00, 0x00, 0x0B, 0xFF, 0x10, 0x00, 0x00, 0x0B, 0xFF, 0x10, 0x00,
    0x00, 0x0B, 0xFF, 0x10, 0x00, 0x00, 0x0B, 0xFF, 0x10, 0x00, 0x00, 0x0B, 0xFF, 0x10, 0x00, 0x00,
    0x0B, 0xFF, 0x10, 0x00, 0x00, 0x0B, 0xFF, 0x10, 0x00, 0x00, 0x0B, 0xFF, 0x10, 0x00, 0x35, 0x5D,
    0xFF, 0x10, 0x00, 0xBF, 0xFF, 0xFF, 0x10, 0x00, 0xBF, 0xFF, 0xFF, 0x10, 0x00, 0x23, 0x33, 0x33,
    0x00, 0x00, 0x00, 0x01, 0x9A, 0x91, 0x00, 0x00, 0x00, 0x09, 0xFF, 0xF9, 0x00, 0x00, 0x00, 0x2F,
    0xFE, 0xFF, 0x20, 0x00, 0x00, 0xBF, 0xE2, 0xFF, 0xA0, 0x00, 0x03, 0xFF, 0x60, 0x7F, 0xF3, 0x00,
    0x0C, 0xFD, 0x00, 0x0D, 0xFC, 0x00, 0x3D, 0xD4, 0x00, 0x04, 0xDD, 0x30, 0x00, 0x00, 0x00, 0x00,
    0x00, 0x00, 0x00, 0x00, 0x00, 0x00, 0x00, 0x00, 0x00, 0x00, 0x00, 0x00, 0x00, 0x00, 0x00, 0x00,
    0x00, 0x00, 0x00, 0x00, 0x00, 0x00, 0x00, 0x00, 0x00, 0x00, 0x00, 0x00, 0x00, 0x00, 0x00, 0x00,
    0x00, 0x00, 0x00, 0x00, 0x00, 0x00, 0x00, 0x00, 0x00, 0x00, 0x00, 0x00, 0x00, 0x00, 0x00, 0x00,
    0x00, 0x00, 0x00, 0x00, 0x00, 0x00, 0x00, 0x00, 0x00, 0x00, 0x00, 0x00, 0x00, 0x00, 0x00, 0x00,
    0x00, 0x00, 0x00, 0x00, 0x00, 0x00, 0x00, 0x00, 0x00, 0x00, 0x00, 0x00, 0x00, 0x00, 0x00, 0x00,
    0x99, 0x99, 0x99, 0x99, 0x99, 0x80, 0xFF, 0xFF, 0xFF, 0xFF, 0xFF, 0xE0, 0xFF, 0xFF, 0xFF, 0xFF,
    0xFF, 0xE0, 0x11, 0x11, 0x11, 0x11, 0x11, 0x10, 0x00, 0x50, 0x00, 0x00, 0x08, 0xF8, 0x00, 0x00,
    0x3F, 0xFF, 0x30, 0x00, 0x04, 0xFF, 0xD0, 0x00, 0x00, 0x3F, 0xF5, 0x00, 0x00, 0x03, 0x60, 0x00,
    0x00, 0x00, 0x00, 0x00, 0x00, 0x00, 0x00, 0x00, 0x00, 0x00, 0x00, 0x00, 0x00, 0x00, 0x00, 0x00,
    0x00, 0x00, 0x00, 0x00, 0x00, 0x00, 0x00, 0x00, 0x00, 0x00, 0x00, 0x00, 0x00, 0x00, 0x00, 0x00,
    0x00, 0x00, 0x00, 0x00, 0x00, 0x00, 0x00, 0x00, 0x00, 0x00, 0x00, 0x00, 0x00, 0x00, 0x00, 0x00,
    0x00, 0x00, 0x00, 0x00, 0x00, 0x00, 0x00, 0x00, 0x00, 0x00, 0x25, 0x65, 0x10, 0x00, 0x00, 0x00,
    0x2B, 0xFF, 0xFF, 0xFA, 0x10, 0x00, 0x02, 0xEF, 0xFF, 0xFF, 0xFF, 0xC0, 0x00, 0x01, 0xCF, 0x92,
    0x26, 0xEF, 0xF6, 0x00, 0x00, 0x04, 0x00, 0x00, 0x6F, 0xFA, 0x00, 0x00, 0x00, 0x00, 0x00, 0x3F,
    0xFC, 0x00, 0x00, 0x05, 0xBE, 0xFF, 0xFF, 0xFC, 0x00, 0x00, 0xBF, 0xFF, 0xFF, 0xFF, 0xFC, 0x00,
    0x09, 0xFF, 0xFB, 0x87, 0x8F, 0xFC, 0x00, 0x0F, 0xFF, 0x30, 0x00, 0x3F, 0xFC, 0x00, 0x2F, 0xFE,
    0x00, 0x00, 0x8F, 0xFC, 0x00, 0x1F, 0xFF, 0x83, 0x49, 0xFF, 0xFC, 0x00, 0x0A, 0xFF, 0xFF, 0xFF,
    0xBF, 0xFC, 0x00, 0x00, 0xAF, 0xFF, 0xF9, 0x2F, 0xFC, 0x00, 0x00, 0x01, 0x44, 0x10, 0x00, 0x00,
    0x00, 0x06, 0xCC, 0x50, 0x00, 0x00, 0x00, 0x00, 0x00, 0x08, 0xFF, 0x60, 0x00, 0x00, 0x00, 0x00,
    0x00, 0x08, 0xFF, 0x60, 0x00, 0x00, 0x00, 0x00, 0x00, 0x08, 0xFF, 0x60, 0x00, 0x00, 0x00, 0x00,
    0x00, 0x08, 0xFF, 0x60, 0x05, 0x64, 0x00, 0x00, 0x00, 0x08, 0xFF, 0x66, 0xFF, 0xFF, 0xE4, 0x00,
    0x00, 0x08, 0xFF, 0xCF, 0xFF, 0xFF, 0xFF, 0x30, 0x00, 0x08, 0xFF, 0xFF, 0x86, 0x8F, 0xFF, 0xD0,
    0x00, 0x08, 0xFF, 0xF4, 0x00, 0x03, 0xFF, 0xF3, 0x00, 0x08, 0xFF, 0xA0, 0x00, 0x00, 0xAF, 0xF8,
    0x00, 0x08, 0xFF, 0x60, 0x00, 0x00, 0x6F, 0xFA, 0x00, 0x08, 0xFF, 0x50, 0x00, 0x00, 0x5F, 0xFA,
    0x00, 0x08, 0xFF, 0x60, 0x00, 0x00, 0x6F, 0xF9, 0x00, 0x08, 0xFF, 0xB0, 0x00, 0x00, 0xBF, 0xF7,
    0x00, 0x08, 0xFF, 0xF5, 0x00, 0x05, 0xFF, 0xF2, 0x00, 0x08, 0xFF, 0xFF, 0xA7, 0xAF, 0xFF, 0xB0,
    0x00, 0x08, 0xFF, 0xBF, 0xFF, 0xFF, 0xFE, 0x20, 0x00, 0x08, 0xFF, 0x64, 0xEF, 0xFF, 0xC2, 0x00,
    0x00, 0x00, 0x00, 0x00, 0x03, 0x42, 0x00, 0x00, 0x00, 0x00, 0x00, 0x03, 0x56, 0x40, 0x00, 0x00,
    0x00, 0x04, 0xDF, 0xFF, 0xFE, 0x50, 0x00, 0x00, 0x6F, 0xFF, 0xFF, 0xFF, 0xF7, 0x00, 0x02, 0xFF,
    0xFC, 0x66, 0xBF, 0xFE, 0x10, 0x09, 0xFF, 0xB0, 0x00, 0x08, 0xB1, 0x00, 0x0E, 0xFF, 0x30, 0x00,
    0x00, 0x00, 0x00, 0x0F, 0xFF, 0x00, 0x00, 0x00, 0x00, 0x00, 0x1F, 0xFE, 0x00, 0x00, 0x00, 0x00,
    0x00, 0x0F, 0xFF, 0x00, 0x00, 0x00, 0x00, 0x00, 0x0D, 0xFF, 0x40, 0x00, 0x00, 0x00, 0x00, 0x08,
    0xFF, 0xC0, 0x00, 0x0A, 0xD3, 0x00, 0x01, 0xFF, 0xFD, 0x87, 0xDF, 0xFF, 0x10, 0x00, 0x5F, 0xFF,
    0xFF, 0xFF, 0xF6, 0x00, 0x00, 0x03, 0xBF, 0xFF, 0xFC, 0x40, 0x00, 0x00, 0x00, 0x01, 0x34, 0x20,
    0x00, 0x00, 0x00, 0x00, 0x00, 0x00, 0x00, 0x9C, 0xC1, 0x00, 0x00, 0x00, 0x00, 0x00, 0x00, 0xDF,
    0xF1, 0x00, 0x00, 0x00, 0x00, 0x00, 0x00, 0xDF, 0xF1, 0x00, 0x00, 0x00, 0x00, 0x00, 0x00, 0xDF,
    0xF1, 0x00, 0x00, 0x00, 0x15, 0x64, 0x00, 0xDF, 0xF1, 0x00, 0x00, 0x08, 0xFF, 0xFF, 0xD2, 0xDF,
    0xF1, 0x00, 0x00, 0x9F, 0xFF, 0xFF, 0xFE, 0xEF, 0xF1, 0x00, 0x04, 0xFF, 0xFD, 0x76, 0xCF, 0xFF,
    0xF1, 0x00, 0x0A, 0xFF, 0xC0, 0x00, 0x0A, 0xFF, 0xF1, 0x00, 0x0E, 0xFF, 0x40, 0x00, 0x01, 0xFF,
    0xF1, 0x00, 0x0F, 0xFF, 0x00, 0x00, 0x00, 0xDF, 0xF1, 0x00, 0x1F, 0xFE, 0x00, 0x00, 0x00, 0xCF,
    0xF1, 0x00, 0x0F, 0xFF, 0x00, 0x00, 0x00, 0xDF, 0xF1, 0x00, 0x0D, 0xFF, 0x40, 0x00, 0x02, 0xFF,
    0xF1, 0x00, 0x09, 0xFF, 0xD1, 0x00, 0x0B, 0xFF, 0xF1, 0x00, 0x02, 0xFF, 0xFE, 0x98, 0xDF, 0xFF,
    0xF1, 0x00, 0x00, 0x6F, 0xFF, 0xFF, 0xFD, 0xEF, 0xF1, 0x00, 0x00, 0x05, 0xEF, 0xFF, 0xC1, 0xDF,
    0xF1, 0x00, 0x00, 0x00, 0x03, 0x42, 0x00, 0x00, 0x00, 0x00, 0x00, 0x00, 0x03, 0x56, 0x40, 0x00,
    0x00, 0x00, 0x05, 0xEF, 0xFF, 0xFE, 0x50, 0x00, 0x00, 0x7F, 0xFF, 0xFF, 0xFF, 0xF7, 0x00, 0x02,
    0xFF, 0xF7, 0x11, 0x7F, 0xFF, 0x20, 0x09, 0xFF, 0x80, 0x00, 0x08, 0xFF, 0x70, 0x0E, 0xFF, 0x20,
    0x00, 0x04, 0xFF, 0xA0, 0x0F, 0xFF, 0xFF, 0xFF, 0xFF, 0xFF, 0xC0, 0x1F, 0xFF, 0xFF, 0xFF, 0xFF,
    0xFF, 0xA0, 0x0F, 0xFF, 0x66, 0x66, 0x66, 0x66, 0x30, 0x0D, 0xFF, 0x30, 0x00, 0x00, 0x00, 0x00,
    0x08, 0xFF, 0xB0, 0x00, 0x04, 0xC2, 0x00, 0x01, 0xFF, 0xFB, 0x54, 0x8F, 0xFF, 0x20, 0x00, 0x5F,
    0xFF, 0xFF, 0xFF, 0xF9, 0x00, 0x00, 0x03, 0xCF, 0xFF, 0xFE, 0x60, 0x00, 0x00, 0x00, 0x01, 0x34,
    0x20, 0x00, 0x00, 0x00, 0x00, 0x01, 0x21, 0x00, 0x00, 0x03, 0xCF, 0xFF, 0x80, 0x00, 0x1F, 0xFF,
    0xFF, 0x90, 0x00, 0x8F, 0xFF, 0x88, 0x60, 0x00, 0xBF, 0xF5, 0x00, 0x00, 0x00, 0xCF, 0xF2, 0x00,
    0x00, 0x7B, 0xFF, 0xFD, 0xBB, 0x50, 0xAF, 0xFF, 0xFF, 0xFF, 0x80, 0xAF, 0xFF, 0xFF, 0xFF, 0x70,
    0x00, 0xCF, 0xF2, 0x00, 0x00, 0x00, 0xCF, 0xF2, 0x00, 0x00, 0x00, 0xCF, 0xF2, 0x00, 0x00, 0x00,
    0xCF, 0xF2, 0x00, 0x00, 0x00, 0xCF, 0xF2, 0x00, 0x00, 0x00, 0xCF, 0xF2, 0x00, 0x00, 0x00, 0xCF,
    0xF2, 0x00, 0x00, 0x00, 0xCF, 0xF2, 0x00, 0x00, 0x00, 0xCF, 0xF2, 0x00, 0x00, 0x00, 0xCF, 0xF2,
    0x00, 0x00, 0x00, 0x00, 0x15, 0x63, 0x00, 0x12, 0x20, 0x00, 0x00, 0x09, 0xFF, 0xFF, 0xC1, 0xEF,
    0xF1, 0x00, 0x00, 0xBF, 0xFF, 0xFF, 0xFD, 0xEF, 0xF1, 0x00, 0x05, 0xFF, 0xFC, 0x66, 0xCF, 0xFF,
    0xF1, 0x00, 0x0C, 0xFF, 0xB0, 0x00, 0x0A, 0xFF, 0xF1, 0x00, 0x0F, 0xFF, 0x20, 0x00, 0x01, 0xFF,
    0xF1, 0x00, 0x1F, 0xFE, 0x00, 0x00, 0x00, 0xDF, 0xF1, 0x00, 0x2F, 0xFD, 0x00, 0x00, 0x00, 0xDF,
    0xF1, 0x00, 0x0F, 0xFF, 0x00, 0x00, 0x00, 0xFF, 0xF1, 0x00, 0x0D, 0xFF, 0x60, 0x00, 0x05, 0xFF,
    0xF1, 0x00, 0x08, 0xFF, 0xF5, 0x00, 0x4E, 0xFF, 0xF1, 0x00, 0x00, 0xEF, 0xFF, 0xFF, 0xFF, 0xFF,
    0xF1, 0x00, 0x00, 0x3E, 0xFF, 0xFF, 0xF7, 0xEF, 0xF0, 0x00, 0x00, 0x01, 0x8C, 0xDB, 0x40, 0xEF,
    0xF0, 0x00, 0x00, 0x00, 0x00, 0x00, 0x01, 0xFF, 0xE0, 0x00, 0x00, 0x6E, 0x20, 0x00, 0x08, 0xFF,
    0xA0, 0x00, 0x06, 0xFF, 0xF8, 0x56, 0xAF, 0xFF, 0x40, 0x00, 0x00, 0xCF, 0xFF, 0xFF, 0xFF, 0xF8,
    0x00, 0x00, 0x00, 0x08, 0xEF, 0xFF, 0xFE, 0x60, 0x00, 0x00, 0x00, 0x00, 0x02, 0x44, 0x20, 0x00,
    0x00, 0x00, 0x06, 0xCC, 0x50, 0x00, 0x00, 0x00, 0x00, 0x08, 0xFF, 0x60, 0x00, 0x00, 0x00, 0x00,
    0x08, 0xFF, 0x60, 0x00, 0x00, 0x00, 0x00, 0x08, 0xFF, 0x60, 0x00, 0x00, 0x00, 0x00, 0x08, 0xFF,
    0x60, 0x05, 0x64, 0x00, 0x00, 0x08, 0xFF, 0x66, 0xFF, 0xFF, 0xE4, 0x00, 0x08, 0xFF, 0xBF, 0xFF,
    0xFF, 0xFF, 0x10, 0x08, 0xFF, 0xFE, 0x75, 0xAF, 0xFF, 0x70, 0x08, 0xFF, 0xE1, 0x00, 0x0A, 0xFF,
    0xA0, 0x08, 0xFF, 0x80, 0x00, 0x04, 0xFF, 0xC0, 0x08, 0xFF, 0x60, 0x00, 0x03, 0xFF, 0xC0, 0x08,
    0xFF, 0x60, 0x00, 0x03, 0xFF, 0xC0, 0x08, 0xFF, 0x60, 0x00, 0x03, 0xFF, 0xC0, 0x08, 0xFF, 0x60,
    0x00, 0x03, 0xFF, 0xC0, 0x08, 0xFF, 0x60, 0x00, 0x03, 0xFF, 0xC0, 0x08, 0xFF, 0x60, 0x00, 0x03,
    0xFF, 0xC0, 0x08, 0xFF, 0x60, 0x00, 0x03, 0xFF, 0xC0, 0x08, 0xFF, 0x60, 0x00, 0x03, 0xFF, 0xC0,
    0x00, 0x35, 0x00, 0x05, 0xFF, 0xB0, 0x09, 0xFF, 0xF0, 0x04, 0xFF, 0xA0, 0x00, 0x13, 0x00, 0x00,
    0x00, 0x00, 0x03, 0xBB, 0x70, 0x04, 0xFF, 0xA0, 0x04, 0xFF, 0xA0, 0x04, 0xFF, 0xA0, 0x04, 0xFF,
    0xA0, 0x04, 0xFF, 0xA0, 0x04, 0xFF, 0xA0, 0x04, 0xFF, 0xA0, 0x04, 0xFF, 0xA0, 0x04, 0xFF, 0xA0,
    0x04, 0xFF, 0xA0, 0x04, 0xFF, 0xA0, 0x04, 0xFF, 0xA0, 0x00, 0x00, 0x35, 0x00, 0x00, 0x04, 0xFF,
    0xC0, 0x00, 0x08, 0xFF, 0xF0, 0x00, 0x03, 0xFF, 0xB0, 0x00, 0x00, 0x13, 0x00, 0x00, 0x00, 0x00,
    0x00, 0x00, 0x02, 0xBB, 0x80, 0x00, 0x03, 0xFF, 0xB0, 0x00, 0x03, 0xFF, 0xB0, 0x00, 0x03, 0xFF,
    0xB0, 0x00, 0x03, 0xFF, 0xB0, 0x00, 0x03, 0xFF, 0xB0, 0x00, 0x03, 0xFF, 0xB0, 0x00, 0x03, 0xFF,
    0xB0, 0x00, 0x03, 0xFF, 0xB0, 0x00, 0x03, 0xFF, 0xB0, 0x00, 0x03, 0xFF, 0xB0, 0x00, 0x03, 0xFF,
    0xB0, 0x00, 0x03, 0xFF, 0xB0, 0x00, 0x03, 0xFF, 0xB0, 0x00, 0x06, 0xFF, 0xB0, 0x59, 0x9F, 0xFF,
    0x80, 0x7F, 0xFF, 0xFF, 0x20, 0x7F, 0xFF, 0xF5, 0x00, 0x03, 0x44, 0x00, 0x00, 0x06, 0xCC, 0x50,
    0x00, 0x00, 0x00, 0x00, 0x08, 0xFF, 0x60, 0x00, 0x00, 0x00, 0x00, 0x08, 0xFF, 0x60, 0x00, 0x00,
    0x00, 0x00, 0x08, 0xFF, 0x60, 0x00, 0x00, 0x00, 0x00, 0x08, 0xFF, 0x60, 0x00, 0x01, 0x22, 0x10,
    0x08, 0xFF, 0x60, 0x00, 0x4F, 0xFF, 0x50, 0x08, 0xFF, 0x60, 0x03, 0xFF, 0xF5, 0x00, 0x08, 0xFF,
    0x60, 0x2E, 0xFF, 0x60, 0x00, 0x08, 0xFF, 0x61, 0xEF, 0xF7, 0x00, 0x00, 0x08, 0xFF, 0x7D, 0xFF,
    0x80, 0x00, 0x00, 0x08, 0xFF, 0xFF, 0xFF, 0x90, 0x00, 0x00, 0x08, 0xFF, 0xFF, 0xFF, 0xF3, 0x00,
    0x00, 0x08, 0xFF, 0xFA, 0xBF, 0xFC, 0x00, 0x00, 0x08, 0xFF, 0xF0, 0x2F, 0xFF, 0x70, 0x00, 0x08,
    0xFF, 0x70, 0x08, 0xFF, 0xF1, 0x00, 0x08, 0xFF, 0x60, 0x00, 0xDF, 0xFB, 0x00, 0x08, 0xFF, 0x60,
    0x00, 0x4F, 0xFF, 0x50, 0x08, 0xFF, 0x60, 0x00, 0x0B, 0xFF, 0xE0, 0x06, 0xCC, 0x50, 0x00, 0x08,
    0xFF, 0x60, 0x00, 0x08, 0xFF, 0x60, 0x00, 0x08, 0xFF, 0x60, 0x00, 0x08, 0xFF, 0x60, 0x00, 0x08,
    0xFF, 0x60, 0x00, 0x08, 0xFF, 0x60, 0x00, 0x08, 0xFF, 0x60, 0x00, 0x08, 0xFF, 0x60, 0x00, 0x08,
    0xFF, 0x60, 0x00, 0x08, 0xFF, 0x60, 0x00, 0x08, 0xFF, 0x60, 0x00, 0x08, 0xFF, 0x60, 0x00, 0x08,
    0xFF, 0x60, 0x00, 0x08, 0xFF, 0x70, 0x00, 0x07, 0xFF, 0xFB, 0x00, 0x04, 0xFF, 0xFF, 0x00, 0x00,
    0x7E, 0xFF, 0x00, 0x00, 0x00, 0x00, 0x00, 0x01, 0x22, 0x00, 0x15, 0x62, 0x00, 0x00, 0x46, 0x51,
    0x00, 0x00, 0x08, 0xFF, 0x67, 0xFF, 0xFF, 0x70, 0x3D, 0xFF, 0xFF, 0x60, 0x00, 0x08, 0xFF, 0xCF,
    0xFF, 0xFF, 0xF6, 0xEF, 0xFF, 0xFF, 0xF3, 0x00, 0x08, 0xFF, 0xFC, 0x55, 0xDF, 0xFF, 0xFA, 0x57,
    0xFF, 0xFA, 0x00, 0x08, 0xFF, 0xD0, 0x00, 0x2F, 0xFF, 0xA0, 0x00, 0x6F, 0xFD, 0x00, 0x08, 0xFF,
    0x80, 0x00, 0x0D, 0xFF, 0x40, 0x00, 0x1F, 0xFE, 0x00, 0x08, 0xFF, 0x60, 0x00, 0x0C, 0xFF, 0x20,
    0x00, 0x0F, 0xFE, 0x00, 0x08, 0xFF, 0x60, 0x00, 0x0C, 0xFF, 0x20, 0x00, 0x0F, 0xFE, 0x00, 0x08,
    0xFF, 0x60, 0x00, 0x0C, 0xFF, 0x20, 0x00, 0x0F, 0xFE, 0x00, 0x08, 0xFF, 0x60, 0x00, 0x0C, 0xFF,
    0x20, 0x00, 0x0F, 0xFE, 0x00, 0x08, 0xFF, 0x60, 0x00, 0x0C, 0xFF, 0x20, 0x00, 0x0F, 0xFE, 0x00,
    0x08, 0xFF, 0x60, 0x00, 0x0C, 0xFF, 0x20, 0x00, 0x0F, 0xFE, 0x00, 0x08, 0xFF, 0x60, 0x00, 0x0C,
    0xFF, 0x20, 0x00, 0x0F, 0xFE, 0x00, 0x08, 0xFF, 0x60, 0x00, 0x0C, 0xFF, 0x20, 0x00, 0x0F, 0xFE,
    0x00, 0x01, 0x22, 0x00, 0x05, 0x64, 0x00, 0x00, 0x08, 0xFF, 0x66, 0xFF, 0xFF, 0xE3, 0x00, 0x08,
    0xFF, 0xCF, 0xFF, 0xFF, 0xFE, 0x10, 0x08, 0xFF, 0xFD, 0x75, 0xAF, 0xFF, 0x70, 0x08, 0xFF, 0xE1,
    0x00, 0x0A, 0xFF, 0xA0, 0x08, 0xFF, 0x80, 0x00, 0x04, 0xFF, 0xB0, 0x08, 0xFF, 0x60, 0x00, 0x03,
    0xFF, 0xB0, 0x08, 0xFF, 0x60, 0x00, 0x03, 0xFF, 0xB0, 0x08, 0xFF, 0x60, 0x00, 0x03, 0xFF, 0xB0,
    0x08, 0xFF, 0x60, 0x00, 0x03, 0xFF, 0xB0, 0x08, 0xFF, 0x60, 0x00, 0x03, 0xFF, 0xB0, 0x08, 0xFF,
    0x60, 0x00, 0x03, 0xFF, 0xB0, 0x08, 0xFF, 0x60, 0x00, 0x03, 0xFF, 0xB0, 0x08, 0xFF, 0x60, 0x00,
    0x03, 0xFF, 0xB0, 0x00, 0x00, 0x03, 0x56, 0x40, 0x00, 0x00, 0x00, 0x05, 0xEF, 0xFF, 0xFE, 0x60,
    0x00, 0x00, 0x7F, 0xFF, 0xFF, 0xFF, 0xF9, 0x00, 0x02, 0xFF, 0xFC, 0x66, 0xBF, 0xFF, 0x40, 0x09,
    0xFF, 0xB0, 0x00, 0x09, 0xFF, 0xB0, 0x0E, 0xFF, 0x30, 0x00, 0x01, 0xFF, 0xF0, 0x0F, 0xFF, 0x00,
    0x00, 0x00, 0xDF, 0xF2, 0x1F, 0xFE, 0x00, 0x00, 0x00, 0xCF, 0xF3, 0x0F, 0xFF, 0x00, 0x00, 0x00,
    0xDF, 0xF2, 0x0D, 0xFF, 0x40, 0x00, 0x02, 0xFF, 0xF0, 0x08, 0xFF, 0xC0, 0x00, 0x0B, 0xFF, 0xA0,
    0x02, 0xFF, 0xFD, 0x87, 0xDF, 0xFF, 0x30, 0x00, 0x5F, 0xFF, 0xFF, 0xFF, 0xF7, 0x00, 0x00, 0x04,
    0xCF, 0xFF, 0xFD, 0x50, 0x00, 0x00, 0x00, 0x02, 0x44, 0x20, 0x00, 0x00, 0x01, 0x22, 0x00, 0x05,
    0x64, 0x00, 0x00, 0x00, 0x08, 0xFF, 0x66, 0xFF, 0xFF, 0xD4, 0x00, 0x00, 0x08, 0xFF, 0xCF, 0xFF,
    0xFF, 0xFF, 0x30, 0x00, 0x08, 0xFF, 0xFF, 0x96, 0x9F, 0xFF, 0xD0, 0x00, 0x08, 0xFF, 0xF3, 0x00,
    0x04, 0xFF, 0xF3, 0x00, 0x08, 0xFF, 0xA0, 0x00, 0x00, 0xAF, 0xF7, 0x00, 0x08, 0xFF, 0x60, 0x00,
    0x00, 0x6F, 0xF9, 0x00, 0x08, 0xFF, 0x50, 0x00, 0x00, 0x5F, 0xFA, 0x00, 0x08, 0xFF, 0x60, 0x00,
    0x00, 0x6F, 0xF9, 0x00, 0x08, 0xFF, 0xB0, 0x00, 0x00, 0xBF, 0xF6, 0x00, 0x08, 0xFF, 0xF4, 0x00,
    0x05, 0xFF, 0xF2, 0x00, 0x08, 0xFF, 0xFF, 0xA7, 0xAF, 0xFF, 0xB0, 0x00, 0x08, 0xFF, 0xBF, 0xFF,
    0xFF, 0xFE, 0x20, 0x00, 0x08, 0xFF, 0x65, 0xEF, 0xFF, 0xC2, 0x00, 0x00, 0x08, 0xFF, 0x60, 0x03,
    0x42, 0x00, 0x00, 0x00, 0x08, 0xFF, 0x60, 0x00, 0x00, 0x00, 0x00, 0x00, 0x08, 0xFF, 0x60, 0x00,
    0x00, 0x00, 0x00, 0x00, 0x08, 0xFF, 0x60, 0x00, 0x00, 0x00, 0x00, 0x00, 0x08, 0xFF, 0x60, 0x00,
    0x00, 0x00, 0x00, 0x00, 0x00, 0x00, 0x14, 0x63, 0x00, 0x12, 0x20, 0x00, 0x00, 0x08, 0xFF, 0xFF,
    0xC2, 0xDF, 0xF1, 0x00, 0x00, 0x9F, 0xFF, 0xFF, 0xFD, 0xEF, 0xF1, 0x00, 0x03, 0xFF, 0xFD, 0x76,
    0xCF, 0xFF, 0xF1, 0x00, 0x0A, 0xFF, 0xC0, 0x00, 0x0A, 0xFF, 0xF1, 0x00, 0x0E, 0xFF, 0x40, 0x00,
    0x01, 0xFF, 0xF1, 0x00, 0x0F, 0xFF, 0x00, 0x00, 0x00, 0xDF, 0xF1, 0x00, 0x1F, 0xFE, 0x00, 0x00,
    0x00, 0xCF, 0xF1, 0x00, 0x0F, 0xFF, 0x00, 0x00, 0x00, 0xDF, 0xF1, 0x00, 0x0D, 0xFF, 0x40, 0x00,
    0x01, 0xFF, 0xF1, 0x00, 0x09, 0xFF, 0xD1, 0x00, 0x0B, 0xFF, 0xF1, 0x00, 0x02, 0xFF, 0xFE, 0x88,
    0xDF, 0xFF, 0xF1, 0x00, 0x00, 0x6F, 0xFF, 0xFF, 0xFD, 0xEF, 0xF1, 0x00, 0x00, 0x05, 0xEF, 0xFF,
    0xC1, 0xDF, 0xF1, 0x00, 0x00, 0x00, 0x03, 0x42, 0x00, 0xDF, 0xF1, 0x00, 0x00, 0x00, 0x00, 0x00,
    0x00, 0xDF, 0xF1, 0x00, 0x00, 0x00, 0x00, 0x00, 0x00, 0xDF, 0xF1, 0x00, 0x00, 0x00, 0x00, 0x00,
    0x00, 0xDF, 0xF1, 0x00, 0x00, 0x00, 0x00, 0x00, 0x00, 0xDF, 0xF1, 0x00, 0x01, 0x22, 0x00, 0x02,
    0x53, 0x08, 0xFF, 0x61, 0xAF, 0xF8, 0x08, 0xFF, 0x7D, 0xFF, 0xF8, 0x08, 0xFF, 0xEF, 0xFB, 0x94,
    0x08, 0xFF, 0xFA, 0x10, 0x00, 0x08, 0xFF, 0xC0, 0x00, 0x00, 0x08, 0xFF, 0x70, 0x00, 0x00, 0x08,
    0xFF, 0x60, 0x00, 0x00, 0x08, 0xFF, 0x60, 0x00, 0x00, 0x08, 0xFF, 0x60, 0x00, 0x00, 0x08, 0xFF,
    0x60, 0x00, 0x00, 0x08, 0xFF, 0x60, 0x00, 0x00, 0x08, 0xFF, 0x60, 0x00, 0x00, 0x08, 0xFF, 0x60,
    0x00, 0x00, 0x00, 0x00, 0x46, 0x63, 0x00, 0x00, 0x00, 0x7F, 0xFF, 0xFF, 0xE5, 0x00, 0x07, 0xFF,
    0xFF, 0xFF, 0xFF, 0x60, 0x0E, 0xFF, 0x71, 0x17, 0xFF, 0xA0, 0x0F, 0xFF, 0x00, 0x00, 0x66, 0x00,
    0x0E, 0xFF, 0xA2, 0x00, 0x00, 0x00, 0x06, 0xFF, 0xFF, 0xD8, 0x30, 0x00, 0x00, 0x5E, 0xFF, 0xFF,
    0xFA, 0x00, 0x00, 0x00, 0x49, 0xEF, 0xFF, 0xB0, 0x00, 0x00, 0x00, 0x05, 0xFF, 0xF2, 0x04, 0xE4,
    0x00, 0x00, 0xDF, 0xF3, 0x3F, 0xFF, 0x83, 0x38, 0xFF, 0xF0, 0x09, 0xFF, 0xFF, 0xFF, 0xFF, 0x60,
    0x00, 0x6D, 0xFF, 0xFF, 0xE5, 0x00, 0x00, 0x00, 0x24, 0x42, 0x00, 0x00, 0x00, 0x69, 0x93, 0x00,
    0x00, 0x00, 0xAF, 0xF5, 0x00, 0x00, 0x00, 0xAF, 0xF5, 0x00, 0x00, 0x00, 0xAF, 0xF5, 0x00, 0x00,
    0x7B, 0xFF, 0xFF, 0xBB, 0x90, 0xAF, 0xFF, 0xFF, 0xFF, 0xE0, 0xAF, 0xFF, 0xFF, 0xFF, 0xD0, 0x00,
    0xAF, 0xF5, 0x00, 0x00, 0x00, 0xAF, 0xF5, 0x00, 0x00, 0x00, 0xAF, 0xF5, 0x00, 0x00, 0x00, 0xAF,
    0xF5, 0x00, 0x00, 0x00, 0xAF, 0xF5, 0x00, 0x00, 0x00, 0xAF, 0xF5, 0x00, 0x00, 0x00, 0x9F, 0xF8,
    0x00, 0x00, 0x00, 0x7F, 0xFF, 0xA8, 0x60, 0x00, 0x1F, 0xFF, 0xFF, 0x90, 0x00, 0x04, 0xEF, 0xFF,
    0x90, 0x00, 0x00, 0x03, 0x43, 0x00, 0x01, 0x22, 0x00, 0x00, 0x00, 0x22, 0x10, 0x08, 0xFF, 0x60,
    0x00, 0x03, 0xFF, 0xB0, 0x08, 0xFF, 0x60, 0x00, 0x03, 0xFF, 0xB0, 0x08, 0xFF, 0x60, 0x00, 0x03,
    0xFF, 0xB0, 0x08, 0xFF, 0x60, 0x00, 0x03, 0xFF, 0xB0, 0x08, 0xFF, 0x60, 0x00, 0x03, 0xFF, 0xB0,
    0x08, 0xFF, 0x60, 0x00, 0x03, 0xFF, 0xB0, 0x08, 0xFF, 0x60, 0x00, 0x03, 0xFF, 0xB0, 0x08, 0xFF,
    0x60, 0x00, 0x03, 0xFF, 0xB0, 0x08, 0xFF, 0x80, 0x00, 0x05, 0xFF, 0xB0, 0x07, 0xFF, 0xD0, 0x00,
    0x0C, 0xFF, 0xB0, 0x03, 0xFF, 0xFD, 0x77, 0xDF, 0xFF, 0xB0, 0x00, 0xBF, 0xFF, 0xFF, 0xFA, 0xFF,
    0xB0, 0x00, 0x1B, 0xFF, 0xFF, 0x73, 0xFF, 0xB0, 0x00, 0x00, 0x24, 0x40, 0x00, 0x00, 0x00, 0x02,
    0x22, 0x00, 0x00, 0x00, 0x02, 0x21, 0x0E, 0xFF, 0x40, 0x00, 0x00, 0x6F, 0xFB, 0x08, 0xFF, 0x90,
    0x00, 0x00, 0xCF, 0xF5, 0x02, 0xFF, 0xE0, 0x00, 0x01, 0xFF, 0xE0, 0x00, 0xCF, 0xF4, 0x00, 0x07,
    0xFF, 0x90, 0x00, 0x6F, 0xFA, 0x00, 0x0C, 0xFF, 0x30, 0x00, 0x0F, 0xFF, 0x00, 0x2F, 0xFC, 0x00,
    0x00, 0x0A, 0xFF, 0x50, 0x7F, 0xF6, 0x00, 0x00, 0x04, 0xFF, 0xB0, 0xDF, 0xF1, 0x00, 0x00, 0x00,
    0xDF, 0xF3, 0xFF, 0xA0, 0x00, 0x00, 0x00, 0x7F, 0xFD, 0xFF, 0x40, 0x00, 0x00, 0x00, 0x1F, 0xFF,
    0xFD, 0x00, 0x00, 0x00, 0x00, 0x0B, 0xFF, 0xF7, 0x00, 0x00, 0x00, 0x00, 0x05, 0xFF, 0xF1, 0x00,
    0x00, 0x02, 0x22, 0x00, 0x00, 0x01, 0x22, 0x00, 0x00, 0x00, 0x22, 0x10, 0x0E, 0xFF, 0x30, 0x00,
    0x0D, 0xFF, 0x80, 0x00, 0x08, 0xFF, 0xA0, 0x09, 0xFF, 0x80, 0x00, 0x1F, 0xFF, 0xD0, 0x00, 0x0C,
    0xFF, 0x40, 0x04, 0xFF, 0xC0, 0x00, 0x6F, 0xFF, 0xF1, 0x00, 0x1F, 0xFF, 0x00, 0x00, 0xEF, 0xF1,
    0x00, 0xAF, 0xEF, 0xF6, 0x00, 0x5F, 0xFA, 0x00, 0x00, 0xAF, 0xF5, 0x00, 0xEF, 0x8D, 0xFA, 0x00,
    0x9F, 0xF5, 0x00, 0x00, 0x4F, 0xF9, 0x03, 0xFF, 0x48, 0xFE, 0x00, 0xDF, 0xF0, 0x00, 0x00, 0x0F,
    0xFD, 0x07, 0xFF, 0x04, 0xFF, 0x32, 0xFF, 0xB0, 0x00, 0x00, 0x0A, 0xFF, 0x2C, 0xFB, 0x00, 0xFF,
    0x76, 0xFF, 0x60, 0x00, 0x00, 0x05, 0xFF, 0x7F, 0xF6, 0x00, 0xBF, 0xCB, 0xFF, 0x10, 0x00, 0x00,
    0x00, 0xFF, 0xFF, 0xF2, 0x00, 0x6F, 0xFF, 0xFB, 0x00, 0x00, 0x00, 0x00, 0xBF, 0xFF, 0xD0, 0x00,
    0x2F, 0xFF, 0xF6, 0x00, 0x00, 0x00, 0x00, 0x6F, 0xFF, 0x90, 0x00, 0x0D, 0xFF, 0xF1, 0x00, 0x00,
    0x00, 0x00, 0x1F, 0xFF, 0x40, 0x00, 0x09, 0xFF, 0xC0, 0x00, 0x00, 0x01, 0x22, 0x10, 0x00, 0x00,
    0x12, 0x20, 0x05, 0xFF, 0xF2, 0x00, 0x04, 0xFF, 0xF2, 0x00, 0x9F, 0xFC, 0x00, 0x0E, 0xFF, 0x60,
    0x00, 0x0D, 0xFF, 0x60, 0x9F, 0xFA, 0x00, 0x00, 0x03, 0xFF, 0xF5, 0xFF, 0xE1, 0x00, 0x00, 0x00,
    0x8F, 0xFF, 0xFF, 0x40, 0x00, 0x00, 0x00, 0x0C, 0xFF, 0xF9, 0x00, 0x00, 0x00, 0x00, 0x09, 0xFF,
    0xF3, 0x00, 0x00, 0x00, 0x00, 0x3F, 0xFF, 0xFC, 0x00, 0x00, 0x00, 0x00, 0xDF, 0xFF, 0xFF, 0x80,
    0x00, 0x00, 0x0A, 0xFF, 0xA2, 0xFF, 0xF4, 0x00, 0x00, 0x5F, 0xFE, 0x10, 0x7F, 0xFE, 0x10, 0x01,
    0xEF, 0xF6, 0x00, 0x0C, 0xFF, 0xA0, 0x0C, 0xFF, 0xB0, 0x00, 0x02, 0xFF, 0xF6, 0x02, 0x22, 0x00,
    0x00, 0x00, 0x02, 0x22, 0x00, 0x0E, 0xFF, 0x50, 0x00, 0x00, 0x4F, 0xFF, 0x00, 0x08, 0xFF, 0xB0,
    0x00, 0x00, 0x9F, 0xF9, 0x00, 0x02, 0xFF, 0xF1, 0x00, 0x00, 0xEF, 0xF3, 0x00, 0x00, 0xBF, 0xF6,
    0x00, 0x04, 0xFF, 0xC0, 0x00, 0x00, 0x5F, 0xFC, 0x00, 0x0A, 0xFF, 0x60, 0x00, 0x00, 0x0E, 0xFF,
    0x20, 0x0F, 0xFF, 0x00, 0x00, 0x00, 0x09, 0xFF, 0x70, 0x5F, 0xF9, 0x00, 0x00, 0x00, 0x02, 0xFF,
    0xD0, 0xBF, 0xF3, 0x00, 0x00, 0x00, 0x00, 0xCF, 0xF4, 0xFF, 0xD0, 0x00, 0x00, 0x00, 0x00, 0x6F,
    0xFE, 0xFF, 0x60, 0x00, 0x00, 0x00, 0x00, 0x0F, 0xFF, 0xFF, 0x10, 0x00, 0x00, 0x00, 0x00, 0x09,
    0xFF, 0xFA, 0x00, 0x00, 0x00, 0x00, 0x00, 0x03, 0xFF, 0xF3, 0x00, 0x00, 0x00, 0x00, 0x00, 0x03,
    0xFF, 0xD0, 0x00, 0x00, 0x00, 0x00, 0x00, 0x0A, 0xFF, 0x70, 0x00, 0x00, 0x00, 0x00, 0x00, 0x1F,
    0xFF, 0x10, 0x00, 0x00, 0x00, 0x00, 0x00, 0x7F, 0xFA, 0x00, 0x00, 0x00, 0x00, 0x00, 0x00, 0xDF,
    0xF4, 0x00, 0x00, 0x00, 0x00, 0x02, 0x22, 0x22, 0x22, 0x22, 0x10, 0x3F, 0xFF, 0xFF, 0xFF, 0xFF,
    0xD0, 0x3F, 0xFF, 0xFF, 0xFF, 0xFF, 0xD0, 0x2A, 0xAA, 0xAA, 0xBF, 0xFF, 0x70, 0x00, 0x00, 0x00,
    0xBF, 0xFB, 0x00, 0x00, 0x00, 0x07, 0xFF, 0xD1, 0x00, 0x00, 0x00, 0x4F, 0xFF, 0x30, 0x00, 0x00,
    0x01, 0xEF, 0xF6, 0x00, 0x00, 0x00, 0x0C, 0xFF, 0x90, 0x00, 0x00, 0x00, 0x9F, 0xFD, 0x00, 0x00,
    0x00, 0x05, 0xFF, 0xF2, 0x00, 0x00, 0x00, 0x2F, 0xFF, 0xEC, 0xCC, 0xCC, 0xC1, 0x6F, 0xFF, 0xFF,
    0xFF, 0xFF, 0xF2, 0x6F, 0xFF, 0xFF, 0xFF, 0xFF, 0xF2, 0x00, 0x00, 0x04, 0x9B, 0x50, 0x00, 0x00,
    0xAF, 0xFF, 0x60, 0x00, 0x05, 0xFF, 0xFE, 0x50, 0x00, 0x0A, 0xFF, 0x70, 0x00, 0x00, 0x0B, 0xFF,
    0x00, 0x00, 0x00, 0x0C, 0xFF, 0x00, 0x00, 0x00, 0x0C, 0xFF, 0x00, 0x00, 0x00, 0x0D, 0xFF, 0x00,
    0x00, 0x00, 0x3F, 0xFC, 0x00, 0x00, 0x5B, 0xFF, 0xF6, 0x00, 0x00, 0x9F, 0xFF, 0x50, 0x00, 0x00,
    0x9F, 0xFF, 0xD1, 0x00, 0x00, 0x02, 0x9F, 0xFA, 0x00, 0x00, 0x00, 0x0E, 0xFE, 0x00, 0x00, 0x00,
    0x0C, 0xFF, 0x00, 0x00, 0x00, 0x0C, 0xFF, 0x00, 0x00, 0x00, 0x0C, 0xFF, 0x00, 0x00, 0x00, 0x0B,
    0xFF, 0x30, 0x00, 0x00, 0x07, 0xFF, 0xE8, 0x20, 0x00, 0x01, 0xEF, 0xFF, 0x60, 0x00, 0x00, 0x2A,
    0xFF, 0x60, 0x00, 0x00, 0x00, 0x02, 0x10, 0x06, 0xCC, 0x30, 0x08, 0xFF, 0x40, 0x08, 0xFF, 0x40,
    0x08, 0xFF, 0x40, 0x08, 0xFF, 0x40, 0x08, 0xFF, 0x40, 0x08, 0xFF, 0x40, 0x08, 0xFF, 0x40, 0x08,
    0xFF, 0x40, 0x08, 0xFF, 0x40, 0x08, 0xFF, 0x40, 0x08, 0xFF, 0x40, 0x08, 0xFF, 0x40, 0x08, 0xFF,
    0x40, 0x08, 0xFF, 0x40, 0x08, 0xFF, 0x40, 0x08, 0xFF, 0x40, 0x08, 0xFF, 0x40, 0x08, 0xFF, 0x40,
    0x08, 0xFF, 0x40, 0x08, 0xFF, 0x40, 0x01, 0x33, 0x00, 0x7B, 0x83, 0x00, 0x00, 0x00, 0x9F, 0xFF,
    0x70, 0x00, 0x00, 0x7E, 0xFF, 0xF2, 0x00, 0x00, 0x00, 0x9F, 0xF7, 0x00, 0x00, 0x00, 0x3F, 0xF9,
    0x00, 0x00, 0x00, 0x2F, 0xFA, 0x00, 0x00, 0x00, 0x2F, 0xFA, 0x00, 0x00, 0x00, 0x1F, 0xFB, 0x00,
    0x00, 0x00, 0x0F, 0xFF, 0x10, 0x00, 0x00, 0x08, 0xFF, 0xFB, 0x40, 0x00, 0x00, 0x7F, 0xFF, 0x60,
    0x00, 0x03, 0xEF, 0xFF, 0x60, 0x00, 0x0C, 0xFF, 0x82, 0x00, 0x00, 0x0F, 0xFC, 0x00, 0x00, 0x00,
    0x1F, 0xFA, 0x00, 0x00, 0x00, 0x2F, 0xFA, 0x00, 0x00, 0x00, 0x2F, 0xF9, 0x00, 0x00, 0x00, 0x5F,
    0xF8, 0x00, 0x00, 0x38, 0xFF, 0xF5, 0x00, 0x00, 0x9F, 0xFF, 0xD0, 0x00, 0x00, 0x9F, 0xF9, 0x10,
    0x00, 0x00, 0x12, 0x00, 0x00, 0x00, 0x00, 0x00, 0x00, 0x10, 0x00, 0x00, 0x10, 0x00, 0x00, 0x5E,
    0xFF, 0x81, 0x00, 0xCD, 0x40, 0x05, 0xFF, 0xFF, 0xFF, 0xBD, 0xFF, 0x90, 0x0E, 0xFF, 0xCE, 0xFF,
    0xFF, 0xFE, 0x10, 0x07, 0xF6, 0x00, 0x6E, 0xFF, 0xC2, 0x00, 0x00, 0x10, 0x00, 0x00, 0x21, 0x00,
    0x00, 0x00, 0x00, 0x00, 0x00, 0x00, 0x00, 0x00, 0x00, 0x00, 0x00, 0x00, 0x00, 0x00, 0x00, 0x00,
    0x00, 0x00, 0x00, 0x00, 0x00, 0x00, 0x00, 0x00, 0x00, 0x00, 0x00, 0x00, 0x00, 0x00, 0x00, 0x00,
    0x00, 0x00, 0x00, 0x00, 0x00, 0x00, 0x00, 0x00, 0x00, 0x00, 0x00, 0x00, 0x00, 0x00, 0x00, 0x00,
    0x00, 0x3C, 0xFF, 0xC3, 0x00, 0x03, 0xFF, 0xCC, 0xFF, 0x20, 0x0C, 0xF5, 0x00, 0x6F, 0xA0, 0x0F,
    0xD0, 0x00, 0x0F, 0xE0, 0x0F, 0xE0, 0x00, 0x0F, 0xD0, 0x0A, 0xF7, 0x00, 0x9F, 0x90, 0x02, 0xEF,
    0xEF, 0xFE, 0x10, 0x00, 0x19, 0xDD, 0x81, 0x00, 0x00, 0x00, 0x00, 0x00, 0x00, 0x00, 0x00, 0x00,
    0x00, 0x00, 0x00, 0x00, 0x00, 0x00, 0x00, 0x00, 0x00, 0x00, 0x00, 0x00, 0x00, 0x00, 0x00, 0x00,
    0x00, 0x00, 0x00, 0x00, 0x00, 0x00, 0x00, 0x00, 0x00, 0x00, 0x00, 0x00, 0x00, 0x00, 0x00, 0x00,
    0x00, 0x00, 0x00, 0x00, 0x00, 0x00, 0x00, 0x00, 0x00, 0x00, 0x00, 0x00, 0x00, 0x00, 0x00, 0x00,
    0x00, 0x00, 0x7F, 0xF5, 0x00, 0x00, 0x00, 0x00, 0xFF, 0xFD, 0x00, 0x00, 0x00, 0x00, 0xEF, 0xFB,
    0x00, 0x00, 0x00, 0x00, 0x3B, 0xA2, 0x00, 0x00, 0x00, 0x00, 0x00, 0x00, 0x00, 0x00, 0x00, 0x00,
    0x00, 0x00, 0x00, 0x00, 0x00, 0x00, 0x00, 0x00, 0x00, 0x00, 0x00, 0x00, 0x00, 0x00, 0x00, 0x00,
    0x00, 0x00, 0x00, 0x00, 0x00, 0x00, 0x00, 0x00, 0x00, 0x00, 0x00, 0x00, 0x00, 0x00, 0x00, 0x00,
    0x00, 0x00, 0x00, 0x00, 0x00, 0x03, 0x00, 0x00, 0x00, 0x00, 0x00, 0x00, 0x00, 0x00, 0x9F, 0x40,
    0x00, 0x00, 0x00, 0x00, 0x00, 0x00, 0x05, 0xFF, 0xF2, 0x00, 0x00, 0x00, 0x00, 0x00, 0x00, 0x00,
    0x7F, 0xFD, 0x10, 0x00, 0x00, 0x00, 0x00, 0x00, 0x00, 0x03, 0xED, 0x10, 0x00, 0x00, 0x00, 0x00,
    0x00, 0x00, 0x00, 0x10, 0x00, 0x00, 0x00, 0x00, 0x00, 0x00, 0x00, 0x3C, 0xCB, 0x10, 0x00, 0x00,
    0x00, 0x00, 0x00, 0x00, 0xAF, 0xFF, 0x60, 0x00, 0x00, 0x00, 0x00, 0x00, 0x01, 0xFF, 0xFF, 0xC0,
    0x00, 0x00, 0x00, 0x00, 0x00, 0x06, 0xFF, 0xFF, 0xF2, 0x00, 0x00, 0x00, 0x00, 0x00, 0x0C, 0xFF,
    0xCF, 0xF8, 0x00, 0x00, 0x00, 0x00, 0x00, 0x2F, 0xFE, 0x2F, 0xFE, 0x00, 0x00, 0x00, 0x00, 0x00,
    0x8F, 0xF8, 0x0C, 0xFF, 0x40, 0x00, 0x00, 0x00, 0x00, 0xEF, 0xF2, 0x06, 0xFF, 0xA0, 0x00, 0x00,
    0x00, 0x04, 0xFF, 0xD0, 0x01, 0xFF, 0xF1, 0x00, 0x00, 0x00, 0x0A, 0xFF, 0x70, 0x00, 0xBF, 0xF6,
    0x00, 0x00, 0x00, 0x0F, 0xFF, 0xFE, 0xEE, 0xFF, 0xFC, 0x00, 0x00, 0x00, 0x6F, 0xFF, 0xFF, 0xFF,
    0xFF, 0xFF, 0x20, 0x00, 0x00, 0xCF, 0xFF, 0xFF, 0xFF, 0xFF, 0xFF, 0x80, 0x00, 0x02, 0xFF, 0xF0,
    0x00, 0x00, 0x04, 0xFF, 0xE0, 0x00, 0x08, 0xFF, 0xA0, 0x00, 0x00, 0x00, 0xEF, 0xF4, 0x00, 0x0E,
    0xFF, 0x40, 0x00, 0x00, 0x00, 0x8F, 0xFA, 0x00, 0x4F, 0xFE, 0x00, 0x00, 0x00, 0x00, 0x2F, 0xFF,
    0x10, 0xAF, 0xF9, 0x00, 0x00, 0x00, 0x00, 0x0D, 0xFF, 0x60, 0x00, 0x00, 0x00, 0x00, 0x03, 0x00,
    0x00, 0x00, 0x00, 0x00, 0x00, 0x00, 0x00, 0x7F, 0x50, 0x00, 0x00, 0x00, 0x00, 0x00, 0x00, 0x05,
    0xFF, 0xF2, 0x00, 0x00, 0x00, 0x00, 0x00, 0x00, 0x3F, 0xFE, 0x40, 0x00, 0x00, 0x00, 0x00, 0x00,
    0x00, 0x3E, 0xC1, 0x00, 0x00, 0x00, 0x00, 0x00, 0x00, 0x00, 0x01, 0x00, 0x00, 0x00, 0x00, 0x00,
    0x00, 0x00, 0x00, 0x3C, 0xCB, 0x10, 0x00, 0x00, 0x00, 0x00, 0x00, 0x00, 0xAF, 0xFF, 0x60, 0x00,
    0x00, 0x00, 0x00, 0x00, 0x01, 0xFF, 0xFF, 0xC0, 0x00, 0x00, 0x00, 0x00, 0x00, 0x06, 0xFF, 0xFF,
    0xF2, 0x00, 0x00, 0x00, 0x00, 0x00, 0x0C, 0xFF, 0xCF, 0xF8, 0x00, 0x00, 0x00, 0x00, 0x00, 0x2F,
    0xFE, 0x2F, 0xFE, 0x00, 0x00, 0x00, 0x00, 0x00, 0x8F, 0xF8, 0x0C, 0xFF, 0x40, 0x00, 0x00, 0x00,
    0x00, 0xEF, 0xF2, 0x06, 0xFF, 0xA0, 0x00, 0x00, 0x00, 0x04, 0xFF, 0xD0, 0x01, 0xFF, 0xF1, 0x00,
    0x00, 0x00, 0x0A, 0xFF, 0x70, 0x00, 0xBF, 0xF6, 0x00, 0x00, 0x00, 0x0F, 0xFF, 0xFE, 0xEE, 0xFF,
    0xFC, 0x00, 0x00, 0x00, 0x6F, 0xFF, 0xFF, 0xFF, 0xFF, 0xFF, 0x20, 0x00, 0x00, 0xCF, 0xFF, 0xFF,
    0xFF, 0xFF, 0xFF, 0x80, 0x00, 0x02, 0xFF, 0xF0, 0x00, 0x00, 0x04, 0xFF, 0xE0, 0x00, 0x08, 0xFF,
    0xA0, 0x00, 0x00, 0x00, 0xEF, 0xF4, 0x00, 0x0E, 0xFF, 0x40, 0x00, 0x00, 0x00, 0x8F, 0xFA, 0x00,
    0x4F, 0xFE, 0x00, 0x00, 0x00, 0x00, 0x2F, 0xFF, 0x10, 0xAF, 0xF9, 0x00, 0x00, 0x00, 0x00, 0x0D,
    0xFF, 0x60, 0x00, 0x00, 0x00, 0x19, 0x98, 0x00, 0x00, 0x00, 0x00, 0x00, 0x00, 0x00, 0xCF, 0xFF,
    0x90, 0x00, 0x00, 0x00, 0x00, 0x00, 0x09, 0xFF, 0xBF, 0xF6, 0x00, 0x00, 0x00, 0x00, 0x00, 0x2F,
    0xE4, 0x06, 0xFD, 0x00, 0x00, 0x00, 0x00, 0x00, 0x02, 0x10, 0x00, 0x21, 0x00, 0x00, 0x00, 0x00,
    0x00, 0x00, 0x3C, 0xCB, 0x10, 0x00, 0x00, 0x00, 0x00, 0x00, 0x00, 0xAF, 0xFF, 0x60, 0x00, 0x00,
    0x00, 0x00, 0x00, 0x01, 0xFF, 0xFF, 0xC0, 0x00, 0x00, 0x00, 0x00, 0x00, 0x06, 0xFF, 0xFF, 0xF2,
    0x00, 0x00, 0x00, 0x00, 0x00, 0x0C, 0xFF, 0xCF, 0xF8, 0x00, 0x00, 0x00, 0x00, 0x00, 0x2F, 0xFE,
    0x2F, 0xFE, 0x00, 0x00, 0x00, 0x00, 0x00, 0x8F, 0xF8, 0x0C, 0xFF, 0x40, 0x00, 0x00, 0x00, 0x00,
    0xEF, 0xF2, 0x06, 0xFF, 0xA0, 0x00, 0x00, 0x00, 0x04, 0xFF, 0xD0, 0x01, 0xFF, 0xF1, 0x00, 0x00,
    0x00, 0x0A, 0xFF, 0x70, 0x00, 0xBF, 0xF6, 0x00, 0x00, 0x00, 0x0F, 0xFF, 0xFE, 0xEE, 0xFF, 0xFC,
    0x00, 0x00, 0x00, 0x6F, 0xFF, 0xFF, 0xFF, 0xFF, 0xFF, 0x20, 0x00, 0x00, 0xCF, 0xFF, 0xFF, 0xFF,
    0xFF, 0xFF, 0x80, 0x00, 0x02, 0xFF, 0xF0, 0x00, 0x00, 0x04, 0xFF, 0xE0, 0x00, 0x08, 0xFF, 0xA0,
    0x00, 0x00, 0x00, 0xEF, 0xF4, 0x00, 0x0E, 0xFF, 0x40, 0x00, 0x00, 0x00, 0x8F, 0xFA, 0x00, 0x4F,
    0xFE, 0x00, 0x00, 0x00, 0x00, 0x2F, 0xFF, 0x10, 0xAF, 0xF9, 0x00, 0x00, 0x00, 0x00, 0x0D, 0xFF,
    0x60, 0x00, 0x00, 0x00, 0x43, 0x00, 0x11, 0x00, 0x00, 0x00, 0x00, 0x00, 0x0C, 0xFF, 0x90, 0xAF,
    0x50, 0x00, 0x00, 0x00, 0x00, 0x8F, 0xFF, 0xFF, 0xFF, 0x30, 0x00, 0x00, 0x00, 0x00, 0x8F, 0x53,
    0xDF, 0xF8, 0x00, 0x00, 0x00, 0x00, 0x00, 0x01, 0x00, 0x04, 0x30, 0x00, 0x00, 0x00, 0x00, 0x00,
    0x00, 0x3C, 0xCB, 0x10, 0x00, 0x00, 0x00, 0x00, 0x00, 0x00, 0xAF, 0xFF, 0x60, 0x00, 0x00, 0x00,
    0x00, 0x00, 0x01, 0xFF, 0xFF, 0xC0, 0x00, 0x00, 0x00, 0x00, 0x00, 0x06, 0xFF, 0xFF, 0xF2, 0x00,
    0x00, 0x00, 0x00, 0x00, 0x0C, 0xFF, 0xCF, 0xF8, 0x00, 0x00, 0x00, 0x00, 0x00, 0x2F, 0xFE, 0x2F,
    0xFE, 0x00, 0x00, 0x00, 0x00, 0x00, 0x8F, 0xF8, 0x0C, 0xFF, 0x40, 0x00, 0x00, 0x00, 0x00, 0xEF,
    0xF2, 0x06, 0xFF, 0xA0, 0x00, 0x00, 0x00, 0x04, 0xFF, 0xD0, 0x01, 0xFF, 0xF1, 0x00, 0x00, 0x00,
    0x0A, 0xFF, 0x70, 0x00, 0xBF, 0xF6, 0x00, 0x00, 0x00, 0x0F, 0xFF, 0xFE, 0xEE, 0xFF, 0xFC, 0x00,
    0x00, 0x00, 0x6F, 0xFF, 0xFF, 0xFF, 0xFF, 0xFF, 0x20, 0x00, 0x00, 0xCF, 0xFF, 0xFF, 0xFF, 0xFF,
    0xFF, 0x80, 0x00, 0x02, 0xFF, 0xF0, 0x00, 0x00, 0x04, 0xFF, 0xE0, 0x00, 0x08, 0xFF, 0xA0, 0x00,
    0x00, 0x00, 0xEF, 0xF4, 0x00, 0x0E, 0xFF, 0x40, 0x00, 0x00, 0x00, 0x8F, 0xFA, 0x00, 0x4F, 0xFE,
    0x00, 0x00, 0x00, 0x00, 0x2F, 0xFF, 0x10, 0xAF, 0xF9, 0x00, 0x00, 0x00, 0x00, 0x0D, 0xFF, 0x60,
    0x00, 0x00, 0x00, 0x30, 0x00, 0x00, 0x00, 0x00, 0x00, 0x08, 0xF5, 0x00, 0x00, 0x00, 0x00, 0x00,
    0x4F, 0xFF, 0x30, 0x00, 0x00, 0x00, 0x00, 0x06, 0xFF, 0xE1, 0x00, 0x00, 0x00, 0x00, 0x00, 0x3D,
    0xD2, 0x00, 0x00, 0x00, 0x00, 0x00, 0x00, 0x10, 0x00, 0x00, 0x03, 0xCC, 0xCC, 0xCC, 0xCC, 0xCC,
    0xC2, 0x04, 0xFF, 0xFF, 0xFF, 0xFF, 0xFF, 0xF3, 0x04, 0xFF, 0xFF, 0xFF, 0xFF, 0xFF, 0xF3, 0x04,
    0xFF, 0xB0, 0x00, 0x00, 0x00, 0x00, 0x04, 0xFF, 0xB0, 0x00, 0x00, 0x00, 0x00, 0x04, 0xFF, 0xB0,
    0x00, 0x00, 0x00, 0x00, 0x04, 0xFF, 0xB0, 0x00, 0x00, 0x00, 0x00, 0x04, 0xFF, 0xD8, 0x88, 0x88,
    0x88, 0x50, 0x04, 0xFF, 0xFF, 0xFF, 0xFF, 0xFF, 0xB0, 0x04, 0xFF, 0xFF, 0xFF, 0xFF, 0xFF, 0xB0,
    0x04, 0xFF, 0xC4, 0x44, 0x44, 0x44, 0x30, 0x04, 0xFF, 0xB0, 0x00, 0x00, 0x00, 0x00, 0x04, 0xFF,
    0xB0, 0x00, 0x00, 0x00, 0x00, 0x04, 0xFF, 0xB0, 0x00, 0x00, 0x00, 0x00, 0x04, 0xFF, 0xB0, 0x00,
    0x00, 0x00, 0x00, 0x04, 0xFF, 0xFC, 0xCC, 0xCC, 0xCC, 0xC6, 0x04, 0xFF, 0xFF, 0xFF, 0xFF, 0xFF,
    0xF7, 0x04, 0xFF, 0xFF, 0xFF, 0xFF, 0xFF, 0xF7, 0x00, 0x00, 0x00, 0x00, 0x30, 0x00, 0x00, 0x00,
    0x00, 0x00, 0x06, 0xF6, 0x00, 0x00, 0x00, 0x00, 0x00, 0x4F, 0xFF, 0x30, 0x00, 0x00, 0x00, 0x02,
    0xEF, 0xF5, 0x00, 0x00, 0x00, 0x00, 0x03, 0xED, 0x20, 0x00, 0x00, 0x00, 0x00, 0x00, 0x10, 0x00,
    0x00, 0x00, 0x03, 0xCC, 0xCC, 0xCC, 0xCC, 0xCC, 0xC2, 0x04, 0xFF, 0xFF, 0xFF, 0xFF, 0xFF, 0xF3,
    0x04, 0xFF, 0xFF, 0xFF, 0xFF, 0xFF, 0xF3, 0x04, 0xFF, 0xB0, 0x00, 0x00, 0x00, 0x00, 0x04, 0xFF,
    0xB0, 0x00, 0x00, 0x00, 0x00, 0x04, 0xFF, 0xB0, 0x00, 0x00, 0x00, 0x00, 0x04, 0xFF, 0xB0, 0x00,
    0x00, 0x00, 0x00, 0x04, 0xFF, 0xD8, 0x88, 0x88, 0x88, 0x50, 0x04, 0xFF, 0xFF, 0xFF, 0xFF, 0xFF,
    0xB0, 0x04, 0xFF, 0xFF, 0xFF, 0xFF, 0xFF, 0xB0, 0x04, 0xFF, 0xC4, 0x44, 0x44, 0x44, 0x30, 0x04,
    0xFF, 0xB0, 0x00, 0x00, 0x00, 0x00, 0x04, 0xFF, 0xB0, 0x00, 0x00, 0x00, 0x00, 0x04, 0xFF, 0xB0,
    0x00, 0x00, 0x00, 0x00, 0x04, 0xFF, 0xB0, 0x00, 0x00, 0x00, 0x00, 0x04, 0xFF, 0xFC, 0xCC, 0xCC,
    0xCC, 0xC6, 0x04, 0xFF, 0xFF, 0xFF, 0xFF, 0xFF, 0xF7, 0x04, 0xFF, 0xFF, 0xFF, 0xFF, 0xFF, 0xF7,
    0x00, 0x00, 0x00, 0x89, 0x80, 0x00, 0x00, 0x00, 0x00, 0x0B, 0xFF, 0xFA, 0x00, 0x00, 0x00, 0x00,
    0x8F, 0xFB, 0xFF, 0x70, 0x00, 0x00, 0x01, 0xEE, 0x40, 0x5F, 0xE0, 0x00, 0x00, 0x00, 0x12, 0x00,
    0x02, 0x10, 0x00, 0x03, 0xCC, 0xCC, 0xCC, 0xCC, 0xCC, 0xC2, 0x04, 0xFF, 0xFF, 0xFF, 0xFF, 0xFF,
    0xF3, 0x04, 0xFF, 0xFF, 0xFF, 0xFF, 0xFF, 0xF3, 0x04, 0xFF, 0xB0, 0x00, 0x00, 0x00, 0x00, 0x04,
    0xFF, 0xB0, 0x00, 0x00, 0x00, 0x00, 0x04, 0xFF, 0xB0, 0x00, 0x00, 0x00, 0x00, 0x04, 0xFF, 0xB0,
    0x00, 0x00, 0x00, 0x00, 0x04, 0xFF, 0xD8, 0x88, 0x88, 0x88, 0x50, 0x04, 0xFF, 0xFF, 0xFF, 0xFF,
    0xFF, 0xB0, 0x04, 0xFF, 0xFF, 0xFF, 0xFF, 0xFF, 0xB0, 0x04, 0xFF, 0xC4, 0x44, 0x44, 0x44, 0x30,
    0x04, 0xFF, 0xB0, 0x00, 0x00, 0x00, 0x00, 0x04, 0xFF, 0xB0, 0x00, 0x00, 0x00, 0x00, 0x04, 0xFF,
    0xB0, 0x00, 0x00, 0x00, 0x00, 0x04, 0xFF, 0xB0, 0x00, 0x00, 0x00, 0x00, 0x04, 0xFF, 0xFC, 0xCC,
    0xCC, 0xCC, 0xC6, 0x04, 0xFF, 0xFF, 0xFF, 0xFF, 0xFF, 0xF7, 0x04, 0xFF, 0xFF, 0xFF, 0xFF, 0xFF,
    0xF7, 0x00, 0x30, 0x00, 0x0B, 0xE2, 0x00, 0x8F, 0xFD, 0x10, 0x09, 0xFF, 0xB0, 0x00, 0x5F, 0xB0,
    0x00, 0x01, 0x00, 0x03, 0xCC, 0x80, 0x05, 0xFF, 0xB0, 0x05, 0xFF, 0xB0, 0x05, 0xFF, 0xB0, 0x05,
    0xFF, 0xB0, 0x05, 0xFF, 0xB0, 0x05, 0xFF, 0xB0, 0x05, 0xFF, 0xB0, 0x05, 0xFF, 0xB0, 0x05, 0xFF,
    0xB0, 0x05, 0xFF, 0xB0, 0x05, 0xFF, 0xB0, 0x05, 0xFF, 0xB0, 0x05, 0xFF, 0xB0, 0x05, 0xFF, 0xB0,
    0x05, 0xFF, 0xB0, 0x05, 0xFF, 0xB0, 0x05, 0xFF, 0xB0, 0x00, 0x00, 0x30, 0x00, 0x00, 0x0A, 0xF3,
    0x00, 0x00, 0x8F, 0xFE, 0x00, 0x05, 0xFF, 0xD2, 0x00, 0x05, 0xFA, 0x00, 0x00, 0x00, 0x20, 0x00,
    0x00, 0x03, 0xCC, 0x80, 0x00, 0x05, 0xFF, 0xB0, 0x00, 0x05, 0xFF, 0xB0, 0x00, 0x05, 0xFF, 0xB0,
    0x00, 0x05, 0xFF, 0xB0, 0x00, 0x05, 0xFF, 0xB0, 0x00, 0x05, 0xFF, 0xB0, 0x00, 0x05, 0xFF, 0xB0,
    0x00, 0x05, 0xFF, 0xB0, 0x00, 0x05, 0xFF, 0xB0, 0x00, 0x05, 0xFF, 0xB0, 0x00, 0x05, 0xFF, 0xB0,
    0x00, 0x05, 0xFF, 0xB0, 0x00, 0x05, 0xFF, 0xB0, 0x00, 0x05, 0xFF, 0xB0, 0x00, 0x05, 0xFF, 0xB0,
    0x00, 0x05, 0xFF, 0xB0, 0x00, 0x05, 0xFF, 0xB0, 0x00, 0x00, 0x00, 0x00, 0x00, 0x30, 0x00, 0x00,
    0x00, 0x00, 0x00, 0x00, 0x00, 0x00, 0x0A, 0xF3, 0x00, 0x00, 0x00, 0x00, 0x00, 0x00, 0x00, 0x00,
    0x7F, 0xFE, 0x10, 0x00, 0x00, 0x00, 0x00, 0x00, 0x00, 0x00, 0x08, 0xFF, 0xC0, 0x00, 0x00, 0x00,
    0x00, 0x00, 0x00, 0x00, 0x00, 0x4E, 0xC0, 0x00, 0x00, 0x00, 0x00, 0x00, 0x00, 0x00, 0x00, 0x02,
    0x00, 0x00, 0x00, 0x00, 0x00, 0x00, 0x00, 0x04, 0xAE, 0xFF, 0xFC, 0x71, 0x00, 0x00, 0x00, 0x00,
    0x00, 0xAF, 0xFF, 0xFF, 0xFF, 0xFE, 0x40, 0x00, 0x00, 0x00, 0x0C, 0xFF, 0xFF, 0xED, 0xFF, 0xFF,
    0xF5, 0x00, 0x00, 0x00, 0x7F, 0xFF, 0x91, 0x00, 0x05, 0xEF, 0xFE, 0x10, 0x00, 0x01, 0xFF, 0xF8,
    0x00, 0x00, 0x00, 0x1E, 0xFF, 0x90, 0x00, 0x06, 0xFF, 0xE0, 0x00, 0x00, 0x00, 0x06, 0xFF, 0xE0,
    0x00, 0x0A, 0xFF, 0x80, 0x00, 0x00, 0x00, 0x00, 0xFF, 0xF3, 0x00, 0x0C, 0xFF, 0x50, 0x00, 0x00,
    0x00, 0x00, 0xCF, 0xF5, 0x00, 0x0E, 0xFF, 0x30, 0x00, 0x00, 0x00, 0x00, 0xAF, 0xF6, 0x00, 0x0E,
    0xFF, 0x30, 0x00, 0x00, 0x00, 0x00, 0xAF, 0xF7, 0x00, 0x0D, 0xFF, 0x40, 0x00, 0x00, 0x00, 0x00,
    0xBF, 0xF5, 0x00, 0x0B, 0xFF, 0x70, 0x00, 0x00, 0x00, 0x00, 0xEF, 0xF4, 0x00, 0x07, 0xFF, 0xC0,
    0x00, 0x00, 0x00, 0x04, 0xFF, 0xF0, 0x00, 0x02, 0xFF, 0xF5, 0x00, 0x00, 0x00, 0x0D, 0xFF, 0xA0,
    0x00, 0x00, 0xAF, 0xFF, 0x50, 0x00, 0x01, 0xBF, 0xFF, 0x30, 0x00, 0x00, 0x1E, 0xFF, 0xFD, 0xA9,
    0xBF, 0xFF, 0xF8, 0x00, 0x00, 0x00, 0x02, 0xDF, 0xFF, 0xFF, 0xFF, 0xFF, 0x80, 0x00, 0x00, 0x00,
    0x00, 0x08, 0xEF, 0xFF, 0xFF, 0xC4, 0x00, 0x00, 0x00, 0x00, 0x00, 0x00, 0x02, 0x44, 0x31, 0x00,
    0x00, 0x00, 0x00, 0x00, 0x00, 0x00, 0x00, 0x00, 0x30, 0x00, 0x00, 0x00, 0x00, 0x00, 0x00, 0x00,
    0x00, 0x09, 0xF4, 0x00, 0x00, 0x00, 0x00, 0x00, 0x00, 0x00, 0x00, 0x7F, 0xFF, 0x10, 0x00, 0x00,
    0x00, 0x00, 0x00, 0x00, 0x04, 0xFF, 0xE3, 0x00, 0x00, 0x00, 0x00, 0x00, 0x00, 0x00, 0x05, 0xFB,
    0x10, 0x00, 0x00, 0x00, 0x00, 0x00, 0x00, 0x00, 0x00, 0x21, 0x00, 0x00, 0x00, 0x00, 0x00, 0x00,
    0x00, 0x04, 0xAE, 0xFF, 0xFC, 0x71, 0x00, 0x00, 0x00, 0x00, 0x00, 0xAF, 0xFF, 0xFF, 0xFF, 0xFE,
    0x40, 0x00, 0x00, 0x00, 0x0C, 0xFF, 0xFF, 0xED, 0xFF, 0xFF, 0xF5, 0x00, 0x00, 0x00, 0x7F, 0xFF,
    0x91, 0x00, 0x05, 0xEF, 0xFE, 0x10, 0x00, 0x01, 0xFF, 0xF8, 0x00, 0x00, 0x00, 0x1E, 0xFF, 0x90,
    0x00, 0x06, 0xFF, 0xE0, 0x00, 0x00, 0x00, 0x06, 0xFF, 0xE0, 0x00, 0x0A, 0xFF, 0x80, 0x00, 0x00,
    0x00, 0x00, 0xFF, 0xF3, 0x00, 0x0C, 0xFF, 0x50, 0x00, 0x00, 0x00, 0x00, 0xCF, 0xF5, 0x00, 0x0E,
    0xFF, 0x30, 0x00, 0x00, 0x00, 0x00, 0xAF, 0xF6, 0x00, 0x0E, 0xFF, 0x30, 0x00, 0x00, 0x00, 0x00,
    0xAF, 0xF7, 0x00, 0x0D, 0xFF, 0x40, 0x00, 0x00, 0x00, 0x00, 0xBF, 0xF5, 0x00, 0x0B, 0xFF, 0x70,
    0x00, 0x00, 0x00, 0x00, 0xEF, 0xF4, 0x00, 0x07, 0xFF, 0xC0, 0x00, 0x00, 0x00, 0x04, 0xFF, 0xF0,
    0x00, 0x02, 0xFF, 0xF5, 0x00, 0x00, 0x00, 0x0D, 0xFF, 0xA0, 0x00, 0x00, 0xAF, 0xFF, 0x50, 0x00,
    0x01, 0xBF, 0xFF, 0x30, 0x00, 0x00, 0x1E, 0xFF, 0xFD, 0xA9, 0xBF, 0xFF, 0xF8, 0x00, 0x00, 0x00,
    0x02, 0xDF, 0xFF, 0xFF, 0xFF, 0xFF, 0x80, 0x00, 0x00, 0x00, 0x00, 0x08, 0xEF, 0xFF, 0xFF, 0xC4,
    0x00, 0x00, 0x00, 0x00, 0x00, 0x00, 0x02, 0x44, 0x31, 0x00, 0x00, 0x00, 0x00, 0x00, 0x00, 0x00,
    0x02, 0x99, 0x70, 0x00, 0x00, 0x00, 0x00, 0x00, 0x00, 0x00, 0x1D, 0xFF, 0xF7, 0x00, 0x00, 0x00,
    0x00, 0x00, 0x00, 0x00, 0xBF, 0xFC, 0xFF, 0x40, 0x00, 0x00, 0x00, 0x00, 0x00, 0x04, 0xFD, 0x20,
    0x7F, 0xC0, 0x00, 0x00, 0x00, 0x00, 0x00, 0x00, 0x30, 0x00, 0x03, 0x00, 0x00, 0x00, 0x00, 0x00,
    0x00, 0x04, 0xAE, 0xFF, 0xFC, 0x71, 0x00, 0x00, 0x00, 0x00, 0x00, 0xAF, 0xFF, 0xFF, 0xFF, 0xFE,
    0x40, 0x00, 0x00, 0x00, 0x0C, 0xFF, 0xFF, 0xED, 0xFF, 0xFF, 0xF5, 0x00, 0x00, 0x00, 0x7F, 0xFF,
    0x91, 0x00, 0x05, 0xEF, 0xFE, 0x10, 0x00, 0x01, 0xFF, 0xF8, 0x00, 0x00, 0x00, 0x1E, 0xFF, 0x90,
    0x00, 0x06, 0xFF, 0xE0, 0x00, 0x00, 0x00, 0x06, 0xFF, 0xE0, 0x00, 0x0A, 0xFF, 0x80, 0x00, 0x00,
    0x00, 0x00, 0xFF, 0xF3, 0x00, 0x0C, 0xFF, 0x50, 0x00, 0x00, 0x00, 0x00, 0xCF, 0xF5, 0x00, 0x0E,
    0xFF, 0x30, 0x00, 0x00, 0x00, 0x00, 0xAF, 0xF6, 0x00, 0x0E, 0xFF, 0x30, 0x00, 0x00, 0x00, 0x00,
    0xAF, 0xF7, 0x00, 0x0D, 0xFF, 0x40, 0x00, 0x00, 0x00, 0x00, 0xBF, 0xF5, 0x00, 0x0B, 0xFF, 0x70,
    0x00, 0x00, 0x00, 0x00, 0xEF, 0xF4, 0x00, 0x07, 0xFF, 0xC0, 0x00, 0x00, 0x00, 0x04, 0xFF, 0xF0,
    0x00, 0x02, 0xFF, 0xF5, 0x00, 0x00, 0x00, 0x0D, 0xFF, 0xA0, 0x00, 0x00, 0xAF, 0xFF, 0x50, 0x00,
    0x01, 0xBF, 0xFF, 0x30, 0x00, 0x00, 0x1E, 0xFF, 0xFD, 0xA9, 0xBF, 0xFF, 0xF8, 0x00, 0x00, 0x00,
    0x02, 0xDF, 0xFF, 0xFF, 0xFF, 0xFF, 0x80, 0x00, 0x00, 0x00, 0x00, 0x08, 0xEF, 0xFF, 0xFF, 0xC4,
    0x00, 0x00, 0x00, 0x00, 0x00, 0x00, 0x02, 0x44, 0x31, 0x00, 0x00, 0x00, 0x00, 0x00, 0x00, 0x00,
    0x04, 0x20, 0x02, 0x10, 0x00, 0x00, 0x00, 0x00, 0x00, 0x01, 0xEF, 0xF7, 0x0B, 0xF3, 0x00, 0x00,
    0x00, 0x00, 0x00, 0x0A, 0xFF, 0xFF, 0xFF, 0xF1, 0x00, 0x00, 0x00, 0x00, 0x00, 0x0A, 0xF3, 0x4E,
    0xFF, 0x60, 0x00, 0x00, 0x00, 0x00, 0x00, 0x00, 0x10, 0x02, 0x52, 0x00, 0x00, 0x00, 0x00, 0x00,
    0x00, 0x04, 0xAE, 0xFF, 0xFC, 0x71, 0x00, 0x00, 0x00, 0x00, 0x00, 0xAF, 0xFF, 0xFF, 0xFF, 0xFE,
    0x40, 0x00, 0x00, 0x00, 0x0C, 0xFF, 0xFF, 0xED, 0xFF, 0xFF, 0xF5, 0x00, 0x00, 0x00, 0x7F, 0xFF,
    0x91, 0x00, 0x05, 0xEF, 0xFE, 0x10, 0x00, 0x01, 0xFF, 0xF8, 0x00, 0x00, 0x00, 0x1E, 0xFF, 0x90,
    0x00, 0x06, 0xFF, 0xE0, 0x00, 0x00, 0x00, 0x06, 0xFF, 0xE0, 0x00, 0x0A, 0xFF, 0x80, 0x00, 0x00,
    0x00, 0x00, 0xFF, 0xF3, 0x00, 0x0C, 0xFF, 0x50, 0x00, 0x00, 0x00, 0x00, 0xCF, 0xF5, 0x00, 0x0E,
    0xFF, 0x30, 0x00, 0x00, 0x00, 0x00, 0xAF, 0xF6, 0x00, 0x0E, 0xFF, 0x30, 0x00, 0x00, 0x00, 0x00,
    0xAF, 0xF7, 0x00, 0x0D, 0xFF, 0x40, 0x00, 0x00, 0x00, 0x00, 0xBF, 0xF5, 0x00, 0x0B, 0xFF, 0x70,
    0x00, 0x00, 0x00, 0x00, 0xEF, 0xF4, 0x00, 0x07, 0xFF, 0xC0, 0x00, 0x00, 0x00, 0x04, 0xFF, 0xF0,
    0x00, 0x02, 0xFF, 0xF5, 0x00, 0x00, 0x00, 0x0D, 0xFF, 0xA0, 0x00, 0x00, 0xAF, 0xFF, 0x50, 0x00,
    0x01, 0xBF, 0xFF, 0x30, 0x00, 0x00, 0x1E, 0xFF, 0xFD, 0xA9, 0xBF, 0xFF, 0xF8, 0x00, 0x00, 0x00,
    0x02, 0xDF, 0xFF, 0xFF, 0xFF, 0xFF, 0x80, 0x00, 0x00, 0x00, 0x00, 0x08, 0xEF, 0xFF, 0xFF, 0xC4,
    0x00, 0x00, 0x00, 0x00, 0x00, 0x00, 0x02, 0x44, 0x31, 0x00, 0x00, 0x00, 0x00, 0x00, 0x00, 0x00,
    0x03, 0x00, 0x00, 0x00, 0x00, 0x00, 0x00, 0x00, 0x00, 0x6F, 0x70, 0x00, 0x00, 0x00, 0x00, 0x00,
    0x00, 0x02, 0xFF, 0xF4, 0x00, 0x00, 0x00, 0x00, 0x00, 0x00, 0x00, 0x4E, 0xFF, 0x20, 0x00, 0x00,
    0x00, 0x00, 0x00, 0x00, 0x01, 0xCE, 0x30, 0x00, 0x00, 0x00, 0x00, 0x00, 0x00, 0x00, 0x01, 0x00,
    0x00, 0x00, 0x00, 0x03, 0xCC, 0x80, 0x00, 0x00, 0x00, 0x6C, 0xC6, 0x00, 0x04, 0xFF, 0xB0, 0x00,
    0x00, 0x00, 0x8F, 0xF8, 0x00, 0x04, 0xFF, 0xB0, 0x00, 0x00, 0x00, 0x8F, 0xF8, 0x00, 0x04, 0xFF,
    0xB0, 0x00, 0x00, 0x00, 0x8F, 0xF8, 0x00, 0x04, 0xFF, 0xB0, 0x00, 0x00, 0x00, 0x8F, 0xF8, 0x00,
    0x04, 0xFF, 0xB0, 0x00, 0x00, 0x00, 0x8F, 0xF8, 0x00, 0x04, 0xFF, 0xB0, 0x00, 0x00, 0x00, 0x8F,
    0xF8, 0x00, 0x04, 0xFF, 0xB0, 0x00, 0x00, 0x00, 0x8F, 0xF8, 0x00, 0x04, 0xFF, 0xB0, 0x00, 0x00,
    0x00, 0x8F, 0xF8, 0x00, 0x04, 0xFF, 0xB0, 0x00, 0x00, 0x00, 0x8F, 0xF8, 0x00, 0x04, 0xFF, 0xB0,
    0x00, 0x00, 0x00, 0x8F, 0xF8, 0x00, 0x04, 0xFF, 0xC0, 0x00, 0x00, 0x00, 0x9F, 0xF7, 0x00, 0x02,
    0xFF, 0xE0, 0x00, 0x00, 0x00, 0xBF, 0xF5, 0x00, 0x00, 0xFF, 0xF4, 0x00, 0x00, 0x01, 0xFF, 0xF3,
    0x00, 0x00, 0xAF, 0xFD, 0x20, 0x00, 0x0B, 0xFF, 0xD0, 0x00, 0x00, 0x2F, 0xFF, 0xFA, 0x8A, 0xEF,
    0xFF, 0x50, 0x00, 0x00, 0x05, 0xFF, 0xFF, 0xFF, 0xFF, 0xF8, 0x00, 0x00, 0x00, 0x00, 0x3B, 0xFF,
    0xFF, 0xFC, 0x40, 0x00, 0x00, 0x00, 0x00, 0x00, 0x13, 0x43, 0x10, 0x00, 0x00, 0x00, 0x00, 0x00,
    0x00, 0x00, 0x03, 0x00, 0x00, 0x00, 0x00, 0x00, 0x00, 0x00, 0x00, 0x4F, 0x80, 0x00, 0x00, 0x00,
    0x00, 0x00, 0x00, 0x02, 0xFF, 0xF5, 0x00, 0x00, 0x00, 0x00, 0x00, 0x00, 0x1D, 0xFF, 0x70, 0x00,
    0x00, 0x00, 0x00, 0x00, 0x00, 0x1D, 0xE3, 0x00, 0x00, 0x00, 0x00, 0x00, 0x00, 0x00, 0x01, 0x10,
    0x00, 0x00, 0x00, 0x00, 0x03, 0xCC, 0x80, 0x00, 0x00, 0x00, 0x6C, 0xC6, 0x00, 0x04, 0xFF, 0xB0,
    0x00, 0x00, 0x00, 0x8F, 0xF8, 0x00, 0x04, 0xFF, 0xB0, 0x00, 0x00, 0x00, 0x8F, 0xF8, 0x00, 0x04,
    0xFF, 0xB0, 0x00, 0x00, 0x00, 0x8F, 0xF8, 0x00, 0x04, 0xFF, 0xB0, 0x00, 0x00, 0x00, 0x8F, 0xF8,
    0x00, 0x04, 0xFF, 0xB0, 0x00, 0x00, 0x00, 0x8F, 0xF8, 0x00, 0x04, 0xFF, 0xB0, 0x00, 0x00, 0x00,
    0x8F, 0xF8, 0x00, 0x04, 0xFF, 0xB0, 0x00, 0x00, 0x00, 0x8F, 0xF8, 0x00, 0x04, 0xFF, 0xB0, 0x00,
    0x00, 0x00, 0x8F, 0xF8, 0x00, 0x04, 0xFF, 0xB0, 0x00, 0x00, 0x00, 0x8F, 0xF8, 0x00, 0x04, 0xFF,
    0xB0, 0x00, 0x00, 0x00, 0x8F, 0xF8, 0x00, 0x04, 0xFF, 0xC0, 0x00, 0x00, 0x00, 0x9F, 0xF7, 0x00,
    0x02, 0xFF, 0xE0, 0x00, 0x00, 0x00, 0xBF, 0xF5, 0x00, 0x00, 0xFF, 0xF4, 0x00, 0x00, 0x01, 0xFF,
    0xF3, 0x00, 0x00, 0xAF, 0xFD, 0x20, 0x00, 0x0B, 0xFF, 0xD0, 0x00, 0x00, 0x2F, 0xFF, 0xFA, 0x8A,
    0xEF, 0xFF, 0x50, 0x00, 0x00, 0x05, 0xFF, 0xFF, 0xFF, 0xFF, 0xF8, 0x00, 0x00, 0x00, 0x00, 0x3B,
    0xFF, 0xFF, 0xFC, 0x40, 0x00, 0x00, 0x00, 0x00, 0x00, 0x13, 0x43, 0x10, 0x00, 0x00, 0x00, 0x00,
    0x00, 0x00, 0x00, 0x21, 0x00, 0x00, 0x00, 0x00, 0x00, 0x00, 0x00, 0xDD, 0x10, 0x00, 0x00, 0x00,
    0x00, 0x00, 0x0B, 0xFF, 0xB0, 0x00, 0x00, 0x00, 0x00, 0x00, 0x8F, 0xFB, 0x10, 0x00, 0x00, 0x00,
    0x00, 0x00, 0x9F, 0x70, 0x00, 0x00, 0x00, 0x00, 0x00, 0x00, 0x02, 0x00, 0x00, 0x00, 0x00, 0x8C,
    0xCA, 0x00, 0x00, 0x00, 0x00, 0xBC, 0xC7, 0x2F, 0xFF, 0x60, 0x00, 0x00, 0x06, 0xFF, 0xF2, 0x09,
    0xFF, 0xE0, 0x00, 0x00, 0x0E, 0xFF, 0x80, 0x01, 0xEF, 0xF7, 0x00, 0x00, 0x7F, 0xFE, 0x00, 0x00,
    0x6F, 0xFE, 0x00, 0x00, 0xEF, 0xF5, 0x00, 0x00, 0x0C, 0xFF, 0x70, 0x08, 0xFF, 0xC0, 0x00, 0x00,
    0x03, 0xFF, 0xF1, 0x1F, 0xFF, 0x30, 0x00, 0x00, 0x00, 0xAF, 0xF8, 0x9F, 0xF9, 0x00, 0x00, 0x00,
    0x00, 0x1F, 0xFF, 0xFF, 0xE1, 0x00, 0x00, 0x00, 0x00, 0x07, 0xFF, 0xFF, 0x60, 0x00, 0x00, 0x00,
    0x00, 0x00, 0xDF, 0xFC, 0x00, 0x00, 0x00, 0x00, 0x00, 0x00, 0x8F, 0xF8, 0x00, 0x00, 0x00, 0x00,
    0x00, 0x00, 0x8F, 0xF8, 0x00, 0x00, 0x00, 0x00, 0x00, 0x00, 0x8F, 0xF8, 0x00, 0x00, 0x00, 0x00,
    0x00, 0x00, 0x8F, 0xF8, 0x00, 0x00, 0x00, 0x00, 0x00, 0x00, 0x8F, 0xF8, 0x00, 0x00, 0x00, 0x00,
    0x00, 0x00, 0x8F, 0xF8, 0x00, 0x00, 0x00, 0x00, 0x00, 0x00, 0x8F, 0xF8, 0x00, 0x00, 0x00, 0x00,
    0x00, 0x03, 0x00, 0x00, 0x00, 0x00, 0x00, 0x01, 0xCE, 0x10, 0x00, 0x00, 0x00, 0x00, 0x0A, 0xFF,
    0xB0, 0x00, 0x00, 0x00, 0x00, 0x00, 0xCF, 0xF6, 0x00, 0x00, 0x00, 0x00, 0x00, 0x0B, 0xFE, 0x00,
    0x00, 0x00, 0x00, 0x00, 0x00, 0x92, 0x00, 0x00, 0x00, 0x00, 0x00, 0x25, 0x65, 0x10, 0x00, 0x00,
    0x00, 0x2B, 0xFF, 0xFF, 0xFA, 0x10, 0x00, 0x02, 0xEF, 0xFF, 0xFF, 0xFF, 0xC0, 0x00, 0x01, 0xCF,
    0x92, 0x26, 0xEF, 0xF6, 0x00, 0x00, 0x04, 0x00, 0x00, 0x6F, 0xFA, 0x00, 0x00, 0x00, 0x00, 0x00,
    0x3F, 0xFC, 0x00, 0x00, 0x05, 0xBE, 0xFF, 0xFF, 0xFC, 0x00, 0x00, 0xBF, 0xFF, 0xFF, 0xFF, 0xFC,
    0x00, 0x09, 0xFF, 0xFB, 0x87, 0x8F, 0xFC, 0x00, 0x0F, 0xFF, 0x30, 0x00, 0x3F, 0xFC, 0x00, 0x2F,
    0xFE, 0x00, 0x00, 0x8F, 0xFC, 0x00, 0x1F, 0xFF, 0x83, 0x49, 0xFF, 0xFC, 0x00, 0x0A, 0xFF, 0xFF,
    0xFF, 0xBF, 0xFC, 0x00, 0x00, 0xAF, 0xFF, 0xF9, 0x2F, 0xFC, 0x00, 0x00, 0x01, 0x44, 0x10, 0x00,
    0x00, 0x00, 0x00, 0x00, 0x00, 0x02, 0x10, 0x00, 0x00, 0x00, 0x00, 0x00, 0x0D, 0xD2, 0x00, 0x00,
    0x00, 0x00, 0x00, 0x9F, 0xFC, 0x00, 0x00, 0x00, 0x00, 0x04, 0xFF, 0xC1, 0x00, 0x00, 0x00, 0x00,
    0x0C, 0xFC, 0x10, 0x00, 0x00, 0x00, 0x00, 0x02, 0x90, 0x00, 0x00, 0x00, 0x00, 0x00, 0x25, 0x65,
    0x10, 0x00, 0x00, 0x00, 0x2B, 0xFF, 0xFF, 0xFA, 0x10, 0x00, 0x02, 0xEF, 0xFF, 0xFF, 0xFF, 0xC0,
    0x00, 0x01, 0xCF, 0x92, 0x26, 0xEF, 0xF6, 0x00, 0x00, 0x04, 0x00, 0x00, 0x6F, 0xFA, 0x00, 0x00,
    0x00, 0x00, 0x00, 0x3F, 0xFC, 0x00, 0x00, 0x05, 0xBE, 0xFF, 0xFF, 0xFC, 0x00, 0x00, 0xBF, 0xFF,
    0xFF, 0xFF, 0xFC, 0x00, 0x09, 0xFF, 0xFB, 0x87, 0x8F, 0xFC, 0x00, 0x0F, 0xFF, 0x30, 0x00, 0x3F,
    0xFC, 0x00, 0x2F, 0xFE, 0x00, 0x00, 0x8F, 0xFC, 0x00, 0x1F, 0xFF, 0x83, 0x49, 0xFF, 0xFC, 0x00,
    0x0A, 0xFF, 0xFF, 0xFF, 0xBF, 0xFC, 0x00, 0x00, 0xAF, 0xFF, 0xF9, 0x2F, 0xFC, 0x00, 0x00, 0x01,
    0x44, 0x10, 0x00, 0x00, 0x00, 0x00, 0x00, 0x06, 0x76, 0x00, 0x00, 0x00, 0x00, 0x00, 0x6F, 0xFF,
    0x80, 0x00, 0x00, 0x00, 0x02, 0xFF, 0xFF, 0xF3, 0x00, 0x00, 0x00, 0x0D, 0xFB, 0x1A, 0xFE, 0x10,
    0x00, 0x00, 0x09, 0xA0, 0x00, 0x8A, 0x00, 0x00, 0x00, 0x00, 0x25, 0x65, 0x10, 0x00, 0x00, 0x00,
    0x2B, 0xFF, 0xFF, 0xFA, 0x10, 0x00, 0x02, 0xEF, 0xFF, 0xFF, 0xFF, 0xC0, 0x00, 0x01, 0xCF, 0x92,
    0x26, 0xEF, 0xF6, 0x00, 0x00, 0x04, 0x00, 0x00, 0x6F, 0xFA, 0x00, 0x00, 0x00, 0x00, 0x00, 0x3F,
    0xFC, 0x00, 0x00, 0x05, 0xBE, 0xFF, 0xFF, 0xFC, 0x00, 0x00, 0xBF, 0xFF, 0xFF, 0xFF, 0xFC, 0x00,
    0x09, 0xFF, 0xFB, 0x87, 0x8F, 0xFC, 0x00, 0x0F, 0xFF, 0x30, 0x00, 0x3F, 0xFC, 0x00, 0x2F, 0xFE,
    0x00, 0x00, 0x8F, 0xFC, 0x00, 0x1F, 0xFF, 0x83, 0x49, 0xFF, 0xFC, 0x00, 0x0A, 0xFF, 0xFF, 0xFF,
    0xBF, 0xFC, 0x00, 0x00, 0xAF, 0xFF, 0xF9, 0x2F, 0xFC, 0x00, 0x00, 0x01, 0x44, 0x10, 0x00, 0x00,
    0x00, 0x00, 0x02, 0xBC, 0x50, 0x1B, 0x40, 0x00, 0x00, 0x1E, 0xFF, 0xFA, 0xCF, 0xA0, 0x00, 0x00,
    0x6F, 0xD9, 0xFF, 0xFF, 0x30, 0x00, 0x00, 0x06, 0x30, 0x3B, 0xB4, 0x00, 0x00, 0x00, 0x00, 0x25,
    0x65, 0x10, 0x00, 0x00, 0x00, 0x2B, 0xFF, 0xFF, 0xFA, 0x10, 0x00, 0x02, 0xEF, 0xFF, 0xFF, 0xFF,
    0xC0, 0x00, 0x01, 0xCF, 0x92, 0x26, 0xEF, 0xF6, 0x00, 0x00, 0x04, 0x00, 0x00, 0x6F, 0xFA, 0x00,
    0x00, 0x00, 0x00, 0x00, 0x3F, 0xFC, 0x00, 0x00, 0x05, 0xBE, 0xFF, 0xFF, 0xFC, 0x00, 0x00, 0xBF,
    0xFF, 0xFF, 0xFF, 0xFC, 0x00, 0x09, 0xFF, 0xFB, 0x87, 0x8F, 0xFC, 0x00, 0x0F, 0xFF, 0x30, 0x00,
    0x3F, 0xFC, 0x00, 0x2F, 0xFE, 0x00, 0x00, 0x8F, 0xFC, 0x00, 0x1F, 0xFF, 0x83, 0x49, 0xFF, 0xFC,
    0x00, 0x0A, 0xFF, 0xFF, 0xFF, 0xBF, 0xFC, 0x00, 0x00, 0xAF, 0xFF, 0xF9, 0x2F, 0xFC, 0x00, 0x00,
    0x01, 0x44, 0x10, 0x00, 0x00, 0x00, 0x00, 0x00, 0x04, 0x00, 0x00, 0x00, 0x00, 0x00, 0x00, 0x7F,
    0x60, 0x00, 0x00, 0x00, 0x00, 0x04, 0xFF, 0xF2, 0x00, 0x00, 0x00, 0x00, 0x00, 0x6F, 0xFC, 0x00,
    0x00, 0x00, 0x00, 0x00, 0x05, 0xFF, 0x40, 0x00, 0x00, 0x00, 0x00, 0x00, 0x47, 0x00, 0x00, 0x00,
    0x00, 0x00, 0x03, 0x56, 0x40, 0x00, 0x00, 0x00, 0x05, 0xEF, 0xFF, 0xFE, 0x50, 0x00, 0x00, 0x7F,
    0xFF, 0xFF, 0xFF, 0xF7, 0x00, 0x02, 0xFF, 0xF7, 0x11, 0x7F, 0xFF, 0x20, 0x09, 0xFF, 0x80, 0x00,
    0x08, 0xFF, 0x70, 0x0E, 0xFF, 0x20, 0x00, 0x04, 0xFF, 0xA0, 0x0F, 0xFF, 0xFF, 0xFF, 0xFF, 0xFF,
    0xC0, 0x1F, 0xFF, 0xFF, 0xFF, 0xFF, 0xFF, 0xA0, 0x0F, 0xFF, 0x66, 0x66, 0x66, 0x66, 0x30, 0x0D,
    0xFF, 0x30, 0x00, 0x00, 0x00, 0x00, 0x08, 0xFF, 0xB0, 0x00, 0x04, 0xC2, 0x00, 0x01, 0xFF, 0xFB,
    0x54, 0x8F, 0xFF, 0x20, 0x00, 0x5F, 0xFF, 0xFF, 0xFF, 0xF9, 0x00, 0x00, 0x03, 0xCF, 0xFF, 0xFE,
    0x60, 0x00, 0x00, 0x00, 0x01, 0x34, 0x20, 0x00, 0x00, 0x00, 0x00, 0x00, 0x00, 0x30, 0x00, 0x00,
    0x00, 0x00, 0x00, 0x08, 0xF6, 0x00, 0x00, 0x00, 0x00, 0x00, 0x3F, 0xFF, 0x20, 0x00, 0x00, 0x00,
    0x00, 0xDF, 0xF5, 0x00, 0x00, 0x00, 0x00, 0x06, 0xFF, 0x40, 0x00, 0x00, 0x00, 0x00, 0x00, 0x83,
    0x00, 0x00, 0x00, 0x00, 0x00, 0x03, 0x56, 0x40, 0x00, 0x00, 0x00, 0x05, 0xEF, 0xFF, 0xFE, 0x50,
    0x00, 0x00, 0x7F, 0xFF, 0xFF, 0xFF, 0xF7, 0x00, 0x02, 0xFF, 0xF7, 0x11, 0x7F, 0xFF, 0x20, 0x09,
    0xFF, 0x80, 0x00, 0x08, 0xFF, 0x70, 0x0E, 0xFF, 0x20, 0x00, 0x04, 0xFF, 0xA0, 0x0F, 0xFF, 0xFF,
    0xFF, 0xFF, 0xFF, 0xC0, 0x1F, 0xFF, 0xFF, 0xFF, 0xFF, 0xFF, 0xA0, 0x0F, 0xFF, 0x66, 0x66, 0x66,
    0x66, 0x30, 0x0D, 0xFF, 0x30, 0x00, 0x00, 0x00, 0x00, 0x08, 0xFF, 0xB0, 0x00, 0x04, 0xC2, 0x00,
    0x01, 0xFF, 0xFB, 0x54, 0x8F, 0xFF, 0x20, 0x00, 0x5F, 0xFF, 0xFF, 0xFF, 0xF9, 0x00, 0x00, 0x03,
    0xCF, 0xFF, 0xFE, 0x60, 0x00, 0x00, 0x00, 0x01, 0x34, 0x20, 0x00, 0x00, 0x00, 0x00, 0x03, 0x77,
    0x20, 0x00, 0x00, 0x00, 0x00, 0x1E, 0xFF, 0xD0, 0x00, 0x00, 0x00, 0x00, 0xBF, 0xFF, 0xFA, 0x00,
    0x00, 0x00, 0x07, 0xFE, 0x34, 0xFF, 0x50, 0x00, 0x00, 0x04, 0xD2, 0x00, 0x3D, 0x30, 0x00, 0x00,
    0x00, 0x03, 0x56, 0x40, 0x00, 0x00, 0x00, 0x05, 0xEF, 0xFF, 0xFE, 0x50, 0x00, 0x00, 0x7F, 0xFF,
    0xFF, 0xFF, 0xF7, 0x00, 0x02, 0xFF, 0xF7, 0x11, 0x7F, 0xFF, 0x20, 0x09, 0xFF, 0x80, 0x00, 0x08,
    0xFF, 0x70, 0x0E, 0xFF, 0x20, 0x00, 0x04, 0xFF, 0xA0, 0x0F, 0xFF, 0xFF, 0xFF, 0xFF, 0xFF, 0xC0,
    0x1F, 0xFF, 0xFF, 0xFF, 0xFF, 0xFF, 0xA0, 0x0F, 0xFF, 0x66, 0x66, 0x66, 0x66, 0x30, 0x0D, 0xFF,
    0x30, 0x00, 0x00, 0x00, 0x00, 0x08, 0xFF, 0xB0, 0x00, 0x04, 0xC2, 0x00, 0x01, 0xFF, 0xFB, 0x54,
    0x8F, 0xFF, 0x20, 0x00, 0x5F, 0xFF, 0xFF, 0xFF, 0xF9, 0x00, 0x00, 0x03, 0xCF, 0xFF, 0xFE, 0x60,
    0x00, 0x00, 0x00, 0x01, 0x34, 0x20, 0x00, 0x00, 0x00, 0x50, 0x00, 0x00, 0x08, 0xF7, 0x00, 0x00,
    0x4F, 0xFF, 0x20, 0x00, 0x05, 0xFF, 0xD0, 0x00, 0x00, 0x4F, 0xF5, 0x00, 0x00, 0x03, 0x60, 0x00,
    0x00, 0x12, 0x20, 0x00, 0x00, 0x8F, 0xF7, 0x00, 0x00, 0x8F, 0xF7, 0x00, 0x00, 0x8F, 0xF7, 0x00,
    0x00, 0x8F, 0xF7, 0x00, 0x00, 0x8F, 0xF7, 0x00, 0x00, 0x8F, 0xF7, 0x00, 0x00, 0x8F, 0xF7, 0x00,
    0x00, 0x8F, 0xF7, 0x00, 0x00, 0x8F, 0xF7, 0x00, 0x00, 0x8F, 0xF7, 0x00, 0x00, 0x8F, 0xF7, 0x00,
    0x00, 0x8F, 0xF7, 0x00, 0x00, 0x8F, 0xF7, 0x00, 0x00, 0x00, 0x40, 0x00, 0x00, 0x08, 0xF7, 0x00,
    0x00, 0x3F, 0xFF, 0x30, 0x00, 0xDF, 0xF4, 0x00, 0x05, 0xFF, 0x30, 0x00, 0x00, 0x73, 0x00, 0x00,
    0x01, 0x22, 0x00, 0x00, 0x08, 0xFF, 0x70, 0x00, 0x08, 0xFF, 0x70, 0x00, 0x08, 0xFF, 0x70, 0x00,
    0x08, 0xFF, 0x70, 0x00, 0x08, 0xFF, 0x70, 0x00, 0x08, 0xFF, 0x70, 0x00, 0x08, 0xFF, 0x70, 0x00,
    0x08, 0xFF, 0x70, 0x00, 0x08, 0xFF, 0x70, 0x00, 0x08, 0xFF, 0x70, 0x00, 0x08, 0xFF, 0x70, 0x00,
    0x08, 0xFF, 0x70, 0x00, 0x08, 0xFF, 0x70, 0x00, 0x00, 0x00, 0x04, 0x00, 0x00, 0x00, 0x00, 0x00,
    0x00, 0x7F, 0x80, 0x00, 0x00, 0x00, 0x00, 0x02, 0xFF, 0xF4, 0x00, 0x00, 0x00, 0x00, 0x00, 0x4F,
    0xFE, 0x00, 0x00, 0x00, 0x00, 0x00, 0x03, 0xEF, 0x60, 0x00, 0x00, 0x00, 0x00, 0x00, 0x27, 0x00,
    0x00, 0x00, 0x00, 0x00, 0x03, 0x56, 0x40, 0x00, 0x00, 0x00, 0x05, 0xEF, 0xFF, 0xFE, 0x60, 0x00,
    0x00, 0x7F, 0xFF, 0xFF, 0xFF, 0xF9, 0x00, 0x02, 0xFF, 0xFC, 0x66, 0xBF, 0xFF, 0x40, 0x09, 0xFF,
    0xB0, 0x00, 0x09, 0xFF, 0xB0, 0x0E, 0xFF, 0x30, 0x00, 0x01, 0xFF, 0xF0, 0x0F, 0xFF, 0x00, 0x00,
    0x00, 0xDF, 0xF2, 0x1F, 0xFE, 0x00, 0x00, 0x00, 0xCF, 0xF3, 0x0F, 0xFF, 0x00, 0x00, 0x00, 0xDF,
    0xF2, 0x0D, 0xFF, 0x40, 0x00, 0x02, 0xFF, 0xF0, 0x08, 0xFF, 0xC0, 0x00, 0x0B, 0xFF, 0xA0, 0x02,
    0xFF, 0xFD, 0x87, 0xDF, 0xFF, 0x30, 0x00, 0x5F, 0xFF, 0xFF, 0xFF, 0xF7, 0x00, 0x00, 0x04, 0xCF,
    0xFF, 0xFD, 0x50, 0x00, 0x00, 0x00, 0x02, 0x44, 0x20, 0x00, 0x00, 0x00, 0x00, 0x00, 0x00, 0x50,
    0x00, 0x00, 0x00, 0x00, 0x00, 0x06, 0xF8, 0x00, 0x00, 0x00, 0x00, 0x00, 0x2F, 0xFF, 0x40, 0x00,
    0x00, 0x00, 0x00, 0xCF, 0xF5, 0x00, 0x00, 0x00, 0x00, 0x04, 0xFF, 0x40, 0x00, 0x00, 0x00, 0x00,
    0x00, 0x64, 0x00, 0x00, 0x00, 0x00, 0x00, 0x03, 0x56, 0x40, 0x00, 0x00, 0x00, 0x05, 0xEF, 0xFF,
    0xFE, 0x60, 0x00, 0x00, 0x7F, 0xFF, 0xFF, 0xFF, 0xF9, 0x00, 0x02, 0xFF, 0xFC, 0x66, 0xBF, 0xFF,
    0x40, 0x09, 0xFF, 0xB0, 0x00, 0x09, 0xFF, 0xB0, 0x0E, 0xFF, 0x30, 0x00, 0x01, 0xFF, 0xF0, 0x0F,
    0xFF, 0x00, 0x00, 0x00, 0xDF, 0xF2, 0x1F, 0xFE, 0x00, 0x00, 0x00, 0xCF, 0xF3, 0x0F, 0xFF, 0x00,
    0x00, 0x00, 0xDF, 0xF2, 0x0D, 0xFF, 0x40, 0x00, 0x02, 0xFF, 0xF0, 0x08, 0xFF, 0xC0, 0x00, 0x0B,
    0xFF, 0xA0, 0x02, 0xFF, 0xFD, 0x87, 0xDF, 0xFF, 0x30, 0x00, 0x5F, 0xFF, 0xFF, 0xFF, 0xF7, 0x00,
    0x00, 0x04, 0xCF, 0xFF, 0xFD, 0x50, 0x00, 0x00, 0x00, 0x02, 0x44, 0x20, 0x00, 0x00, 0x00, 0x00,
    0x03, 0x88, 0x40, 0x00, 0x00, 0x00, 0x00, 0x1E, 0xFF, 0xF2, 0x00, 0x00, 0x00, 0x00, 0xAF, 0xFF,
    0xFC, 0x00, 0x00, 0x00, 0x06, 0xFF, 0x42, 0xEF, 0x80, 0x00, 0x00, 0x02, 0xC3, 0x00, 0x2C, 0x30,
    0x00, 0x00, 0x00, 0x03, 0x56, 0x40, 0x00, 0x00, 0x00, 0x05, 0xEF, 0xFF, 0xFE, 0x60, 0x00, 0x00,
    0x7F, 0xFF, 0xFF, 0xFF, 0xF9, 0x00, 0x02, 0xFF, 0xFC, 0x66, 0xBF, 0xFF, 0x40, 0x09, 0xFF, 0xB0,
    0x00, 0x09, 0xFF, 0xB0, 0x0E, 0xFF, 0x30, 0x00, 0x01, 0xFF, 0xF0, 0x0F, 0xFF, 0x00, 0x00, 0x00,
    0xDF, 0xF2, 0x1F, 0xFE, 0x00, 0x00, 0x00, 0xCF, 0xF3, 0x0F, 0xFF, 0x00, 0x00, 0x00, 0xDF, 0xF2,
    0x0D, 0xFF, 0x40, 0x00, 0x02, 0xFF, 0xF0, 0x08, 0xFF, 0xC0, 0x00, 0x0B, 0xFF, 0xA0, 0x02, 0xFF,
    0xFD, 0x87, 0xDF, 0xFF, 0x30, 0x00, 0x5F, 0xFF, 0xFF, 0xFF, 0xF7, 0x00, 0x00, 0x04, 0xCF, 0xFF,
    0xFD, 0x50, 0x00, 0x00, 0x00, 0x02, 0x44, 0x20, 0x00, 0x00, 0x00, 0x00, 0x8D, 0xA1, 0x08, 0x91,
    0x00, 0x00, 0x08, 0xFF, 0xFE, 0xAF, 0xF2, 0x00, 0x00, 0x0E, 0xF8, 0xBF, 0xFF, 0xA0, 0x00, 0x00,
    0x02, 0x70, 0x06, 0xB8, 0x00, 0x00, 0x00, 0x00, 0x03, 0x56, 0x40, 0x00, 0x00, 0x00, 0x05, 0xEF,
    0xFF, 0xFE, 0x60, 0x00, 0x00, 0x7F, 0xFF, 0xFF, 0xFF, 0xF9, 0x00, 0x02, 0xFF, 0xFC, 0x66, 0xBF,
    0xFF, 0x40, 0x09, 0xFF, 0xB0, 0x00, 0x09, 0xFF, 0xB0, 0x0E, 0xFF, 0x30, 0x00, 0x01, 0xFF, 0xF0,
    0x0F, 0xFF, 0x00, 0x00, 0x00, 0xDF, 0xF2, 0x1F, 0xFE, 0x00, 0x00, 0x00, 0xCF, 0xF3, 0x0F, 0xFF,
    0x00, 0x00, 0x00, 0xDF, 0xF2, 0x0D, 0xFF, 0x40, 0x00, 0x02, 0xFF, 0xF0, 0x08, 0xFF, 0xC0, 0x00,
    0x0B, 0xFF, 0xA0, 0x02, 0xFF, 0xFD, 0x87, 0xDF, 0xFF, 0x30, 0x00, 0x5F, 0xFF, 0xFF, 0xFF, 0xF7,
    0x00, 0x00, 0x04, 0xCF, 0xFF, 0xFD, 0x50, 0x00, 0x00, 0x00, 0x02, 0x44, 0x20, 0x00, 0x00, 0x00,
    0x00, 0x04, 0x10, 0x00, 0x00, 0x00, 0x00, 0x00, 0x5F, 0xA0, 0x00, 0x00, 0x00, 0x00, 0x01, 0xFF,
    0xF5, 0x00, 0x00, 0x00, 0x00, 0x00, 0x3E, 0xFE, 0x10, 0x00, 0x00, 0x00, 0x00, 0x02, 0xEF, 0x80,
    0x00, 0x00, 0x00, 0x00, 0x00, 0x28, 0x00, 0x00, 0x00, 0x01, 0x22, 0x00, 0x00, 0x00, 0x22, 0x10,
    0x08, 0xFF, 0x60, 0x00, 0x03, 0xFF, 0xB0, 0x08, 0xFF, 0x60, 0x00, 0x03, 0xFF, 0xB0, 0x08, 0xFF,
    0x60, 0x00, 0x03, 0xFF, 0xB0, 0x08, 0xFF, 0x60, 0x00, 0x03, 0xFF, 0xB0, 0x08, 0xFF, 0x60, 0x00,
    0x03, 0xFF, 0xB0, 0x08, 0xFF, 0x60, 0x00, 0x03, 0xFF, 0xB0, 0x08, 0xFF, 0x60, 0x00, 0x03, 0xFF,
    0xB0, 0x08, 0xFF, 0x60, 0x00, 0x03, 0xFF, 0xB0, 0x08, 0xFF, 0x80, 0x00, 0x05, 0xFF, 0xB0, 0x07,
    0xFF, 0xD0, 0x00, 0x0C, 0xFF, 0xB0, 0x03, 0xFF, 0xFD, 0x77, 0xDF, 0xFF, 0xB0, 0x00, 0xBF, 0xFF,
    0xFF, 0xFA, 0xFF, 0xB0, 0x00, 0x1B, 0xFF, 0xFF, 0x73, 0xFF, 0xB0, 0x00, 0x00, 0x24, 0x40, 0x00,
    0x00, 0x00, 0x00, 0x00, 0x00, 0x00, 0x50, 0x00, 0x00, 0x00, 0x00, 0x00, 0x05, 0xFA, 0x00, 0x00,
    0x00, 0x00, 0x00, 0x1E, 0xFF, 0x50, 0x00, 0x00, 0x00, 0x00, 0xBF, 0xF7, 0x00, 0x00, 0x00, 0x00,
    0x03, 0xFF, 0x60, 0x00, 0x00, 0x00, 0x00, 0x00, 0x55, 0x00, 0x00, 0x00, 0x01, 0x22, 0x00, 0x00,
    0x00, 0x22, 0x10, 0x08, 0xFF, 0x60, 0x00, 0x03, 0xFF, 0xB0, 0x08, 0xFF, 0x60, 0x00, 0x03, 0xFF,
    0xB0, 0x08, 0xFF, 0x60, 0x00, 0x03, 0xFF, 0xB0, 0x08, 0xFF, 0x60, 0x00, 0x03, 0xFF, 0xB0, 0x08,
    0xFF, 0x60, 0x00, 0x03, 0xFF, 0xB0, 0x08, 0xFF, 0x60, 0x00, 0x03, 0xFF, 0xB0, 0x08, 0xFF, 0x60,
    0x00, 0x03, 0xFF, 0xB0, 0x08, 0xFF, 0x60, 0x00, 0x03, 0xFF, 0xB0, 0x08, 0xFF, 0x80, 0x00, 0x05,
    0xFF, 0xB0, 0x07, 0xFF, 0xD0, 0x00, 0x0C, 0xFF, 0xB0, 0x03, 0xFF, 0xFD, 0x77, 0xDF, 0xFF, 0xB0,
    0x00, 0xBF, 0xFF, 0xFF, 0xFA, 0xFF, 0xB0, 0x00, 0x1B, 0xFF, 0xFF, 0x73, 0xFF, 0xB0, 0x00, 0x00,
    0x24, 0x40, 0x00, 0x00, 0x00, 0x00, 0x00, 0x00, 0x00, 0x31, 0x00, 0x00, 0x00, 0x00, 0x00, 0x00,
    0x01, 0xEE, 0x20, 0x00, 0x00, 0x00, 0x00, 0x00, 0x0A, 0xFF, 0xB0, 0x00, 0x00, 0x00, 0x00, 0x00,
    0x5F, 0xFC, 0x00, 0x00, 0x00, 0x00, 0x00, 0x00, 0xCF, 0xB0, 0x00, 0x00, 0x00, 0x00, 0x00, 0x00,
    0x18, 0x00, 0x00, 0x00, 0x00, 0x02, 0x22, 0x00, 0x00, 0x00, 0x02, 0x22, 0x00, 0x0E, 0xFF, 0x50,
    0x00, 0x00, 0x4F, 0xFF, 0x00, 0x08, 0xFF, 0xB0, 0x00, 0x00, 0x9F, 0xF9, 0x00, 0x02, 0xFF, 0xF1,
    0x00, 0x00, 0xEF, 0xF3, 0x00, 0x00, 0xBF, 0xF6, 0x00, 0x04, 0xFF, 0xC0, 0x00, 0x00, 0x5F, 0xFC,
    0x00, 0x0A, 0xFF, 0x60, 0x00, 0x00, 0x0E, 0xFF, 0x20, 0x0F, 0xFF, 0x00, 0x00, 0x00, 0x09, 0xFF,
    0x70, 0x5F, 0xF9, 0x00, 0x00, 0x00, 0x02, 0xFF, 0xD0, 0xBF, 0xF3, 0x00, 0x00, 0x00, 0x00, 0xCF,
    0xF4, 0xFF, 0xD0, 0x00, 0x00, 0x00, 0x00, 0x6F, 0xFE, 0xFF, 0x60, 0x00, 0x00, 0x00, 0x00, 0x0F,
    0xFF, 0xFF, 0x10, 0x00, 0x00, 0x00, 0x00, 0x09, 0xFF, 0xFA, 0x00, 0x00, 0x00, 0x00, 0x00, 0x03,
    0xFF, 0xF3, 0x00, 0x00, 0x00, 0x00, 0x00, 0x03, 0xFF, 0xD0, 0x00, 0x00, 0x00, 0x00, 0x00, 0x0A,
    0xFF, 0x70, 0x00, 0x00, 0x00, 0x00, 0x00, 0x1F, 0xFF, 0x10, 0x00, 0x00, 0x00, 0x00, 0x00, 0x7F,
    0xFA, 0x00, 0x00, 0x00, 0x00, 0x00, 0x00, 0xDF, 0xF4, 0x00, 0x00, 0x00, 0x00, 0x00, 0x00, 0x1D,
    0x90, 0x00, 0xCB, 0x00, 0x00, 0x00, 0x00, 0x00, 0x0F, 0xF5, 0x18, 0xFC, 0x00, 0x00, 0x00, 0x00,
    0x00, 0x0A, 0xFF, 0xFF, 0xF6, 0x00, 0x00, 0x00, 0x00, 0x00, 0x00, 0xAF, 0xFE, 0x70, 0x00, 0x00,
    0x00, 0x00, 0x00, 0x00, 0x00, 0x10, 0x00, 0x00, 0x00, 0x00, 0x00, 0x00, 0x00, 0x3C, 0xCB, 0x10,
    0x00, 0x00, 0x00, 0x00, 0x00, 0x00, 0xAF, 0xFF, 0x60, 0x00, 0x00, 0x00, 0x00, 0x00, 0x01, 0xFF,
    0xFF, 0xC0, 0x00, 0x00, 0x00, 0x00, 0x00, 0x06, 0xFF, 0xFF, 0xF2, 0x00, 0x00, 0x00, 0x00, 0x00,
    0x0C, 0xFF, 0xCF, 0xF8, 0x00, 0x00, 0x00, 0x00, 0x00, 0x2F, 0xFE, 0x2F, 0xFE, 0x00, 0x00, 0x00,
    0x00, 0x00, 0x8F, 0xF8, 0x0C, 0xFF, 0x40, 0x00, 0x00, 0x00, 0x00, 0xEF, 0xF2, 0x06, 0xFF, 0xA0,
    0x00, 0x00, 0x00, 0x04, 0xFF, 0xD0, 0x01, 0xFF, 0xF1, 0x00, 0x00, 0x00, 0x0A, 0xFF, 0x70, 0x00,
    0xBF, 0xF6, 0x00, 0x00, 0x00, 0x0F, 0xFF, 0xFE, 0xEE, 0xFF, 0xFC, 0x00, 0x00, 0x00, 0x6F, 0xFF,
    0xFF, 0xFF, 0xFF, 0xFF, 0x20, 0x00, 0x00, 0xCF, 0xFF, 0xFF, 0xFF, 0xFF, 0xFF, 0x80, 0x00, 0x02,
    0xFF, 0xF0, 0x00, 0x00, 0x04, 0xFF, 0xE0, 0x00, 0x08, 0xFF, 0xA0, 0x00, 0x00, 0x00, 0xEF, 0xF4,
    0x00, 0x0E, 0xFF, 0x40, 0x00, 0x00, 0x00, 0x8F, 0xFA, 0x00, 0x4F, 0xFE, 0x00, 0x00, 0x00, 0x00,
    0x2F, 0xFF, 0x10, 0xAF, 0xF9, 0x00, 0x00, 0x00, 0x00, 0x0D, 0xFF, 0x60, 0x00, 0x0B, 0xA0, 0x00,
    0x9B, 0x00, 0x00, 0x00, 0x0E, 0xF1, 0x01, 0xFF, 0x00, 0x00, 0x00, 0x0A, 0xFD, 0x9D, 0xFB, 0x00,
    0x00, 0x00, 0x02, 0xEF, 0xFF, 0xF3, 0x00, 0x00, 0x00, 0x00, 0x17, 0x98, 0x20, 0x00, 0x00, 0x00,
    0x00, 0x25, 0x65, 0x10, 0x00, 0x00, 0x00, 0x2B, 0xFF, 0xFF, 0xFA, 0x10, 0x00, 0x02, 0xEF, 0xFF,
    0xFF, 0xFF, 0xC0, 0x00, 0x01, 0xCF, 0x92, 0x26, 0xEF, 0xF6, 0x00, 0x00, 0x04, 0x00, 0x00, 0x6F,
    0xFA, 0x00, 0x00, 0x00, 0x00, 0x00, 0x3F, 0xFC, 0x00, 0x00, 0x05, 0xBE, 0xFF, 0xFF, 0xFC, 0x00,
    0x00, 0xBF, 0xFF, 0xFF, 0xFF, 0xFC, 0x00, 0x09, 0xFF, 0xFB, 0x87, 0x8F, 0xFC, 0x00, 0x0F, 0xFF,
    0x30, 0x00, 0x3F, 0xFC, 0x00, 0x2F, 0xFE, 0x00, 0x00, 0x8F, 0xFC, 0x00, 0x1F, 0xFF, 0x83, 0x49,
    0xFF, 0xFC, 0x00, 0x0A, 0xFF, 0xFF, 0xFF, 0xBF, 0xFC, 0x00, 0x00, 0xAF, 0xFF, 0xF9, 0x2F, 0xFC,
    0x00, 0x00, 0x01, 0x44, 0x10, 0x00, 0x00, 0x00, 0x00, 0x4C, 0xCC, 0xCC, 0xCB, 0xA8, 0x40, 0x00,
    0x00, 0x00, 0x00, 0x6F, 0xFF, 0xFF, 0xFF, 0xFF, 0xFD, 0x30, 0x00, 0x00, 0x00, 0x6F, 0xFF, 0xFF,
    0xFF, 0xFF, 0xFF, 0xF5, 0x00, 0x00, 0x00, 0x6F, 0xFB, 0x11, 0x12, 0x48, 0xFF, 0xFF, 0x20, 0x00,
    0x00, 0x6F, 0xFA, 0x00, 0x00, 0x00, 0x2D, 0xFF, 0xC0, 0x00, 0x00, 0x6F, 0xFA, 0x00, 0x00, 0x00,
    0x03, 0xFF, 0xF2, 0x00, 0x00, 0x6F, 0xFA, 0x00, 0x00, 0x00, 0x00, 0xCF, 0xF7, 0x00, 0x7C, 0xFF,
    0xFF, 0xCC, 0xCA, 0x00, 0x00, 0x8F, 0xF9, 0x00, 0xAF, 0xFF, 0xFF, 0xFF, 0xFD, 0x00, 0x00, 0x6F,
    0xFB, 0x00, 0xAF, 0xFF, 0xFF, 0xFF, 0xFD, 0x00, 0x00, 0x6F, 0xFC, 0x00, 0x00, 0x6F, 0xFB, 0x00,
    0x00, 0x00, 0x00, 0x7F, 0xFB, 0x00, 0x00, 0x6F, 0xFA, 0x00, 0x00, 0x00, 0x00, 0xBF, 0xF8, 0x00,
    0x00, 0x6F, 0xFA, 0x00, 0x00, 0x00, 0x02, 0xFF, 0xF4, 0x00, 0x00, 0x6F, 0xFA, 0x00, 0x00, 0x00,
    0x0C, 0xFF, 0xD0, 0x00, 0x00, 0x6F, 0xFA, 0x00, 0x00, 0x05, 0xDF, 0xFF, 0x40, 0x00, 0x00, 0x6F,
    0xFF, 0xDD, 0xDE, 0xFF, 0xFF, 0xF7, 0x00, 0x00, 0x00, 0x6F, 0xFF, 0xFF, 0xFF, 0xFF, 0xFF, 0x50,
    0x00, 0x00, 0x00, 0x6F, 0xFF, 0xFF, 0xFF, 0xEB, 0x61, 0x00, 0x00, 0x00, 0x00, 0x00, 0x00, 0x00,
    0x00, 0x9C, 0xC1, 0x00, 0x00, 0x00, 0x00, 0x04, 0x44, 0xFF, 0xF6, 0x40, 0x00, 0x00, 0x00, 0x2F,
    0xFF, 0xFF, 0xFF, 0xE0, 0x00, 0x00, 0x00, 0x2F, 0xFF, 0xFF, 0xFF, 0xE0, 0x00, 0x00, 0x02, 0x31,
    0x00, 0xDF, 0xF1, 0x00, 0x00, 0x05, 0xDF, 0xFF, 0xA0, 0xDF, 0xF1, 0x00, 0x00, 0x7F, 0xFF, 0xFF,
    0xFC, 0xDF, 0xF1, 0x00, 0x02, 0xFF, 0xFF, 0xA9, 0xEF, 0xFF, 0xF1, 0x00, 0x09, 0xFF, 0xD1, 0x00,
    0x0C, 0xFF, 0xF1, 0x00, 0x0E, 0xFF, 0x40, 0x00, 0x02, 0xFF, 0xF1, 0x00, 0x0F, 0xFF, 0x00, 0x00,
    0x00, 0xDF, 0xF1, 0x00, 0x1F, 0xFE, 0x00, 0x00, 0x00, 0xCF, 0xF1, 0x00, 0x0F, 0xFF, 0x00, 0x00,
    0x00, 0xDF, 0xF1, 0x00, 0x0E, 0xFF, 0x40, 0x00, 0x01, 0xFF, 0xF1, 0x00, 0x09, 0xFF, 0xD1, 0x00,
    0x0A, 0xFF, 0xF1, 0x00, 0x02, 0xFF, 0xFE, 0x98, 0xDF, 0xFF, 0xF1, 0x00, 0x00, 0x7F, 0xFF, 0xFF,
    0xFD, 0xEF, 0xF1, 0x00, 0x00, 0x06, 0xEF, 0xFF, 0xC1, 0xDF, 0xF1, 0x00, 0x00, 0x00, 0x03, 0x42,
    0x00, 0x00, 0x00, 0x00, 0x00, 0x04, 0x20, 0x02, 0x00, 0x02, 0xEF, 0xF7, 0x0C, 0xE3, 0x0B, 0xFF,
    0xFF, 0xFF, 0xF0, 0x0B, 0xF2, 0x5E, 0xFF, 0x50, 0x00, 0x10, 0x01, 0x42, 0x00, 0x00, 0x03, 0xCC,
    0x80, 0x00, 0x00, 0x05, 0xFF, 0xB0, 0x00, 0x00, 0x05, 0xFF, 0xB0, 0x00, 0x00, 0x05, 0xFF, 0xB0,
    0x00, 0x00, 0x05, 0xFF, 0xB0, 0x00, 0x00, 0x05, 0xFF, 0xB0, 0x00, 0x00, 0x05, 0xFF, 0xB0, 0x00,
    0x00, 0x05, 0xFF, 0xB0, 0x00, 0x00, 0x05, 0xFF, 0xB0, 0x00, 0x00, 0x05, 0xFF, 0xB0, 0x00, 0x00,
    0x05, 0xFF, 0xB0, 0x00, 0x00, 0x05, 0xFF, 0xB0, 0x00, 0x00, 0x05, 0xFF, 0xB0, 0x00, 0x00, 0x05,
    0xFF, 0xB0, 0x00, 0x00, 0x05, 0xFF, 0xB0, 0x00, 0x00, 0x05, 0xFF, 0xB0, 0x00, 0x00, 0x05, 0xFF,
    0xB0, 0x00, 0x00, 0x05, 0xFF, 0xB0, 0x00, 0x06, 0xDC, 0x30, 0x5B, 0x20, 0x4F, 0xFF, 0xFA, 0xEF,
    0x60, 0xAF, 0xB9, 0xFF, 0xFD, 0x00, 0x17, 0x00, 0x4A, 0x91, 0x00, 0x00, 0x02, 0x21, 0x00, 0x00,
    0x00, 0x2F, 0xFC, 0x00, 0x00, 0x00, 0x2F, 0xFC, 0x00, 0x00, 0x00, 0x2F, 0xFC, 0x00, 0x00, 0x00,
    0x2F, 0xFC, 0x00, 0x00, 0x00, 0x2F, 0xFC, 0x00, 0x00, 0x00, 0x2F, 0xFC, 0x00, 0x00, 0x00, 0x2F,
    0xFC, 0x00, 0x00, 0x00, 0x2F, 0xFC, 0x00, 0x00, 0x00, 0x2F, 0xFC, 0x00, 0x00, 0x00, 0x2F, 0xFC,
    0x00, 0x00, 0x00, 0x2F, 0xFC, 0x00, 0x00, 0x00, 0x2F, 0xFC, 0x00, 0x00, 0x00, 0x2F, 0xFC, 0x00,
    0x00, 0x00, 0x00, 0x00, 0x33, 0x00, 0x02, 0x00, 0x00, 0x00, 0x00, 0x00, 0x0A, 0xFF, 0xB1, 0x7F,
    0x80, 0x00, 0x00, 0x00, 0x00, 0x4F, 0xFF, 0xFF, 0xFF, 0x60, 0x00, 0x00, 0x00, 0x00, 0x5F, 0x81,
    0xCF, 0xFB, 0x00, 0x00, 0x00, 0x00, 0x00, 0x01, 0x00, 0x04, 0x40, 0x00, 0x00, 0x00, 0x03, 0xCC,
    0x80, 0x00, 0x00, 0x00, 0x6C, 0xC6, 0x00, 0x04, 0xFF, 0xB0, 0x00, 0x00, 0x00, 0x8F, 0xF8, 0x00,
    0x04, 0xFF, 0xB0, 0x00, 0x00, 0x00, 0x8F, 0xF8, 0x00, 0x04, 0xFF, 0xB0, 0x00, 0x00, 0x00, 0x8F,
    0xF8, 0x00, 0x04, 0xFF, 0xB0, 0x00, 0x00, 0x00, 0x8F, 0xF8, 0x00, 0x04, 0xFF, 0xB0, 0x00, 0x00,
    0x00, 0x8F, 0xF8, 0x00, 0x04, 0xFF, 0xB0, 0x00, 0x00, 0x00, 0x8F, 0xF8, 0x00, 0x04, 0xFF, 0xB0,
    0x00, 0x00, 0x00, 0x8F, 0xF8, 0x00, 0x04, 0xFF, 0xB0, 0x00, 0x00, 0x00, 0x8F, 0xF8, 0x00, 0x04,
    0xFF, 0xB0, 0x00, 0x00, 0x00, 0x8F, 0xF8, 0x00, 0x04, 0xFF, 0xB0, 0x00, 0x00, 0x00, 0x8F, 0xF8,
    0x00, 0x04, 0xFF, 0xC0, 0x00, 0x00, 0x00, 0x9F, 0xF7, 0x00, 0x02, 0xFF, 0xE0, 0x00, 0x00, 0x00,
    0xBF, 0xF5, 0x00, 0x00, 0xFF, 0xF4, 0x00, 0x00, 0x01, 0xFF, 0xF3, 0x00, 0x00, 0xAF, 0xFD, 0x20,
    0x00, 0x0B, 0xFF, 0xD0, 0x00, 0x00, 0x2F, 0xFF, 0xFA, 0x8A, 0xEF, 0xFF, 0x50, 0x00, 0x00, 0x05,
    0xFF, 0xFF, 0xFF, 0xFF, 0xF8, 0x00, 0x00, 0x00, 0x00, 0x3B, 0xFF, 0xFF, 0xFC, 0x40, 0x00, 0x00,
    0x00, 0x00, 0x00, 0x13, 0x43, 0x10, 0x00, 0x00, 0x00, 0x00, 0x00, 0x7D, 0xB2, 0x07, 0xA1, 0x00,
    0x00, 0x06, 0xFF, 0xFF, 0xAF, 0xF4, 0x00, 0x00, 0x0D, 0xF9, 0xBF, 0xFF, 0xB0, 0x00, 0x00, 0x01,
    0x70, 0x05, 0xB8, 0x00, 0x00, 0x01, 0x22, 0x00, 0x00, 0x00, 0x22, 0x10, 0x08, 0xFF, 0x60, 0x00,
    0x03, 0xFF, 0xB0, 0x08, 0xFF, 0x60, 0x00, 0x03, 0xFF, 0xB0, 0x08, 0xFF, 0x60, 0x00, 0x03, 0xFF,
    0xB0, 0x08, 0xFF, 0x60, 0x00, 0x03, 0xFF, 0xB0, 0x08, 0xFF, 0x60, 0x00, 0x03, 0xFF, 0xB0, 0x08,
    0xFF, 0x60, 0x00, 0x03, 0xFF, 0xB0, 0x08, 0xFF, 0x60, 0x00, 0x03, 0xFF, 0xB0, 0x08, 0xFF, 0x60,
    0x00, 0x03, 0xFF, 0xB0, 0x08, 0xFF, 0x80, 0x00, 0x05, 0xFF, 0xB0, 0x07, 0xFF, 0xD0, 0x00, 0x0C,
    0xFF, 0xB0, 0x03, 0xFF, 0xFD, 0x77, 0xDF, 0xFF, 0xB0, 0x00, 0xBF, 0xFF, 0xFF, 0xFA, 0xFF, 0xB0,
    0x00, 0x1B, 0xFF, 0xFF, 0x73, 0xFF, 0xB0, 0x00, 0x00, 0x24, 0x40, 0x00, 0x00, 0x00, 0x00, 0x00,
    0x00, 0x00, 0x00, 0x00, 0x00, 0x00, 0x60, 0x00, 0x00, 0x00, 0x00, 0x00, 0x00, 0x00, 0x00, 0x2D,
    0xF4, 0x00, 0x00, 0x00, 0x00, 0x00, 0x00, 0x00, 0x00, 0x1F, 0xF9, 0x00, 0x00, 0x00, 0x00, 0x00,
    0x01, 0x00, 0x00, 0x2F, 0xF9, 0x00, 0x00, 0x00, 0x04, 0xAE, 0xFF, 0xFF, 0xFE, 0xFF, 0xF4, 0x00,
    0x00, 0x00, 0xAF, 0xFF, 0xFF, 0xFF, 0xFF, 0xFD, 0x50, 0x00, 0x00, 0x0C, 0xFF, 0xFF, 0xED, 0xFF,
    0xFF, 0xF2, 0x00, 0x00, 0x00, 0x7F, 0xFF, 0x91, 0x00, 0x05, 0xEF, 0xFE, 0x00, 0x00, 0x01, 0xFF,
    0xF8, 0x00, 0x00, 0x00, 0x1E, 0xFF, 0x80, 0x00, 0x06, 0xFF, 0xE0, 0x00, 0x00, 0x00, 0x06, 0xFF,
    0xE0, 0x00, 0x0A, 0xFF, 0x80, 0x00, 0x00, 0x00, 0x00, 0xFF, 0xF3, 0x00, 0x0C, 0xFF, 0x50, 0x00,
    0x00, 0x00, 0x00, 0xCF, 0xF5, 0x00, 0x0E, 0xFF, 0x30, 0x00, 0x00, 0x00, 0x00, 0xAF, 0xF7, 0x00,
    0x0E, 0xFF, 0x30, 0x00, 0x00, 0x00, 0x00, 0xAF, 0xF7, 0x00, 0x0D, 0xFF, 0x40, 0x00, 0x00, 0x00,
    0x00, 0xBF, 0xF5, 0x00, 0x0B, 0xFF, 0x70, 0x00, 0x00, 0x00, 0x00, 0xEF, 0xF4, 0x00, 0x07, 0xFF,
    0xC0, 0x00, 0x00, 0x00, 0x04, 0xFF, 0xF0, 0x00, 0x02, 0xFF, 0xF5, 0x00, 0x00, 0x00, 0x0D, 0xFF,
    0xA0, 0x00, 0x00, 0xAF, 0xFF, 0x50, 0x00, 0x01, 0xBF, 0xFF, 0x30, 0x00, 0x00, 0x1E, 0xFF, 0xFD,
    0xA9, 0xBF, 0xFF, 0xF8, 0x00, 0x00, 0x00, 0x02, 0xDF, 0xFF, 0xFF, 0xFF, 0xFF, 0x80, 0x00, 0x00,
    0x00, 0x00, 0x08, 0xEF, 0xFF, 0xFF, 0xC4, 0x00, 0x00, 0x00, 0x00, 0x00, 0x00, 0x02, 0x44, 0x31,
    0x00, 0x00, 0x00, 0x00, 0x00, 0x00, 0x00, 0x00, 0x00, 0x02, 0xC2, 0x00, 0x00, 0x00, 0x00, 0x00,
    0x1F, 0xFA, 0x00, 0x00, 0x00, 0x00, 0x00, 0x0C, 0xFD, 0x00, 0x00, 0x03, 0x6A, 0x54, 0x5F, 0xFB,
    0x00, 0x05, 0xEF, 0xFF, 0xFF, 0xFF, 0xF3, 0x00, 0x7F, 0xFF, 0xFF, 0xFF, 0xFD, 0x20, 0x02, 0xFF,
    0xFC, 0x66, 0xBF, 0xFF, 0x20, 0x09, 0xFF, 0xB0, 0x00, 0x09, 0xFF, 0xA0, 0x0E, 0xFF, 0x30, 0x00,
    0x01, 0xFF, 0xF0, 0x0F, 0xFF, 0x00, 0x00, 0x00, 0xDF, 0xF2, 0x1F, 0xFE, 0x00, 0x00, 0x00, 0xCF,
    0xF3, 0x0F, 0xFF, 0x00, 0x00, 0x00, 0xDF, 0xF2, 0x0D, 0xFF, 0x40, 0x00, 0x02, 0xFF, 0xF0, 0x08,
    0xFF, 0xC0, 0x00, 0x0B, 0xFF, 0xA0, 0x02, 0xFF, 0xFD, 0x87, 0xDF, 0xFF, 0x30, 0x00, 0x5F, 0xFF,
    0xFF, 0xFF, 0xF7, 0x00, 0x00, 0x04, 0xCF, 0xFF, 0xFD, 0x50, 0x00, 0x00, 0x00, 0x02, 0x44, 0x20,
    0x00, 0x00, 0x00, 0x00, 0x00, 0x00, 0x00, 0x00, 0x00, 0x00, 0x42, 0x00, 0x00, 0x00, 0x00, 0x00,
    0x00, 0x00, 0x00, 0x07, 0xFC, 0x00, 0x00, 0x00, 0x00, 0x00, 0x00, 0x00, 0x00, 0x08, 0xFF, 0x20,
    0x00, 0x00, 0x00, 0x00, 0x00, 0x00, 0x00, 0x08, 0xFF, 0x20, 0x03, 0xCC, 0x80, 0x00, 0x00, 0x00,
    0x6D, 0xFF, 0xFE, 0x00, 0x04, 0xFF, 0xB0, 0x00, 0x00, 0x00, 0x8F, 0xFF, 0xD3, 0x00, 0x04, 0xFF,
    0xB0, 0x00, 0x00, 0x00, 0x8F, 0xFB, 0x00, 0x00, 0x04, 0xFF, 0xB0, 0x00, 0x00, 0x00, 0x8F, 0xF8,
    0x00, 0x00, 0x04, 0xFF, 0xB0, 0x00, 0x00, 0x00, 0x8F, 0xF8, 0x00, 0x00, 0x04, 0xFF, 0xB0, 0x00,
    0x00, 0x00, 0x8F, 0xF8, 0x00, 0x00, 0x04, 0xFF, 0xB0, 0x00, 0x00, 0x00, 0x8F, 0xF8, 0x00, 0x00,
    0x04, 0xFF, 0xB0, 0x00, 0x00, 0x00, 0x8F, 0xF8, 0x00, 0x00, 0x04, 0xFF, 0xB0, 0x00, 0x00, 0x00,
    0x8F, 0xF8, 0x00, 0x00, 0x04, 0xFF, 0xB0, 0x00, 0x00, 0x00, 0x8F, 0xF8, 0x00, 0x00, 0x04, 0xFF,
    0xB0, 0x00, 0x00, 0x00, 0x8F, 0xF8, 0x00, 0x00, 0x04, 0xFF, 0xC0, 0x00, 0x00, 0x00, 0x9F, 0xF7,
    0x00, 0x00, 0x02, 0xFF, 0xE0, 0x00, 0x00, 0x00, 0xBF, 0xF5, 0x00, 0x00, 0x00, 0xFF, 0xF4, 0x00,
    0x00, 0x01, 0xFF, 0xF3, 0x00, 0x00, 0x00, 0xAF, 0xFD, 0x20, 0x00, 0x0B, 0xFF, 0xD0, 0x00, 0x00,
    0x00, 0x2F, 0xFF, 0xFA, 0x8A, 0xEF, 0xFF, 0x50, 0x00, 0x00, 0x00, 0x05, 0xFF, 0xFF, 0xFF, 0xFF,
    0xF8, 0x00, 0x00, 0x00, 0x00, 0x00, 0x3B, 0xFF, 0xFF, 0xFC, 0x40, 0x00, 0x00, 0x00, 0x00, 0x00,
    0x00, 0x13, 0x43, 0x10, 0x00, 0x00, 0x00, 0x00, 0x00, 0x00, 0x00, 0x00, 0x00, 0x00, 0x06, 0xA0,
    0x00, 0x00, 0x00, 0x00, 0x00, 0x00, 0x7F, 0xF3, 0x00, 0x00, 0x00, 0x00, 0x00, 0x00, 0x3F, 0xF6,
    0x01, 0x22, 0x00, 0x00, 0x00, 0x24, 0xBF, 0xF5, 0x08, 0xFF, 0x60, 0x00, 0x03, 0xFF, 0xFF, 0xE0,
    0x08, 0xFF, 0x60, 0x00, 0x03, 0xFF, 0xFA, 0x20, 0x08, 0xFF, 0x60, 0x00, 0x03, 0xFF, 0xB0, 0x00,
    0x08, 0xFF, 0x60, 0x00, 0x03, 0xFF, 0xB0, 0x00, 0x08, 0xFF, 0x60, 0x00, 0x03, 0xFF, 0xB0, 0x00,
    0x08, 0xFF, 0x60, 0x00, 0x03, 0xFF, 0xB0, 0x00, 0x08, 0xFF, 0x60, 0x00, 0x03, 0xFF, 0xB0, 0x00,
    0x08, 0xFF, 0x60, 0x00, 0x03, 0xFF, 0xB0, 0x00, 0x08, 0xFF, 0x80, 0x00, 0x05, 0xFF, 0xB0, 0x00,
    0x07, 0xFF, 0xD0, 0x00, 0x0C, 0xFF, 0xB0, 0x00, 0x03, 0xFF, 0xFD, 0x77, 0xDF, 0xFF, 0xB0, 0x00,
    0x00, 0xBF, 0xFF, 0xFF, 0xFA, 0xFF, 0xB0, 0x00, 0x00, 0x1B, 0xFF, 0xFF, 0x73, 0xFF, 0xB0, 0x00,
    0x00, 0x00, 0x24, 0x40, 0x00, 0x00, 0x00, 0x00, 0x00, 0x00, 0x00, 0x3C, 0xCB, 0x10, 0x00, 0x00,
    0x00, 0x00, 0x00, 0x00, 0xAF, 0xFF, 0x60, 0x00, 0x00, 0x00, 0x00, 0x00, 0x01, 0xFF, 0xFF, 0xC0,
    0x00, 0x00, 0x00, 0x00, 0x00, 0x06, 0xFF, 0xFF, 0xF2, 0x00, 0x00, 0x00, 0x00, 0x00, 0x0C, 0xFF,
    0xCF, 0xF8, 0x00, 0x00, 0x00, 0x00, 0x00, 0x2F, 0xFE, 0x2F, 0xFE, 0x00, 0x00, 0x00, 0x00, 0x00,
    0x8F, 0xF8, 0x0C, 0xFF, 0x40, 0x00, 0x00, 0x00, 0x00, 0xEF, 0xF2, 0x06, 0xFF, 0xA0, 0x00, 0x00,
    0x00, 0x04, 0xFF, 0xD0, 0x01, 0xFF, 0xF1, 0x00, 0x00, 0x00, 0x0A, 0xFF, 0x70, 0x00, 0xBF, 0xF6,
    0x00, 0x00, 0x00, 0x0F, 0xFF, 0xFE, 0xEE, 0xFF, 0xFC, 0x00, 0x00, 0x00, 0x6F, 0xFF, 0xFF, 0xFF,
    0xFF, 0xFF, 0x20, 0x00, 0x00, 0xCF, 0xFF, 0xFF, 0xFF, 0xFF, 0xFF, 0x80, 0x00, 0x02, 0xFF, 0xF0,
    0x00, 0x00, 0x04, 0xFF, 0xE0, 0x00, 0x08, 0xFF, 0xA0, 0x00, 0x00, 0x00, 0xEF, 0xF4, 0x00, 0x0E,
    0xFF, 0x40, 0x00, 0x00, 0x00, 0x8F, 0xFA, 0x00, 0x4F, 0xFE, 0x00, 0x00, 0x00, 0x00, 0x2F, 0xFF,
    0x10, 0xAF, 0xF9, 0x00, 0x00, 0x00, 0x00, 0x0D, 0xFF, 0x60, 0x00, 0x00, 0x00, 0x00, 0x00, 0x00,
    0x00, 0x00, 0x00, 0x00, 0x00, 0x00, 0x03, 0x62, 0x00, 0x00, 0x00, 0x00, 0x00, 0x00, 0x00, 0x3F,
    0xFE, 0x00, 0x00, 0x00, 0x00, 0x00, 0x00, 0x00, 0x6F, 0xFF, 0x20, 0x00, 0x00, 0x00, 0x00, 0x00,
    0x00, 0x1E, 0xFC, 0x00, 0x00, 0x00, 0x00, 0x00, 0x00, 0x00, 0x00, 0x20, 0x00, 0x00, 0x00, 0x00,
    0x00, 0x00, 0x25, 0x65, 0x10, 0x00, 0x00, 0x00, 0x2B, 0xFF, 0xFF, 0xFA, 0x10, 0x00, 0x02, 0xEF,
    0xFF, 0xFF, 0xFF, 0xC0, 0x00, 0x01, 0xCF, 0x92, 0x26, 0xEF, 0xF6, 0x00, 0x00, 0x04, 0x00, 0x00,
    0x6F, 0xFA, 0x00, 0x00, 0x00, 0x00, 0x00, 0x3F, 0xFC, 0x00, 0x00, 0x05, 0xBE, 0xFF, 0xFF, 0xFC,
    0x00, 0x00, 0xBF, 0xFF, 0xFF, 0xFF, 0xFC, 0x00, 0x09, 0xFF, 0xFB, 0x87, 0x8F, 0xFC, 0x00, 0x0F,
    0xFF, 0x30, 0x00, 0x3F, 0xFC, 0x00, 0x2F, 0xFE, 0x00, 0x00, 0x8F, 0xFC, 0x00, 0x1F, 0xFF, 0x83,
    0x49, 0xFF, 0xFC, 0x00, 0x0A, 0xFF, 0xFF, 0xFF, 0xBF, 0xFC, 0x00, 0x00, 0xAF, 0xFF, 0xF9, 0x2F,
    0xFC, 0x00, 0x00, 0x01, 0x44, 0x10, 0x00, 0x00, 0x00, 0x00, 0x00, 0x01, 0x64, 0x00, 0x00, 0x00,
    0x00, 0x00, 0x0D, 0xFF, 0x40, 0x00, 0x00, 0x00, 0x00, 0x0F, 0xFF, 0x70, 0x00, 0x00, 0x00, 0x00,
    0x0B, 0xFE, 0x20, 0x00, 0x00, 0x00, 0x00, 0x00, 0x20, 0x00, 0x00, 0x00, 0x00, 0x00, 0x00, 0x7B,
    0xCA, 0x30, 0x00, 0x00, 0x00, 0x00, 0x00, 0x00, 0xEF, 0xFF, 0xF0, 0x00, 0x00, 0x00, 0x00, 0x00,
    0x00, 0x32, 0x7F, 0xF1, 0x00, 0x00, 0x00, 0x00, 0x00, 0x00, 0x05, 0xFF, 0x70, 0x00, 0x00, 0x00,
    0x00, 0x00, 0x00, 0x00, 0x41, 0x00, 0x00, 0x00, 0x00, 0x00, 0x00, 0x00, 0x3C, 0xCB, 0x10, 0x00,
    0x00, 0x00, 0x00, 0x00, 0x00, 0xAF, 0xFF, 0x60, 0x00, 0x00, 0x00, 0x00, 0x00, 0x01, 0xFF, 0xFF,
    0xC0, 0x00, 0x00, 0x00, 0x00, 0x00, 0x06, 0xFF, 0xFF, 0xF2, 0x00, 0x00, 0x00, 0x00, 0x00, 0x0C,
    0xFF, 0xCF, 0xF8, 0x00, 0x00, 0x00, 0x00, 0x00, 0x2F, 0xFE, 0x2F, 0xFE, 0x00, 0x00, 0x00, 0x00,
    0x00, 0x8F, 0xF8, 0x0C, 0xFF, 0x40, 0x00, 0x00, 0x00, 0x00, 0xEF, 0xF2, 0x06, 0xFF, 0xA0, 0x00,
    0x00, 0x00, 0x04, 0xFF, 0xD0, 0x01, 0xFF, 0xF1, 0x00, 0x00, 0x00, 0x0A, 0xFF, 0x70, 0x00, 0xBF,
    0xF6, 0x00, 0x00, 0x00, 0x0F, 0xFF, 0xFE, 0xEE, 0xFF, 0xFC, 0x00, 0x00, 0x00, 0x6F, 0xFF, 0xFF,
    0xFF, 0xFF, 0xFF, 0x20, 0x00, 0x00, 0xCF, 0xFF, 0xFF, 0xFF, 0xFF, 0xFF, 0x80, 0x00, 0x02, 0xFF,
    0xF0, 0x00, 0x00, 0x04, 0xFF, 0xE0, 0x00, 0x08, 0xFF, 0xA0, 0x00, 0x00, 0x00, 0xEF, 0xF4, 0x00,
    0x0E, 0xFF, 0x40, 0x00, 0x00, 0x00, 0x8F, 0xFA, 0x00, 0x4F, 0xFE, 0x00, 0x00, 0x00, 0x00, 0x2F,
    0xFF, 0x10, 0xAF, 0xF9, 0x00, 0x00, 0x00, 0x00, 0x0D, 0xFF, 0x60, 0x00, 0x00, 0x00, 0x00, 0x00,
    0x00, 0x00, 0x00, 0x00, 0xAF, 0xFE, 0x60, 0x00, 0x00, 0x00, 0x00, 0xBF, 0xFF, 0xF2, 0x00, 0x00,
    0x00, 0x00, 0x10, 0x2F, 0xF4, 0x00, 0x00, 0x00, 0x00, 0x03, 0xFF, 0xD0, 0x00, 0x00, 0x00, 0x00,
    0x00, 0xB7, 0x10, 0x00, 0x00, 0x00, 0x00, 0x25, 0x65, 0x10, 0x00, 0x00, 0x00, 0x2B, 0xFF, 0xFF,
    0xFA, 0x10, 0x00, 0x02, 0xEF, 0xFF, 0xFF, 0xFF, 0xC0, 0x00, 0x01, 0xCF, 0x92, 0x26, 0xEF, 0xF6,
    0x00, 0x00, 0x04, 0x00, 0x00, 0x6F, 0xFA, 0x00, 0x00, 0x00, 0x00, 0x00, 0x3F, 0xFC, 0x00, 0x00,
    0x05, 0xBE, 0xFF, 0xFF, 0xFC, 0x00, 0x00, 0xBF, 0xFF, 0xFF, 0xFF, 0xFC, 0x00, 0x09, 0xFF, 0xFB,
    0x87, 0x8F, 0xFC, 0x00, 0x0F, 0xFF, 0x30, 0x00, 0x3F, 0xFC, 0x00, 0x2F, 0xFE, 0x00, 0x00, 0x8F,
    0xFC, 0x00, 0x1F, 0xFF, 0x83, 0x49, 0xFF, 0xFC, 0x00, 0x0A, 0xFF, 0xFF, 0xFF, 0xBF, 0xFC, 0x00,
    0x00, 0xAF, 0xFF, 0xF9, 0x2F, 0xFC, 0x00, 0x00, 0x01, 0x44, 0x10, 0x00, 0x00, 0x00, 0x00, 0x00,
    0x00, 0x00, 0x00, 0x00, 0x0A, 0x20, 0x00, 0x00, 0x00, 0x00, 0x00, 0x00, 0x01, 0xCF, 0xD0, 0x00,
    0x00, 0x00, 0x00, 0x00, 0x00, 0x1D, 0xFE, 0x50, 0x00, 0x00, 0x00, 0x00, 0x01, 0x10, 0x3F, 0x80,
    0x00, 0x00, 0x00, 0x00, 0x00, 0x6F, 0xFF, 0x40, 0x00, 0x00, 0x00, 0x00, 0x00, 0x06, 0xFF, 0xEF,
    0xF3, 0x00, 0x00, 0x00, 0x00, 0x00, 0x2F, 0xF6, 0x08, 0xFE, 0x00, 0x00, 0x00, 0x00, 0x00, 0x04,
    0x20, 0x00, 0x32, 0x00, 0x00, 0x00, 0x00, 0x00, 0x00, 0x3C, 0xCB, 0x10, 0x00, 0x00, 0x00, 0x00,
    0x00, 0x00, 0xAF, 0xFF, 0x60, 0x00, 0x00, 0x00, 0x00, 0x00, 0x01, 0xFF, 0xFF, 0xC0, 0x00, 0x00,
    0x00, 0x00, 0x00, 0x06, 0xFF, 0xFF, 0xF2, 0x00, 0x00, 0x00, 0x00, 0x00, 0x0C, 0xFF, 0xCF, 0xF8,
    0x00, 0x00, 0x00, 0x00, 0x00, 0x2F, 0xFE, 0x2F, 0xFE, 0x00, 0x00, 0x00, 0x00, 0x00, 0x8F, 0xF8,
    0x0C, 0xFF, 0x40, 0x00, 0x00, 0x00, 0x00, 0xEF, 0xF2, 0x06, 0xFF, 0xA0, 0x00, 0x00, 0x00, 0x04,
    0xFF, 0xD0, 0x01, 0xFF, 0xF1, 0x00, 0x00, 0x00, 0x0A, 0xFF, 0x70, 0x00, 0xBF, 0xF6, 0x00, 0x00,
    0x00, 0x0F, 0xFF, 0xFE, 0xEE, 0xFF, 0xFC, 0x00, 0x00, 0x00, 0x6F, 0xFF, 0xFF, 0xFF, 0xFF, 0xFF,
    0x20, 0x00, 0x00, 0xCF, 0xFF, 0xFF, 0xFF, 0xFF, 0xFF, 0x80, 0x00, 0x02, 0xFF, 0xF0, 0x00, 0x00,
    0x04, 0xFF, 0xE0, 0x00, 0x08, 0xFF, 0xA0, 0x00, 0x00, 0x00, 0xEF, 0xF4, 0x00, 0x0E, 0xFF, 0x40,
    0x00, 0x00, 0x00, 0x8F, 0xFA, 0x00, 0x4F, 0xFE, 0x00, 0x00, 0x00, 0x00, 0x2F, 0xFF, 0x10, 0xAF,
    0xF9, 0x00, 0x00, 0x00, 0x00, 0x0D, 0xFF, 0x60, 0x00, 0x00, 0x00, 0x00, 0x00, 0x09, 0x10, 0x00,
    0x00, 0x00, 0x00, 0x00, 0x7F, 0xE2, 0x00, 0x00, 0x00, 0x00, 0x03, 0xFF, 0xF4, 0x00, 0x00, 0x00,
    0x00, 0x0D, 0xFE, 0x30, 0x00, 0x00, 0x06, 0x76, 0x2E, 0xE2, 0x00, 0x00, 0x00, 0x6F, 0xFF, 0x81,
    0x20, 0x00, 0x00, 0x02, 0xFF, 0xFF, 0xF3, 0x00, 0x00, 0x00, 0x0D, 0xFB, 0x1A, 0xFE, 0x10, 0x00,
    0x00, 0x09, 0xA0, 0x00, 0x8A, 0x00, 0x00, 0x00, 0x00, 0x25, 0x65, 0x10, 0x00, 0x00, 0x00, 0x2B,
    0xFF, 0xFF, 0xFA, 0x10, 0x00, 0x02, 0xEF, 0xFF, 0xFF, 0xFF, 0xC0, 0x00, 0x01, 0xCF, 0x92, 0x26,
    0xEF, 0xF6, 0x00, 0x00, 0x04, 0x00, 0x00, 0x6F, 0xFA, 0x00, 0x00, 0x00, 0x00, 0x00, 0x3F, 0xFC,
    0x00, 0x00, 0x05, 0xBE, 0xFF, 0xFF, 0xFC, 0x00, 0x00, 0xBF, 0xFF, 0xFF, 0xFF, 0xFC, 0x00, 0x09,
    0xFF, 0xFB, 0x87, 0x8F, 0xFC, 0x00, 0x0F, 0xFF, 0x30, 0x00, 0x3F, 0xFC, 0x00, 0x2F, 0xFE, 0x00,
    0x00, 0x8F, 0xFC, 0x00, 0x1F, 0xFF, 0x83, 0x49, 0xFF, 0xFC, 0x00, 0x0A, 0xFF, 0xFF, 0xFF, 0xBF,
    0xFC, 0x00, 0x00, 0xAF, 0xFF, 0xF9, 0x2F, 0xFC, 0x00, 0x00, 0x01, 0x44, 0x10, 0x00, 0x00, 0x00,
    0x00, 0x00, 0x00, 0x00, 0x0A, 0x30, 0x00, 0x00, 0x00, 0x00, 0x00, 0x00, 0x00, 0x8F, 0xF4, 0x00,
    0x00, 0x00, 0x00, 0x00, 0x00, 0x00, 0x1A, 0xFF, 0x60, 0x00, 0x00, 0x00, 0x00, 0x00, 0x01, 0x10,
    0x4D, 0xA0, 0x00, 0x00, 0x00, 0x00, 0x00, 0x6F, 0xFF, 0x40, 0x00, 0x00, 0x00, 0x00, 0x00, 0x06,
    0xFF, 0xEF, 0xF3, 0x00, 0x00, 0x00, 0x00, 0x00, 0x2F, 0xF6, 0x08, 0xFE, 0x00, 0x00, 0x00, 0x00,
    0x00, 0x04, 0x20, 0x00, 0x32, 0x00, 0x00, 0x00, 0x00, 0x00, 0x00, 0x3C, 0xCB, 0x10, 0x00, 0x00,
    0x00, 0x00, 0x00, 0x00, 0xAF, 0xFF, 0x60, 0x00, 0x00, 0x00, 0x00, 0x00, 0x01, 0xFF, 0xFF, 0xC0,
    0x00, 0x00, 0x00, 0x00, 0x00, 0x06, 0xFF, 0xFF, 0xF2, 0x00, 0x00, 0x00, 0x00, 0x00, 0x0C, 0xFF,
    0xCF, 0xF8, 0x00, 0x00, 0x00, 0x00, 0x00, 0x2F, 0xFE, 0x2F, 0xFE, 0x00, 0x00, 0x00, 0x00, 0x00,
    0x8F, 0xF8, 0x0C, 0xFF, 0x40, 0x00, 0x00, 0x00, 0x00, 0xEF, 0xF2, 0x06, 0xFF, 0xA0, 0x00, 0x00,
    0x00, 0x04, 0xFF, 0xD0, 0x01, 0xFF, 0xF1, 0x00, 0x00, 0x00, 0x0A, 0xFF, 0x70, 0x00, 0xBF, 0xF6,
    0x00, 0x00, 0x00, 0x0F, 0xFF, 0xFE, 0xEE, 0xFF, 0xFC, 0x00, 0x00, 0x00, 0x6F, 0xFF, 0xFF, 0xFF,
    0xFF, 0xFF, 0x20, 0x00, 0x00, 0xCF, 0xFF, 0xFF, 0xFF, 0xFF, 0xFF, 0x80, 0x00, 0x02, 0xFF, 0xF0,
    0x00, 0x00, 0x04, 0xFF, 0xE0, 0x00, 0x08, 0xFF, 0xA0, 0x00, 0x00, 0x00, 0xEF, 0xF4, 0x00, 0x0E,
    0xFF, 0x40, 0x00, 0x00, 0x00, 0x8F, 0xFA, 0x00, 0x4F, 0xFE, 0x00, 0x00, 0x00, 0x00, 0x2F, 0xFF,
    0x10, 0xAF, 0xF9, 0x00, 0x00, 0x00, 0x00, 0x0D, 0xFF, 0x60, 0x00, 0x00, 0x00, 0x00, 0x13, 0x00,
    0x00, 0x00, 0x00, 0x00, 0x02, 0xEE, 0x10, 0x00, 0x00, 0x00, 0x00, 0x0B, 0xFF, 0xA0, 0x00, 0x00,
    0x00, 0x00, 0x00, 0xBF, 0xF5, 0x00, 0x00, 0x00, 0x06, 0x76, 0x0B, 0xFC, 0x00, 0x00, 0x00, 0x6F,
    0xFF, 0x80, 0x81, 0x00, 0x00, 0x02, 0xFF, 0xFF, 0xF3, 0x00, 0x00, 0x00, 0x0D, 0xFB, 0x1A, 0xFE,
    0x10, 0x00, 0x00, 0x09, 0xA0, 0x00, 0x8A, 0x00, 0x00, 0x00, 0x00, 0x25, 0x65, 0x10, 0x00, 0x00,
    0x00, 0x2B, 0xFF, 0xFF, 0xFA, 0x10, 0x00, 0x02, 0xEF, 0xFF, 0xFF, 0xFF, 0xC0, 0x00, 0x01, 0xCF,
    0x92, 0x26, 0xEF, 0xF6, 0x00, 0x00, 0x04, 0x00, 0x00, 0x6F, 0xFA, 0x00, 0x00, 0x00, 0x00, 0x00,
    0x3F, 0xFC, 0x00, 0x00, 0x05, 0xBE, 0xFF, 0xFF, 0xFC, 0x00, 0x00, 0xBF, 0xFF, 0xFF, 0xFF, 0xFC,
    0x00, 0x09, 0xFF, 0xFB, 0x87, 0x8F, 0xFC, 0x00, 0x0F, 0xFF, 0x30, 0x00, 0x3F, 0xFC, 0x00, 0x2F,
    0xFE, 0x00, 0x00, 0x8F, 0xFC, 0x00, 0x1F, 0xFF, 0x83, 0x49, 0xFF, 0xFC, 0x00, 0x0A, 0xFF, 0xFF,
    0xFF, 0xBF, 0xFC, 0x00, 0x00, 0xAF, 0xFF, 0xF9, 0x2F, 0xFC, 0x00, 0x00, 0x01, 0x44, 0x10, 0x00,
    0x00, 0x00, 0x00, 0x00, 0x00, 0x00, 0x08, 0xDE, 0xD6, 0x00, 0x00, 0x00, 0x00, 0x00, 0x00, 0x0B,
    0xFE, 0xFF, 0x30, 0x00, 0x00, 0x00, 0x00, 0x00, 0x01, 0x17, 0xFF, 0x40, 0x00, 0x00, 0x00, 0x00,
    0x19, 0x97, 0x1F, 0xF8, 0x00, 0x00, 0x00, 0x00, 0x00, 0xCF, 0xFF, 0x82, 0x00, 0x00, 0x00, 0x00,
    0x00, 0x0A, 0xFF, 0xBF, 0xF5, 0x00, 0x00, 0x00, 0x00, 0x00, 0x2F, 0xE3, 0x06, 0xFD, 0x00, 0x00,
    0x00, 0x00, 0x00, 0x02, 0x10, 0x00, 0x30, 0x00, 0x00, 0x00, 0x00, 0x00, 0x00, 0x3C, 0xCB, 0x10,
    0x00, 0x00, 0x00, 0x00, 0x00, 0x00, 0xAF, 0xFF, 0x60, 0x00, 0x00, 0x00, 0x00, 0x00, 0x01, 0xFF,
    0xFF, 0xC0, 0x00, 0x00, 0x00, 0x00, 0x00, 0x06, 0xFF, 0xFF, 0xF2, 0x00, 0x00, 0x00, 0x00, 0x00,
    0x0C, 0xFF, 0xCF, 0xF8, 0x00, 0x00, 0x00, 0x00, 0x00, 0x2F, 0xFE, 0x2F, 0xFE, 0x00, 0x00, 0x00,
    0x00, 0x00, 0x8F, 0xF8, 0x0C, 0xFF, 0x40, 0x00, 0x00, 0x00, 0x00, 0xEF, 0xF2, 0x06, 0xFF, 0xA0,
    0x00, 0x00, 0x00, 0x04, 0xFF, 0xD0, 0x01, 0xFF, 0xF1, 0x00, 0x00, 0x00, 0x0A, 0xFF, 0x70, 0x00,
    0xBF, 0xF6, 0x00, 0x00, 0x00, 0x0F, 0xFF, 0xFE, 0xEE, 0xFF, 0xFC, 0x00, 0x00, 0x00, 0x6F, 0xFF,
    0xFF, 0xFF, 0xFF, 0xFF, 0x20, 0x00, 0x00, 0xCF, 0xFF, 0xFF, 0xFF, 0xFF, 0xFF, 0x80, 0x00, 0x02,
    0xFF, 0xF0, 0x00, 0x00, 0x04, 0xFF, 0xE0, 0x00, 0x08, 0xFF, 0xA0, 0x00, 0x00, 0x00, 0xEF, 0xF4,
    0x00, 0x0E, 0xFF, 0x40, 0x00, 0x00, 0x00, 0x8F, 0xFA, 0x00, 0x4F, 0xFE, 0x00, 0x00, 0x00, 0x00,
    0x2F, 0xFF, 0x10, 0xAF, 0xF9, 0x00, 0x00, 0x00, 0x00, 0x0D, 0xFF, 0x60, 0x00, 0x00, 0x00, 0x00,
    0x14, 0x30, 0x00, 0x00, 0x00, 0x00, 0x07, 0xFF, 0xFE, 0x30, 0x00, 0x00, 0x00, 0x03, 0xDB, 0xEF,
    0xA0, 0x00, 0x00, 0x00, 0x00, 0x02, 0xCF, 0xA0, 0x00, 0x00, 0x06, 0x76, 0x0C, 0xFE, 0x30, 0x00,
    0x00, 0x6F, 0xFF, 0x84, 0x50, 0x00, 0x00, 0x02, 0xFF, 0xFF, 0xF3, 0x00, 0x00, 0x00, 0x0D, 0xFB,
    0x1A, 0xFE, 0x10, 0x00, 0x00, 0x09, 0xA0, 0x00, 0x8A, 0x00, 0x00, 0x00, 0x00, 0x25, 0x65, 0x10,
    0x00, 0x00, 0x00, 0x2B, 0xFF, 0xFF, 0xFA, 0x10, 0x00, 0x02, 0xEF, 0xFF, 0xFF, 0xFF, 0xC0, 0x00,
    0x01, 0xCF, 0x92, 0x26, 0xEF, 0xF6, 0x00, 0x00, 0x04, 0x00, 0x00, 0x6F, 0xFA, 0x00, 0x00, 0x00,
    0x00, 0x00, 0x3F, 0xFC, 0x00, 0x00, 0x05, 0xBE, 0xFF, 0xFF, 0xFC, 0x00, 0x00, 0xBF, 0xFF, 0xFF,
    0xFF, 0xFC, 0x00, 0x09, 0xFF, 0xFB, 0x87, 0x8F, 0xFC, 0x00, 0x0F, 0xFF, 0x30, 0x00, 0x3F, 0xFC,
    0x00, 0x2F, 0xFE, 0x00, 0x00, 0x8F, 0xFC, 0x00, 0x1F, 0xFF, 0x83, 0x49, 0xFF, 0xFC, 0x00, 0x0A,
    0xFF, 0xFF, 0xFF, 0xBF, 0xFC, 0x00, 0x00, 0xAF, 0xFF, 0xF9, 0x2F, 0xFC, 0x00, 0x00, 0x01, 0x44,
    0x10, 0x00, 0x00, 0x00, 0x00, 0x00, 0x00, 0x00, 0x00, 0x00, 0x00, 0x00, 0x00, 0x00, 0x00, 0x06,
    0xED, 0x50, 0x9B, 0x10, 0x00, 0x00, 0x00, 0x00, 0x3F, 0xFF, 0xFD, 0xFF, 0x10, 0x00, 0x00, 0x00,
    0x00, 0x5F, 0x74, 0xEF, 0xF6, 0x00, 0x00, 0x00, 0x00, 0x00, 0x01, 0x01, 0x15, 0x20, 0x00, 0x00,
    0x00, 0x00, 0x00, 0x00, 0x6F, 0xFF, 0x40, 0x00, 0x00, 0x00, 0x00, 0x00, 0x06, 0xFF, 0xEF, 0xF3,
    0x00, 0x00, 0x00, 0x00, 0x00, 0x2F, 0xF6, 0x08, 0xFE, 0x00, 0x00, 0x00, 0x00, 0x00, 0x04, 0x20,
    0x00, 0x32, 0x00, 0x00, 0x00, 0x00, 0x00, 0x00, 0x3C, 0xCB, 0x10, 0x00, 0x00, 0x00, 0x00, 0x00,
    0x00, 0xAF, 0xFF, 0x60, 0x00, 0x00, 0x00, 0x00, 0x00, 0x01, 0xFF, 0xFF, 0xC0, 0x00, 0x00, 0x00,
    0x00, 0x00, 0x06, 0xFF, 0xFF, 0xF2, 0x00, 0x00, 0x00, 0x00, 0x00, 0x0C, 0xFF, 0xCF, 0xF8, 0x00,
    0x00, 0x00, 0x00, 0x00, 0x2F, 0xFE, 0x2F, 0xFE, 0x00, 0x00, 0x00, 0x00, 0x00, 0x8F, 0xF8, 0x0C,
    0xFF, 0x40, 0x00, 0x00, 0x00, 0x00, 0xEF, 0xF2, 0x06, 0xFF, 0xA0, 0x00, 0x00, 0x00, 0x04, 0xFF,
    0xD0, 0x01, 0xFF, 0xF1, 0x00, 0x00, 0x00, 0x0A, 0xFF, 0x70, 0x00, 0xBF, 0xF6, 0x00, 0x00, 0x00,
    0x0F, 0xFF, 0xFE, 0xEE, 0xFF, 0xFC, 0x00, 0x00, 0x00, 0x6F, 0xFF, 0xFF, 0xFF, 0xFF, 0xFF, 0x20,
    0x00, 0x00, 0xCF, 0xFF, 0xFF, 0xFF, 0xFF, 0xFF, 0x80, 0x00, 0x02, 0xFF, 0xF0, 0x00, 0x00, 0x04,
    0xFF, 0xE0, 0x00, 0x08, 0xFF, 0xA0, 0x00, 0x00, 0x00, 0xEF, 0xF4, 0x00, 0x0E, 0xFF, 0x40, 0x00,
    0x00, 0x00, 0x8F, 0xFA, 0x00, 0x4F, 0xFE, 0x00, 0x00, 0x00, 0x00, 0x2F, 0xFF, 0x10, 0xAF, 0xF9,
    0x00, 0x00, 0x00, 0x00, 0x0D, 0xFF, 0x60, 0x00, 0x00, 0x67, 0x10, 0x06, 0x00, 0x00, 0x00, 0x0C,
    0xFF, 0xE5, 0x9F, 0xB0, 0x00, 0x00, 0x5F, 0xFD, 0xFF, 0xFF, 0x50, 0x00, 0x00, 0x2B, 0x60, 0x7F,
    0xF9, 0x00, 0x00, 0x00, 0x00, 0x06, 0x77, 0x00, 0x00, 0x00, 0x00, 0x00, 0x6F, 0xFF, 0x80, 0x00,
    0x00, 0x00, 0x02, 0xFF, 0xFF, 0xF3, 0x00, 0x00, 0x00, 0x0D, 0xFB, 0x1A, 0xFE, 0x10, 0x00, 0x00,
    0x09, 0xA0, 0x00, 0x8A, 0x00, 0x00, 0x00, 0x00, 0x25, 0x65, 0x10, 0x00, 0x00, 0x00, 0x2B, 0xFF,
    0xFF, 0xFA, 0x10, 0x00, 0x02, 0xEF, 0xFF, 0xFF, 0xFF, 0xC0, 0x00, 0x01, 0xCF, 0x92, 0x26, 0xEF,
    0xF6, 0x00, 0x00, 0x04, 0x00, 0x00, 0x6F, 0xFA, 0x00, 0x00, 0x00, 0x00, 0x00, 0x3F, 0xFC, 0x00,
    0x00, 0x05, 0xBE, 0xFF, 0xFF, 0xFC, 0x00, 0x00, 0xBF, 0xFF, 0xFF, 0xFF, 0xFC, 0x00, 0x09, 0xFF,
    0xFB, 0x87, 0x8F, 0xFC, 0x00, 0x0F, 0xFF, 0x30, 0x00, 0x3F, 0xFC, 0x00, 0x2F, 0xFE, 0x00, 0x00,
    0x8F, 0xFC, 0x00, 0x1F, 0xFF, 0x83, 0x49, 0xFF, 0xFC, 0x00, 0x0A, 0xFF, 0xFF, 0xFF, 0xBF, 0xFC,
    0x00, 0x00, 0xAF, 0xFF, 0xF9, 0x2F, 0xFC, 0x00, 0x00, 0x01, 0x44, 0x10, 0x00, 0x00, 0x00, 0x00,
    0x00, 0x00, 0x19, 0x98, 0x00, 0x00, 0x00, 0x00, 0x00, 0x00, 0x00, 0xCF, 0xFF, 0x90, 0x00, 0x00,
    0x00, 0x00, 0x00, 0x09, 0xFF, 0xBF, 0xF6, 0x00, 0x00, 0x00, 0x00, 0x00, 0x2F, 0xE4, 0x06, 0xFD,
    0x00, 0x00, 0x00, 0x00, 0x00, 0x02, 0x10, 0x00, 0x21, 0x00, 0x00, 0x00, 0x00, 0x00, 0x00, 0x3C,
    0xCB, 0x10, 0x00, 0x00, 0x00, 0x00, 0x00, 0x00, 0xAF, 0xFF, 0x60, 0x00, 0x00, 0x00, 0x00, 0x00,
    0x01, 0xFF, 0xFF, 0xC0, 0x00, 0x00, 0x00, 0x00, 0x00, 0x06, 0xFF, 0xFF, 0xF2, 0x00, 0x00, 0x00,
    0x00, 0x00, 0x0C, 0xFF, 0xCF, 0xF8, 0x00, 0x00, 0x00, 0x00, 0x00, 0x2F, 0xFE, 0x2F, 0xFE, 0x00,
    0x00, 0x00, 0x00, 0x00, 0x8F, 0xF8, 0x0C, 0xFF, 0x40, 0x00, 0x00, 0x00, 0x00, 0xEF, 0xF2, 0x06,
    0xFF, 0xA0, 0x00, 0x00, 0x00, 0x04, 0xFF, 0xD0, 0x01, 0xFF, 0xF1, 0x00, 0x00, 0x00, 0x0A, 0xFF,
    0x70, 0x00, 0xBF, 0xF6, 0x00, 0x00, 0x00, 0x0F, 0xFF, 0xFE, 0xEE, 0xFF, 0xFC, 0x00, 0x00, 0x00,
    0x6F, 0xFF, 0xFF, 0xFF, 0xFF, 0xFF, 0x20, 0x00, 0x00, 0xCF, 0xFF, 0xFF, 0xFF, 0xFF, 0xFF, 0x80,
    0x00, 0x02, 0xFF, 0xF0, 0x00, 0x00, 0x04, 0xFF, 0xE0, 0x00, 0x08, 0xFF, 0xA0, 0x00, 0x00, 0x00,
    0xEF, 0xF4, 0x00, 0x0E, 0xFF, 0x40, 0x00, 0x00, 0x00, 0x8F, 0xFA, 0x00, 0x4F, 0xFE, 0x00, 0x00,
    0x00, 0x00, 0x2F, 0xFF, 0x10, 0xAF, 0xF9, 0x00, 0x00, 0x00, 0x00, 0x0D, 0xFF, 0x60, 0x00, 0x00,
    0x00, 0x00, 0x00, 0x00, 0x00, 0x00, 0x00, 0x00, 0x00, 0x00, 0x03, 0x62, 0x00, 0x00, 0x00, 0x00,
    0x00, 0x00, 0x00, 0x3F, 0xFE, 0x00, 0x00, 0x00, 0x00, 0x00, 0x00, 0x00, 0x6F, 0xFF, 0x20, 0x00,
    0x00, 0x00, 0x00, 0x00, 0x00, 0x1E, 0xFC, 0x00, 0x00, 0x00, 0x00, 0x00, 0x00, 0x00, 0x00, 0x20,
    0x00, 0x00, 0x00, 0x00, 0x00, 0x00, 0x06, 0x76, 0x00, 0x00, 0x00, 0x00, 0x00, 0x6F, 0xFF, 0x80,
    0x00, 0x00, 0x00, 0x02, 0xFF, 0xFF, 0xF3, 0x00, 0x00, 0x00, 0x0D, 0xFB, 0x1A, 0xFE, 0x10, 0x00,
    0x00, 0x09, 0xA0, 0x00, 0x8A, 0x00, 0x00, 0x00, 0x00, 0x25, 0x65, 0x10, 0x00, 0x00, 0x00, 0x2B,
    0xFF, 0xFF, 0xFA, 0x10, 0x00, 0x02, 0xEF, 0xFF, 0xFF, 0xFF, 0xC0, 0x00, 0x01, 0xCF, 0x92, 0x26,
    0xEF, 0xF6, 0x00, 0x00, 0x04, 0x00, 0x00, 0x6F, 0xFA, 0x00, 0x00, 0x00, 0x00, 0x00, 0x3F, 0xFC,
    0x00, 0x00, 0x05, 0xBE, 0xFF, 0xFF, 0xFC, 0x00, 0x00, 0xBF, 0xFF, 0xFF, 0xFF, 0xFC, 0x00, 0x09,
    0xFF, 0xFB, 0x87, 0x8F, 0xFC, 0x00, 0x0F, 0xFF, 0x30, 0x00, 0x3F, 0xFC, 0x00, 0x2F, 0xFE, 0x00,
    0x00, 0x8F, 0xFC, 0x00, 0x1F, 0xFF, 0x83, 0x49, 0xFF, 0xFC, 0x00, 0x0A, 0xFF, 0xFF, 0xFF, 0xBF,
    0xFC, 0x00, 0x00, 0xAF, 0xFF, 0xF9, 0x2F, 0xFC, 0x00, 0x00, 0x01, 0x44, 0x10, 0x00, 0x00, 0x00,
    0x00, 0x00, 0x01, 0x64, 0x00, 0x00, 0x00, 0x00, 0x00, 0x0D, 0xFF, 0x40, 0x00, 0x00, 0x00, 0x00,
    0x0F, 0xFF, 0x70, 0x00, 0x00, 0x00, 0x00, 0x0B, 0xFE, 0x20, 0x00, 0x00, 0x00, 0x00, 0x00, 0x20,
    0x00, 0x00, 0x00, 0x00, 0x00, 0x00, 0x00, 0x00, 0x00, 0x00, 0x00, 0x00, 0x00, 0x00, 0x00, 0x00,
    0x06, 0xD1, 0x00, 0x00, 0x00, 0x00, 0x00, 0x00, 0x00, 0x7F, 0xF9, 0x00, 0x00, 0x00, 0x00, 0x00,
    0x00, 0x09, 0xFF, 0x70, 0x00, 0x00, 0x00, 0x00, 0x00, 0x02, 0x16, 0xA1, 0x21, 0x00, 0x00, 0x00,
    0x00, 0x00, 0x1F, 0xD0, 0x01, 0xFD, 0x00, 0x00, 0x00, 0x00, 0x00, 0x0D, 0xFD, 0xAE, 0xFA, 0x00,
    0x00, 0x00, 0x00, 0x00, 0x03, 0xDF, 0xFF, 0xB1, 0x00, 0x00, 0x00, 0x00, 0x00, 0x00, 0x03, 0x42,
    0x00, 0x00, 0x00, 0x00, 0x00, 0x00, 0x00, 0x3C, 0xCB, 0x10, 0x00, 0x00, 0x00, 0x00, 0x00, 0x00,
    0xAF, 0xFF, 0x60, 0x00, 0x00, 0x00, 0x00, 0x00, 0x01, 0xFF, 0xFF, 0xC0, 0x00, 0x00, 0x00, 0x00,
    0x00, 0x06, 0xFF, 0xFF, 0xF2, 0x00, 0x00, 0x00, 0x00, 0x00, 0x0C, 0xFF, 0xCF, 0xF8, 0x00, 0x00,
    0x00, 0x00, 0x00, 0x2F, 0xFE, 0x2F, 0xFE, 0x00, 0x00, 0x00, 0x00, 0x00, 0x8F, 0xF8, 0x0C, 0xFF,
    0x40, 0x00, 0x00, 0x00, 0x00, 0xEF, 0xF2, 0x06, 0xFF, 0xA0, 0x00, 0x00, 0x00, 0x04, 0xFF, 0xD0,
    0x01, 0xFF, 0xF1, 0x00, 0x00, 0x00, 0x0A, 0xFF, 0x70, 0x00, 0xBF, 0xF6, 0x00, 0x00, 0x00, 0x0F,
    0xFF, 0xFE, 0xEE, 0xFF, 0xFC, 0x00, 0x00, 0x00, 0x6F, 0xFF, 0xFF, 0xFF, 0xFF, 0xFF, 0x20, 0x00,
    0x00, 0xCF, 0xFF, 0xFF, 0xFF, 0xFF, 0xFF, 0x80, 0x00, 0x02, 0xFF, 0xF0, 0x00, 0x00, 0x04, 0xFF,
    0xE0, 0x00, 0x08, 0xFF, 0xA0, 0x00, 0x00, 0x00, 0xEF, 0xF4, 0x00, 0x0E, 0xFF, 0x40, 0x00, 0x00,
    0x00, 0x8F, 0xFA, 0x00, 0x4F, 0xFE, 0x00, 0x00, 0x00, 0x00, 0x2F, 0xFF, 0x10, 0xAF, 0xF9, 0x00,
    0x00, 0x00, 0x00, 0x0D, 0xFF, 0x60, 0x00, 0x00, 0x00, 0x00, 0x00, 0x00, 0x00, 0x00, 0x00, 0x00,
    0x08, 0x60, 0x00, 0x00, 0x00, 0x00, 0x00, 0x3F, 0xF8, 0x00, 0x00, 0x00, 0x00, 0x00, 0xDF, 0xF6,
    0x00, 0x00, 0x00, 0x00, 0x09, 0xFF, 0x60, 0x00, 0x00, 0x00, 0x00, 0x08, 0xF5, 0x00, 0x00, 0x00,
    0x00, 0x0B, 0xA0, 0x10, 0x9B, 0x00, 0x00, 0x00, 0x0E, 0xF1, 0x01, 0xFF, 0x00, 0x00, 0x00, 0x0A,
    0xFD, 0x9D, 0xFB, 0x00, 0x00, 0x00, 0x02, 0xEF, 0xFF, 0xF3, 0x00, 0x00, 0x00, 0x00, 0x17, 0x98,
    0x20, 0x00, 0x00, 0x00, 0x00, 0x25, 0x65, 0x10, 0x00, 0x00, 0x00, 0x2B, 0xFF, 0xFF, 0xFA, 0x10,
    0x00, 0x02, 0xEF, 0xFF, 0xFF, 0xFF, 0xC0, 0x00, 0x01, 0xCF, 0x92, 0x26, 0xEF, 0xF6, 0x00, 0x00,
    0x04, 0x00, 0x00, 0x6F, 0xFA, 0x00, 0x00, 0x00, 0x00, 0x00, 0x3F, 0xFC, 0x00, 0x00, 0x05, 0xBE,
    0xFF, 0xFF, 0xFC, 0x00, 0x00, 0xBF, 0xFF, 0xFF, 0xFF, 0xFC, 0x00, 0x09, 0xFF, 0xFB, 0x87, 0x8F,
    0xFC, 0x00, 0x0F, 0xFF, 0x30, 0x00, 0x3F, 0xFC, 0x00, 0x2F, 0xFE, 0x00, 0x00, 0x8F, 0xFC, 0x00,
    0x1F, 0xFF, 0x83, 0x49, 0xFF, 0xFC, 0x00, 0x0A, 0xFF, 0xFF, 0xFF, 0xBF, 0xFC, 0x00, 0x00, 0xAF,
    0xFF, 0xF9, 0x2F, 0xFC, 0x00, 0x00, 0x01, 0x44, 0x10, 0x00, 0x00, 0x00, 0x00, 0x00, 0x00, 0x00,
    0x00, 0x00, 0x00, 0x00, 0x00, 0x00, 0x00, 0x03, 0xE3, 0x00, 0x00, 0x00, 0x00, 0x00, 0x00, 0x00,
    0x0C, 0xFF, 0x40, 0x00, 0x00, 0x00, 0x00, 0x00, 0x00, 0x00, 0x9F, 0xF6, 0x00, 0x00, 0x00, 0x00,
    0x00, 0x00, 0x02, 0x13, 0xB3, 0x21, 0x00, 0x00, 0x00, 0x00, 0x00, 0x1F, 0xD0, 0x01, 0xFD, 0x00,
    0x00, 0x00, 0x00, 0x00, 0x0D, 0xFD, 0xAE, 0xFA, 0x00, 0x00, 0x00, 0x00, 0x00, 0x03, 0xDF, 0xFF,
    0xB1, 0x00, 0x00, 0x00, 0x00, 0x00, 0x00, 0x03, 0x42, 0x00, 0x00, 0x00, 0x00, 0x00, 0x00, 0x00,
    0x3C, 0xCB, 0x10, 0x00, 0x00, 0x00, 0x00, 0x00, 0x00, 0xAF, 0xFF, 0x60, 0x00, 0x00, 0x00, 0x00,
    0x00, 0x01, 0xFF, 0xFF, 0xC0, 0x00, 0x00, 0x00, 0x00, 0x00, 0x06, 0xFF, 0xFF, 0xF2, 0x00, 0x00,
    0x00, 0x00, 0x00, 0x0C, 0xFF, 0xCF, 0xF8, 0x00, 0x00, 0x00, 0x00, 0x00, 0x2F, 0xFE, 0x2F, 0xFE,
    0x00, 0x00, 0x00, 0x00, 0x00, 0x8F, 0xF8, 0x0C, 0xFF, 0x40, 0x00, 0x00, 0x00, 0x00, 0xEF, 0xF2,
    0x06, 0xFF, 0xA0, 0x00, 0x00, 0x00, 0x04, 0xFF, 0xD0, 0x01, 0xFF, 0xF1, 0x00, 0x00, 0x00, 0x0A,
    0xFF, 0x70, 0x00, 0xBF, 0xF6, 0x00, 0x00, 0x00, 0x0F, 0xFF, 0xFE, 0xEE, 0xFF, 0xFC, 0x00, 0x00,
    0x00, 0x6F, 0xFF, 0xFF, 0xFF, 0xFF, 0xFF, 0x20, 0x00, 0x00, 0xCF, 0xFF, 0xFF, 0xFF, 0xFF, 0xFF,
    0x80, 0x00, 0x02, 0xFF, 0xF0, 0x00, 0x00, 0x04, 0xFF, 0xE0, 0x00, 0x08, 0xFF, 0xA0, 0x00, 0x00,
    0x00, 0xEF, 0xF4, 0x00, 0x0E, 0xFF, 0x40, 0x00, 0x00, 0x00, 0x8F, 0xFA, 0x00, 0x4F, 0xFE, 0x00,
    0x00, 0x00, 0x00, 0x2F, 0xFF, 0x10, 0xAF, 0xF9, 0x00, 0x00, 0x00, 0x00, 0x0D, 0xFF, 0x60, 0x00,
    0x00, 0x00, 0x00, 0x00, 0x00, 0x00, 0x00, 0x00, 0x59, 0x00, 0x00, 0x00, 0x00, 0x00, 0x07, 0xFF,
    0x50, 0x00, 0x00, 0x00, 0x00, 0x05, 0xFF, 0xE1, 0x00, 0x00, 0x00, 0x00, 0x00, 0x5F, 0xFB, 0x00,
    0x00, 0x00, 0x00, 0x00, 0x04, 0xFA, 0x00, 0x00, 0x00, 0x00, 0x0B, 0xA0, 0x20, 0x9B, 0x00, 0x00,
    0x00, 0x0E, 0xF1, 0x01, 0xFF, 0x00, 0x00, 0x00, 0x0A, 0xFD, 0x9D, 0xFB, 0x00, 0x00, 0x00, 0x02,
    0xEF, 0xFF, 0xF3, 0x00, 0x00, 0x00, 0x00, 0x17, 0x98, 0x20, 0x00, 0x00, 0x00, 0x00, 0x25, 0x65,
    0x10, 0x00, 0x00, 0x00, 0x2B, 0xFF, 0xFF, 0xFA, 0x10, 0x00, 0x02, 0xEF, 0xFF, 0xFF, 0xFF, 0xC0,
    0x00, 0x01, 0xCF, 0x92, 0x26, 0xEF, 0xF6, 0x00, 0x00, 0x04, 0x00, 0x00, 0x6F, 0xFA, 0x00, 0x00,
    0x00, 0x00, 0x00, 0x3F, 0xFC, 0x00, 0x00, 0x05, 0xBE, 0xFF, 0xFF, 0xFC, 0x00, 0x00, 0xBF, 0xFF,
    0xFF, 0xFF, 0xFC, 0x00, 0x09, 0xFF, 0xFB, 0x87, 0x8F, 0xFC, 0x00, 0x0F, 0xFF, 0x30, 0x00, 0x3F,
    0xFC, 0x00, 0x2F, 0xFE, 0x00, 0x00, 0x8F, 0xFC, 0x00, 0x1F, 0xFF, 0x83, 0x49, 0xFF, 0xFC, 0x00,
    0x0A, 0xFF, 0xFF, 0xFF, 0xBF, 0xFC, 0x00, 0x00, 0xAF, 0xFF, 0xF9, 0x2F, 0xFC, 0x00, 0x00, 0x01,
    0x44, 0x10, 0x00, 0x00, 0x00, 0x00, 0x00, 0x01, 0xBE, 0xFD, 0x50, 0x00, 0x00, 0x00, 0x00, 0x00,
    0x00, 0xDB, 0xCF, 0xF0, 0x00, 0x00, 0x00, 0x00, 0x00, 0x00, 0x04, 0xCF, 0xE0, 0x00, 0x00, 0x00,
    0x00, 0x00, 0x02, 0x13, 0xC9, 0x41, 0x00, 0x00, 0x00, 0x00, 0x00, 0x1F, 0xD0, 0x01, 0xFD, 0x00,
    0x00, 0x00, 0x00, 0x00, 0x0D, 0xFD, 0xAE, 0xFA, 0x00, 0x00, 0x00, 0x00, 0x00, 0x03, 0xDF, 0xFF,
    0xB1, 0x00, 0x00, 0x00, 0x00, 0x00, 0x00, 0x03, 0x42, 0x00, 0x00, 0x00, 0x00, 0x00, 0x00, 0x00,
    0x3C, 0xCB, 0x10, 0x00, 0x00, 0x00, 0x00, 0x00, 0x00, 0xAF, 0xFF, 0x60, 0x00, 0x00, 0x00, 0x00,
    0x00, 0x01, 0xFF, 0xFF, 0xC0, 0x00, 0x00, 0x00, 0x00, 0x00, 0x06, 0xFF, 0xFF, 0xF2, 0x00, 0x00,
    0x00, 0x00, 0x00, 0x0C, 0xFF, 0xCF, 0xF8, 0x00, 0x00, 0x00, 0x00, 0x00, 0x2F, 0xFE, 0x2F, 0xFE,
    0x00, 0x00, 0x00, 0x00, 0x00, 0x8F, 0xF8, 0x0C, 0xFF, 0x40, 0x00, 0x00, 0x00, 0x00, 0xEF, 0xF2,
    0x06, 0xFF, 0xA0, 0x00, 0x00, 0x00, 0x04, 0xFF, 0xD0, 0x01, 0xFF, 0xF1, 0x00, 0x00, 0x00, 0x0A,
    0xFF, 0x70, 0x00, 0xBF, 0xF6, 0x00, 0x00, 0x00, 0x0F, 0xFF, 0xFE, 0xEE, 0xFF, 0xFC, 0x00, 0x00,
    0x00, 0x6F, 0xFF, 0xFF, 0xFF, 0xFF, 0xFF, 0x20, 0x00, 0x00, 0xCF, 0xFF, 0xFF, 0xFF, 0xFF, 0xFF,
    0x80, 0x00, 0x02, 0xFF, 0xF0, 0x00, 0x00, 0x04, 0xFF, 0xE0, 0x00, 0x08, 0xFF, 0xA0, 0x00, 0x00,
    0x00, 0xEF, 0xF4, 0x00, 0x0E, 0xFF, 0x40, 0x00, 0x00, 0x00, 0x8F, 0xFA, 0x00, 0x4F, 0xFE, 0x00,
    0x00, 0x00, 0x00, 0x2F, 0xFF, 0x10, 0xAF, 0xF9, 0x00, 0x00, 0x00, 0x00, 0x0D, 0xFF, 0x60, 0x00,
    0x00, 0x6A, 0xA7, 0x10, 0x00, 0x00, 0x00, 0x01, 0xFF, 0xFF, 0xC0, 0x00, 0x00, 0x00, 0x00, 0x65,
    0x8F, 0xF0, 0x00, 0x00, 0x00, 0x00, 0x04, 0xDF, 0xD0, 0x00, 0x00, 0x00, 0x00, 0x05, 0xFC, 0x20,
    0x00, 0x00, 0x00, 0x0B, 0x90, 0x00, 0xAB, 0x00, 0x00, 0x00, 0x0F, 0xF1, 0x01, 0xFE, 0x00, 0x00,
    0x00, 0x0B, 0xFD, 0x9D, 0xFA, 0x00, 0x00, 0x00, 0x03, 0xFF, 0xFF, 0xE2, 0x00, 0x00, 0x00, 0x00,
    0x28, 0x97, 0x10, 0x00, 0x00, 0x00, 0x00, 0x25, 0x65, 0x10, 0x00, 0x00, 0x00, 0x2B, 0xFF, 0xFF,
    0xFA, 0x10, 0x00, 0x02, 0xEF, 0xFF, 0xFF, 0xFF, 0xC0, 0x00, 0x01, 0xCF, 0x92, 0x26, 0xEF, 0xF6,
    0x00, 0x00, 0x04, 0x00, 0x00, 0x6F, 0xFA, 0x00, 0x00, 0x00, 0x00, 0x00, 0x3F, 0xFC, 0x00, 0x00,
    0x05, 0xBE, 0xFF, 0xFF, 0xFC, 0x00, 0x00, 0xBF, 0xFF, 0xFF, 0xFF, 0xFC, 0x00, 0x09, 0xFF, 0xFB,
    0x87, 0x8F, 0xFC, 0x00, 0x0F, 0xFF, 0x30, 0x00, 0x3F, 0xFC, 0x00, 0x2F, 0xFE, 0x00, 0x00, 0x8F,
    0xFC, 0x00, 0x1F, 0xFF, 0x83, 0x49, 0xFF, 0xFC, 0x00, 0x0A, 0xFF, 0xFF, 0xFF, 0xBF, 0xFC, 0x00,
    0x00, 0xAF, 0xFF, 0xF9, 0x2F, 0xFC, 0x00, 0x00, 0x01, 0x44, 0x10, 0x00, 0x00, 0x00, 0x00, 0x00,
    0x00, 0x00, 0x00, 0x00, 0x00, 0x00, 0x00, 0x00, 0x00, 0x06, 0xED, 0x50, 0x9B, 0x10, 0x00, 0x00,
    0x00, 0x00, 0x3F, 0xFF, 0xFD, 0xFF, 0x10, 0x00, 0x00, 0x00, 0x00, 0x5F, 0x74, 0xEF, 0xF6, 0x00,
    0x00, 0x00, 0x00, 0x00, 0x03, 0x10, 0x04, 0x41, 0x00, 0x00, 0x00, 0x00, 0x00, 0x1F, 0xD0, 0x01,
    0xFD, 0x00, 0x00, 0x00, 0x00, 0x00, 0x0D, 0xFD, 0xAE, 0xFA, 0x00, 0x00, 0x00, 0x00, 0x00, 0x03,
    0xDF, 0xFF, 0xB1, 0x00, 0x00, 0x00, 0x00, 0x00, 0x00, 0x03, 0x42, 0x00, 0x00, 0x00, 0x00, 0x00,
    0x00, 0x00, 0x3C, 0xCB, 0x10, 0x00, 0x00, 0x00, 0x00, 0x00, 0x00, 0xAF, 0xFF, 0x60, 0x00, 0x00,
    0x00, 0x00, 0x00, 0x01, 0xFF, 0xFF, 0xC0, 0x00, 0x00, 0x00, 0x00, 0x00, 0x06, 0xFF, 0xFF, 0xF2,
    0x00, 0x00, 0x00, 0x00, 0x00, 0x0C, 0xFF, 0xCF, 0xF8, 0x00, 0x00, 0x00, 0x00, 0x00, 0x2F, 0xFE,
    0x2F, 0xFE, 0x00, 0x00, 0x00, 0x00, 0x00, 0x8F, 0xF8, 0x0C, 0xFF, 0x40, 0x00, 0x00, 0x00, 0x00,
    0xEF, 0xF2, 0x06, 0xFF, 0xA0, 0x00, 0x00, 0x00, 0x04, 0xFF, 0xD0, 0x01, 0xFF, 0xF1, 0x00, 0x00,
    0x00, 0x0A, 0xFF, 0x70, 0x00, 0xBF, 0xF6, 0x00, 0x00, 0x00, 0x0F, 0xFF, 0xFE, 0xEE, 0xFF, 0xFC,
    0x00, 0x00, 0x00, 0x6F, 0xFF, 0xFF, 0xFF, 0xFF, 0xFF, 0x20, 0x00, 0x00, 0xCF, 0xFF, 0xFF, 0xFF,
    0xFF, 0xFF, 0x80, 0x00, 0x02, 0xFF, 0xF0, 0x00, 0x00, 0x04, 0xFF, 0xE0, 0x00, 0x08, 0xFF, 0xA0,
    0x00, 0x00, 0x00, 0xEF, 0xF4, 0x00, 0x0E, 0xFF, 0x40, 0x00, 0x00, 0x00, 0x8F, 0xFA, 0x00, 0x4F,
    0xFE, 0x00, 0x00, 0x00, 0x00, 0x2F, 0xFF, 0x10, 0xAF, 0xF9, 0x00, 0x00, 0x00, 0x00, 0x0D, 0xFF,
    0x60, 0x00, 0x00, 0x00, 0x00, 0x00, 0x00, 0x00, 0x00, 0x05, 0xFF, 0x90, 0x3F, 0x70, 0x00, 0x00,
    0x2F, 0xFF, 0xFE, 0xFF, 0x90, 0x00, 0x00, 0x6F, 0xB4, 0xDF, 0xFE, 0x10, 0x00, 0x00, 0x03, 0x20,
    0x07, 0x71, 0x00, 0x00, 0x00, 0x0B, 0xA0, 0x00, 0x9B, 0x00, 0x00, 0x00, 0x0E, 0xF1, 0x01, 0xFF,
    0x00, 0x00, 0x00, 0x0A, 0xFD, 0x9D, 0xFB, 0x00, 0x00, 0x00, 0x02, 0xEF, 0xFF, 0xF3, 0x00, 0x00,
    0x00, 0x00, 0x17, 0x98, 0x20, 0x00, 0x00, 0x00, 0x00, 0x25, 0x65, 0x10, 0x00, 0x00, 0x00, 0x2B,
    0xFF, 0xFF, 0xFA, 0x10, 0x00, 0x02, 0xEF, 0xFF, 0xFF, 0xFF, 0xC0, 0x00, 0x01, 0xCF, 0x92, 0x26,
    0xEF, 0xF6, 0x00, 0x00, 0x04, 0x00, 0x00, 0x6F, 0xFA, 0x00, 0x00, 0x00, 0x00, 0x00, 0x3F, 0xFC,
    0x00, 0x00, 0x05, 0xBE, 0xFF, 0xFF, 0xFC, 0x00, 0x00, 0xBF, 0xFF, 0xFF, 0xFF, 0xFC, 0x00, 0x09,
    0xFF, 0xFB, 0x87, 0x8F, 0xFC, 0x00, 0x0F, 0xFF, 0x30, 0x00, 0x3F, 0xFC, 0x00, 0x2F, 0xFE, 0x00,
    0x00, 0x8F, 0xFC, 0x00, 0x1F, 0xFF, 0x83, 0x49, 0xFF, 0xFC, 0x00, 0x0A, 0xFF, 0xFF, 0xFF, 0xBF,
    0xFC, 0x00, 0x00, 0xAF, 0xFF, 0xF9, 0x2F, 0xFC, 0x00, 0x00, 0x01, 0x44, 0x10, 0x00, 0x00, 0x00,
    0x00, 0x00, 0x1D, 0x90, 0x00, 0xCB, 0x00, 0x00, 0x00, 0x00, 0x00, 0x0F, 0xF5, 0x18, 0xFC, 0x00,
    0x00, 0x00, 0x00, 0x00, 0x0A, 0xFF, 0xFF, 0xF6, 0x00, 0x00, 0x00, 0x00, 0x00, 0x00, 0xAF, 0xFE,
    0x70, 0x00, 0x00, 0x00, 0x00, 0x00, 0x00, 0x00, 0x10, 0x00, 0x00, 0x00, 0x00, 0x00, 0x00, 0x00,
    0x3C, 0xCB, 0x10, 0x00, 0x00, 0x00, 0x00, 0x00, 0x00, 0xAF, 0xFF, 0x60, 0x00, 0x00, 0x00, 0x00,
    0x00, 0x01, 0xFF, 0xFF, 0xC0, 0x00, 0x00, 0x00, 0x00, 0x00, 0x06, 0xFF, 0xFF, 0xF2, 0x00, 0x00,
    0x00, 0x00, 0x00, 0x0C, 0xFF, 0xCF, 0xF8, 0x00, 0x00, 0x00, 0x00, 0x00, 0x2F, 0xFE, 0x2F, 0xFE,
    0x00, 0x00, 0x00, 0x00, 0x00, 0x8F, 0xF8, 0x0C, 0xFF, 0x40, 0x00, 0x00, 0x00, 0x00, 0xEF, 0xF2,
    0x06, 0xFF, 0xA0, 0x00, 0x00, 0x00, 0x04, 0xFF, 0xD0, 0x01, 0xFF, 0xF1, 0x00, 0x00, 0x00, 0x0A,
    0xFF, 0x70, 0x00, 0xBF, 0xF6, 0x00, 0x00, 0x00, 0x0F, 0xFF, 0xFE, 0xEE, 0xFF, 0xFC, 0x00, 0x00,
    0x00, 0x6F, 0xFF, 0xFF, 0xFF, 0xFF, 0xFF, 0x20, 0x00, 0x00, 0xCF, 0xFF, 0xFF, 0xFF, 0xFF, 0xFF,
    0x80, 0x00, 0x02, 0xFF, 0xF0, 0x00, 0x00, 0x04, 0xFF, 0xE0, 0x00, 0x08, 0xFF, 0xA0, 0x00, 0x00,
    0x00, 0xEF, 0xF4, 0x00, 0x0E, 0xFF, 0x40, 0x00, 0x00, 0x00, 0x8F, 0xFA, 0x00, 0x4F, 0xFE, 0x00,
    0x00, 0x00, 0x00, 0x2F, 0xFF, 0x10, 0xAF, 0xF9, 0x00, 0x00, 0x00, 0x00, 0x0D, 0xFF, 0x60, 0x00,
    0x00, 0x00, 0x00, 0x00, 0x00, 0x00, 0x00, 0x00, 0x00, 0x00, 0x00, 0x03, 0x62, 0x00, 0x00, 0x00,
    0x00, 0x00, 0x00, 0x00, 0x3F, 0xFE, 0x00, 0x00, 0x00, 0x00, 0x00, 0x00, 0x00, 0x6F, 0xFF, 0x20,
    0x00, 0x00, 0x00, 0x00, 0x00, 0x00, 0x1E, 0xFC, 0x00, 0x00, 0x00, 0x00, 0x00, 0x00, 0x00, 0x00,
    0x20, 0x00, 0x00, 0x00, 0x00, 0x00, 0x0B, 0xA0, 0x00, 0x9B, 0x00, 0x00, 0x00, 0x0E, 0xF1, 0x01,
    0xFF, 0x00, 0x00, 0x00, 0x0A, 0xFD, 0x9D, 0xFB, 0x00, 0x00, 0x00, 0x02, 0xEF, 0xFF, 0xF3, 0x00,
    0x00, 0x00, 0x00, 0x17, 0x98, 0x20, 0x00, 0x00, 0x00, 0x00, 0x25, 0x65, 0x10, 0x00, 0x00, 0x00,
    0x2B, 0xFF, 0xFF, 0xFA, 0x10, 0x00, 0x02, 0xEF, 0xFF, 0xFF, 0xFF, 0xC0, 0x00, 0x01, 0xCF, 0x92,
    0x26, 0xEF, 0xF6, 0x00, 0x00, 0x04, 0x00, 0x00, 0x6F, 0xFA, 0x00, 0x00, 0x00, 0x00, 0x00, 0x3F,
    0xFC, 0x00, 0x00, 0x05, 0xBE, 0xFF, 0xFF, 0xFC, 0x00, 0x00, 0xBF, 0xFF, 0xFF, 0xFF, 0xFC, 0x00,
    0x09, 0xFF, 0xFB, 0x87, 0x8F, 0xFC, 0x00, 0x0F, 0xFF, 0x30, 0x00, 0x3F, 0xFC, 0x00, 0x2F, 0xFE,
    0x00, 0x00, 0x8F, 0xFC, 0x00, 0x1F, 0xFF, 0x83, 0x49, 0xFF, 0xFC, 0x00, 0x0A, 0xFF, 0xFF, 0xFF,
    0xBF, 0xFC, 0x00, 0x00, 0xAF, 0xFF, 0xF9, 0x2F, 0xFC, 0x00, 0x00, 0x01, 0x44, 0x10, 0x00, 0x00,
    0x00, 0x00, 0x00, 0x01, 0x64, 0x00, 0x00, 0x00, 0x00, 0x00, 0x0D, 0xFF, 0x40, 0x00, 0x00, 0x00,
    0x00, 0x0F, 0xFF, 0x70, 0x00, 0x00, 0x00, 0x00, 0x0B, 0xFE, 0x20, 0x00, 0x00, 0x00, 0x00, 0x00,
    0x20, 0x00, 0x00, 0x00, 0x03, 0xCC, 0xCC, 0xCC, 0xCC, 0xCC, 0xC2, 0x04, 0xFF, 0xFF, 0xFF, 0xFF,
    0xFF, 0xF3, 0x04, 0xFF, 0xFF, 0xFF, 0xFF, 0xFF, 0xF3, 0x04, 0xFF, 0xB0, 0x00, 0x00, 0x00, 0x00,
    0x04, 0xFF, 0xB0, 0x00, 0x00, 0x00, 0x00, 0x04, 0xFF, 0xB0, 0x00, 0x00, 0x00, 0x00, 0x04, 0xFF,
    0xB0, 0x00, 0x00, 0x00, 0x00, 0x04, 0xFF, 0xD8, 0x88, 0x88, 0x88, 0x50, 0x04, 0xFF, 0xFF, 0xFF,
    0xFF, 0xFF, 0xB0, 0x04, 0xFF, 0xFF, 0xFF, 0xFF, 0xFF, 0xB0, 0x04, 0xFF, 0xC4, 0x44, 0x44, 0x44,
    0x30, 0x04, 0xFF, 0xB0, 0x00, 0x00, 0x00, 0x00, 0x04, 0xFF, 0xB0, 0x00, 0x00, 0x00, 0x00, 0x04,
    0xFF, 0xB0, 0x00, 0x00, 0x00, 0x00, 0x04, 0xFF, 0xB0, 0x00, 0x00, 0x00, 0x00, 0x04, 0xFF, 0xFC,
    0xCC, 0xCC, 0xCC, 0xC6, 0x04, 0xFF, 0xFF, 0xFF, 0xFF, 0xFF, 0xF7, 0x04, 0xFF, 0xFF, 0xFF, 0xFF,
    0xFF, 0xF7, 0x00, 0x00, 0x00, 0x00, 0x00, 0x00, 0x00, 0x00, 0x00, 0x00, 0x06, 0x50, 0x00, 0x00,
    0x00, 0x00, 0x00, 0xAF, 0xF7, 0x00, 0x00, 0x00, 0x00, 0x00, 0xDF, 0xFB, 0x00, 0x00, 0x00, 0x00,
    0x00, 0x7F, 0xF5, 0x00, 0x00, 0x00, 0x00, 0x00, 0x01, 0x10, 0x00, 0x00, 0x00, 0x00, 0x03, 0x56,
    0x40, 0x00, 0x00, 0x00, 0x05, 0xEF, 0xFF, 0xFE, 0x50, 0x00, 0x00, 0x7F, 0xFF, 0xFF, 0xFF, 0xF7,
    0x00, 0x02, 0xFF, 0xF7, 0x11, 0x7F, 0xFF, 0x20, 0x09, 0xFF, 0x80, 0x00, 0x08, 0xFF, 0x70, 0x0E,
    0xFF, 0x20, 0x00, 0x04, 0xFF, 0xA0, 0x0F, 0xFF, 0xFF, 0xFF, 0xFF, 0xFF, 0xC0, 0x1F, 0xFF, 0xFF,
    0xFF, 0xFF, 0xFF, 0xA0, 0x0F, 0xFF, 0x66, 0x66, 0x66, 0x66, 0x30, 0x0D, 0xFF, 0x30, 0x00, 0x00,
    0x00, 0x00, 0x08, 0xFF, 0xB0, 0x00, 0x04, 0xC2, 0x00, 0x01, 0xFF, 0xFB, 0x54, 0x8F, 0xFF, 0x20,
    0x00, 0x5F, 0xFF, 0xFF, 0xFF, 0xF9, 0x00, 0x00, 0x03, 0xCF, 0xFF, 0xFE, 0x60, 0x00, 0x00, 0x00,
    0x01, 0x34, 0x20, 0x00, 0x00, 0x00, 0x00, 0x00, 0x46, 0x10, 0x00, 0x00, 0x00, 0x00, 0x04, 0xFF,
    0xE0, 0x00, 0x00, 0x00, 0x00, 0x07, 0xFF, 0xF1, 0x00, 0x00, 0x00, 0x00, 0x02, 0xEF, 0xB0, 0x00,
    0x00, 0x00, 0x00, 0x00, 0x02, 0x00, 0x00, 0x00, 0x00, 0x00, 0x07, 0xBC, 0xA3, 0x00, 0x00, 0x00,
    0x00, 0x0D, 0xFF, 0xFF, 0x10, 0x00, 0x00, 0x00, 0x03, 0x26, 0xFF, 0x20, 0x00, 0x00, 0x00, 0x00,
    0x4F, 0xF8, 0x00, 0x00, 0x00, 0x00, 0x00, 0x04, 0x10, 0x00, 0x00, 0x03, 0xCC, 0xCC, 0xCC, 0xCC,
    0xCC, 0xC2, 0x04, 0xFF, 0xFF, 0xFF, 0xFF, 0xFF, 0xF3, 0x04, 0xFF, 0xFF, 0xFF, 0xFF, 0xFF, 0xF3,
    0x04, 0xFF, 0xB0, 0x00, 0x00, 0x00, 0x00, 0x04, 0xFF, 0xB0, 0x00, 0x00, 0x00, 0x00, 0x04, 0xFF,
    0xB0, 0x00, 0x00, 0x00, 0x00, 0x04, 0xFF, 0xB0, 0x00, 0x00, 0x00, 0x00, 0x04, 0xFF, 0xD8, 0x88,
    0x88, 0x88, 0x50, 0x04, 0xFF, 0xFF, 0xFF, 0xFF, 0xFF, 0xB0, 0x04, 0xFF, 0xFF, 0xFF, 0xFF, 0xFF,
    0xB0, 0x04, 0xFF, 0xC4, 0x44, 0x44, 0x44, 0x30, 0x04, 0xFF, 0xB0, 0x00, 0x00, 0x00, 0x00, 0x04,
    0xFF, 0xB0, 0x00, 0x00, 0x00, 0x00, 0x04, 0xFF, 0xB0, 0x00, 0x00, 0x00, 0x00, 0x04, 0xFF, 0xB0,
    0x00, 0x00, 0x00, 0x00, 0x04, 0xFF, 0xFC, 0xCC, 0xCC, 0xCC, 0xC6, 0x04, 0xFF, 0xFF, 0xFF, 0xFF,
    0xFF, 0xF7, 0x04, 0xFF, 0xFF, 0xFF, 0xFF, 0xFF, 0xF7, 0x00, 0x00, 0x00, 0x00, 0x00, 0x00, 0x00,
    0x00, 0x00, 0x5D, 0xFF, 0xB1, 0x00, 0x00, 0x00, 0x00, 0x4F, 0xFF, 0xF8, 0x00, 0x00, 0x00, 0x00,
    0x01, 0x0B, 0xFA, 0x00, 0x00, 0x00, 0x00, 0x00, 0xDF, 0xF5, 0x00, 0x00, 0x00, 0x00, 0x00, 0x79,
    0x30, 0x00, 0x00, 0x00, 0x00, 0x03, 0x56, 0x40, 0x00, 0x00, 0x00, 0x05, 0xEF, 0xFF, 0xFE, 0x50,
    0x00, 0x00, 0x7F, 0xFF, 0xFF, 0xFF, 0xF7, 0x00, 0x02, 0xFF, 0xF7, 0x11, 0x7F, 0xFF, 0x20, 0x09,
    0xFF, 0x80, 0x00, 0x08, 0xFF, 0x70, 0x0E, 0xFF, 0x20, 0x00, 0x04, 0xFF, 0xA0, 0x0F, 0xFF, 0xFF,
    0xFF, 0xFF, 0xFF, 0xC0, 0x1F, 0xFF, 0xFF, 0xFF, 0xFF, 0xFF, 0xA0, 0x0F, 0xFF, 0x66, 0x66, 0x66,
    0x66, 0x30, 0x0D, 0xFF, 0x30, 0x00, 0x00, 0x00, 0x00, 0x08, 0xFF, 0xB0, 0x00, 0x04, 0xC2, 0x00,
    0x01, 0xFF, 0xFB, 0x54, 0x8F, 0xFF, 0x20, 0x00, 0x5F, 0xFF, 0xFF, 0xFF, 0xF9, 0x00, 0x00, 0x03,
    0xCF, 0xFF, 0xFE, 0x60, 0x00, 0x00, 0x00, 0x01, 0x34, 0x20, 0x00, 0x00, 0x00, 0x00, 0x04, 0x30,
    0x01, 0x20, 0x00, 0x00, 0x00, 0xCF, 0xFA, 0x09, 0xF6, 0x00, 0x00, 0x07, 0xFF, 0xFF, 0xFF, 0xF4,
    0x00, 0x00, 0x07, 0xF6, 0x2D, 0xFF, 0x90, 0x00, 0x00, 0x00, 0x10, 0x00, 0x43, 0x00, 0x00, 0x03,
    0xCC, 0xCC, 0xCC, 0xCC, 0xCC, 0xC2, 0x04, 0xFF, 0xFF, 0xFF, 0xFF, 0xFF, 0xF3, 0x04, 0xFF, 0xFF,
    0xFF, 0xFF, 0xFF, 0xF3, 0x04, 0xFF, 0xB0, 0x00, 0x00, 0x00, 0x00, 0x04, 0xFF, 0xB0, 0x00, 0x00,
    0x00, 0x00, 0x04, 0xFF, 0xB0, 0x00, 0x00, 0x00, 0x00, 0x04, 0xFF, 0xB0, 0x00, 0x00, 0x00, 0x00,
    0x04, 0xFF, 0xD8, 0x88, 0x88, 0x88, 0x50, 0x04, 0xFF, 0xFF, 0xFF, 0xFF, 0xFF, 0xB0, 0x04, 0xFF,
    0xFF, 0xFF, 0xFF, 0xFF, 0xB0, 0x04, 0xFF, 0xC4, 0x44, 0x44, 0x44, 0x30, 0x04, 0xFF, 0xB0, 0x00,
    0x00, 0x00, 0x00, 0x04, 0xFF, 0xB0, 0x00, 0x00, 0x00, 0x00, 0x04, 0xFF, 0xB0, 0x00, 0x00, 0x00,
    0x00, 0x04, 0xFF, 0xB0, 0x00, 0x00, 0x00, 0x00, 0x04, 0xFF, 0xFC, 0xCC, 0xCC, 0xCC, 0xC6, 0x04,
    0xFF, 0xFF, 0xFF, 0xFF, 0xFF, 0xF7, 0x04, 0xFF, 0xFF, 0xFF, 0xFF, 0xFF, 0xF7, 0x00, 0x00, 0x8C,
    0x90, 0x09, 0x70, 0x00, 0x00, 0x09, 0xFF, 0xFD, 0x9F, 0xF1, 0x00, 0x00, 0x0F, 0xF9, 0xDF, 0xFF,
    0x90, 0x00, 0x00, 0x03, 0x70, 0x08, 0xC8, 0x00, 0x00, 0x00, 0x00, 0x03, 0x56, 0x40, 0x00, 0x00,
    0x00, 0x05, 0xEF, 0xFF, 0xFE, 0x50, 0x00, 0x00, 0x7F, 0xFF, 0xFF, 0xFF, 0xF7, 0x00, 0x02, 0xFF,
    0xF7, 0x11, 0x7F, 0xFF, 0x20, 0x09, 0xFF, 0x80, 0x00, 0x08, 0xFF, 0x70, 0x0E, 0xFF, 0x20, 0x00,
    0x04, 0xFF, 0xA0, 0x0F, 0xFF, 0xFF, 0xFF, 0xFF, 0xFF, 0xC0, 0x1F, 0xFF, 0xFF, 0xFF, 0xFF, 0xFF,
    0xA0, 0x0F, 0xFF, 0x66, 0x66, 0x66, 0x66, 0x30, 0x0D, 0xFF, 0x30, 0x00, 0x00, 0x00, 0x00, 0x08,
    0xFF, 0xB0, 0x00, 0x04, 0xC2, 0x00, 0x01, 0xFF, 0xFB, 0x54, 0x8F, 0xFF, 0x20, 0x00, 0x5F, 0xFF,
    0xFF, 0xFF, 0xF9, 0x00, 0x00, 0x03, 0xCF, 0xFF, 0xFE, 0x60, 0x00, 0x00, 0x00, 0x01, 0x34, 0x20,
    0x00, 0x00, 0x00, 0x00, 0x00, 0x00, 0x00, 0x00, 0x93, 0x00, 0x00, 0x00, 0x00, 0x00, 0x00, 0x0B,
    0xFE, 0x10, 0x00, 0x00, 0x00, 0x00, 0x01, 0xCF, 0xE5, 0x00, 0x00, 0x00, 0x00, 0x11, 0x03, 0xF9,
    0x10, 0x00, 0x00, 0x00, 0x05, 0xFF, 0xF5, 0x00, 0x00, 0x00, 0x00, 0x00, 0x5F, 0xFE, 0xFF, 0x40,
    0x00, 0x00, 0x00, 0x01, 0xFF, 0x60, 0x7F, 0xE0, 0x00, 0x00, 0x00, 0x00, 0x32, 0x00, 0x03, 0x30,
    0x00, 0x00, 0x03, 0xCC, 0xCC, 0xCC, 0xCC, 0xCC, 0xC2, 0x00, 0x04, 0xFF, 0xFF, 0xFF, 0xFF, 0xFF,
    0xF3, 0x00, 0x04, 0xFF, 0xFF, 0xFF, 0xFF, 0xFF, 0xF3, 0x00, 0x04, 0xFF, 0xB0, 0x00, 0x00, 0x00,
    0x00, 0x00, 0x04, 0xFF, 0xB0, 0x00, 0x00, 0x00, 0x00, 0x00, 0x04, 0xFF, 0xB0, 0x00, 0x00, 0x00,
    0x00, 0x00, 0x04, 0xFF, 0xB0, 0x00, 0x00, 0x00, 0x00, 0x00, 0x04, 0xFF, 0xD8, 0x88, 0x88, 0x88,
    0x50, 0x00, 0x04, 0xFF, 0xFF, 0xFF, 0xFF, 0xFF, 0xB0, 0x00, 0x04, 0xFF, 0xFF, 0xFF, 0xFF, 0xFF,
    0xB0, 0x00, 0x04, 0xFF, 0xC4, 0x44, 0x44, 0x44, 0x30, 0x00, 0x04, 0xFF, 0xB0, 0x00, 0x00, 0x00,
    0x00, 0x00, 0x04, 0xFF, 0xB0, 0x00, 0x00, 0x00, 0x00, 0x00, 0x04, 0xFF, 0xB0, 0x00, 0x00, 0x00,
    0x00, 0x00, 0x04, 0xFF, 0xB0, 0x00, 0x00, 0x00, 0x00, 0x00, 0x04, 0xFF, 0xFC, 0xCC, 0xCC, 0xCC,
    0xC6, 0x00, 0x04, 0xFF, 0xFF, 0xFF, 0xFF, 0xFF, 0xF7, 0x00, 0x04, 0xFF, 0xFF, 0xFF, 0xFF, 0xFF,
    0xF7, 0x00, 0x00, 0x00, 0x00, 0x00, 0x00, 0x06, 0x50, 0x00, 0x00, 0x00, 0x00, 0x00, 0x00, 0x2F,
    0xF7, 0x00, 0x00, 0x00, 0x00, 0x00, 0x00, 0xCF, 0xF9, 0x00, 0x00, 0x00, 0x00, 0x00, 0x07, 0xFF,
    0x80, 0x00, 0x00, 0x00, 0x03, 0x77, 0x29, 0xF7, 0x00, 0x00, 0x00, 0x00, 0x1E, 0xFF, 0xD0, 0x30,
    0x00, 0x00, 0x00, 0x00, 0xBF, 0xFF, 0xFA, 0x00, 0x00, 0x00, 0x00, 0x07, 0xFE, 0x34, 0xFF, 0x50,
    0x00, 0x00, 0x00, 0x04, 0xD2, 0x00, 0x3D, 0x30, 0x00, 0x00, 0x00, 0x00, 0x03, 0x56, 0x40, 0x00,
    0x00, 0x00, 0x00, 0x05, 0xEF, 0xFF, 0xFE, 0x50, 0x00, 0x00, 0x00, 0x7F, 0xFF, 0xFF, 0xFF, 0xF7,
    0x00, 0x00, 0x02, 0xFF, 0xF7, 0x11, 0x7F, 0xFF, 0x20, 0x00, 0x09, 0xFF, 0x80, 0x00, 0x08, 0xFF,
    0x70, 0x00, 0x0E, 0xFF, 0x20, 0x00, 0x04, 0xFF, 0xA0, 0x00, 0x0F, 0xFF, 0xFF, 0xFF, 0xFF, 0xFF,
    0xC0, 0x00, 0x1F, 0xFF, 0xFF, 0xFF, 0xFF, 0xFF, 0xA0, 0x00, 0x0F, 0xFF, 0x66, 0x66, 0x66, 0x66,
    0x30, 0x00, 0x0D, 0xFF, 0x30, 0x00, 0x00, 0x00, 0x00, 0x00, 0x08, 0xFF, 0xB0, 0x00, 0x04, 0xC2,
    0x00, 0x00, 0x01, 0xFF, 0xFB, 0x54, 0x8F, 0xFF, 0x20, 0x00, 0x00, 0x5F, 0xFF, 0xFF, 0xFF, 0xF9,
    0x00, 0x00, 0x00, 0x03, 0xCF, 0xFF, 0xFE, 0x60, 0x00, 0x00, 0x00, 0x00, 0x01, 0x34, 0x20, 0x00,
    0x00, 0x00, 0x00, 0x00, 0x00, 0x00, 0x93, 0x00, 0x00, 0x00, 0x00, 0x00, 0x06, 0xFF, 0x50, 0x00,
    0x00, 0x00, 0x00, 0x01, 0xAF, 0xF6, 0x00, 0x00, 0x00, 0x00, 0x11, 0x04, 0xDA, 0x00, 0x00, 0x00,
    0x05, 0xFF, 0xF5, 0x00, 0x00, 0x00, 0x00, 0x5F, 0xFE, 0xFF, 0x40, 0x00, 0x00, 0x01, 0xFF, 0x60,
    0x7F, 0xE1, 0x00, 0x00, 0x00, 0x32, 0x00, 0x02, 0x30, 0x00, 0x03, 0xCC, 0xCC, 0xCC, 0xCC, 0xCC,
    0xC2, 0x04, 0xFF, 0xFF, 0xFF, 0xFF, 0xFF, 0xF3, 0x04, 0xFF, 0xFF, 0xFF, 0xFF, 0xFF, 0xF3, 0x04,
    0xFF, 0xB0, 0x00, 0x00, 0x00, 0x00, 0x04, 0xFF, 0xB0, 0x00, 0x00, 0x00, 0x00, 0x04, 0xFF, 0xB0,
    0x00, 0x00, 0x00, 0x00, 0x04, 0xFF, 0xB0, 0x00, 0x00, 0x00, 0x00, 0x04, 0xFF, 0xD8, 0x88, 0x88,
    0x88, 0x50, 0x04, 0xFF, 0xFF, 0xFF, 0xFF, 0xFF, 0xB0, 0x04, 0xFF, 0xFF, 0xFF, 0xFF, 0xFF, 0xB0,
    0x04, 0xFF, 0xC4, 0x44, 0x44, 0x44, 0x30, 0x04, 0xFF, 0xB0, 0x00, 0x00, 0x00, 0x00, 0x04, 0xFF,
    0xB0, 0x00, 0x00, 0x00, 0x00, 0x04, 0xFF, 0xB0, 0x00, 0x00, 0x00, 0x00, 0x04, 0xFF, 0xB0, 0x00,
    0x00, 0x00, 0x00, 0x04, 0xFF, 0xFC, 0xCC, 0xCC, 0xCC, 0xC6, 0x04, 0xFF, 0xFF, 0xFF, 0xFF, 0xFF,
    0xF7, 0x04, 0xFF, 0xFF, 0xFF, 0xFF, 0xFF, 0xF7, 0x00, 0x00, 0x00, 0x00, 0x05, 0x00, 0x00, 0x00,
    0x00, 0x00, 0x00, 0xAF, 0x50, 0x00, 0x00, 0x00, 0x00, 0x05, 0xFF, 0xE1, 0x00, 0x00, 0x00, 0x00,
    0x00, 0x6F, 0xFB, 0x00, 0x00, 0x00, 0x03, 0x77, 0x25, 0xFF, 0x30, 0x00, 0x00, 0x1E, 0xFF, 0xD0,
    0x44, 0x00, 0x00, 0x00, 0xBF, 0xFF, 0xFA, 0x00, 0x00, 0x00, 0x07, 0xFE, 0x34, 0xFF, 0x50, 0x00,
    0x00, 0x04, 0xD2, 0x00, 0x3D, 0x30, 0x00, 0x00, 0x00, 0x03, 0x56, 0x40, 0x00, 0x00, 0x00, 0x05,
    0xEF, 0xFF, 0xFE, 0x50, 0x00, 0x00, 0x7F, 0xFF, 0xFF, 0xFF, 0xF7, 0x00, 0x02, 0xFF, 0xF7, 0x11,
    0x7F, 0xFF, 0x20, 0x09, 0xFF, 0x80, 0x00, 0x08, 0xFF, 0x70, 0x0E, 0xFF, 0x20, 0x00, 0x04, 0xFF,
    0xA0, 0x0F, 0xFF, 0xFF, 0xFF, 0xFF, 0xFF, 0xC0, 0x1F, 0xFF, 0xFF, 0xFF, 0xFF, 0xFF, 0xA0, 0x0F,
    0xFF, 0x66, 0x66, 0x66, 0x66, 0x30, 0x0D, 0xFF, 0x30, 0x00, 0x00, 0x00, 0x00, 0x08, 0xFF, 0xB0,
    0x00, 0x04, 0xC2, 0x00, 0x01, 0xFF, 0xFB, 0x54, 0x8F, 0xFF, 0x20, 0x00, 0x5F, 0xFF, 0xFF, 0xFF,
    0xF9, 0x00, 0x00, 0x03, 0xCF, 0xFF, 0xFE, 0x60, 0x00, 0x00, 0x00, 0x01, 0x34, 0x20, 0x00, 0x00,
    0x00, 0x00, 0x00, 0x00, 0x7D, 0xED, 0x70, 0x00, 0x00, 0x00, 0x00, 0x00, 0x9F, 0xDF, 0xF5, 0x00,
    0x00, 0x00, 0x00, 0x00, 0x11, 0x6F, 0xF5, 0x00, 0x00, 0x00, 0x00, 0x89, 0x81, 0xFF, 0x90, 0x00,
    0x00, 0x00, 0x0B, 0xFF, 0xFA, 0x20, 0x00, 0x00, 0x00, 0x00, 0x8F, 0xFB, 0xFF, 0x70, 0x00, 0x00,
    0x00, 0x01, 0xEE, 0x40, 0x5F, 0xE0, 0x00, 0x00, 0x00, 0x00, 0x12, 0x00, 0x02, 0x10, 0x00, 0x00,
    0x03, 0xCC, 0xCC, 0xCC, 0xCC, 0xCC, 0xC2, 0x00, 0x04, 0xFF, 0xFF, 0xFF, 0xFF, 0xFF, 0xF3, 0x00,
    0x04, 0xFF, 0xFF, 0xFF, 0xFF, 0xFF, 0xF3, 0x00, 0x04, 0xFF, 0xB0, 0x00, 0x00, 0x00, 0x00, 0x00,
    0x04, 0xFF, 0xB0, 0x00, 0x00, 0x00, 0x00, 0x00, 0x04, 0xFF, 0xB0, 0x00, 0x00, 0x00, 0x00, 0x00,
    0x04, 0xFF, 0xB0, 0x00, 0x00, 0x00, 0x00, 0x00, 0x04, 0xFF, 0xD8, 0x88, 0x88, 0x88, 0x50, 0x00,
    0x04, 0xFF, 0xFF, 0xFF, 0xFF, 0xFF, 0xB0, 0x00, 0x04, 0xFF, 0xFF, 0xFF, 0xFF, 0xFF, 0xB0, 0x00,
    0x04, 0xFF, 0xC4, 0x44, 0x44, 0x44, 0x30, 0x00, 0x04, 0xFF, 0xB0, 0x00, 0x00, 0x00, 0x00, 0x00,
    0x04, 0xFF, 0xB0, 0x00, 0x00, 0x00, 0x00, 0x00, 0x04, 0xFF, 0xB0, 0x00, 0x00, 0x00, 0x00, 0x00,
    0x04, 0xFF, 0xB0, 0x00, 0x00, 0x00, 0x00, 0x00, 0x04, 0xFF, 0xFC, 0xCC, 0xCC, 0xCC, 0xC6, 0x00,
    0x04, 0xFF, 0xFF, 0xFF, 0xFF, 0xFF, 0xF7, 0x00, 0x04, 0xFF, 0xFF, 0xFF, 0xFF, 0xFF, 0xF7, 0x00,
    0x00, 0x00, 0x00, 0x00, 0x03, 0x41, 0x00, 0x00, 0x00, 0x00, 0x01, 0xFF, 0xFF, 0x80, 0x00, 0x00,
    0x00, 0x00, 0xCB, 0xCF, 0xF0, 0x00, 0x00, 0x00, 0x00, 0x01, 0x7F, 0xF0, 0x00, 0x00, 0x03, 0x77,
    0x26, 0xFF, 0x80, 0x00, 0x00, 0x1E, 0xFF, 0xD2, 0x72, 0x00, 0x00, 0x00, 0xBF, 0xFF, 0xFA, 0x00,
    0x00, 0x00, 0x07, 0xFE, 0x34, 0xFF, 0x50, 0x00, 0x00, 0x04, 0xD2, 0x00, 0x3D, 0x30, 0x00, 0x00,
    0x00, 0x03, 0x56, 0x40, 0x00, 0x00, 0x00, 0x05, 0xEF, 0xFF, 0xFE, 0x50, 0x00, 0x00, 0x7F, 0xFF,
    0xFF, 0xFF, 0xF7, 0x00, 0x02, 0xFF, 0xF7, 0x11, 0x7F, 0xFF, 0x20, 0x09, 0xFF, 0x80, 0x00, 0x08,
    0xFF, 0x70, 0x0E, 0xFF, 0x20, 0x00, 0x04, 0xFF, 0xA0, 0x0F, 0xFF, 0xFF, 0xFF, 0xFF, 0xFF, 0xC0,
    0x1F, 0xFF, 0xFF, 0xFF, 0xFF, 0xFF, 0xA0, 0x0F, 0xFF, 0x66, 0x66, 0x66, 0x66, 0x30, 0x0D, 0xFF,
    0x30, 0x00, 0x00, 0x00, 0x00, 0x08, 0xFF, 0xB0, 0x00, 0x04, 0xC2, 0x00, 0x01, 0xFF, 0xFB, 0x54,
    0x8F, 0xFF, 0x20, 0x00, 0x5F, 0xFF, 0xFF, 0xFF, 0xF9, 0x00, 0x00, 0x03, 0xCF, 0xFF, 0xFE, 0x60,
    0x00, 0x00, 0x00, 0x01, 0x34, 0x20, 0x00, 0x00, 0x00, 0x00, 0x00, 0x00, 0x00, 0x00, 0x00, 0x00,
    0x00, 0x5E, 0xE5, 0x08, 0xB2, 0x00, 0x00, 0x02, 0xFF, 0xFF, 0xDF, 0xF2, 0x00, 0x00, 0x04, 0xF8,
    0x3D, 0xFF, 0x70, 0x00, 0x00, 0x00, 0x10, 0x11, 0x52, 0x00, 0x00, 0x00, 0x00, 0x05, 0xFF, 0xF5,
    0x00, 0x00, 0x00, 0x00, 0x5F, 0xFE, 0xFF, 0x40, 0x00, 0x00, 0x01, 0xFF, 0x60, 0x7F, 0xE0, 0x00,
    0x00, 0x00, 0x32, 0x00, 0x03, 0x30, 0x00, 0x03, 0xCC, 0xCC, 0xCC, 0xCC, 0xCC, 0xC2, 0x04, 0xFF,
    0xFF, 0xFF, 0xFF, 0xFF, 0xF3, 0x04, 0xFF, 0xFF, 0xFF, 0xFF, 0xFF, 0xF3, 0x04, 0xFF, 0xB0, 0x00,
    0x00, 0x00, 0x00, 0x04, 0xFF, 0xB0, 0x00, 0x00, 0x00, 0x00, 0x04, 0xFF, 0xB0, 0x00, 0x00, 0x00,
    0x00, 0x04, 0xFF, 0xB0, 0x00, 0x00, 0x00, 0x00, 0x04, 0xFF, 0xD8, 0x88, 0x88, 0x88, 0x50, 0x04,
    0xFF, 0xFF, 0xFF, 0xFF, 0xFF, 0xB0, 0x04, 0xFF, 0xFF, 0xFF, 0xFF, 0xFF, 0xB0, 0x04, 0xFF, 0xC4,
    0x44, 0x44, 0x44, 0x30, 0x04, 0xFF, 0xB0, 0x00, 0x00, 0x00, 0x00, 0x04, 0xFF, 0xB0, 0x00, 0x00,
    0x00, 0x00, 0x04, 0xFF, 0xB0, 0x00, 0x00, 0x00, 0x00, 0x04, 0xFF, 0xB0, 0x00, 0x00, 0x00, 0x00,
    0x04, 0xFF, 0xFC, 0xCC, 0xCC, 0xCC, 0xC6, 0x04, 0xFF, 0xFF, 0xFF, 0xFF, 0xFF, 0xF7, 0x04, 0xFF,
    0xFF, 0xFF, 0xFF, 0xFF, 0xF7, 0x00, 0x00, 0x48, 0x40, 0x05, 0x20, 0x00, 0x00, 0x05, 0xFF, 0xF9,
    0x5F, 0xF1, 0x00, 0x00, 0x0E, 0xFD, 0xFF, 0xFF, 0xC0, 0x00, 0x00, 0x08, 0xC0, 0x3D, 0xFD, 0x20,
    0x00, 0x00, 0x00, 0x03, 0x77, 0x30, 0x00, 0x00, 0x00, 0x00, 0x1E, 0xFF, 0xD0, 0x00, 0x00, 0x00,
    0x00, 0xBF, 0xFF, 0xFA, 0x00, 0x00, 0x00, 0x07, 0xFE, 0x34, 0xFF, 0x50, 0x00, 0x00, 0x04, 0xD2,
    0x00, 0x3D, 0x30, 0x00, 0x00, 0x00, 0x03, 0x56, 0x40, 0x00, 0x00, 0x00, 0x05, 0xEF, 0xFF, 0xFE,
    0x50, 0x00, 0x00, 0x7F, 0xFF, 0xFF, 0xFF, 0xF7, 0x00, 0x02, 0xFF, 0xF7, 0x11, 0x7F, 0xFF, 0x20,
    0x09, 0xFF, 0x80, 0x00, 0x08, 0xFF, 0x70, 0x0E, 0xFF, 0x20, 0x00, 0x04, 0xFF, 0xA0, 0x0F, 0xFF,
    0xFF, 0xFF, 0xFF, 0xFF, 0xC0, 0x1F, 0xFF, 0xFF, 0xFF, 0xFF, 0xFF, 0xA0, 0x0F, 0xFF, 0x66, 0x66,
    0x66, 0x66, 0x30, 0x0D, 0xFF, 0x30, 0x00, 0x00, 0x00, 0x00, 0x08, 0xFF, 0xB0, 0x00, 0x04, 0xC2,
    0x00, 0x01, 0xFF, 0xFB, 0x54, 0x8F, 0xFF, 0x20, 0x00, 0x5F, 0xFF, 0xFF, 0xFF, 0xF9, 0x00, 0x00,
    0x03, 0xCF, 0xFF, 0xFE, 0x60, 0x00, 0x00, 0x00, 0x01, 0x34, 0x20, 0x00, 0x00, 0x00, 0x00, 0x00,
    0x89, 0x80, 0x00, 0x00, 0x00, 0x00, 0x0B, 0xFF, 0xFA, 0x00, 0x00, 0x00, 0x00, 0x8F, 0xFB, 0xFF,
    0x70, 0x00, 0x00, 0x01, 0xEE, 0x40, 0x5F, 0xE0, 0x00, 0x00, 0x00, 0x12, 0x00, 0x02, 0x10, 0x00,
    0x03, 0xCC, 0xCC, 0xCC, 0xCC, 0xCC, 0xC2, 0x04, 0xFF, 0xFF, 0xFF, 0xFF, 0xFF, 0xF3, 0x04, 0xFF,
    0xFF, 0xFF, 0xFF, 0xFF, 0xF3, 0x04, 0xFF, 0xB0, 0x00, 0x00, 0x00, 0x00, 0x04, 0xFF, 0xB0, 0x00,
    0x00, 0x00, 0x00, 0x04, 0xFF, 0xB0, 0x00, 0x00, 0x00, 0x00, 0x04, 0xFF, 0xB0, 0x00, 0x00, 0x00,
    0x00, 0x04, 0xFF, 0xD8, 0x88, 0x88, 0x88, 0x50, 0x04, 0xFF, 0xFF, 0xFF, 0xFF, 0xFF, 0xB0, 0x04,
    0xFF, 0xFF, 0xFF, 0xFF, 0xFF, 0xB0, 0x04, 0xFF, 0xC4, 0x44, 0x44, 0x44, 0x30, 0x04, 0xFF, 0xB0,
    0x00, 0x00, 0x00, 0x00, 0x04, 0xFF, 0xB0, 0x00, 0x00, 0x00, 0x00, 0x04, 0xFF, 0xB0, 0x00, 0x00,
    0x00, 0x00, 0x04, 0xFF, 0xB0, 0x00, 0x00, 0x00, 0x00, 0x04, 0xFF, 0xFC, 0xCC, 0xCC, 0xCC, 0xC6,
    0x04, 0xFF, 0xFF, 0xFF, 0xFF, 0xFF, 0xF7, 0x04, 0xFF, 0xFF, 0xFF, 0xFF, 0xFF, 0xF7, 0x00, 0x00,
    0x00, 0x00, 0x00, 0x00, 0x00, 0x00, 0x00, 0x00, 0x06, 0x50, 0x00, 0x00, 0x00, 0x00, 0x00, 0xAF,
    0xF7, 0x00, 0x00, 0x00, 0x00, 0x00, 0xDF, 0xFB, 0x00, 0x00, 0x00, 0x00, 0x00, 0x7F, 0xF5, 0x00,
    0x00, 0x00, 0x00, 0x00, 0x01, 0x10, 0x00, 0x00, 0x00, 0x00, 0x03, 0x77, 0x20, 0x00, 0x00, 0x00,
    0x00, 0x1E, 0xFF, 0xD0, 0x00, 0x00, 0x00, 0x00, 0xBF, 0xFF, 0xFA, 0x00, 0x00, 0x00, 0x07, 0xFE,
    0x34, 0xFF, 0x50, 0x00, 0x00, 0x04, 0xD2, 0x00, 0x3D, 0x30, 0x00, 0x00, 0x00, 0x03, 0x56, 0x40,
    0x00, 0x00, 0x00, 0x05, 0xEF, 0xFF, 0xFE, 0x50, 0x00, 0x00, 0x7F, 0xFF, 0xFF, 0xFF, 0xF7, 0x00,
    0x02, 0xFF, 0xF7, 0x11, 0x7F, 0xFF, 0x20, 0x09, 0xFF, 0x80, 0x00, 0x08, 0xFF, 0x70, 0x0E, 0xFF,
    0x20, 0x00, 0x04, 0xFF, 0xA0, 0x0F, 0xFF, 0xFF, 0xFF, 0xFF, 0xFF, 0xC0, 0x1F, 0xFF, 0xFF, 0xFF,
    0xFF, 0xFF, 0xA0, 0x0F, 0xFF, 0x66, 0x66, 0x66, 0x66, 0x30, 0x0D, 0xFF, 0x30, 0x00, 0x00, 0x00,
    0x00, 0x08, 0xFF, 0xB0, 0x00, 0x04, 0xC2, 0x00, 0x01, 0xFF, 0xFB, 0x54, 0x8F, 0xFF, 0x20, 0x00,
    0x5F, 0xFF, 0xFF, 0xFF, 0xF9, 0x00, 0x00, 0x03, 0xCF, 0xFF, 0xFE, 0x60, 0x00, 0x00, 0x00, 0x01,
    0x34, 0x20, 0x00, 0x00, 0x00, 0x00, 0x00, 0x46, 0x10, 0x00, 0x00, 0x00, 0x00, 0x04, 0xFF, 0xE0,
    0x00, 0x00, 0x00, 0x00, 0x07, 0xFF, 0xF1, 0x00, 0x00, 0x00, 0x00, 0x02, 0xEF, 0xB0, 0x00, 0x00,
    0x00, 0x00, 0x00, 0x02, 0x00, 0x00, 0x00, 0x18, 0xBC, 0x91, 0x2F, 0xFF, 0xFC, 0x03, 0x29, 0xFE,
    0x00, 0x8F, 0xE5, 0x00, 0x13, 0x00, 0x03, 0xCC, 0x80, 0x05, 0xFF, 0xB0, 0x05, 0xFF, 0xB0, 0x05,
    0xFF, 0xB0, 0x05, 0xFF, 0xB0, 0x05, 0xFF, 0xB0, 0x05, 0xFF, 0xB0, 0x05, 0xFF, 0xB0, 0x05, 0xFF,
    0xB0, 0x05, 0xFF, 0xB0, 0x05, 0xFF, 0xB0, 0x05, 0xFF, 0xB0, 0x05, 0xFF, 0xB0, 0x05, 0xFF, 0xB0,
    0x05, 0xFF, 0xB0, 0x05, 0xFF, 0xB0, 0x05, 0xFF, 0xB0, 0x05, 0xFF, 0xB0, 0x00, 0x11, 0x00, 0x5E,
    0xFF, 0xC1, 0x3F, 0xEF, 0xF9, 0x01, 0x0A, 0xFB, 0x00, 0xCF, 0xF5, 0x00, 0x68, 0x20, 0x00, 0x22,
    0x00, 0x07, 0xFF, 0x70, 0x07, 0xFF, 0x70, 0x07, 0xFF, 0x70, 0x07, 0xFF, 0x70, 0x07, 0xFF, 0x70,
    0x07, 0xFF, 0x70, 0x07, 0xFF, 0x70, 0x07, 0xFF, 0x70, 0x07, 0xFF, 0x70, 0x07, 0xFF, 0x70, 0x07,
    0xFF, 0x70, 0x07, 0xFF, 0x70, 0x07, 0xFF, 0x70, 0x03, 0xCC, 0x80, 0x05, 0xFF, 0xB0, 0x05, 0xFF,
    0xB0, 0x05, 0xFF, 0xB0, 0x05, 0xFF, 0xB0, 0x05, 0xFF, 0xB0, 0x05, 0xFF, 0xB0, 0x05, 0xFF, 0xB0,
    0x05, 0xFF, 0xB0, 0x05, 0xFF, 0xB0, 0x05, 0xFF, 0xB0, 0x05, 0xFF, 0xB0, 0x05, 0xFF, 0xB0, 0x05,
    0xFF, 0xB0, 0x05, 0xFF, 0xB0, 0x05, 0xFF, 0xB0, 0x05, 0xFF, 0xB0, 0x05, 0xFF, 0xB0, 0x00, 0x00,
    0x00, 0x00, 0x46, 0x10, 0x06, 0xFF, 0xC0, 0x09, 0xFF, 0xF0, 0x03, 0xFF, 0x90, 0x00, 0x01, 0x00,
    0x01, 0xAB, 0x40, 0x08, 0xFF, 0xE0, 0x08, 0xFF, 0xE0, 0x01, 0xAC, 0x40, 0x00, 0x00, 0x00, 0x00,
    0x22, 0x10, 0x04, 0xFF, 0xA0, 0x04, 0xFF, 0xA0, 0x04, 0xFF, 0xA0, 0x04, 0xFF, 0xA0, 0x04, 0xFF,
    0xA0, 0x04, 0xFF, 0xA0, 0x04, 0xFF, 0xA0, 0x04, 0xFF, 0xA0, 0x04, 0xFF, 0xA0, 0x04, 0xFF, 0xA0,
    0x04, 0xFF, 0xA0, 0x04, 0xFF, 0xA0, 0x04, 0xFF, 0xA0, 0x00, 0x00, 0x00, 0x00, 0x00, 0x00, 0x00,
    0x34, 0x00, 0x05, 0xFF, 0xB0, 0x09, 0xFF, 0xF0, 0x04, 0xFF, 0xB0, 0x00, 0x23, 0x00, 0x00, 0x00,
    0x00, 0x00, 0x00, 0x00, 0x00, 0x00, 0x00, 0x00, 0x00, 0x00, 0x04, 0xAE, 0xFF, 0xFC, 0x71, 0x00,
    0x00, 0x00, 0x00, 0x00, 0xAF, 0xFF, 0xFF, 0xFF, 0xFE, 0x40, 0x00, 0x00, 0x00, 0x0C, 0xFF, 0xFF,
    0xED, 0xFF, 0xFF, 0xF5, 0x00, 0x00, 0x00, 0x7F, 0xFF, 0x91, 0x00, 0x05, 0xEF, 0xFE, 0x10, 0x00,
    0x01, 0xFF, 0xF8, 0x00, 0x00, 0x00, 0x1E, 0xFF, 0x90, 0x00, 0x06, 0xFF, 0xE0, 0x00, 0x00, 0x00,
    0x06, 0xFF, 0xE0, 0x00, 0x0A, 0xFF, 0x80, 0x00, 0x00, 0x00, 0x00, 0xFF, 0xF3, 0x00, 0x0C, 0xFF,
    0x50, 0x00, 0x00, 0x00, 0x00, 0xCF, 0xF5, 0x00, 0x0E, 0xFF, 0x30, 0x00, 0x00, 0x00, 0x00, 0xAF,
    0xF6, 0x00, 0x0E, 0xFF, 0x30, 0x00, 0x00, 0x00, 0x00, 0xAF, 0xF7, 0x00, 0x0D, 0xFF, 0x40, 0x00,
    0x00, 0x00, 0x00, 0xBF, 0xF5, 0x00, 0x0B, 0xFF, 0x70, 0x00, 0x00, 0x00, 0x00, 0xEF, 0xF4, 0x00,
    0x07, 0xFF, 0xC0, 0x00, 0x00, 0x00, 0x04, 0xFF, 0xF0, 0x00, 0x02, 0xFF, 0xF5, 0x00, 0x00, 0x00,
    0x0D, 0xFF, 0xA0, 0x00, 0x00, 0xAF, 0xFF, 0x50, 0x00, 0x01, 0xBF, 0xFF, 0x30, 0x00, 0x00, 0x1E,
    0xFF, 0xFD, 0xA9, 0xBF, 0xFF, 0xF8, 0x00, 0x00, 0x00, 0x02, 0xDF, 0xFF, 0xFF, 0xFF, 0xFF, 0x80,
    0x00, 0x00, 0x00, 0x00, 0x08, 0xEF, 0xFF, 0xFF, 0xC4, 0x00, 0x00, 0x00, 0x00, 0x00, 0x00, 0x02,
    0x44, 0x31, 0x00, 0x00, 0x00, 0x00, 0x00, 0x00, 0x00, 0x00, 0x46, 0x10, 0x00, 0x00, 0x00, 0x00,
    0x00, 0x00, 0x00, 0x05, 0xFF, 0xD0, 0x00, 0x00, 0x00, 0x00, 0x00, 0x00, 0x00, 0x08, 0xFF, 0xF0,
    0x00, 0x00, 0x00, 0x00, 0x00, 0x00, 0x00, 0x03, 0xFF, 0xA0, 0x00, 0x00, 0x00, 0x00, 0x00, 0x00,
    0x00, 0x00, 0x01, 0x00, 0x00, 0x00, 0x00, 0x00, 0x00, 0x00, 0x03, 0x56, 0x40, 0x00, 0x00, 0x00,
    0x05, 0xEF, 0xFF, 0xFE, 0x60, 0x00, 0x00, 0x7F, 0xFF, 0xFF, 0xFF, 0xF9, 0x00, 0x02, 0xFF, 0xFC,
    0x66, 0xBF, 0xFF, 0x40, 0x09, 0xFF, 0xB0, 0x00, 0x09, 0xFF, 0xB0, 0x0E, 0xFF, 0x30, 0x00, 0x01,
    0xFF, 0xF0, 0x0F, 0xFF, 0x00, 0x00, 0x00, 0xDF, 0xF2, 0x1F, 0xFE, 0x00, 0x00, 0x00, 0xCF, 0xF3,
    0x0F, 0xFF, 0x00, 0x00, 0x00, 0xDF, 0xF2, 0x0D, 0xFF, 0x40, 0x00, 0x02, 0xFF, 0xF0, 0x08, 0xFF,
    0xC0, 0x00, 0x0B, 0xFF, 0xA0, 0x02, 0xFF, 0xFD, 0x87, 0xDF, 0xFF, 0x30, 0x00, 0x5F, 0xFF, 0xFF,
    0xFF, 0xF7, 0x00, 0x00, 0x04, 0xCF, 0xFF, 0xFD, 0x50, 0x00, 0x00, 0x00, 0x02, 0x44, 0x20, 0x00,
    0x00, 0x00, 0x00, 0x00, 0x56, 0x00, 0x00, 0x00, 0x00, 0x00, 0x08, 0xFF, 0xA0, 0x00, 0x00, 0x00,
    0x00, 0x0B, 0xFF, 0xD0, 0x00, 0x00, 0x00, 0x00, 0x05, 0xFF, 0x70, 0x00, 0x00, 0x00, 0x00, 0x00,
    0x11, 0x00, 0x00, 0x00, 0x00, 0x00, 0x00, 0x18, 0xBC, 0x92, 0x00, 0x00, 0x00, 0x00, 0x00, 0x00,
    0x00, 0x1F, 0xFF, 0xFD, 0x00, 0x00, 0x00, 0x00, 0x00, 0x00, 0x00, 0x03, 0x29, 0xFF, 0x00, 0x00,
    0x00, 0x00, 0x00, 0x00, 0x00, 0x00, 0x7F, 0xF6, 0x00, 0x00, 0x00, 0x00, 0x00, 0x00, 0x00, 0x00,
    0x15, 0x00, 0x00, 0x00, 0x00, 0x00, 0x00, 0x00, 0x04, 0xAE, 0xFF, 0xFC, 0x71, 0x00, 0x00, 0x00,
    0x00, 0x00, 0xAF, 0xFF, 0xFF, 0xFF, 0xFE, 0x40, 0x00, 0x00, 0x00, 0x0C, 0xFF, 0xFF, 0xED, 0xFF,
    0xFF, 0xF5, 0x00, 0x00, 0x00, 0x7F, 0xFF, 0x91, 0x00, 0x05, 0xEF, 0xFE, 0x10, 0x00, 0x01, 0xFF,
    0xF8, 0x00, 0x00, 0x00, 0x1E, 0xFF, 0x90, 0x00, 0x06, 0xFF, 0xE0, 0x00, 0x00, 0x00, 0x06, 0xFF,
    0xE0, 0x00, 0x0A, 0xFF, 0x80, 0x00, 0x00, 0x00, 0x00, 0xFF, 0xF3, 0x00, 0x0C, 0xFF, 0x50, 0x00,
    0x00, 0x00, 0x00, 0xCF, 0xF5, 0x00, 0x0E, 0xFF, 0x30, 0x00, 0x00, 0x00, 0x00, 0xAF, 0xF6, 0x00,
    0x0E, 0xFF, 0x30, 0x00, 0x00, 0x00, 0x00, 0xAF, 0xF7, 0x00, 0x0D, 0xFF, 0x40, 0x00, 0x00, 0x00,
    0x00, 0xBF, 0xF5, 0x00, 0x0B, 0xFF, 0x70, 0x00, 0x00, 0x00, 0x00, 0xEF, 0xF4, 0x00, 0x07, 0xFF,
    0xC0, 0x00, 0x00, 0x00, 0x04, 0xFF, 0xF0, 0x00, 0x02, 0xFF, 0xF5, 0x00, 0x00, 0x00, 0x0D, 0xFF,
    0xA0, 0x00, 0x00, 0xAF, 0xFF, 0x50, 0x00, 0x01, 0xBF, 0xFF, 0x30, 0x00, 0x00, 0x1E, 0xFF, 0xFD,
    0xA9, 0xBF, 0xFF, 0xF8, 0x00, 0x00, 0x00, 0x02, 0xDF, 0xFF, 0xFF, 0xFF, 0xFF, 0x80, 0x00, 0x00,
    0x00, 0x00, 0x08, 0xEF, 0xFF, 0xFF, 0xC4, 0x00, 0x00, 0x00, 0x00, 0x00, 0x00, 0x02, 0x44, 0x31,
    0x00, 0x00, 0x00, 0x00, 0x00, 0x00, 0x00, 0x11, 0x00, 0x00, 0x00, 0x00, 0x00, 0x4E, 0xFF, 0xD2,
    0x00, 0x00, 0x00, 0x00, 0x2F, 0xEF, 0xFB, 0x00, 0x00, 0x00, 0x00, 0x01, 0x0A, 0xFC, 0x00, 0x00,
    0x00, 0x00, 0x00, 0xBF, 0xF6, 0x00, 0x00, 0x00, 0x00, 0x00, 0x59, 0x30, 0x00, 0x00, 0x00, 0x00,
    0x03, 0x56, 0x40, 0x00, 0x00, 0x00, 0x05, 0xEF, 0xFF, 0xFE, 0x60, 0x00, 0x00, 0x7F, 0xFF, 0xFF,
    0xFF, 0xF9, 0x00, 0x02, 0xFF, 0xFC, 0x66, 0xBF, 0xFF, 0x40, 0x09, 0xFF, 0xB0, 0x00, 0x09, 0xFF,
    0xB0, 0x0E, 0xFF, 0x30, 0x00, 0x01, 0xFF, 0xF0, 0x0F, 0xFF, 0x00, 0x00, 0x00, 0xDF, 0xF2, 0x1F,
    0xFE, 0x00, 0x00, 0x00, 0xCF, 0xF3, 0x0F, 0xFF, 0x00, 0x00, 0x00, 0xDF, 0xF2, 0x0D, 0xFF, 0x40,
    0x00, 0x02, 0xFF, 0xF0, 0x08, 0xFF, 0xC0, 0x00, 0x0B, 0xFF, 0xA0, 0x02, 0xFF, 0xFD, 0x87, 0xDF,
    0xFF, 0x30, 0x00, 0x5F, 0xFF, 0xFF, 0xFF, 0xF7, 0x00, 0x00, 0x04, 0xCF, 0xFF, 0xFD, 0x50, 0x00,
    0x00, 0x00, 0x02, 0x44, 0x20, 0x00, 0x00, 0x00, 0x00, 0x00, 0x00, 0x00, 0x00, 0x01, 0xA1, 0x00,
    0x00, 0x00, 0x00, 0x00, 0x00, 0x00, 0x00, 0x1D, 0xFC, 0x00, 0x00, 0x00, 0x00, 0x00, 0x00, 0x00,
    0x02, 0xEF, 0xD3, 0x00, 0x00, 0x00, 0x00, 0x00, 0x00, 0x11, 0x05, 0xF7, 0x00, 0x00, 0x00, 0x00,
    0x00, 0x00, 0x09, 0xFF, 0xE2, 0x00, 0x00, 0x00, 0x00, 0x00, 0x00, 0x00, 0x8F, 0xFE, 0xFE, 0x20,
    0x00, 0x00, 0x00, 0x00, 0x00, 0x04, 0xFE, 0x40, 0x9F, 0xC0, 0x00, 0x00, 0x00, 0x00, 0x00, 0x00,
    0x41, 0x00, 0x04, 0x10, 0x00, 0x00, 0x00, 0x00, 0x00, 0x04, 0xAE, 0xFF, 0xFC, 0x71, 0x00, 0x00,
    0x00, 0x00, 0x00, 0xAF, 0xFF, 0xFF, 0xFF, 0xFE, 0x40, 0x00, 0x00, 0x00, 0x0C, 0xFF, 0xFF, 0xED,
    0xFF, 0xFF, 0xF5, 0x00, 0x00, 0x00, 0x7F, 0xFF, 0x91, 0x00, 0x05, 0xEF, 0xFE, 0x10, 0x00, 0x01,
    0xFF, 0xF8, 0x00, 0x00, 0x00, 0x1E, 0xFF, 0x90, 0x00, 0x06, 0xFF, 0xE0, 0x00, 0x00, 0x00, 0x06,
    0xFF, 0xE0, 0x00, 0x0A, 0xFF, 0x80, 0x00, 0x00, 0x00, 0x00, 0xFF, 0xF3, 0x00, 0x0C, 0xFF, 0x50,
    0x00, 0x00, 0x00, 0x00, 0xCF, 0xF5, 0x00, 0x0E, 0xFF, 0x30, 0x00, 0x00, 0x00, 0x00, 0xAF, 0xF6,
    0x00, 0x0E, 0xFF, 0x30, 0x00, 0x00, 0x00, 0x00, 0xAF, 0xF7, 0x00, 0x0D, 0xFF, 0x40, 0x00, 0x00,
    0x00, 0x00, 0xBF, 0xF5, 0x00, 0x0B, 0xFF, 0x70, 0x00, 0x00, 0x00, 0x00, 0xEF, 0xF4, 0x00, 0x07,
    0xFF, 0xC0, 0x00, 0x00, 0x00, 0x04, 0xFF, 0xF0, 0x00, 0x02, 0xFF, 0xF5, 0x00, 0x00, 0x00, 0x0D,
    0xFF, 0xA0, 0x00, 0x00, 0xAF, 0xFF, 0x50, 0x00, 0x01, 0xBF, 0xFF, 0x30, 0x00, 0x00, 0x1E, 0xFF,
    0xFD, 0xA9, 0xBF, 0xFF, 0xF8, 0x00, 0x00, 0x00, 0x02, 0xDF, 0xFF, 0xFF, 0xFF, 0xFF, 0x80, 0x00,
    0x00, 0x00, 0x00, 0x08, 0xEF, 0xFF, 0xFF, 0xC4, 0x00, 0x00, 0x00, 0x00, 0x00, 0x00, 0x02, 0x44,
    0x31, 0x00, 0x00, 0x00, 0x00, 0x00, 0x00, 0x00, 0x00, 0x00, 0x05, 0x70, 0x00, 0x00, 0x00, 0x00,
    0x00, 0x00, 0x1E, 0xF9, 0x00, 0x00, 0x00, 0x00, 0x00, 0x00, 0xBF, 0xFA, 0x00, 0x00, 0x00, 0x00,
    0x00, 0x06, 0xFF, 0x90, 0x00, 0x00, 0x00, 0x03, 0x88, 0x47, 0xF8, 0x00, 0x00, 0x00, 0x00, 0x1E,
    0xFF, 0xF2, 0x20, 0x00, 0x00, 0x00, 0x00, 0xAF, 0xFF, 0xFC, 0x00, 0x00, 0x00, 0x00, 0x06, 0xFF,
    0x42, 0xEF, 0x80, 0x00, 0x00, 0x00, 0x02, 0xC3, 0x00, 0x2C, 0x30, 0x00, 0x00, 0x00, 0x00, 0x03,
    0x56, 0x40, 0x00, 0x00, 0x00, 0x00, 0x05, 0xEF, 0xFF, 0xFE, 0x60, 0x00, 0x00, 0x00, 0x7F, 0xFF,
    0xFF, 0xFF, 0xF9, 0x00, 0x00, 0x02, 0xFF, 0xFC, 0x66, 0xBF, 0xFF, 0x40, 0x00, 0x09, 0xFF, 0xB0,
    0x00, 0x09, 0xFF, 0xB0, 0x00, 0x0E, 0xFF, 0x30, 0x00, 0x01, 0xFF, 0xF0, 0x00, 0x0F, 0xFF, 0x00,
    0x00, 0x00, 0xDF, 0xF2, 0x00, 0x1F, 0xFE, 0x00, 0x00, 0x00, 0xCF, 0xF3, 0x00, 0x0F, 0xFF, 0x00,
    0x00, 0x00, 0xDF, 0xF2, 0x00, 0x0D, 0xFF, 0x40, 0x00, 0x02, 0xFF, 0xF0, 0x00, 0x08, 0xFF, 0xC0,
    0x00, 0x0B, 0xFF, 0xA0, 0x00, 0x02, 0xFF, 0xFD, 0x87, 0xDF, 0xFF, 0x30, 0x00, 0x00, 0x5F, 0xFF,
    0xFF, 0xFF, 0xF7, 0x00, 0x00, 0x00, 0x04, 0xCF, 0xFF, 0xFD, 0x50, 0x00, 0x00, 0x00, 0x00, 0x02,
    0x44, 0x20, 0x00, 0x00, 0x00, 0x00, 0x00, 0x00, 0x00, 0x00, 0xA2, 0x00, 0x00, 0x00, 0x00, 0x00,
    0x00, 0x00, 0x00, 0x0A, 0xFE, 0x30, 0x00, 0x00, 0x00, 0x00, 0x00, 0x00, 0x00, 0x02, 0xCF, 0xF4,
    0x00, 0x00, 0x00, 0x00, 0x00, 0x00, 0x00, 0x11, 0x06, 0xE7, 0x00, 0x00, 0x00, 0x00, 0x00, 0x00,
    0x08, 0xFF, 0xE2, 0x00, 0x00, 0x00, 0x00, 0x00, 0x00, 0x00, 0x8F, 0xFE, 0xFE, 0x20, 0x00, 0x00,
    0x00, 0x00, 0x00, 0x03, 0xFE, 0x40, 0x9F, 0xC0, 0x00, 0x00, 0x00, 0x00, 0x00, 0x00, 0x41, 0x00,
    0x04, 0x10, 0x00, 0x00, 0x00, 0x00, 0x00, 0x04, 0xAE, 0xFF, 0xFC, 0x71, 0x00, 0x00, 0x00, 0x00,
    0x00, 0xAF, 0xFF, 0xFF, 0xFF, 0xFE, 0x40, 0x00, 0x00, 0x00, 0x0C, 0xFF, 0xFF, 0xED, 0xFF, 0xFF,
    0xF5, 0x00, 0x00, 0x00, 0x7F, 0xFF, 0x91, 0x00, 0x05, 0xEF, 0xFE, 0x10, 0x00, 0x01, 0xFF, 0xF8,
    0x00, 0x00, 0x00, 0x1E, 0xFF, 0x90, 0x00, 0x06, 0xFF, 0xE0, 0x00, 0x00, 0x00, 0x06, 0xFF, 0xE0,
    0x00, 0x0A, 0xFF, 0x80, 0x00, 0x00, 0x00, 0x00, 0xFF, 0xF3, 0x00, 0x0C, 0xFF, 0x50, 0x00, 0x00,
    0x00, 0x00, 0xCF, 0xF5, 0x00, 0x0E, 0xFF, 0x30, 0x00, 0x00, 0x00, 0x00, 0xAF, 0xF6, 0x00, 0x0E,
    0xFF, 0x30, 0x00, 0x00, 0x00, 0x00, 0xAF, 0xF7, 0x00, 0x0D, 0xFF, 0x40, 0x00, 0x00, 0x00, 0x00,
    0xBF, 0xF5, 0x00, 0x0B, 0xFF, 0x70, 0x00, 0x00, 0x00, 0x00, 0xEF, 0xF4, 0x00, 0x07, 0xFF, 0xC0,
    0x00, 0x00, 0x00, 0x04, 0xFF, 0xF0, 0x00, 0x02, 0xFF, 0xF5, 0x00, 0x00, 0x00, 0x0D, 0xFF, 0xA0,
    0x00, 0x00, 0xAF, 0xFF, 0x50, 0x00, 0x01, 0xBF, 0xFF, 0x30, 0x00, 0x00, 0x1E, 0xFF, 0xFD, 0xA9,
    0xBF, 0xFF, 0xF8, 0x00, 0x00, 0x00, 0x02, 0xDF, 0xFF, 0xFF, 0xFF, 0xFF, 0x80, 0x00, 0x00, 0x00,
    0x00, 0x08, 0xEF, 0xFF, 0xFF, 0xC4, 0x00, 0x00, 0x00, 0x00, 0x00, 0x00, 0x02, 0x44, 0x31, 0x00,
    0x00, 0x00, 0x00, 0x00, 0x00, 0x00, 0x00, 0x06, 0x00, 0x00, 0x00, 0x00, 0x00, 0x00, 0x9F, 0x80,
    0x00, 0x00, 0x00, 0x00, 0x03, 0xFF, 0xF3, 0x00, 0x00, 0x00, 0x00, 0x00, 0x4F, 0xFD, 0x00, 0x00,
    0x00, 0x03, 0x88, 0x43, 0xEF, 0x40, 0x00, 0x00, 0x1E, 0xFF, 0xF2, 0x25, 0x00, 0x00, 0x00, 0xAF,
    0xFF, 0xFC, 0x00, 0x00, 0x00, 0x06, 0xFF, 0x42, 0xEF, 0x80, 0x00, 0x00, 0x02, 0xC3, 0x00, 0x2C,
    0x30, 0x00, 0x00, 0x00, 0x03, 0x56, 0x40, 0x00, 0x00, 0x00, 0x05, 0xEF, 0xFF, 0xFE, 0x60, 0x00,
    0x00, 0x7F, 0xFF, 0xFF, 0xFF, 0xF9, 0x00, 0x02, 0xFF, 0xFC, 0x66, 0xBF, 0xFF, 0x40, 0x09, 0xFF,
    0xB0, 0x00, 0x09, 0xFF, 0xB0, 0x0E, 0xFF, 0x30, 0x00, 0x01, 0xFF, 0xF0, 0x0F, 0xFF, 0x00, 0x00,
    0x00, 0xDF, 0xF2, 0x1F, 0xFE, 0x00, 0x00, 0x00, 0xCF, 0xF3, 0x0F, 0xFF, 0x00, 0x00, 0x00, 0xDF,
    0xF2, 0x0D, 0xFF, 0x40, 0x00, 0x02, 0xFF, 0xF0, 0x08, 0xFF, 0xC0, 0x00, 0x0B, 0xFF, 0xA0, 0x02,
    0xFF, 0xFD, 0x87, 0xDF, 0xFF, 0x30, 0x00, 0x5F, 0xFF, 0xFF, 0xFF, 0xF7, 0x00, 0x00, 0x04, 0xCF,
    0xFF, 0xFD, 0x50, 0x00, 0x00, 0x00, 0x02, 0x44, 0x20, 0x00, 0x00, 0x00, 0x00, 0x00, 0x00, 0x00,
    0x9D, 0xEC, 0x50, 0x00, 0x00, 0x00, 0x00, 0x00, 0x00, 0x00, 0xCE, 0xEF, 0xF2, 0x00, 0x00, 0x00,
    0x00, 0x00, 0x00, 0x00, 0x12, 0x7F, 0xF2, 0x00, 0x00, 0x00, 0x00, 0x00, 0x02, 0x99, 0x72, 0xFE,
    0x70, 0x00, 0x00, 0x00, 0x00, 0x00, 0x1D, 0xFF, 0xF7, 0x20, 0x00, 0x00, 0x00, 0x00, 0x00, 0x00,
    0xBF, 0xFC, 0xFF, 0x40, 0x00, 0x00, 0x00, 0x00, 0x00, 0x04, 0xFD, 0x20, 0x7F, 0xC0, 0x00, 0x00,
    0x00, 0x00, 0x00, 0x00, 0x30, 0x00, 0x03, 0x00, 0x00, 0x00, 0x00, 0x00, 0x00, 0x04, 0xAE, 0xFF,
    0xFC, 0x71, 0x00, 0x00, 0x00, 0x00, 0x00, 0xAF, 0xFF, 0xFF, 0xFF, 0xFE, 0x40, 0x00, 0x00, 0x00,
    0x0C, 0xFF, 0xFF, 0xED, 0xFF, 0xFF, 0xF5, 0x00, 0x00, 0x00, 0x7F, 0xFF, 0x91, 0x00, 0x05, 0xEF,
    0xFE, 0x10, 0x00, 0x01, 0xFF, 0xF8, 0x00, 0x00, 0x00, 0x1E, 0xFF, 0x90, 0x00, 0x06, 0xFF, 0xE0,
    0x00, 0x00, 0x00, 0x06, 0xFF, 0xE0, 0x00, 0x0A, 0xFF, 0x80, 0x00, 0x00, 0x00, 0x00, 0xFF, 0xF3,
    0x00, 0x0C, 0xFF, 0x50, 0x00, 0x00, 0x00, 0x00, 0xCF, 0xF5, 0x00, 0x0E, 0xFF, 0x30, 0x00, 0x00,
    0x00, 0x00, 0xAF, 0xF6, 0x00, 0x0E, 0xFF, 0x30, 0x00, 0x00, 0x00, 0x00, 0xAF, 0xF7, 0x00, 0x0D,
    0xFF, 0x40, 0x00, 0x00, 0x00, 0x00, 0xBF, 0xF5, 0x00, 0x0B, 0xFF, 0x70, 0x00, 0x00, 0x00, 0x00,
    0xEF, 0xF4, 0x00, 0x07, 0xFF, 0xC0, 0x00, 0x00, 0x00, 0x04, 0xFF, 0xF0, 0x00, 0x02, 0xFF, 0xF5,
    0x00, 0x00, 0x00, 0x0D, 0xFF, 0xA0, 0x00, 0x00, 0xAF, 0xFF, 0x50, 0x00, 0x01, 0xBF, 0xFF, 0x30,
    0x00, 0x00, 0x1E, 0xFF, 0xFD, 0xA9, 0xBF, 0xFF, 0xF8, 0x00, 0x00, 0x00, 0x02, 0xDF, 0xFF, 0xFF,
    0xFF, 0xFF, 0x80, 0x00, 0x00, 0x00, 0x00, 0x08, 0xEF, 0xFF, 0xFF, 0xC4, 0x00, 0x00, 0x00, 0x00,
    0x00, 0x00, 0x02, 0x44, 0x31, 0x00, 0x00, 0x00, 0x00, 0x00, 0x00, 0x00, 0x00, 0x03, 0x42, 0x00,
    0x00, 0x00, 0x00, 0x00, 0xEF, 0xFF, 0x90, 0x00, 0x00, 0x00, 0x00, 0xAB, 0xCF, 0xF2, 0x00, 0x00,
    0x00, 0x00, 0x01, 0x6F, 0xF2, 0x00, 0x00, 0x02, 0x77, 0x35, 0xFF, 0x90, 0x00, 0x00, 0x0D, 0xFF,
    0xE2, 0x73, 0x00, 0x00, 0x00, 0xAF, 0xFF, 0xFB, 0x00, 0x00, 0x00, 0x05, 0xFF, 0x43, 0xEF, 0x70,
    0x00, 0x00, 0x03, 0xD3, 0x00, 0x2D, 0x40, 0x00, 0x00, 0x00, 0x03, 0x56, 0x40, 0x00, 0x00, 0x00,
    0x05, 0xEF, 0xFF, 0xFE, 0x60, 0x00, 0x00, 0x7F, 0xFF, 0xFF, 0xFF, 0xF9, 0x00, 0x02, 0xFF, 0xFC,
    0x66, 0xBF, 0xFF, 0x40, 0x09, 0xFF, 0xB0, 0x00, 0x09, 0xFF, 0xB0, 0x0E, 0xFF, 0x30, 0x00, 0x01,
    0xFF, 0xF0, 0x0F, 0xFF, 0x00, 0x00, 0x00, 0xDF, 0xF2, 0x1F, 0xFE, 0x00, 0x00, 0x00, 0xCF, 0xF3,
    0x0F, 0xFF, 0x00, 0x00, 0x00, 0xDF, 0xF2, 0x0D, 0xFF, 0x40, 0x00, 0x02, 0xFF, 0xF0, 0x08, 0xFF,
    0xC0, 0x00, 0x0B, 0xFF, 0xA0, 0x02, 0xFF, 0xFD, 0x87, 0xDF, 0xFF, 0x30, 0x00, 0x5F, 0xFF, 0xFF,
    0xFF, 0xF7, 0x00, 0x00, 0x04, 0xCF, 0xFF, 0xFD, 0x50, 0x00, 0x00, 0x00, 0x02, 0x44, 0x20, 0x00,
    0x00, 0x00, 0x00, 0x00, 0x00, 0x00, 0x00, 0x00, 0x00, 0x00, 0x00, 0x00, 0x00, 0x00, 0x7E, 0xD3,
    0x0B, 0xA0, 0x00, 0x00, 0x00, 0x00, 0x00, 0x05, 0xFF, 0xFF, 0xDF, 0xE0, 0x00, 0x00, 0x00, 0x00,
    0x00, 0x07, 0xF5, 0x5E, 0xFF, 0x50, 0x00, 0x00, 0x00, 0x00, 0x00, 0x00, 0x10, 0x12, 0x51, 0x00,
    0x00, 0x00, 0x00, 0x00, 0x00, 0x00, 0x09, 0xFF, 0xE2, 0x00, 0x00, 0x00, 0x00, 0x00, 0x00, 0x00,
    0x8F, 0xFE, 0xFE, 0x20, 0x00, 0x00, 0x00, 0x00, 0x00, 0x04, 0xFE, 0x40, 0x9F, 0xC0, 0x00, 0x00,
    0x00, 0x00, 0x00, 0x00, 0x41, 0x00, 0x04, 0x10, 0x00, 0x00, 0x00, 0x00, 0x00, 0x04, 0xAE, 0xFF,
    0xFC, 0x71, 0x00, 0x00, 0x00, 0x00, 0x00, 0xAF, 0xFF, 0xFF, 0xFF, 0xFE, 0x40, 0x00, 0x00, 0x00,
    0x0C, 0xFF, 0xFF, 0xED, 0xFF, 0xFF, 0xF5, 0x00, 0x00, 0x00, 0x7F, 0xFF, 0x91, 0x00, 0x05, 0xEF,
    0xFE, 0x10, 0x00, 0x01, 0xFF, 0xF8, 0x00, 0x00, 0x00, 0x1E, 0xFF, 0x90, 0x00, 0x06, 0xFF, 0xE0,
    0x00, 0x00, 0x00, 0x06, 0xFF, 0xE0, 0x00, 0x0A, 0xFF, 0x80, 0x00, 0x00, 0x00, 0x00, 0xFF, 0xF3,
    0x00, 0x0C, 0xFF, 0x50, 0x00, 0x00, 0x00, 0x00, 0xCF, 0xF5, 0x00, 0x0E, 0xFF, 0x30, 0x00, 0x00,
    0x00, 0x00, 0xAF, 0xF6, 0x00, 0x0E, 0xFF, 0x30, 0x00, 0x00, 0x00, 0x00, 0xAF, 0xF7, 0x00, 0x0D,
    0xFF, 0x40, 0x00, 0x00, 0x00, 0x00, 0xBF, 0xF5, 0x00, 0x0B, 0xFF, 0x70, 0x00, 0x00, 0x00, 0x00,
    0xEF, 0xF4, 0x00, 0x07, 0xFF, 0xC0, 0x00, 0x00, 0x00, 0x04, 0xFF, 0xF0, 0x00, 0x02, 0xFF, 0xF5,
    0x00, 0x00, 0x00, 0x0D, 0xFF, 0xA0, 0x00, 0x00, 0xAF, 0xFF, 0x50, 0x00, 0x01, 0xBF, 0xFF, 0x30,
    0x00, 0x00, 0x1E, 0xFF, 0xFD, 0xA9, 0xBF, 0xFF, 0xF8, 0x00, 0x00, 0x00, 0x02, 0xDF, 0xFF, 0xFF,
    0xFF, 0xFF, 0x80, 0x00, 0x00, 0x00, 0x00, 0x08, 0xEF, 0xFF, 0xFF, 0xC4, 0x00, 0x00, 0x00, 0x00,
    0x00, 0x00, 0x02, 0x44, 0x31, 0x00, 0x00, 0x00, 0x00, 0x00, 0x00, 0x38, 0x50, 0x04, 0x30, 0x00,
    0x00, 0x05, 0xFF, 0xFA, 0x5E, 0xF2, 0x00, 0x00, 0x0D, 0xFD, 0xFF, 0xFF, 0xC0, 0x00, 0x00, 0x07,
    0xC0, 0x2C, 0xFD, 0x20, 0x00, 0x00, 0x00, 0x03, 0x77, 0x40, 0x00, 0x00, 0x00, 0x00, 0x1E, 0xFF,
    0xE1, 0x00, 0x00, 0x00, 0x00, 0xAF, 0xFF, 0xFA, 0x00, 0x00, 0x00, 0x06, 0xFF, 0x44, 0xFF, 0x60,
    0x00, 0x00, 0x04, 0xD3, 0x00, 0x3D, 0x40, 0x00, 0x00, 0x00, 0x03, 0x56, 0x40, 0x00, 0x00, 0x00,
    0x05, 0xDF, 0xFF, 0xFE, 0x70, 0x00, 0x00, 0x6F, 0xFF, 0xFF, 0xFF, 0xF9, 0x00, 0x02, 0xFF, 0xFC,
    0x66, 0xBF, 0xFF, 0x40, 0x09, 0xFF, 0xC0, 0x00, 0x09, 0xFF, 0xB0, 0x0D, 0xFF, 0x30, 0x00, 0x01,
    0xFF, 0xF0, 0x0F, 0xFF, 0x00, 0x00, 0x00, 0xDF, 0xF2, 0x0F, 0xFF, 0x00, 0x00, 0x00, 0xCF, 0xF3,
    0x0F, 0xFF, 0x00, 0x00, 0x00, 0xDF, 0xF2, 0x0D, 0xFF, 0x40, 0x00, 0x01, 0xFF, 0xF0, 0x08, 0xFF,
    0xD0, 0x00, 0x0A, 0xFF, 0xB0, 0x01, 0xFF, 0xFE, 0x87, 0xCF, 0xFF, 0x30, 0x00, 0x5F, 0xFF, 0xFF,
    0xFF, 0xF8, 0x00, 0x00, 0x03, 0xCF, 0xFF, 0xFD, 0x50, 0x00, 0x00, 0x00, 0x01, 0x44, 0x20, 0x00,
    0x00, 0x00, 0x00, 0x00, 0x02, 0x99, 0x70, 0x00, 0x00, 0x00, 0x00, 0x00, 0x00, 0x00, 0x1D, 0xFF,
    0xF7, 0x00, 0x00, 0x00, 0x00, 0x00, 0x00, 0x00, 0xBF, 0xFC, 0xFF, 0x40, 0x00, 0x00, 0x00, 0x00,
    0x00, 0x04, 0xFD, 0x20, 0x7F, 0xC0, 0x00, 0x00, 0x00, 0x00, 0x00, 0x00, 0x30, 0x00, 0x03, 0x00,
    0x00, 0x00, 0x00, 0x00, 0x00, 0x04, 0xAE, 0xFF, 0xFC, 0x71, 0x00, 0x00, 0x00, 0x00, 0x00, 0xAF,
    0xFF, 0xFF, 0xFF, 0xFE, 0x40, 0x00, 0x00, 0x00, 0x0C, 0xFF, 0xFF, 0xED, 0xFF, 0xFF, 0xF5, 0x00,
    0x00, 0x00, 0x7F, 0xFF, 0x91, 0x00, 0x05, 0xEF, 0xFE, 0x10, 0x00, 0x01, 0xFF, 0xF8, 0x00, 0x00,
    0x00, 0x1E, 0xFF, 0x90, 0x00, 0x06, 0xFF, 0xE0, 0x00, 0x00, 0x00, 0x06, 0xFF, 0xE0, 0x00, 0x0A,
    0xFF, 0x80, 0x00, 0x00, 0x00, 0x00, 0xFF, 0xF3, 0x00, 0x0C, 0xFF, 0x50, 0x00, 0x00, 0x00, 0x00,
    0xCF, 0xF5, 0x00, 0x0E, 0xFF, 0x30, 0x00, 0x00, 0x00, 0x00, 0xAF, 0xF6, 0x00, 0x0E, 0xFF, 0x30,
    0x00, 0x00, 0x00, 0x00, 0xAF, 0xF7, 0x00, 0x0D, 0xFF, 0x40, 0x00, 0x00, 0x00, 0x00, 0xBF, 0xF5,
    0x00, 0x0B, 0xFF, 0x70, 0x00, 0x00, 0x00, 0x00, 0xEF, 0xF4, 0x00, 0x07, 0xFF, 0xC0, 0x00, 0x00,
    0x00, 0x04, 0xFF, 0xF0, 0x00, 0x02, 0xFF, 0xF5, 0x00, 0x00, 0x00, 0x0D, 0xFF, 0xA0, 0x00, 0x00,
    0xAF, 0xFF, 0x50, 0x00, 0x01, 0xBF, 0xFF, 0x30, 0x00, 0x00, 0x1E, 0xFF, 0xFD, 0xA9, 0xBF, 0xFF,
    0xF8, 0x00, 0x00, 0x00, 0x02, 0xDF, 0xFF, 0xFF, 0xFF, 0xFF, 0x80, 0x00, 0x00, 0x00, 0x00, 0x08,
    0xEF, 0xFF, 0xFF, 0xC4, 0x00, 0x00, 0x00, 0x00, 0x00, 0x00, 0x02, 0x44, 0x31, 0x00, 0x00, 0x00,
    0x00, 0x00, 0x00, 0x00, 0x00, 0x46, 0x10, 0x00, 0x00, 0x00, 0x00, 0x00, 0x00, 0x00, 0x05, 0xFF,
    0xD0, 0x00, 0x00, 0x00, 0x00, 0x00, 0x00, 0x00, 0x08, 0xFF, 0xF0, 0x00, 0x00, 0x00, 0x00, 0x00,
    0x00, 0x00, 0x03, 0xFF, 0xA0, 0x00, 0x00, 0x00, 0x00, 0x00, 0x00, 0x00, 0x00, 0x01, 0x00, 0x00,
    0x00, 0x00, 0x00, 0x00, 0x00, 0x03, 0x88, 0x40, 0x00, 0x00, 0x00, 0x00, 0x1E, 0xFF, 0xF2, 0x00,
    0x00, 0x00, 0x00, 0xAF, 0xFF, 0xFC, 0x00, 0x00, 0x00, 0x06, 0xFF, 0x42, 0xEF, 0x80, 0x00, 0x00,
    0x02, 0xC3, 0x00, 0x2C, 0x30, 0x00, 0x00, 0x00, 0x03, 0x56, 0x40, 0x00, 0x00, 0x00, 0x05, 0xEF,
    0xFF, 0xFE, 0x60, 0x00, 0x00, 0x7F, 0xFF, 0xFF, 0xFF, 0xF9, 0x00, 0x02, 0xFF, 0xFC, 0x66, 0xBF,
    0xFF, 0x40, 0x09, 0xFF, 0xB0, 0x00, 0x09, 0xFF, 0xB0, 0x0E, 0xFF, 0x30, 0x00, 0x01, 0xFF, 0xF0,
    0x0F, 0xFF, 0x00, 0x00, 0x00, 0xDF, 0xF2, 0x1F, 0xFE, 0x00, 0x00, 0x00, 0xCF, 0xF3, 0x0F, 0xFF,
    0x00, 0x00, 0x00, 0xDF, 0xF2, 0x0D, 0xFF, 0x40, 0x00, 0x02, 0xFF, 0xF0, 0x08, 0xFF, 0xC0, 0x00,
    0x0B, 0xFF, 0xA0, 0x02, 0xFF, 0xFD, 0x87, 0xDF, 0xFF, 0x30, 0x00, 0x5F, 0xFF, 0xFF, 0xFF, 0xF7,
    0x00, 0x00, 0x04, 0xCF, 0xFF, 0xFD, 0x50, 0x00, 0x00, 0x00, 0x02, 0x44, 0x20, 0x00, 0x00, 0x00,
    0x00, 0x00, 0x56, 0x00, 0x00, 0x00, 0x00, 0x00, 0x08, 0xFF, 0xA0, 0x00, 0x00, 0x00, 0x00, 0x0B,
    0xFF, 0xD0, 0x00, 0x00, 0x00, 0x00, 0x05, 0xFF, 0x70, 0x00, 0x00, 0x00, 0x00, 0x00, 0x11, 0x00,
    0x00, 0x00, 0x00, 0x00, 0x00, 0x00, 0x00, 0x30, 0x00, 0x00, 0x00, 0x00, 0x00, 0x00, 0x00, 0x00,
    0x09, 0xF4, 0x00, 0x00, 0x00, 0x00, 0x00, 0x00, 0x00, 0x00, 0x6F, 0xFF, 0x10, 0x00, 0x60, 0x00,
    0x00, 0x00, 0x00, 0x04, 0xFF, 0xE3, 0x00, 0x2D, 0xF4, 0x00, 0x00, 0x00, 0x00, 0x04, 0xFB, 0x10,
    0x00, 0x1F, 0xF9, 0x00, 0x00, 0x00, 0x00, 0x00, 0x21, 0x00, 0x00, 0x2F, 0xF9, 0x00, 0x00, 0x00,
    0x04, 0xAE, 0xFF, 0xFF, 0xFE, 0xFF, 0xF4, 0x00, 0x00, 0x00, 0xAF, 0xFF, 0xFF, 0xFF, 0xFF, 0xFD,
    0x50, 0x00, 0x00, 0x0C, 0xFF, 0xFF, 0xED, 0xFF, 0xFF, 0xF2, 0x00, 0x00, 0x00, 0x7F, 0xFF, 0x91,
    0x00, 0x05, 0xEF, 0xFE, 0x00, 0x00, 0x01, 0xFF, 0xF8, 0x00, 0x00, 0x00, 0x1E, 0xFF, 0x80, 0x00,
    0x06, 0xFF, 0xE0, 0x00, 0x00, 0x00, 0x06, 0xFF, 0xE0, 0x00, 0x0A, 0xFF, 0x80, 0x00, 0x00, 0x00,
    0x00, 0xFF, 0xF3, 0x00, 0x0C, 0xFF, 0x50, 0x00, 0x00, 0x00, 0x00, 0xCF, 0xF5, 0x00, 0x0E, 0xFF,
    0x30, 0x00, 0x00, 0x00, 0x00, 0xAF, 0xF7, 0x00, 0x0E, 0xFF, 0x30, 0x00, 0x00, 0x00, 0x00, 0xAF,
    0xF7, 0x00, 0x0D, 0xFF, 0x40, 0x00, 0x00, 0x00, 0x00, 0xBF, 0xF5, 0x00, 0x0B, 0xFF, 0x70, 0x00,
    0x00, 0x00, 0x00, 0xEF, 0xF4, 0x00, 0x07, 0xFF, 0xC0, 0x00, 0x00, 0x00, 0x04, 0xFF, 0xF0, 0x00,
    0x02, 0xFF, 0xF5, 0x00, 0x00, 0x00, 0x0D, 0xFF, 0xA0, 0x00, 0x00, 0xAF, 0xFF, 0x50, 0x00, 0x01,
    0xBF, 0xFF, 0x30, 0x00, 0x00, 0x1E, 0xFF, 0xFD, 0xA9, 0xBF, 0xFF, 0xF8, 0x00, 0x00, 0x00, 0x02,
    0xDF, 0xFF, 0xFF, 0xFF, 0xFF, 0x80, 0x00, 0x00, 0x00, 0x00, 0x08, 0xEF, 0xFF, 0xFF, 0xC4, 0x00,
    0x00, 0x00, 0x00, 0x00, 0x00, 0x02, 0x44, 0x31, 0x00, 0x00, 0x00, 0x00, 0x00, 0x00, 0x00, 0x00,
    0x50, 0x00, 0x00, 0x00, 0x00, 0x00, 0x06, 0xF8, 0x00, 0x00, 0x00, 0x00, 0x00, 0x2F, 0xFF, 0x40,
    0x00, 0x00, 0x00, 0x00, 0xCF, 0xF5, 0x02, 0xC2, 0x00, 0x00, 0x04, 0xFF, 0x40, 0x1F, 0xFA, 0x00,
    0x00, 0x00, 0x64, 0x00, 0x0C, 0xFD, 0x00, 0x00, 0x03, 0x6A, 0x54, 0x5F, 0xFB, 0x00, 0x05, 0xEF,
    0xFF, 0xFF, 0xFF, 0xF3, 0x00, 0x7F, 0xFF, 0xFF, 0xFF, 0xFD, 0x20, 0x02, 0xFF, 0xFC, 0x66, 0xBF,
    0xFF, 0x20, 0x09, 0xFF, 0xB0, 0x00, 0x09, 0xFF, 0xA0, 0x0E, 0xFF, 0x30, 0x00, 0x01, 0xFF, 0xF0,
    0x0F, 0xFF, 0x00, 0x00, 0x00, 0xDF, 0xF2, 0x1F, 0xFE, 0x00, 0x00, 0x00, 0xCF, 0xF3, 0x0F, 0xFF,
    0x00, 0x00, 0x00, 0xDF, 0xF2, 0x0D, 0xFF, 0x40, 0x00, 0x02, 0xFF, 0xF0, 0x08, 0xFF, 0xC0, 0x00,
    0x0B, 0xFF, 0xA0, 0x02, 0xFF, 0xFD, 0x87, 0xDF, 0xFF, 0x30, 0x00, 0x5F, 0xFF, 0xFF, 0xFF, 0xF7,
    0x00, 0x00, 0x04, 0xCF, 0xFF, 0xFD, 0x50, 0x00, 0x00, 0x00, 0x02, 0x44, 0x20, 0x00, 0x00, 0x00,
    0x00, 0x00, 0x00, 0x30, 0x00, 0x00, 0x00, 0x00, 0x00, 0x00, 0x00, 0x00, 0x0A, 0xF3, 0x00, 0x00,
    0x00, 0x00, 0x00, 0x00, 0x00, 0x00, 0x7F, 0xFE, 0x10, 0x00, 0x00, 0x60, 0x00, 0x00, 0x00, 0x00,
    0x08, 0xFF, 0xC0, 0x00, 0x2D, 0xF4, 0x00, 0x00, 0x00, 0x00, 0x00, 0x4E, 0xC1, 0x00, 0x1F, 0xF9,
    0x00, 0x00, 0x00, 0x00, 0x00, 0x02, 0x10, 0x00, 0x2F, 0xF9, 0x00, 0x00, 0x00, 0x04, 0xAE, 0xFF,
    0xFF, 0xFE, 0xFF, 0xF4, 0x00, 0x00, 0x00, 0xAF, 0xFF, 0xFF, 0xFF, 0xFF, 0xFD, 0x50, 0x00, 0x00,
    0x0C, 0xFF, 0xFF, 0xED, 0xFF, 0xFF, 0xF2, 0x00, 0x00, 0x00, 0x7F, 0xFF, 0x91, 0x00, 0x05, 0xEF,
    0xFE, 0x00, 0x00, 0x01, 0xFF, 0xF8, 0x00, 0x00, 0x00, 0x1E, 0xFF, 0x80, 0x00, 0x06, 0xFF, 0xE0,
    0x00, 0x00, 0x00, 0x06, 0xFF, 0xE0, 0x00, 0x0A, 0xFF, 0x80, 0x00, 0x00, 0x00, 0x00, 0xFF, 0xF3,
    0x00, 0x0C, 0xFF, 0x50, 0x00, 0x00, 0x00, 0x00, 0xCF, 0xF5, 0x00, 0x0E, 0xFF, 0x30, 0x00, 0x00,
    0x00, 0x00, 0xAF, 0xF7, 0x00, 0x0E, 0xFF, 0x30, 0x00, 0x00, 0x00, 0x00, 0xAF, 0xF7, 0x00, 0x0D,
    0xFF, 0x40, 0x00, 0x00, 0x00, 0x00, 0xBF, 0xF5, 0x00, 0x0B, 0xFF, 0x70, 0x00, 0x00, 0x00, 0x00,
    0xEF, 0xF4, 0x00, 0x07, 0xFF, 0xC0, 0x00, 0x00, 0x00, 0x04, 0xFF, 0xF0, 0x00, 0x02, 0xFF, 0xF5,
    0x00, 0x00, 0x00, 0x0D, 0xFF, 0xA0, 0x00, 0x00, 0xAF, 0xFF, 0x50, 0x00, 0x01, 0xBF, 0xFF, 0x30,
    0x00, 0x00, 0x1E, 0xFF, 0xFD, 0xA9, 0xBF, 0xFF, 0xF8, 0x00, 0x00, 0x00, 0x02, 0xDF, 0xFF, 0xFF,
    0xFF, 0xFF, 0x80, 0x00, 0x00, 0x00, 0x00, 0x08, 0xEF, 0xFF, 0xFF, 0xC4, 0x00, 0x00, 0x00, 0x00,
    0x00, 0x00, 0x02, 0x44, 0x31, 0x00, 0x00, 0x00, 0x00, 0x00, 0x00, 0x04, 0x00, 0x00, 0x00, 0x00,
    0x00, 0x00, 0x7F, 0x80, 0x00, 0x00, 0x00, 0x00, 0x02, 0xFF, 0xF4, 0x00, 0x00, 0x00, 0x00, 0x00,
    0x4F, 0xFE, 0x00, 0x02, 0xC2, 0x00, 0x00, 0x03, 0xEF, 0x60, 0x1F, 0xFA, 0x00, 0x00, 0x00, 0x27,
    0x00, 0x0C, 0xFD, 0x00, 0x00, 0x03, 0x6A, 0x54, 0x5F, 0xFB, 0x00, 0x05, 0xEF, 0xFF, 0xFF, 0xFF,
    0xF3, 0x00, 0x7F, 0xFF, 0xFF, 0xFF, 0xFD, 0x20, 0x02, 0xFF, 0xFC, 0x66, 0xBF, 0xFF, 0x20, 0x09,
    0xFF, 0xB0, 0x00, 0x09, 0xFF, 0xA0, 0x0E, 0xFF, 0x30, 0x00, 0x01, 0xFF, 0xF0, 0x0F, 0xFF, 0x00,
    0x00, 0x00, 0xDF, 0xF2, 0x1F, 0xFE, 0x00, 0x00, 0x00, 0xCF, 0xF3, 0x0F, 0xFF, 0x00, 0x00, 0x00,
    0xDF, 0xF2, 0x0D, 0xFF, 0x40, 0x00, 0x02, 0xFF, 0xF0, 0x08, 0xFF, 0xC0, 0x00, 0x0B, 0xFF, 0xA0,
    0x02, 0xFF, 0xFD, 0x87, 0xDF, 0xFF, 0x30, 0x00, 0x5F, 0xFF, 0xFF, 0xFF, 0xF7, 0x00, 0x00, 0x04,
    0xCF, 0xFF, 0xFD, 0x50, 0x00, 0x00, 0x00, 0x02, 0x44, 0x20, 0x00, 0x00, 0x00, 0x00, 0x00, 0x18,
    0xBC, 0x92, 0x00, 0x00, 0x00, 0x00, 0x00, 0x00, 0x00, 0x1F, 0xFF, 0xFD, 0x00, 0x00, 0x60, 0x00,
    0x00, 0x00, 0x00, 0x03, 0x28, 0xFF, 0x00, 0x2D, 0xF4, 0x00, 0x00, 0x00, 0x00, 0x00, 0x7F, 0xF6,
    0x00, 0x1F, 0xF9, 0x00, 0x00, 0x00, 0x00, 0x00, 0x15, 0x10, 0x00, 0x2F, 0xF9, 0x00, 0x00, 0x00,
    0x04, 0xAE, 0xFF, 0xFF, 0xFE, 0xFF, 0xF4, 0x00, 0x00, 0x00, 0xAF, 0xFF, 0xFF, 0xFF, 0xFF, 0xFD,
    0x50, 0x00, 0x00, 0x0C, 0xFF, 0xFF, 0xED, 0xFF, 0xFF, 0xF2, 0x00, 0x00, 0x00, 0x7F, 0xFF, 0x91,
    0x00, 0x05, 0xEF, 0xFE, 0x00, 0x00, 0x01, 0xFF, 0xF8, 0x00, 0x00, 0x00, 0x1E, 0xFF, 0x80, 0x00,
    0x06, 0xFF, 0xE0, 0x00, 0x00, 0x00, 0x06, 0xFF, 0xE0, 0x00, 0x0A, 0xFF, 0x80, 0x00, 0x00, 0x00,
    0x00, 0xFF, 0xF3, 0x00, 0x0C, 0xFF, 0x50, 0x00, 0x00, 0x00, 0x00, 0xCF, 0xF5, 0x00, 0x0E, 0xFF,
    0x30, 0x00, 0x00, 0x00, 0x00, 0xAF, 0xF7, 0x00, 0x0E, 0xFF, 0x30, 0x00, 0x00, 0x00, 0x00, 0xAF,
    0xF7, 0x00, 0x0D, 0xFF, 0x40, 0x00, 0x00, 0x00, 0x00, 0xBF, 0xF5, 0x00, 0x0B, 0xFF, 0x70, 0x00,
    0x00, 0x00, 0x00, 0xEF, 0xF4, 0x00, 0x07, 0xFF, 0xC0, 0x00, 0x00, 0x00, 0x04, 0xFF, 0xF0, 0x00,
    0x02, 0xFF, 0xF5, 0x00, 0x00, 0x00, 0x0D, 0xFF, 0xA0, 0x00, 0x00, 0xAF, 0xFF, 0x50, 0x00, 0x01,
    0xBF, 0xFF, 0x30, 0x00, 0x00, 0x1E, 0xFF, 0xFD, 0xA9, 0xBF, 0xFF, 0xF8, 0x00, 0x00, 0x00, 0x02,
    0xDF, 0xFF, 0xFF, 0xFF, 0xFF, 0x80, 0x00, 0x00, 0x00, 0x00, 0x08, 0xEF, 0xFF, 0xFF, 0xC4, 0x00,
    0x00, 0x00, 0x00, 0x00, 0x00, 0x02, 0x44, 0x31, 0x00, 0x00, 0x00, 0x00, 0x00, 0x00, 0x00, 0x11,
    0x00, 0x00, 0x00, 0x00, 0x00, 0x4E, 0xFF, 0xD2, 0x00, 0x00, 0x00, 0x00, 0x2F, 0xEF, 0xFB, 0x00,
    0x00, 0x00, 0x00, 0x01, 0x0A, 0xFC, 0x02, 0xC2, 0x00, 0x00, 0x00, 0xBF, 0xF6, 0x1F, 0xFA, 0x00,
    0x00, 0x00, 0x59, 0x30, 0x0C, 0xFD, 0x00, 0x00, 0x03, 0x6A, 0x54, 0x5F, 0xFB, 0x00, 0x05, 0xEF,
    0xFF, 0xFF, 0xFF, 0xF3, 0x00, 0x7F, 0xFF, 0xFF, 0xFF, 0xFD, 0x20, 0x02, 0xFF, 0xFC, 0x66, 0xBF,
    0xFF, 0x20, 0x09, 0xFF, 0xB0, 0x00, 0x09, 0xFF, 0xA0, 0x0E, 0xFF, 0x30, 0x00, 0x01, 0xFF, 0xF0,
    0x0F, 0xFF, 0x00, 0x00, 0x00, 0xDF, 0xF2, 0x1F, 0xFE, 0x00, 0x00, 0x00, 0xCF, 0xF3, 0x0F, 0xFF,
    0x00, 0x00, 0x00, 0xDF, 0xF2, 0x0D, 0xFF, 0x40, 0x00, 0x02, 0xFF, 0xF0, 0x08, 0xFF, 0xC0, 0x00,
    0x0B, 0xFF, 0xA0, 0x02, 0xFF, 0xFD, 0x87, 0xDF, 0xFF, 0x30, 0x00, 0x5F, 0xFF, 0xFF, 0xFF, 0xF7,
    0x00, 0x00, 0x04, 0xCF, 0xFF, 0xFD, 0x50, 0x00, 0x00, 0x00, 0x02, 0x44, 0x20, 0x00, 0x00, 0x00,
    0x00, 0x00, 0x04, 0x20, 0x01, 0x10, 0x00, 0x00, 0x00, 0x00, 0x00, 0x01, 0xDF, 0xF8, 0x0B, 0xF4,
    0x00, 0x60, 0x00, 0x00, 0x00, 0x09, 0xFF, 0xFF, 0xFF, 0xF1, 0x2D, 0xF4, 0x00, 0x00, 0x00, 0x09,
    0xF3, 0x4E, 0xFF, 0x70, 0x1F, 0xF9, 0x00, 0x00, 0x00, 0x00, 0x10, 0x02, 0x52, 0x00, 0x2F, 0xF9,
    0x00, 0x00, 0x00, 0x04, 0xAE, 0xFF, 0xFF, 0xFE, 0xFF, 0xF4, 0x00, 0x00, 0x00, 0xAF, 0xFF, 0xFF,
    0xFF, 0xFF, 0xFD, 0x50, 0x00, 0x00, 0x0C, 0xFF, 0xFF, 0xED, 0xFF, 0xFF, 0xF2, 0x00, 0x00, 0x00,
    0x7F, 0xFF, 0x91, 0x00, 0x05, 0xEF, 0xFE, 0x00, 0x00, 0x01, 0xFF, 0xF8, 0x00, 0x00, 0x00, 0x1E,
    0xFF, 0x80, 0x00, 0x06, 0xFF, 0xE0, 0x00, 0x00, 0x00, 0x06, 0xFF, 0xE0, 0x00, 0x0A, 0xFF, 0x80,
    0x00, 0x00, 0x00, 0x00, 0xFF, 0xF3, 0x00, 0x0C, 0xFF, 0x50, 0x00, 0x00, 0x00, 0x00, 0xCF, 0xF5,
    0x00, 0x0E, 0xFF, 0x30, 0x00, 0x00, 0x00, 0x00, 0xAF, 0xF7, 0x00, 0x0E, 0xFF, 0x30, 0x00, 0x00,
    0x00, 0x00, 0xAF, 0xF7, 0x00, 0x0D, 0xFF, 0x40, 0x00, 0x00, 0x00, 0x00, 0xBF, 0xF5, 0x00, 0x0B,
    0xFF, 0x70, 0x00, 0x00, 0x00, 0x00, 0xEF, 0xF4, 0x00, 0x07, 0xFF, 0xC0, 0x00, 0x00, 0x00, 0x04,
    0xFF, 0xF0, 0x00, 0x02, 0xFF, 0xF5, 0x00, 0x00, 0x00, 0x0D, 0xFF, 0xA0, 0x00, 0x00, 0xAF, 0xFF,
    0x50, 0x00, 0x01, 0xBF, 0xFF, 0x30, 0x00, 0x00, 0x1E, 0xFF, 0xFD, 0xA9, 0xBF, 0xFF, 0xF8, 0x00,
    0x00, 0x00, 0x02, 0xDF, 0xFF, 0xFF, 0xFF, 0xFF, 0x80, 0x00, 0x00, 0x00, 0x00, 0x08, 0xEF, 0xFF,
    0xFF, 0xC4, 0x00, 0x00, 0x00, 0x00, 0x00, 0x00, 0x02, 0x44, 0x31, 0x00, 0x00, 0x00, 0x00, 0x00,
    0x01, 0xBD, 0x70, 0x1C, 0x40, 0x00, 0x00, 0x0C, 0xFF, 0xFC, 0xDF, 0x92, 0xC2, 0x00, 0x2F, 0xE7,
    0xEF, 0xFF, 0x3F, 0xFA, 0x00, 0x04, 0x50, 0x19, 0xA3, 0x0C, 0xFD, 0x00, 0x00, 0x03, 0x6A, 0x54,
    0x5F, 0xFB, 0x00, 0x05, 0xEF, 0xFF, 0xFF, 0xFF, 0xF3, 0x00, 0x7F, 0xFF, 0xFF, 0xFF, 0xFD, 0x20,
    0x02, 0xFF, 0xFC, 0x66, 0xBF, 0xFF, 0x20, 0x09, 0xFF, 0xB0, 0x00, 0x09, 0xFF, 0xA0, 0x0E, 0xFF,
    0x30, 0x00, 0x01, 0xFF, 0xF0, 0x0F, 0xFF, 0x00, 0x00, 0x00, 0xDF, 0xF2, 0x1F, 0xFE, 0x00, 0x00,
    0x00, 0xCF, 0xF3, 0x0F, 0xFF, 0x00, 0x00, 0x00, 0xDF, 0xF2, 0x0D, 0xFF, 0x40, 0x00, 0x02, 0xFF,
    0xF0, 0x08, 0xFF, 0xC0, 0x00, 0x0B, 0xFF, 0xA0, 0x02, 0xFF, 0xFD, 0x87, 0xDF, 0xFF, 0x30, 0x00,
    0x5F, 0xFF, 0xFF, 0xFF, 0xF7, 0x00, 0x00, 0x04, 0xCF, 0xFF, 0xFD, 0x50, 0x00, 0x00, 0x00, 0x02,
    0x44, 0x20, 0x00, 0x00, 0x00, 0x00, 0x00, 0x00, 0x00, 0x00, 0x00, 0x00, 0x60, 0x00, 0x00, 0x00,
    0x00, 0x00, 0x00, 0x00, 0x00, 0x2D, 0xF4, 0x00, 0x00, 0x00, 0x00, 0x00, 0x00, 0x00, 0x00, 0x1F,
    0xF9, 0x00, 0x00, 0x00, 0x00, 0x00, 0x01, 0x00, 0x00, 0x2F, 0xF9, 0x00, 0x00, 0x00, 0x04, 0xAE,
    0xFF, 0xFF, 0xFE, 0xFF, 0xF4, 0x00, 0x00, 0x00, 0xAF, 0xFF, 0xFF, 0xFF, 0xFF, 0xFD, 0x50, 0x00,
    0x00, 0x0C, 0xFF, 0xFF, 0xED, 0xFF, 0xFF, 0xF2, 0x00, 0x00, 0x00, 0x7F, 0xFF, 0x91, 0x00, 0x05,
    0xEF, 0xFE, 0x00, 0x00, 0x01, 0xFF, 0xF8, 0x00, 0x00, 0x00, 0x1E, 0xFF, 0x80, 0x00, 0x06, 0xFF,
    0xE0, 0x00, 0x00, 0x00, 0x06, 0xFF, 0xE0, 0x00, 0x0A, 0xFF, 0x80, 0x00, 0x00, 0x00, 0x00, 0xFF,
    0xF3, 0x00, 0x0C, 0xFF, 0x50, 0x00, 0x00, 0x00, 0x00, 0xCF, 0xF5, 0x00, 0x0E, 0xFF, 0x30, 0x00,
    0x00, 0x00, 0x00, 0xAF, 0xF7, 0x00, 0x0E, 0xFF, 0x30, 0x00, 0x00, 0x00, 0x00, 0xAF, 0xF7, 0x00,
    0x0D, 0xFF, 0x40, 0x00, 0x00, 0x00, 0x00, 0xBF, 0xF5, 0x00, 0x0B, 0xFF, 0x70, 0x00, 0x00, 0x00,
    0x00, 0xEF, 0xF4, 0x00, 0x07, 0xFF, 0xC0, 0x00, 0x00, 0x00, 0x04, 0xFF, 0xF0, 0x00, 0x02, 0xFF,
    0xF5, 0x00, 0x00, 0x00, 0x0D, 0xFF, 0xA0, 0x00, 0x00, 0xAF, 0xFF, 0x50, 0x00, 0x01, 0xBF, 0xFF,
    0x30, 0x00, 0x00, 0x1E, 0xFF, 0xFD, 0xA9, 0xBF, 0xFF, 0xF8, 0x00, 0x00, 0x00, 0x02, 0xDF, 0xFF,
    0xFF, 0xFF, 0xFF, 0x80, 0x00, 0x00, 0x00, 0x00, 0x08, 0xEF, 0xFF, 0xFF, 0xC4, 0x00, 0x00, 0x00,
    0x00, 0x00, 0x00, 0x02, 0x44, 0x31, 0x00, 0x00, 0x00, 0x00, 0x00, 0x00, 0x00, 0x00, 0x46, 0x10,
    0x00, 0x00, 0x00, 0x00, 0x00, 0x00, 0x00, 0x04, 0xFF, 0xE0, 0x00, 0x00, 0x00, 0x00, 0x00, 0x00,
    0x00, 0x07, 0xFF, 0xF1, 0x00, 0x00, 0x00, 0x00, 0x00, 0x00, 0x00, 0x02, 0xEF, 0xB0, 0x00, 0x00,
    0x00, 0x00, 0x00, 0x00, 0x00, 0x00, 0x02, 0x00, 0x00, 0x00, 0x00, 0x00, 0x00, 0x00, 0x00, 0x00,
    0x00, 0x02, 0xC2, 0x00, 0x00, 0x00, 0x00, 0x00, 0x1F, 0xFA, 0x00, 0x00, 0x00, 0x00, 0x00, 0x0C,
    0xFD, 0x00, 0x00, 0x03, 0x6A, 0x54, 0x5F, 0xFB, 0x00, 0x05, 0xEF, 0xFF, 0xFF, 0xFF, 0xF3, 0x00,
    0x7F, 0xFF, 0xFF, 0xFF, 0xFD, 0x20, 0x02, 0xFF, 0xFC, 0x66, 0xBF, 0xFF, 0x20, 0x09, 0xFF, 0xB0,
    0x00, 0x09, 0xFF, 0xA0, 0x0E, 0xFF, 0x30, 0x00, 0x01, 0xFF, 0xF0, 0x0F, 0xFF, 0x00, 0x00, 0x00,
    0xDF, 0xF2, 0x1F, 0xFE, 0x00, 0x00, 0x00, 0xCF, 0xF3, 0x0F, 0xFF, 0x00, 0x00, 0x00, 0xDF, 0xF2,
    0x0D, 0xFF, 0x40, 0x00, 0x02, 0xFF, 0xF0, 0x08, 0xFF, 0xC0, 0x00, 0x0B, 0xFF, 0xA0, 0x02, 0xFF,
    0xFD, 0x87, 0xDF, 0xFF, 0x30, 0x00, 0x5F, 0xFF, 0xFF, 0xFF, 0xF7, 0x00, 0x00, 0x04, 0xCF, 0xFF,
    0xFD, 0x50, 0x00, 0x00, 0x00, 0x02, 0x44, 0x20, 0x00, 0x00, 0x00, 0x00, 0x00, 0x56, 0x00, 0x00,
    0x00, 0x00, 0x00, 0x08, 0xFF, 0xA0, 0x00, 0x00, 0x00, 0x00, 0x0B, 0xFF, 0xD0, 0x00, 0x00, 0x00,
    0x00, 0x05, 0xFF, 0x70, 0x00, 0x00, 0x00, 0x00, 0x00, 0x11, 0x00, 0x00, 0x00, 0x03, 0xCC, 0x80,
    0x00, 0x00, 0x00, 0x6C, 0xC6, 0x00, 0x04, 0xFF, 0xB0, 0x00, 0x00, 0x00, 0x8F, 0xF8, 0x00, 0x04,
    0xFF, 0xB0, 0x00, 0x00, 0x00, 0x8F, 0xF8, 0x00, 0x04, 0xFF, 0xB0, 0x00, 0x00, 0x00, 0x8F, 0xF8,
    0x00, 0x04, 0xFF, 0xB0, 0x00, 0x00, 0x00, 0x8F, 0xF8, 0x00, 0x04, 0xFF, 0xB0, 0x00, 0x00, 0x00,
    0x8F, 0xF8, 0x00, 0x04, 0xFF, 0xB0, 0x00, 0x00, 0x00, 0x8F, 0xF8, 0x00, 0x04, 0xFF, 0xB0, 0x00,
    0x00, 0x00, 0x8F, 0xF8, 0x00, 0x04, 0xFF, 0xB0, 0x00, 0x00, 0x00, 0x8F, 0xF8, 0x00, 0x04, 0xFF,
    0xB0, 0x00, 0x00, 0x00, 0x8F, 0xF8, 0x00, 0x04, 0xFF, 0xB0, 0x00, 0x00, 0x00, 0x8F, 0xF8, 0x00,
    0x04, 0xFF, 0xC0, 0x00, 0x00, 0x00, 0x9F, 0xF7, 0x00, 0x02, 0xFF, 0xE0, 0x00, 0x00, 0x00, 0xBF,
    0xF5, 0x00, 0x00, 0xFF, 0xF4, 0x00, 0x00, 0x01, 0xFF, 0xF3, 0x00, 0x00, 0xAF, 0xFD, 0x20, 0x00,
    0x0B, 0xFF, 0xD0, 0x00, 0x00, 0x2F, 0xFF, 0xFA, 0x8A, 0xEF, 0xFF, 0x50, 0x00, 0x00, 0x05, 0xFF,
    0xFF, 0xFF, 0xFF, 0xF8, 0x00, 0x00, 0x00, 0x00, 0x3B, 0xFF, 0xFF, 0xFC, 0x40, 0x00, 0x00, 0x00,
    0x00, 0x00, 0x13, 0x43, 0x10, 0x00, 0x00, 0x00, 0x00, 0x00, 0x00, 0x02, 0x63, 0x00, 0x00, 0x00,
    0x00, 0x00, 0x00, 0x00, 0x0E, 0xFF, 0x20, 0x00, 0x00, 0x00, 0x00, 0x00, 0x00, 0x2F, 0xFF, 0x50,
    0x00, 0x00, 0x00, 0x00, 0x00, 0x00, 0x0C, 0xFE, 0x10, 0x00, 0x00, 0x00, 0x00, 0x00, 0x00, 0x00,
    0x20, 0x00, 0x00, 0x00, 0x00, 0x01, 0x22, 0x00, 0x00, 0x00, 0x22, 0x10, 0x08, 0xFF, 0x60, 0x00,
    0x03, 0xFF, 0xB0, 0x08, 0xFF, 0x60, 0x00, 0x03, 0xFF, 0xB0, 0x08, 0xFF, 0x60, 0x00, 0x03, 0xFF,
    0xB0, 0x08, 0xFF, 0x60, 0x00, 0x03, 0xFF, 0xB0, 0x08, 0xFF, 0x60, 0x00, 0x03, 0xFF, 0xB0, 0x08,
    0xFF, 0x60, 0x00, 0x03, 0xFF, 0xB0, 0x08, 0xFF, 0x60, 0x00, 0x03, 0xFF, 0xB0, 0x08, 0xFF, 0x60,
    0x00, 0x03, 0xFF, 0xB0, 0x08, 0xFF, 0x80, 0x00, 0x05, 0xFF, 0xB0, 0x07, 0xFF, 0xD0, 0x00, 0x0C,
    0xFF, 0xB0, 0x03, 0xFF, 0xFD, 0x77, 0xDF, 0xFF, 0xB0, 0x00, 0xBF, 0xFF, 0xFF, 0xFA, 0xFF, 0xB0,
    0x00, 0x1B, 0xFF, 0xFF, 0x73, 0xFF, 0xB0, 0x00, 0x00, 0x24, 0x40, 0x00, 0x00, 0x00, 0x00, 0x00,
    0x00, 0x36, 0x20, 0x00, 0x00, 0x00, 0x00, 0x02, 0xFF, 0xE1, 0x00, 0x00, 0x00, 0x00, 0x05, 0xFF,
    0xF3, 0x00, 0x00, 0x00, 0x00, 0x01, 0xEF, 0xC0, 0x00, 0x00, 0x00, 0x00, 0x00, 0x02, 0x00, 0x00,
    0x00, 0x00, 0x00, 0x00, 0x6B, 0xCA, 0x40, 0x00, 0x00, 0x00, 0x00, 0x00, 0x00, 0xBF, 0xFF, 0xF3,
    0x00, 0x00, 0x00, 0x00, 0x00, 0x00, 0x22, 0x5F, 0xF4, 0x00, 0x00, 0x00, 0x00, 0x00, 0x00, 0x02,
    0xFF, 0xA0, 0x00, 0x00, 0x00, 0x00, 0x00, 0x00, 0x00, 0x41, 0x00, 0x00, 0x00, 0x00, 0x03, 0xCC,
    0x80, 0x00, 0x00, 0x00, 0x6C, 0xC6, 0x00, 0x04, 0xFF, 0xB0, 0x00, 0x00, 0x00, 0x8F, 0xF8, 0x00,
    0x04, 0xFF, 0xB0, 0x00, 0x00, 0x00, 0x8F, 0xF8, 0x00, 0x04, 0xFF, 0xB0, 0x00, 0x00, 0x00, 0x8F,
    0xF8, 0x00, 0x04, 0xFF, 0xB0, 0x00, 0x00, 0x00, 0x8F, 0xF8, 0x00, 0x04, 0xFF, 0xB0, 0x00, 0x00,
    0x00, 0x8F, 0xF8, 0x00, 0x04, 0xFF, 0xB0, 0x00, 0x00, 0x00, 0x8F, 0xF8, 0x00, 0x04, 0xFF, 0xB0,
    0x00, 0x00, 0x00, 0x8F, 0xF8, 0x00, 0x04, 0xFF, 0xB0, 0x00, 0x00, 0x00, 0x8F, 0xF8, 0x00, 0x04,
    0xFF, 0xB0, 0x00, 0x00, 0x00, 0x8F, 0xF8, 0x00, 0x04, 0xFF, 0xB0, 0x00, 0x00, 0x00, 0x8F, 0xF8,
    0x00, 0x04, 0xFF, 0xC0, 0x00, 0x00, 0x00, 0x9F, 0xF7, 0x00, 0x02, 0xFF, 0xE0, 0x00, 0x00, 0x00,
    0xBF, 0xF5, 0x00, 0x00, 0xFF, 0xF4, 0x00, 0x00, 0x01, 0xFF, 0xF3, 0x00, 0x00, 0xAF, 0xFD, 0x20,
    0x00, 0x0B, 0xFF, 0xD0, 0x00, 0x00, 0x2F, 0xFF, 0xFA, 0x8A, 0xEF, 0xFF, 0x50, 0x00, 0x00, 0x05,
    0xFF, 0xFF, 0xFF, 0xFF, 0xF8, 0x00, 0x00, 0x00, 0x00, 0x3B, 0xFF, 0xFF, 0xFC, 0x40, 0x00, 0x00,
    0x00, 0x00, 0x00, 0x13, 0x43, 0x10, 0x00, 0x00, 0x00, 0x00, 0x00, 0x00, 0x11, 0x00, 0x00, 0x00,
    0x00, 0x00, 0x3E, 0xFF, 0xD3, 0x00, 0x00, 0x00, 0x00, 0x1F, 0xEF, 0xFC, 0x00, 0x00, 0x00, 0x00,
    0x01, 0x08, 0xFD, 0x00, 0x00, 0x00, 0x00, 0x00, 0xAF, 0xF7, 0x00, 0x00, 0x00, 0x00, 0x00, 0x49,
    0x40, 0x00, 0x00, 0x01, 0x22, 0x00, 0x00, 0x00, 0x22, 0x10, 0x08, 0xFF, 0x60, 0x00, 0x03, 0xFF,
    0xB0, 0x08, 0xFF, 0x60, 0x00, 0x03, 0xFF, 0xB0, 0x08, 0xFF, 0x60, 0x00, 0x03, 0xFF, 0xB0, 0x08,
    0xFF, 0x60, 0x00, 0x03, 0xFF, 0xB0, 0x08, 0xFF, 0x60, 0x00, 0x03, 0xFF, 0xB0, 0x08, 0xFF, 0x60,
    0x00, 0x03, 0xFF, 0xB0, 0x08, 0xFF, 0x60, 0x00, 0x03, 0xFF, 0xB0, 0x08, 0xFF, 0x60, 0x00, 0x03,
    0xFF, 0xB0, 0x08, 0xFF, 0x80, 0x00, 0x05, 0xFF, 0xB0, 0x07, 0xFF, 0xD0, 0x00, 0x0C, 0xFF, 0xB0,
    0x03, 0xFF, 0xFD, 0x77, 0xDF, 0xFF, 0xB0, 0x00, 0xBF, 0xFF, 0xFF, 0xFA, 0xFF, 0xB0, 0x00, 0x1B,
    0xFF, 0xFF, 0x73, 0xFF, 0xB0, 0x00, 0x00, 0x24, 0x40, 0x00, 0x00, 0x00, 0x00, 0x00, 0x00, 0x00,
    0x03, 0x00, 0x00, 0x00, 0x00, 0x00, 0x00, 0x00, 0x00, 0x00, 0x4F, 0x80, 0x00, 0x00, 0x00, 0x00,
    0x00, 0x00, 0x00, 0x02, 0xFF, 0xF5, 0x00, 0x00, 0x42, 0x00, 0x00, 0x00, 0x00, 0x1D, 0xFF, 0x70,
    0x00, 0x07, 0xFC, 0x00, 0x00, 0x00, 0x00, 0x1D, 0xE3, 0x00, 0x00, 0x08, 0xFF, 0x20, 0x00, 0x00,
    0x00, 0x01, 0x10, 0x00, 0x00, 0x08, 0xFF, 0x20, 0x03, 0xCC, 0x80, 0x00, 0x00, 0x00, 0x6D, 0xFF,
    0xFE, 0x00, 0x04, 0xFF, 0xB0, 0x00, 0x00, 0x00, 0x8F, 0xFF, 0xD3, 0x00, 0x04, 0xFF, 0xB0, 0x00,
    0x00, 0x00, 0x8F, 0xFB, 0x00, 0x00, 0x04, 0xFF, 0xB0, 0x00, 0x00, 0x00, 0x8F, 0xF8, 0x00, 0x00,
    0x04, 0xFF, 0xB0, 0x00, 0x00, 0x00, 0x8F, 0xF8, 0x00, 0x00, 0x04, 0xFF, 0xB0, 0x00, 0x00, 0x00,
    0x8F, 0xF8, 0x00, 0x00, 0x04, 0xFF, 0xB0, 0x00, 0x00, 0x00, 0x8F, 0xF8, 0x00, 0x00, 0x04, 0xFF,
    0xB0, 0x00, 0x00, 0x00, 0x8F, 0xF8, 0x00, 0x00, 0x04, 0xFF, 0xB0, 0x00, 0x00, 0x00, 0x8F, 0xF8,
    0x00, 0x00, 0x04, 0xFF, 0xB0, 0x00, 0x00, 0x00, 0x8F, 0xF8, 0x00, 0x00, 0x04, 0xFF, 0xB0, 0x00,
    0x00, 0x00, 0x8F, 0xF8, 0x00, 0x00, 0x04, 0xFF, 0xC0, 0x00, 0x00, 0x00, 0x9F, 0xF7, 0x00, 0x00,
    0x02, 0xFF, 0xE0, 0x00, 0x00, 0x00, 0xBF, 0xF5, 0x00, 0x00, 0x00, 0xFF, 0xF4, 0x00, 0x00, 0x01,
    0xFF, 0xF3, 0x00, 0x00, 0x00, 0xAF, 0xFD, 0x20, 0x00, 0x0B, 0xFF, 0xD0, 0x00, 0x00, 0x00, 0x2F,
    0xFF, 0xFA, 0x8A, 0xEF, 0xFF, 0x50, 0x00, 0x00, 0x00, 0x05, 0xFF, 0xFF, 0xFF, 0xFF, 0xF8, 0x00,
    0x00, 0x00, 0x00, 0x00, 0x3B, 0xFF, 0xFF, 0xFC, 0x40, 0x00, 0x00, 0x00, 0x00, 0x00, 0x00, 0x13,
    0x43, 0x10, 0x00, 0x00, 0x00, 0x00, 0x00, 0x00, 0x00, 0x00, 0x50, 0x00, 0x00, 0x00, 0x00, 0x00,
    0x00, 0x05, 0xFA, 0x00, 0x00, 0x00, 0x00, 0x00, 0x00, 0x1E, 0xFF, 0x50, 0x00, 0x00, 0x00, 0x00,
    0x00, 0xBF, 0xF7, 0x00, 0x06, 0xA0, 0x00, 0x00, 0x03, 0xFF, 0x60, 0x00, 0x7F, 0xF3, 0x00, 0x00,
    0x00, 0x55, 0x00, 0x00, 0x3F, 0xF6, 0x01, 0x22, 0x00, 0x00, 0x00, 0x24, 0xBF, 0xF5, 0x08, 0xFF,
    0x60, 0x00, 0x03, 0xFF, 0xFF, 0xE0, 0x08, 0xFF, 0x60, 0x00, 0x03, 0xFF, 0xFA, 0x20, 0x08, 0xFF,
    0x60, 0x00, 0x03, 0xFF, 0xB0, 0x00, 0x08, 0xFF, 0x60, 0x00, 0x03, 0xFF, 0xB0, 0x00, 0x08, 0xFF,
    0x60, 0x00, 0x03, 0xFF, 0xB0, 0x00, 0x08, 0xFF, 0x60, 0x00, 0x03, 0xFF, 0xB0, 0x00, 0x08, 0xFF,
    0x60, 0x00, 0x03, 0xFF, 0xB0, 0x00, 0x08, 0xFF, 0x60, 0x00, 0x03, 0xFF, 0xB0, 0x00, 0x08, 0xFF,
    0x80, 0x00, 0x05, 0xFF, 0xB0, 0x00, 0x07, 0xFF, 0xD0, 0x00, 0x0C, 0xFF, 0xB0, 0x00, 0x03, 0xFF,
    0xFD, 0x77, 0xDF, 0xFF, 0xB0, 0x00, 0x00, 0xBF, 0xFF, 0xFF, 0xFA, 0xFF, 0xB0, 0x00, 0x00, 0x1B,
    0xFF, 0xFF, 0x73, 0xFF, 0xB0, 0x00, 0x00, 0x00, 0x24, 0x40, 0x00, 0x00, 0x00, 0x00, 0x00, 0x00,
    0x00, 0x03, 0x00, 0x00, 0x00, 0x00, 0x00, 0x00, 0x00, 0x00, 0x00, 0x6F, 0x70, 0x00, 0x00, 0x00,
    0x00, 0x00, 0x00, 0x00, 0x02, 0xFF, 0xF4, 0x00, 0x00, 0x00, 0x42, 0x00, 0x00, 0x00, 0x00, 0x4E,
    0xFF, 0x20, 0x00, 0x07, 0xFC, 0x00, 0x00, 0x00, 0x00, 0x01, 0xCE, 0x30, 0x00, 0x08, 0xFF, 0x20,
    0x00, 0x00, 0x00, 0x00, 0x01, 0x00, 0x00, 0x08, 0xFF, 0x20, 0x03, 0xCC, 0x80, 0x00, 0x00, 0x00,
    0x6D, 0xFF, 0xFE, 0x00, 0x04, 0xFF, 0xB0, 0x00, 0x00, 0x00, 0x8F, 0xFF, 0xD3, 0x00, 0x04, 0xFF,
    0xB0, 0x00, 0x00, 0x00, 0x8F, 0xFB, 0x00, 0x00, 0x04, 0xFF, 0xB0, 0x00, 0x00, 0x00, 0x8F, 0xF8,
    0x00, 0x00, 0x04, 0xFF, 0xB0, 0x00, 0x00, 0x00, 0x8F, 0xF8, 0x00, 0x00, 0x04, 0xFF, 0xB0, 0x00,
    0x00, 0x00, 0x8F, 0xF8, 0x00, 0x00, 0x04, 0xFF, 0xB0, 0x00, 0x00, 0x00, 0x8F, 0xF8, 0x00, 0x00,
    0x04, 0xFF, 0xB0, 0x00, 0x00, 0x00, 0x8F, 0xF8, 0x00, 0x00, 0x04, 0xFF, 0xB0, 0x00, 0x00, 0x00,
    0x8F, 0xF8, 0x00, 0x00, 0x04, 0xFF, 0xB0, 0x00, 0x00, 0x00, 0x8F, 0xF8, 0x00, 0x00, 0x04, 0xFF,
    0xB0, 0x00, 0x00, 0x00, 0x8F, 0xF8, 0x00, 0x00, 0x04, 0xFF, 0xC0, 0x00, 0x00, 0x00, 0x9F, 0xF7,
    0x00, 0x00, 0x02, 0xFF, 0xE0, 0x00, 0x00, 0x00, 0xBF, 0xF5, 0x00, 0x00, 0x00, 0xFF, 0xF4, 0x00,
    0x00, 0x01, 0xFF, 0xF3, 0x00, 0x00, 0x00, 0xAF, 0xFD, 0x20, 0x00, 0x0B, 0xFF, 0xD0, 0x00, 0x00,
    0x00, 0x2F, 0xFF, 0xFA, 0x8A, 0xEF, 0xFF, 0x50, 0x00, 0x00, 0x00, 0x05, 0xFF, 0xFF, 0xFF, 0xFF,
    0xF8, 0x00, 0x00, 0x00, 0x00, 0x00, 0x3B, 0xFF, 0xFF, 0xFC, 0x40, 0x00, 0x00, 0x00, 0x00, 0x00,
    0x00, 0x13, 0x43, 0x10, 0x00, 0x00, 0x00, 0x00, 0x00, 0x00, 0x04, 0x10, 0x00, 0x00, 0x00, 0x00,
    0x00, 0x00, 0x5F, 0xA0, 0x00, 0x00, 0x00, 0x00, 0x00, 0x01, 0xFF, 0xF5, 0x00, 0x00, 0x00, 0x00,
    0x00, 0x00, 0x3E, 0xFE, 0x10, 0x00, 0x06, 0xA0, 0x00, 0x00, 0x02, 0xEF, 0x80, 0x00, 0x7F, 0xF3,
    0x00, 0x00, 0x00, 0x28, 0x00, 0x00, 0x3F, 0xF6, 0x01, 0x22, 0x00, 0x00, 0x00, 0x24, 0xBF, 0xF5,
    0x08, 0xFF, 0x60, 0x00, 0x03, 0xFF, 0xFF, 0xE0, 0x08, 0xFF, 0x60, 0x00, 0x03, 0xFF, 0xFA, 0x20,
    0x08, 0xFF, 0x60, 0x00, 0x03, 0xFF, 0xB0, 0x00, 0x08, 0xFF, 0x60, 0x00, 0x03, 0xFF, 0xB0, 0x00,
    0x08, 0xFF, 0x60, 0x00, 0x03, 0xFF, 0xB0, 0x00, 0x08, 0xFF, 0x60, 0x00, 0x03, 0xFF, 0xB0, 0x00,
    0x08, 0xFF, 0x60, 0x00, 0x03, 0xFF, 0xB0, 0x00, 0x08, 0xFF, 0x60, 0x00, 0x03, 0xFF, 0xB0, 0x00,
    0x08, 0xFF, 0x80, 0x00, 0x05, 0xFF, 0xB0, 0x00, 0x07, 0xFF, 0xD0, 0x00, 0x0C, 0xFF, 0xB0, 0x00,
    0x03, 0xFF, 0xFD, 0x77, 0xDF, 0xFF, 0xB0, 0x00, 0x00, 0xBF, 0xFF, 0xFF, 0xFA, 0xFF, 0xB0, 0x00,
    0x00, 0x1B, 0xFF, 0xFF, 0x73, 0xFF, 0xB0, 0x00, 0x00, 0x00, 0x24, 0x40, 0x00, 0x00, 0x00, 0x00,
    0x00, 0x00, 0x00, 0x6B, 0xCA, 0x40, 0x00, 0x00, 0x00, 0x00, 0x00, 0x00, 0x00, 0xBF, 0xFF, 0xF3,
    0x00, 0x00, 0x42, 0x00, 0x00, 0x00, 0x00, 0x22, 0x5F, 0xF4, 0x00, 0x07, 0xFC, 0x00, 0x00, 0x00,
    0x00, 0x02, 0xFF, 0xA0, 0x00, 0x08, 0xFF, 0x20, 0x00, 0x00, 0x00, 0x00, 0x41, 0x00, 0x00, 0x08,
    0xFF, 0x20, 0x03, 0xCC, 0x80, 0x00, 0x00, 0x00, 0x6D, 0xFF, 0xFE, 0x00, 0x04, 0xFF, 0xB0, 0x00,
    0x00, 0x00, 0x8F, 0xFF, 0xD3, 0x00, 0x04, 0xFF, 0xB0, 0x00, 0x00, 0x00, 0x8F, 0xFB, 0x00, 0x00,
    0x04, 0xFF, 0xB0, 0x00, 0x00, 0x00, 0x8F, 0xF8, 0x00, 0x00, 0x04, 0xFF, 0xB0, 0x00, 0x00, 0x00,
    0x8F, 0xF8, 0x00, 0x00, 0x04, 0xFF, 0xB0, 0x00, 0x00, 0x00, 0x8F, 0xF8, 0x00, 0x00, 0x04, 0xFF,
    0xB0, 0x00, 0x00, 0x00, 0x8F, 0xF8, 0x00, 0x00, 0x04, 0xFF, 0xB0, 0x00, 0x00, 0x00, 0x8F, 0xF8,
    0x00, 0x00, 0x04, 0xFF, 0xB0, 0x00, 0x00, 0x00, 0x8F, 0xF8, 0x00, 0x00, 0x04, 0xFF, 0xB0, 0x00,
    0x00, 0x00, 0x8F, 0xF8, 0x00, 0x00, 0x04, 0xFF, 0xB0, 0x00, 0x00, 0x00, 0x8F, 0xF8, 0x00, 0x00,
    0x04, 0xFF, 0xC0, 0x00, 0x00, 0x00, 0x9F, 0xF7, 0x00, 0x00, 0x02, 0xFF, 0xE0, 0x00, 0x00, 0x00,
    0xBF, 0xF5, 0x00, 0x00, 0x00, 0xFF, 0xF4, 0x00, 0x00, 0x01, 0xFF, 0xF3, 0x00, 0x00, 0x00, 0xAF,
    0xFD, 0x20, 0x00, 0x0B, 0xFF, 0xD0, 0x00, 0x00, 0x00, 0x2F, 0xFF, 0xFA, 0x8A, 0xEF, 0xFF, 0x50,
    0x00, 0x00, 0x00, 0x05, 0xFF, 0xFF, 0xFF, 0xFF, 0xF8, 0x00, 0x00, 0x00, 0x00, 0x00, 0x3B, 0xFF,
    0xFF, 0xFC, 0x40, 0x00, 0x00, 0x00, 0x00, 0x00, 0x00, 0x13, 0x43, 0x10, 0x00, 0x00, 0x00, 0x00,
    0x00, 0x00, 0x00, 0x11, 0x00, 0x00, 0x00, 0x00, 0x00, 0x00, 0x3E, 0xFF, 0xD3, 0x00, 0x00, 0x00,
    0x00, 0x00, 0x1F, 0xEF, 0xFC, 0x00, 0x00, 0x00, 0x00, 0x00, 0x01, 0x08, 0xFD, 0x00, 0x06, 0xA0,
    0x00, 0x00, 0x00, 0xAF, 0xF7, 0x00, 0x7F, 0xF3, 0x00, 0x00, 0x00, 0x49, 0x40, 0x00, 0x3F, 0xF6,
    0x01, 0x22, 0x00, 0x00, 0x00, 0x24, 0xBF, 0xF5, 0x08, 0xFF, 0x60, 0x00, 0x03, 0xFF, 0xFF, 0xE0,
    0x08, 0xFF, 0x60, 0x00, 0x03, 0xFF, 0xFA, 0x20, 0x08, 0xFF, 0x60, 0x00, 0x03, 0xFF, 0xB0, 0x00,
    0x08, 0xFF, 0x60, 0x00, 0x03, 0xFF, 0xB0, 0x00, 0x08, 0xFF, 0x60, 0x00, 0x03, 0xFF, 0xB0, 0x00,
    0x08, 0xFF, 0x60, 0x00, 0x03, 0xFF, 0xB0, 0x00, 0x08, 0xFF, 0x60, 0x00, 0x03, 0xFF, 0xB0, 0x00,
    0x08, 0xFF, 0x60, 0x00, 0x03, 0xFF, 0xB0, 0x00, 0x08, 0xFF, 0x80, 0x00, 0x05, 0xFF, 0xB0, 0x00,
    0x07, 0xFF, 0xD0, 0x00, 0x0C, 0xFF, 0xB0, 0x00, 0x03, 0xFF, 0xFD, 0x77, 0xDF, 0xFF, 0xB0, 0x00,
    0x00, 0xBF, 0xFF, 0xFF, 0xFA, 0xFF, 0xB0, 0x00, 0x00, 0x1B, 0xFF, 0xFF, 0x73, 0xFF, 0xB0, 0x00,
    0x00, 0x00, 0x24, 0x40, 0x00, 0x00, 0x00, 0x00, 0x00, 0x00, 0x00, 0x33, 0x00, 0x02, 0x00, 0x00,
    0x00, 0x00, 0x00, 0x00, 0x0A, 0xFF, 0xB1, 0x7F, 0x80, 0x00, 0x42, 0x00, 0x00, 0x00, 0x4F, 0xFF,
    0xFF, 0xFF, 0x60, 0x07, 0xFC, 0x00, 0x00, 0x00, 0x5F, 0x81, 0xCF, 0xFB, 0x00, 0x08, 0xFF, 0x20,
    0x00, 0x00, 0x01, 0x00, 0x04, 0x40, 0x00, 0x08, 0xFF, 0x20, 0x03, 0xCC, 0x80, 0x00, 0x00, 0x00,
    0x6D, 0xFF, 0xFE, 0x00, 0x04, 0xFF, 0xB0, 0x00, 0x00, 0x00, 0x8F, 0xFF, 0xD3, 0x00, 0x04, 0xFF,
    0xB0, 0x00, 0x00, 0x00, 0x8F, 0xFB, 0x00, 0x00, 0x04, 0xFF, 0xB0, 0x00, 0x00, 0x00, 0x8F, 0xF8,
    0x00, 0x00, 0x04, 0xFF, 0xB0, 0x00, 0x00, 0x00, 0x8F, 0xF8, 0x00, 0x00, 0x04, 0xFF, 0xB0, 0x00,
    0x00, 0x00, 0x8F, 0xF8, 0x00, 0x00, 0x04, 0xFF, 0xB0, 0x00, 0x00, 0x00, 0x8F, 0xF8, 0x00, 0x00,
    0x04, 0xFF, 0xB0, 0x00, 0x00, 0x00, 0x8F, 0xF8, 0x00, 0x00, 0x04, 0xFF, 0xB0, 0x00, 0x00, 0x00,
    0x8F, 0xF8, 0x00, 0x00, 0x04, 0xFF, 0xB0, 0x00, 0x00, 0x00, 0x8F, 0xF8, 0x00, 0x00, 0x04, 0xFF,
    0xB0, 0x00, 0x00, 0x00, 0x8F, 0xF8, 0x00, 0x00, 0x04, 0xFF, 0xC0, 0x00, 0x00, 0x00, 0x9F, 0xF7,
    0x00, 0x00, 0x02, 0xFF, 0xE0, 0x00, 0x00, 0x00, 0xBF, 0xF5, 0x00, 0x00, 0x00, 0xFF, 0xF4, 0x00,
    0x00, 0x01, 0xFF, 0xF3, 0x00, 0x00, 0x00, 0xAF, 0xFD, 0x20, 0x00, 0x0B, 0xFF, 0xD0, 0x00, 0x00,
    0x00, 0x2F, 0xFF, 0xFA, 0x8A, 0xEF, 0xFF, 0x50, 0x00, 0x00, 0x00, 0x05, 0xFF, 0xFF, 0xFF, 0xFF,
    0xF8, 0x00, 0x00, 0x00, 0x00, 0x00, 0x3B, 0xFF, 0xFF, 0xFC, 0x40, 0x00, 0x00, 0x00, 0x00, 0x00,
    0x00, 0x13, 0x43, 0x10, 0x00, 0x00, 0x00, 0x00, 0x00, 0x00, 0x7D, 0xB2, 0x07, 0xA1, 0x00, 0x00,
    0x00, 0x06, 0xFF, 0xFF, 0xAF, 0xF4, 0x06, 0xA0, 0x00, 0x0D, 0xF9, 0xBF, 0xFF, 0xB0, 0x7F, 0xF3,
    0x00, 0x01, 0x70, 0x05, 0xB8, 0x00, 0x3F, 0xF6, 0x01, 0x22, 0x00, 0x00, 0x00, 0x24, 0xBF, 0xF5,
    0x08, 0xFF, 0x60, 0x00, 0x03, 0xFF, 0xFF, 0xE0, 0x08, 0xFF, 0x60, 0x00, 0x03, 0xFF, 0xFA, 0x20,
    0x08, 0xFF, 0x60, 0x00, 0x03, 0xFF, 0xB0, 0x00, 0x08, 0xFF, 0x60, 0x00, 0x03, 0xFF, 0xB0, 0x00,
    0x08, 0xFF, 0x60, 0x00, 0x03, 0xFF, 0xB0, 0x00, 0x08, 0xFF, 0x60, 0x00, 0x03, 0xFF, 0xB0, 0x00,
    0x08, 0xFF, 0x60, 0x00, 0x03, 0xFF, 0xB0, 0x00, 0x08, 0xFF, 0x60, 0x00, 0x03, 0xFF, 0xB0, 0x00,
    0x08, 0xFF, 0x80, 0x00, 0x05, 0xFF, 0xB0, 0x00, 0x07, 0xFF, 0xD0, 0x00, 0x0C, 0xFF, 0xB0, 0x00,
    0x03, 0xFF, 0xFD, 0x77, 0xDF, 0xFF, 0xB0, 0x00, 0x00, 0xBF, 0xFF, 0xFF, 0xFA, 0xFF, 0xB0, 0x00,
    0x00, 0x1B, 0xFF, 0xFF, 0x73, 0xFF, 0xB0, 0x00, 0x00, 0x00, 0x24, 0x40, 0x00, 0x00, 0x00, 0x00,
    0x00, 0x00, 0x00, 0x00, 0x00, 0x00, 0x00, 0x00, 0x42, 0x00, 0x00, 0x00, 0x00, 0x00, 0x00, 0x00,
    0x00, 0x07, 0xFC, 0x00, 0x00, 0x00, 0x00, 0x00, 0x00, 0x00, 0x00, 0x08, 0xFF, 0x20, 0x00, 0x00,
    0x00, 0x00, 0x00, 0x00, 0x00, 0x08, 0xFF, 0x20, 0x03, 0xCC, 0x80, 0x00, 0x00, 0x00, 0x6D, 0xFF,
    0xFE, 0x00, 0x04, 0xFF, 0xB0, 0x00, 0x00, 0x00, 0x8F, 0xFF, 0xD3, 0x00, 0x04, 0xFF, 0xB0, 0x00,
    0x00, 0x00, 0x8F, 0xFB, 0x00, 0x00, 0x04, 0xFF, 0xB0, 0x00, 0x00, 0x00, 0x8F, 0xF8, 0x00, 0x00,
    0x04, 0xFF, 0xB0, 0x00, 0x00, 0x00, 0x8F, 0xF8, 0x00, 0x00, 0x04, 0xFF, 0xB0, 0x00, 0x00, 0x00,
    0x8F, 0xF8, 0x00, 0x00, 0x04, 0xFF, 0xB0, 0x00, 0x00, 0x00, 0x8F, 0xF8, 0x00, 0x00, 0x04, 0xFF,
    0xB0, 0x00, 0x00, 0x00, 0x8F, 0xF8, 0x00, 0x00, 0x04, 0xFF, 0xB0, 0x00, 0x00, 0x00, 0x8F, 0xF8,
    0x00, 0x00, 0x04, 0xFF, 0xB0, 0x00, 0x00, 0x00, 0x8F, 0xF8, 0x00, 0x00, 0x04, 0xFF, 0xB0, 0x00,
    0x00, 0x00, 0x8F, 0xF8, 0x00, 0x00, 0x04, 0xFF, 0xC0, 0x00, 0x00, 0x00, 0x9F, 0xF7, 0x00, 0x00,
    0x02, 0xFF, 0xE0, 0x00, 0x00, 0x00, 0xBF, 0xF5, 0x00, 0x00, 0x00, 0xFF, 0xF4, 0x00, 0x00, 0x01,
    0xFF, 0xF3, 0x00, 0x00, 0x00, 0xAF, 0xFD, 0x20, 0x00, 0x0B, 0xFF, 0xD0, 0x00, 0x00, 0x00, 0x2F,
    0xFF, 0xFA, 0x8A, 0xEF, 0xFF, 0x50, 0x00, 0x00, 0x00, 0x05, 0xFF, 0xFF, 0xFF, 0xFF, 0xF8, 0x00,
    0x00, 0x00, 0x00, 0x00, 0x3B, 0xFF, 0xFF, 0xFC, 0x40, 0x00, 0x00, 0x00, 0x00, 0x00, 0x00, 0x13,
    0x43, 0x10, 0x00, 0x00, 0x00, 0x00, 0x00, 0x00, 0x00, 0x00, 0x00, 0x00, 0x00, 0x00, 0x00, 0x00,
    0x00, 0x00, 0x00, 0x01, 0x41, 0x00, 0x00, 0x00, 0x00, 0x00, 0x00, 0x00, 0x00, 0x0E, 0xFF, 0x20,
    0x00, 0x00, 0x00, 0x00, 0x00, 0x00, 0x00, 0x2F, 0xFF, 0x50, 0x00, 0x00, 0x00, 0x00, 0x00, 0x00,
    0x00, 0x0E, 0xFF, 0x20, 0x00, 0x00, 0x00, 0x00, 0x00, 0x00, 0x00, 0x00, 0x41, 0x00, 0x00, 0x00,
    0x00, 0x00, 0x00, 0x00, 0x00, 0x00, 0x00, 0x00, 0x06, 0xA0, 0x00, 0x00, 0x00, 0x00, 0x00, 0x00,
    0x7F, 0xF3, 0x00, 0x00, 0x00, 0x00, 0x00, 0x00, 0x3F, 0xF6, 0x01, 0x22, 0x00, 0x00, 0x00, 0x24,
    0xBF, 0xF5, 0x08, 0xFF, 0x60, 0x00, 0x03, 0xFF, 0xFF, 0xE0, 0x08, 0xFF, 0x60, 0x00, 0x03, 0xFF,
    0xFA, 0x20, 0x08, 0xFF, 0x60, 0x00, 0x03, 0xFF, 0xB0, 0x00, 0x08, 0xFF, 0x60, 0x00, 0x03, 0xFF,
    0xB0, 0x00, 0x08, 0xFF, 0x60, 0x00, 0x03, 0xFF, 0xB0, 0x00, 0x08, 0xFF, 0x60, 0x00, 0x03, 0xFF,
    0xB0, 0x00, 0x08, 0xFF, 0x60, 0x00, 0x03, 0xFF, 0xB0, 0x00, 0x08, 0xFF, 0x60, 0x00, 0x03, 0xFF,
    0xB0, 0x00, 0x08, 0xFF, 0x80, 0x00, 0x05, 0xFF, 0xB0, 0x00, 0x07, 0xFF, 0xD0, 0x00, 0x0C, 0xFF,
    0xB0, 0x00, 0x03, 0xFF, 0xFD, 0x77, 0xDF, 0xFF, 0xB0, 0x00, 0x00, 0xBF, 0xFF, 0xFF, 0xFA, 0xFF,
    0xB0, 0x00, 0x00, 0x1B, 0xFF, 0xFF, 0x73, 0xFF, 0xB0, 0x00, 0x00, 0x00, 0x24, 0x40, 0x00, 0x00,
    0x00, 0x00, 0x00, 0x00, 0x00, 0x36, 0x20, 0x00, 0x00, 0x00, 0x00, 0x00, 0x02, 0xFF, 0xE1, 0x00,
    0x00, 0x00, 0x00, 0x00, 0x05, 0xFF, 0xF3, 0x00, 0x00, 0x00, 0x00, 0x00, 0x01, 0xEF, 0xC0, 0x00,
    0x00, 0x00, 0x00, 0x00, 0x00, 0x02, 0x00, 0x00, 0x00, 0x00, 0x00, 0x00, 0x00, 0x12, 0x00, 0x00,
    0x00, 0x00, 0x00, 0x00, 0x01, 0xDD, 0x00, 0x00, 0x00, 0x00, 0x00, 0x00, 0x0C, 0xFF, 0xB0, 0x00,
    0x00, 0x00, 0x00, 0x00, 0x01, 0xCF, 0xF8, 0x00, 0x00, 0x00, 0x00, 0x00, 0x00, 0x08, 0xF8, 0x00,
    0x00, 0x00, 0x00, 0x00, 0x00, 0x00, 0x20, 0x00, 0x00, 0x00, 0x8C, 0xCA, 0x00, 0x00, 0x00, 0x00,
    0xBC, 0xC7, 0x2F, 0xFF, 0x60, 0x00, 0x00, 0x06, 0xFF, 0xF2, 0x09, 0xFF, 0xE0, 0x00, 0x00, 0x0E,
    0xFF, 0x80, 0x01, 0xEF, 0xF7, 0x00, 0x00, 0x7F, 0xFE, 0x00, 0x00, 0x6F, 0xFE, 0x00, 0x00, 0xEF,
    0xF5, 0x00, 0x00, 0x0C, 0xFF, 0x70, 0x08, 0xFF, 0xC0, 0x00, 0x00, 0x03, 0xFF, 0xF1, 0x1F, 0xFF,
    0x30, 0x00, 0x00, 0x00, 0xAF, 0xF8, 0x9F, 0xF9, 0x00, 0x00, 0x00, 0x00, 0x1F, 0xFF, 0xFF, 0xE1,
    0x00, 0x00, 0x00, 0x00, 0x07, 0xFF, 0xFF, 0x60, 0x00, 0x00, 0x00, 0x00, 0x00, 0xDF, 0xFC, 0x00,
    0x00, 0x00, 0x00, 0x00, 0x00, 0x8F, 0xF8, 0x00, 0x00, 0x00, 0x00, 0x00, 0x00, 0x8F, 0xF8, 0x00,
    0x00, 0x00, 0x00, 0x00, 0x00, 0x8F, 0xF8, 0x00, 0x00, 0x00, 0x00, 0x00, 0x00, 0x8F, 0xF8, 0x00,
    0x00, 0x00, 0x00, 0x00, 0x00, 0x8F, 0xF8, 0x00, 0x00, 0x00, 0x00, 0x00, 0x00, 0x8F, 0xF8, 0x00,
    0x00, 0x00, 0x00, 0x00, 0x00, 0x8F, 0xF8, 0x00, 0x00, 0x00, 0x00, 0x00, 0x01, 0x40, 0x00, 0x00,
    0x00, 0x00, 0x00, 0x00, 0x2D, 0xE1, 0x00, 0x00, 0x00, 0x00, 0x00, 0x00, 0xAF, 0xFB, 0x00, 0x00,
    0x00, 0x00, 0x00, 0x00, 0x0B, 0xFF, 0x60, 0x00, 0x00, 0x00, 0x00, 0x00, 0x00, 0xAF, 0xD0, 0x00,
    0x00, 0x00, 0x00, 0x00, 0x00, 0x08, 0x20, 0x00, 0x00, 0x00, 0x02, 0x22, 0x00, 0x00, 0x00, 0x02,
    0x22, 0x00, 0x0E, 0xFF, 0x50, 0x00, 0x00, 0x4F, 0xFF, 0x00, 0x08, 0xFF, 0xB0, 0x00, 0x00, 0x9F,
    0xF9, 0x00, 0x02, 0xFF, 0xF1, 0x00, 0x00, 0xEF, 0xF3, 0x00, 0x00, 0xBF, 0xF6, 0x00, 0x04, 0xFF,
    0xC0, 0x00, 0x00, 0x5F, 0xFC, 0x00, 0x0A, 0xFF, 0x60, 0x00, 0x00, 0x0E, 0xFF, 0x20, 0x0F, 0xFF,
    0x00, 0x00, 0x00, 0x09, 0xFF, 0x70, 0x5F, 0xF9, 0x00, 0x00, 0x00, 0x02, 0xFF, 0xD0, 0xBF, 0xF3,
    0x00, 0x00, 0x00, 0x00, 0xCF, 0xF4, 0xFF, 0xD0, 0x00, 0x00, 0x00, 0x00, 0x6F, 0xFE, 0xFF, 0x60,
    0x00, 0x00, 0x00, 0x00, 0x0F, 0xFF, 0xFF, 0x10, 0x00, 0x00, 0x00, 0x00, 0x09, 0xFF, 0xFA, 0x00,
    0x00, 0x00, 0x00, 0x00, 0x03, 0xFF, 0xF3, 0x00, 0x00, 0x00, 0x00, 0x00, 0x03, 0xFF, 0xD0, 0x00,
    0x00, 0x00, 0x00, 0x00, 0x0A, 0xFF, 0x70, 0x00, 0x00, 0x00, 0x00, 0x00, 0x1F, 0xFF, 0x10, 0x00,
    0x00, 0x00, 0x00, 0x00, 0x7F, 0xFA, 0x00, 0x00, 0x00, 0x00, 0x00, 0x00, 0xDF, 0xF4, 0x00, 0x00,
    0x00, 0x00, 0x8C, 0xCA, 0x00, 0x00, 0x00, 0x00, 0xBC, 0xC7, 0x2F, 0xFF, 0x60, 0x00, 0x00, 0x06,
    0xFF, 0xF2, 0x09, 0xFF, 0xE0, 0x00, 0x00, 0x0E, 0xFF, 0x80, 0x01, 0xEF, 0xF7, 0x00, 0x00, 0x7F,
    0xFE, 0x00, 0x00, 0x6F, 0xFE, 0x00, 0x00, 0xEF, 0xF5, 0x00, 0x00, 0x0C, 0xFF, 0x70, 0x08, 0xFF,
    0xC0, 0x00, 0x00, 0x03, 0xFF, 0xF1, 0x1F, 0xFF, 0x30, 0x00, 0x00, 0x00, 0xAF, 0xF8, 0x9F, 0xF9,
    0x00, 0x00, 0x00, 0x00, 0x1F, 0xFF, 0xFF, 0xE1, 0x00, 0x00, 0x00, 0x00, 0x07, 0xFF, 0xFF, 0x60,
    0x00, 0x00, 0x00, 0x00, 0x00, 0xDF, 0xFC, 0x00, 0x00, 0x00, 0x00, 0x00, 0x00, 0x8F, 0xF8, 0x00,
    0x00, 0x00, 0x00, 0x00, 0x00, 0x8F, 0xF8, 0x00, 0x00, 0x00, 0x00, 0x00, 0x00, 0x8F, 0xF8, 0x00,
    0x00, 0x00, 0x00, 0x00, 0x00, 0x8F, 0xF8, 0x00, 0x00, 0x00, 0x00, 0x00, 0x00, 0x8F, 0xF8, 0x00,
    0x00, 0x00, 0x00, 0x00, 0x00, 0x8F, 0xF8, 0x00, 0x00, 0x00, 0x00, 0x00, 0x00, 0x8F, 0xF8, 0x00,
    0x00, 0x00, 0x00, 0x00, 0x00, 0x00, 0x00, 0x00, 0x00, 0x00, 0x00, 0x00, 0x00, 0x00, 0x00, 0x00,
    0x00, 0x00, 0x00, 0x00, 0x00, 0x04, 0x30, 0x00, 0x00, 0x00, 0x00, 0x00, 0x00, 0x8F, 0xF8, 0x00,
    0x00, 0x00, 0x00, 0x00, 0x00, 0xCF, 0xFC, 0x00, 0x00, 0x00, 0x00, 0x00, 0x00, 0x8F, 0xF7, 0x00,
    0x00, 0x00, 0x00, 0x00, 0x00, 0x03, 0x30, 0x00, 0x00, 0x00, 0x02, 0x22, 0x00, 0x00, 0x00, 0x02,
    0x22, 0x00, 0x0E, 0xFF, 0x50, 0x00, 0x00, 0x4F, 0xFF, 0x00, 0x08, 0xFF, 0xB0, 0x00, 0x00, 0x9F,
    0xF9, 0x00, 0x02, 0xFF, 0xF1, 0x00, 0x00, 0xEF, 0xF3, 0x00, 0x00, 0xBF, 0xF6, 0x00, 0x04, 0xFF,
    0xC0, 0x00, 0x00, 0x5F, 0xFC, 0x00, 0x0A, 0xFF, 0x60, 0x00, 0x00, 0x0E, 0xFF, 0x20, 0x0F, 0xFF,
    0x00, 0x00, 0x00, 0x09, 0xFF, 0x70, 0x5F, 0xF9, 0x00, 0x00, 0x00, 0x02, 0xFF, 0xD0, 0xBF, 0xF3,
    0x00, 0x00, 0x00, 0x00, 0xCF, 0xF4, 0xFF, 0xD0, 0x00, 0x00, 0x00, 0x00, 0x6F, 0xFE, 0xFF, 0x60,
    0x00, 0x00, 0x00, 0x00, 0x0F, 0xFF, 0xFF, 0x10, 0x00, 0x00, 0x00, 0x00, 0x09, 0xFF, 0xFA, 0x00,
    0x00, 0x00, 0x00, 0x00, 0x03, 0xFF, 0xF3, 0x00, 0x00, 0x00, 0x00, 0x00, 0x03, 0xFF, 0xD0, 0x00,
    0x00, 0x00, 0x00, 0x00, 0x0A, 0xFF, 0x70, 0x05, 0x60, 0x00, 0x00, 0x00, 0x1F, 0xFF, 0x10, 0x7F,
    0xFA, 0x00, 0x00, 0x00, 0x7F, 0xFA, 0x00, 0xAF, 0xFE, 0x00, 0x00, 0x00, 0xDF, 0xF4, 0x00, 0x5F,
    0xF7, 0x00, 0x00, 0x00, 0x00, 0x00, 0x00, 0x01, 0x10, 0x00, 0x00, 0x00, 0x03, 0x9C, 0xB8, 0x00,
    0x00, 0x00, 0x00, 0x00, 0x05, 0xFF, 0xFF, 0x90, 0x00, 0x00, 0x00, 0x00, 0x00, 0x33, 0xCF, 0xA0,
    0x00, 0x00, 0x00, 0x00, 0x00, 0x0B, 0xFD, 0x30, 0x00, 0x00, 0x00, 0x00, 0x00, 0x02, 0x30, 0x00,
    0x00, 0x00, 0x8C, 0xCA, 0x00, 0x00, 0x00, 0x00, 0xBC, 0xC7, 0x2F, 0xFF, 0x60, 0x00, 0x00, 0x06,
    0xFF, 0xF2, 0x09, 0xFF, 0xE0, 0x00, 0x00, 0x0E, 0xFF, 0x80, 0x01, 0xEF, 0xF7, 0x00, 0x00, 0x7F,
    0xFE, 0x00, 0x00, 0x6F, 0xFE, 0x00, 0x00, 0xEF, 0xF5, 0x00, 0x00, 0x0C, 0xFF, 0x70, 0x08, 0xFF,
    0xC0, 0x00, 0x00, 0x03, 0xFF, 0xF1, 0x1F, 0xFF, 0x30, 0x00, 0x00, 0x00, 0xAF, 0xF8, 0x9F, 0xF9,
    0x00, 0x00, 0x00, 0x00, 0x1F, 0xFF, 0xFF, 0xE1, 0x00, 0x00, 0x00, 0x00, 0x07, 0xFF, 0xFF, 0x60,
    0x00, 0x00, 0x00, 0x00, 0x00, 0xDF, 0xFC, 0x00, 0x00, 0x00, 0x00, 0x00, 0x00, 0x8F, 0xF8, 0x00,
    0x00, 0x00, 0x00, 0x00, 0x00, 0x8F, 0xF8, 0x00, 0x00, 0x00, 0x00, 0x00, 0x00, 0x8F, 0xF8, 0x00,
    0x00, 0x00, 0x00, 0x00, 0x00, 0x8F, 0xF8, 0x00, 0x00, 0x00, 0x00, 0x00, 0x00, 0x8F, 0xF8, 0x00,
    0x00, 0x00, 0x00, 0x00, 0x00, 0x8F, 0xF8, 0x00, 0x00, 0x00, 0x00, 0x00, 0x00, 0x8F, 0xF8, 0x00,
    0x00, 0x00, 0x00, 0x00, 0x00, 0x01, 0x00, 0x00, 0x00, 0x00, 0x00, 0x00, 0x0B, 0xFF, 0xF8, 0x00,
    0x00, 0x00, 0x00, 0x00, 0x0B, 0xEE, 0xFF, 0x20, 0x00, 0x00, 0x00, 0x00, 0x01, 0x02, 0xFF, 0x40,
    0x00, 0x00, 0x00, 0x00, 0x00, 0x4F, 0xFD, 0x00, 0x00, 0x00, 0x00, 0x00, 0x00, 0x0A, 0x60, 0x00,
    0x00, 0x00, 0x02, 0x22, 0x00, 0x00, 0x00, 0x02, 0x22, 0x00, 0x0E, 0xFF, 0x50, 0x00, 0x00, 0x4F,
    0xFF, 0x00, 0x08, 0xFF, 0xB0, 0x00, 0x00, 0x9F, 0xF9, 0x00, 0x02, 0xFF, 0xF1, 0x00, 0x00, 0xEF,
    0xF3, 0x00, 0x00, 0xBF, 0xF6, 0x00, 0x04, 0xFF, 0xC0, 0x00, 0x00, 0x5F, 0xFC, 0x00, 0x0A, 0xFF,
    0x60, 0x00, 0x00, 0x0E, 0xFF, 0x20, 0x0F, 0xFF, 0x00, 0x00, 0x00, 0x09, 0xFF, 0x70, 0x5F, 0xF9,
    0x00, 0x00, 0x00, 0x02, 0xFF, 0xD0, 0xBF, 0xF3, 0x00, 0x00, 0x00, 0x00, 0xCF, 0xF4, 0xFF, 0xD0,
    0x00, 0x00, 0x00, 0x00, 0x6F, 0xFE, 0xFF, 0x60, 0x00, 0x00, 0x00, 0x00, 0x0F, 0xFF, 0xFF, 0x10,
    0x00, 0x00, 0x00, 0x00, 0x09, 0xFF, 0xFA, 0x00, 0x00, 0x00, 0x00, 0x00, 0x03, 0xFF, 0xF3, 0x00,
    0x00, 0x00, 0x00, 0x00, 0x03, 0xFF, 0xD0, 0x00, 0x00, 0x00, 0x00, 0x00, 0x0A, 0xFF, 0x70, 0x00,
    0x00, 0x00, 0x00, 0x00, 0x1F, 0xFF, 0x10, 0x00, 0x00, 0x00, 0x00, 0x00, 0x7F, 0xFA, 0x00, 0x00,
    0x00, 0x00, 0x00, 0x00, 0xDF, 0xF4, 0x00, 0x00, 0x00, 0x00, 0x00, 0x00, 0x01, 0x41, 0x00, 0x20,
    0x00, 0x00, 0x00, 0x00, 0x4F, 0xFE, 0x42, 0xED, 0x00, 0x00, 0x00, 0x00, 0xEF, 0xFF, 0xFF, 0xFC,
    0x00, 0x00, 0x00, 0x01, 0xCD, 0x17, 0xFF, 0xF3, 0x00, 0x00, 0x00, 0x00, 0x01, 0x00, 0x24, 0x10,
    0x00, 0x00, 0x8C, 0xCA, 0x00, 0x00, 0x00, 0x00, 0xBC, 0xC7, 0x2F, 0xFF, 0x60, 0x00, 0x00, 0x06,
    0xFF, 0xF2, 0x09, 0xFF, 0xE0, 0x00, 0x00, 0x0E, 0xFF, 0x80, 0x01, 0xEF, 0xF7, 0x00, 0x00, 0x7F,
    0xFE, 0x00, 0x00, 0x6F, 0xFE, 0x00, 0x00, 0xEF, 0xF5, 0x00, 0x00, 0x0C, 0xFF, 0x70, 0x08, 0xFF,
    0xC0, 0x00, 0x00, 0x03, 0xFF, 0xF1, 0x1F, 0xFF, 0x30, 0x00, 0x00, 0x00, 0xAF, 0xF8, 0x9F, 0xF9,
    0x00, 0x00, 0x00, 0x00, 0x1F, 0xFF, 0xFF, 0xE1, 0x00, 0x00, 0x00, 0x00, 0x07, 0xFF, 0xFF, 0x60,
    0x00, 0x00, 0x00, 0x00, 0x00, 0xDF, 0xFC, 0x00, 0x00, 0x00, 0x00, 0x00, 0x00, 0x8F, 0xF8, 0x00,
    0x00, 0x00, 0x00, 0x00, 0x00, 0x8F, 0xF8, 0x00, 0x00, 0x00, 0x00, 0x00, 0x00, 0x8F, 0xF8, 0x00,
    0x00, 0x00, 0x00, 0x00, 0x00, 0x8F, 0xF8, 0x00, 0x00, 0x00, 0x00, 0x00, 0x00, 0x8F, 0xF8, 0x00,
    0x00, 0x00, 0x00, 0x00, 0x00, 0x8F, 0xF8, 0x00, 0x00, 0x00, 0x00, 0x00, 0x00, 0x8F, 0xF8, 0x00,
    0x00, 0x00, 0x00, 0x00, 0x4C, 0xC5, 0x01, 0xC4, 0x00, 0x00, 0x00, 0x01, 0xFF, 0xFF, 0xBD, 0xFA,
    0x00, 0x00, 0x00, 0x07, 0xFD, 0x7F, 0xFF, 0xF2, 0x00, 0x00, 0x00, 0x00, 0x62, 0x01, 0x9A, 0x30,
    0x00, 0x00, 0x02, 0x22, 0x00, 0x00, 0x00, 0x02, 0x22, 0x00, 0x0E, 0xFF, 0x50, 0x00, 0x00, 0x4F,
    0xFF, 0x00, 0x08, 0xFF, 0xB0, 0x00, 0x00, 0x9F, 0xF9, 0x00, 0x02, 0xFF, 0xF1, 0x00, 0x00, 0xEF,
    0xF3, 0x00, 0x00, 0xBF, 0xF6, 0x00, 0x04, 0xFF, 0xC0, 0x00, 0x00, 0x5F, 0xFC, 0x00, 0x0A, 0xFF,
    0x60, 0x00, 0x00, 0x0E, 0xFF, 0x20, 0x0F, 0xFF, 0x00, 0x00, 0x00, 0x09, 0xFF, 0x70, 0x5F, 0xF9,
    0x00, 0x00, 0x00, 0x02, 0xFF, 0xD0, 0xBF, 0xF3, 0x00, 0x00, 0x00, 0x00, 0xCF, 0xF4, 0xFF, 0xD0,
    0x00, 0x00, 0x00, 0x00, 0x6F, 0xFE, 0xFF, 0x60, 0x00, 0x00, 0x00, 0x00, 0x0F, 0xFF, 0xFF, 0x10,
    0x00, 0x00, 0x00, 0x00, 0x09, 0xFF, 0xFA, 0x00, 0x00, 0x00, 0x00, 0x00, 0x03, 0xFF, 0xF3, 0x00,
    0x00, 0x00, 0x00, 0x00, 0x03, 0xFF, 0xD0, 0x00, 0x00, 0x00, 0x00, 0x00, 0x0A, 0xFF, 0x70, 0x00,
    0x00, 0x00, 0x00, 0x00, 0x1F, 0xFF, 0x10, 0x00, 0x00, 0x00, 0x00, 0x00, 0x7F, 0xFA, 0x00, 0x00,
    0x00, 0x00, 0x00, 0x00, 0xDF, 0xF4, 0x00, 0x00, 0x00, 0x00, 0x00, 0x17, 0x71, 0x00, 0x00, 0x28,
    0x60, 0x00, 0x00, 0x48, 0x40, 0x00, 0x00, 0xBF, 0xFB, 0x00, 0x00, 0xEF, 0xF7, 0x00, 0x03, 0xFF,
    0xF3, 0x00, 0x00, 0xEF, 0xFE, 0x00, 0x02, 0xFF, 0xFA, 0x00, 0x06, 0xFF, 0xF6, 0x00, 0x00, 0x9F,
    0xF9, 0x00, 0x00, 0xDF, 0xF5, 0x00, 0x02, 0xFF, 0xF2, 0x00, 0x00, 0x03, 0x30, 0x00, 0x00, 0x04,
    0x20, 0x00, 0x00, 0x14, 0x10, 0x00,
};

const kiosk_glyph_t kiosk_ui_24_glyphs[] = {
    { 32, 7, 0, 0, 26, 7, 0 },
    { 33, 7, 19, 0, 8, 7, 0 },
    { 34, 9, 21, 0, 5, 9, 76 },
    { 35, 17, 18, 0, 8, 17, 181 },
    { 36, 14, 23, 0, 5, 14, 343 },
    { 37, 20, 18, 0, 8, 20, 504 },
    { 38, 18, 20, 0, 7, 18, 684 },
    { 39, 5, 21, 0, 5, 5, 864 },
    { 40, 8, 22, 0, 6, 8, 927 },
    { 41, 8, 22, 0, 6, 8, 1015 },
    { 42, 10, 18, 0, 8, 10, 1103 },
    { 43, 15, 15, 0, 11, 15, 1193 },
    { 44, 7, 7, 0, 22, 7, 1313 },
    { 45, 11, 11, 0, 15, 11, 1341 },
    { 46, 7, 5, 0, 22, 7, 1407 },
    { 47, 10, 18, 0, 8, 10, 1427 },
    { 48, 15, 20, 0, 7, 15, 1517 },
    { 49, 11, 18, 0, 8, 11, 1677 },
    { 50, 14, 19, 0, 7, 14, 1785 },
    { 51, 14, 19, 0, 8, 14, 1918 },
    { 52, 15, 18, 0, 8, 15, 2051 },
    { 53, 15, 19, 0, 8, 15, 2195 },
    { 54, 15, 19, 0, 8, 15, 2347 },
    { 55, 13, 18, 0, 8, 13, 2499 },
    { 56, 15, 20, 0, 7, 15, 2625 },
    { 57, 15, 19, 0, 7, 15, 2785 },
    { 58, 7, 14, 0, 13, 7, 2937 },
    { 59, 7, 17, 0, 12, 7, 2993 },
    { 60, 15, 17, 0, 9, 15, 3061 },
    { 61, 15, 14, 0, 12, 15, 3197 },
    { 62, 15, 17, 0, 9, 15, 3309 },
    { 63, 12, 20, 0, 7, 12, 3445 },
    { 64, 20, 20, 0, 7, 20, 3565 },
    { 65, 17, 18, 0, 8, 17, 3765 },
    { 66, 16, 18, 0, 8, 16, 3927 },
    { 67, 17, 20, 0, 7, 17, 4071 },
    { 68, 18, 18, 0, 8, 18, 4251 },
    { 69, 14, 18, 0, 8, 14, 4413 },
    { 70, 14, 18, 0, 8, 14, 4539 },
    { 71, 18, 20, 0, 7, 18, 4665 },
    { 72, 18, 18, 0, 8, 18, 4845 },
    { 73, 6, 18, 0, 8, 6, 5007 },
    { 74, 12, 19, 0, 8, 12, 5061 },
    { 75, 17, 18, 0, 8, 16, 5175 },
    { 76, 14, 18, 0, 8, 14, 5337 },
    { 77, 21, 18, 0, 8, 21, 5463 },
    { 78, 18, 18, 0, 8, 18, 5661 },
    { 79, 19, 20, 0, 7, 19, 5823 },
    { 80, 15, 18, 0, 8, 15, 6023 },
    { 81, 19, 22, 0, 7, 19, 6167 },
    { 82, 16, 18, 0, 8, 16, 6387 },
    { 83, 15, 20, 0, 7, 15, 6531 },
    { 84, 15, 18, 0, 8, 15, 6691 },
    { 85, 17, 19, 0, 8, 17, 6835 },
    { 86, 17, 18, 0, 8, 17, 7006 },
    { 87, 25, 18, 0, 8, 25, 7168 },
    { 88, 17, 18, 0, 8, 17, 7402 },
    { 89, 16, 18, 0, 8, 16, 7564 },
    { 90, 15, 18, 0, 8, 15, 7708 },
    { 91, 9, 22, 0, 6, 8, 7852 },
    { 92, 9, 18, 0, 8, 9, 7962 },
    { 93, 9, 22, 0, 6, 8, 8052 },
    { 94, 11, 20, 0, 6, 11, 8162 },
    { 95, 11, 5, 0, 26, 11, 8282 },
    { 96, 7, 20, 0, 6, 7, 8312 },
    { 97, 13, 15, 0, 12, 13, 8392 },
    { 98, 15, 19, 0, 8, 15, 8497 },
    { 99, 13, 15, 0, 12, 13, 8649 },
    { 100, 15, 19, 0, 8, 15, 8754 },
    { 101, 14, 15, 0, 12, 14, 8906 },
    { 102, 9, 19, 0, 7, 9, 9011 },
    { 103, 15, 20, 0, 12, 15, 9106 },
    { 104, 14, 18, 0, 8, 14, 9266 },
    { 105, 6, 19, 0, 7, 6, 9392 },
    { 106, 8, 25, -2, 7, 6, 9449 },
    { 107, 14, 18, 0, 8, 13, 9549 },
    { 108, 7, 19, 0, 8, 7, 9675 },
    { 109, 21, 14, 0, 12, 21, 9751 },
    { 110, 14, 14, 0, 12, 14, 9905 },
    { 111, 14, 15, 0, 12, 14, 10003 },
    { 112, 15, 19, 0, 12, 15, 10108 },
    { 113, 15, 19, 0, 12, 15, 10260 },
    { 114, 10, 14, 0, 12, 10, 10412 },
    { 115, 12, 15, 0, 12, 12, 10482 },
    { 116, 9, 18, 0, 9, 9, 10572 },
    { 117, 14, 15, 0, 12, 14, 10662 },
    { 118, 14, 14, -1, 12, 13, 10767 },
    { 119, 21, 14, -1, 12, 20, 10865 },
    { 120, 14, 14, -1, 12, 13, 11019 },
    { 121, 15, 19, -1, 12, 13, 11117 },
    { 122, 12, 14, 0, 12, 12, 11269 },
    { 123, 9, 22, 0, 6, 9, 11353 },
    { 124, 6, 22, 0, 6, 6, 11463 },
    { 125, 9, 22, 0, 6, 9, 11529 },
    { 126, 14, 12, 0, 14, 14, 11639 },
    { 176, 10, 19, 0, 7, 10, 11723 },
    { 183, 12, 12, 0, 14, 12, 11818 },
    { 192, 17, 24, 0, 2, 17, 11890 },
    { 193, 17, 24, 0, 2, 17, 12106 },
    { 194, 17, 23, 0, 3, 17, 12322 },
    { 195, 17, 23, 0, 3, 17, 12529 },
    { 200, 14, 24, 0, 2, 14, 12736 },
    { 201, 14, 24, 0, 2, 14, 12904 },
    { 202, 14, 23, 0, 3, 14, 13072 },
    { 204, 6, 24, 0, 2, 6, 13233 },
    { 205, 7, 24, 0, 2, 6, 13305 },
    { 210, 19, 25, 0, 2, 19, 13401 },
    { 211, 19, 25, 0, 2, 19, 13651 },
    { 212, 19, 24, 0, 3, 19, 13901 },
    { 213, 19, 24, 0, 3, 19, 14141 },
    { 217, 17, 25, 0, 2, 17, 14381 },
    { 218, 17, 25, 0, 2, 17, 14606 },
    { 221, 16, 24, 0, 2, 16, 14831 },
    { 224, 13, 21, 0, 6, 13, 15023 },
    { 225, 13, 21, 0, 6, 13, 15170 },
    { 226, 13, 20, 0, 7, 13, 15317 },
    { 227, 13, 19, 0, 8, 13, 15457 },
    { 232, 14, 21, 0, 6, 14, 15590 },
    { 233, 14, 21, 0, 6, 14, 15737 },
    { 234, 14, 20, 0, 7, 14, 15884 },
    { 236, 7, 20, -1, 6, 6, 16024 },
    { 237, 7, 20, 0, 6, 6, 16104 },
    { 242, 14, 21, 0, 6, 14, 16184 },
    { 243, 14, 21, 0, 6, 14, 16331 },
    { 244, 14, 20, 0, 7, 14, 16478 },
    { 245, 14, 19, 0, 8, 14, 16618 },
    { 249, 14, 21, 0, 6, 14, 16751 },
    { 250, 14, 21, 0, 6, 14, 16898 },
    { 253, 15, 25, -1, 6, 13, 17045 },
    { 258, 17, 23, 0, 3, 17, 17245 },
    { 259, 13, 20, 0, 7, 13, 17452 },
    { 272, 19, 18, 0, 8, 19, 17592 },
    { 273, 15, 19, 0, 8, 15, 17772 },
    { 296, 10, 23, -2, 3, 6, 17924 },
    { 297, 9, 18, -1, 8, 7, 18039 },
    { 360, 17, 24, 0, 3, 17, 18129 },
    { 361, 14, 19, 0, 8, 14, 18345 },
    { 416, 19, 23, 0, 4, 19, 18478 },
    { 417, 14, 18, 0, 9, 14, 18708 },
    { 431, 19, 23, 0, 4, 18, 18834 },
    { 432, 16, 18, 0, 9, 15, 19064 },
    { 7840, 17, 24, 0, 8, 17, 19208 },
    { 7841, 13, 20, 0, 12, 13, 19424 },
    { 7842, 17, 23, 0, 3, 17, 19564 },
    { 7843, 13, 21, 0, 6, 13, 19771 },
    { 7844, 17, 26, 0, 0, 17, 19918 },
    { 7845, 14, 24, 0, 3, 13, 20152 },
    { 7846, 17, 26, 0, 0, 17, 20320 },
    { 7847, 13, 24, 0, 3, 13, 20554 },
    { 7848, 17, 26, 0, 0, 17, 20722 },
    { 7849, 13, 24, 0, 3, 13, 20956 },
    { 7850, 17, 27, 0, -1, 17, 21124 },
    { 7851, 13, 24, 0, 3, 13, 21367 },
    { 7852, 17, 29, 0, 3, 17, 21535 },
    { 7853, 13, 25, 0, 7, 13, 21796 },
    { 7854, 17, 27, 0, -1, 17, 21971 },
    { 7855, 13, 26, 0, 1, 13, 22214 },
    { 7856, 17, 27, 0, -1, 17, 22396 },
    { 7857, 13, 26, 0, 1, 13, 22639 },
    { 7858, 17, 26, 0, 0, 17, 22821 },
    { 7859, 13, 25, 0, 2, 13, 23055 },
    { 7860, 17, 27, 0, -1, 17, 23230 },
    { 7861, 13, 25, 0, 2, 13, 23473 },
    { 7862, 17, 29, 0, 3, 17, 23648 },
    { 7863, 13, 25, 0, 7, 13, 23909 },
    { 7864, 14, 24, 0, 8, 14, 24084 },
    { 7865, 14, 20, 0, 12, 14, 24252 },
    { 7866, 14, 23, 0, 3, 14, 24392 },
    { 7867, 14, 21, 0, 6, 14, 24553 },
    { 7868, 14, 23, 0, 3, 14, 24700 },
    { 7869, 14, 19, 0, 8, 14, 24861 },
    { 7870, 15, 26, 0, 0, 15, 24994 },
    { 7871, 15, 24, 0, 3, 14, 25202 },
    { 7872, 14, 26, 0, 0, 14, 25394 },
    { 7873, 14, 24, 0, 3, 14, 25576 },
    { 7874, 15, 26, 0, 0, 15, 25744 },
    { 7875, 14, 24, 0, 3, 14, 25952 },
    { 7876, 14, 27, 0, -1, 14, 26120 },
    { 7877, 14, 24, 0, 3, 14, 26309 },
    { 7878, 14, 29, 0, 3, 14, 26477 },
    { 7879, 14, 25, 0, 7, 14, 26680 },
    { 7880, 6, 23, 0, 3, 6, 26855 },
    { 7881, 6, 20, 0, 6, 6, 26924 },
    { 7882, 6, 24, 0, 8, 6, 26984 },
    { 7883, 6, 26, 0, 7, 6, 27056 },
    { 7884, 19, 25, 0, 7, 19, 27134 },
    { 7885, 14, 20, 0, 12, 14, 27384 },
    { 7886, 19, 24, 0, 3, 19, 27524 },
    { 7887, 14, 21, 0, 6, 14, 27764 },
    { 7888, 19, 27, 0, 0, 19, 27911 },
    { 7889, 15, 24, 0, 3, 14, 28181 },
    { 7890, 19, 27, 0, 0, 19, 28373 },
    { 7891, 14, 24, 0, 3, 14, 28643 },
    { 7892, 19, 27, 0, 0, 19, 28811 },
    { 7893, 14, 24, 0, 3, 14, 29081 },
    { 7894, 19, 28, 0, -1, 19, 29249 },
    { 7895, 14, 24, 0, 3, 14, 29529 },
    { 7896, 19, 29, 0, 3, 19, 29697 },
    { 7897, 14, 25, 0, 7, 14, 29987 },
    { 7898, 19, 25, 0, 2, 19, 30162 },
    { 7899, 14, 21, 0, 6, 14, 30412 },
    { 7900, 19, 25, 0, 2, 19, 30559 },
    { 7901, 14, 21, 0, 6, 14, 30809 },
    { 7902, 19, 24, 0, 3, 19, 30956 },
    { 7903, 14, 21, 0, 6, 14, 31196 },
    { 7904, 19, 24, 0, 3, 19, 31343 },
    { 7905, 14, 19, 0, 8, 14, 31583 },
    { 7906, 19, 28, 0, 4, 19, 31716 },
    { 7907, 14, 23, 0, 9, 14, 31996 },
    { 7908, 17, 24, 0, 8, 17, 32157 },
    { 7909, 14, 20, 0, 12, 14, 32373 },
    { 7910, 17, 24, 0, 3, 17, 32513 },
    { 7911, 14, 21, 0, 6, 14, 32729 },
    { 7912, 19, 25, 0, 2, 18, 32876 },
    { 7913, 16, 21, 0, 6, 15, 33126 },
    { 7914, 19, 25, 0, 2, 18, 33294 },
    { 7915, 16, 21, 0, 6, 15, 33544 },
    { 7916, 19, 24, 0, 3, 18, 33712 },
    { 7917, 16, 21, 0, 6, 15, 33952 },
    { 7918, 19, 24, 0, 3, 18, 34120 },
    { 7919, 16, 19, 0, 8, 15, 34360 },
    { 7920, 19, 29, 0, 4, 18, 34512 },
    { 7921, 16, 23, 0, 9, 15, 34802 },
    { 7922, 16, 24, 0, 2, 16, 34986 },
    { 7923, 15, 25, -1, 6, 13, 35178 },
    { 7924, 16, 25, 0, 8, 16, 35378 },
    { 7925, 15, 20, -1, 12, 13, 35578 },
    { 7926, 16, 23, 0, 3, 16, 35738 },
    { 7927, 15, 25, -1, 6, 13, 35922 },
    { 7928, 16, 23, 0, 3, 16, 36122 },
    { 7929, 15, 23, -1, 8, 13, 36306 },
    { 8230, 24, 5, 0, 22, 24, 36490 },
};
