55854
26214
45597
65071
37241
46770
67847
37418
68195
30764
74390
60136
33314
8418
36418
90670
86225
31686
25310
79519
42246
36383
73075
77398
40293
91256
89569
58013
34127
92954
1279
1946
75347
37611
90983
68352
68205
28904
49242
32122
33162
15641
32419
75712
16195
67382
66964
18164
65542
86895
30128
8983
88711
51681
82767
82910
85061
22003
43264
52725
42359
68634
93215
47434
75625
81406
82803
47315
68979
68596
66119
68640
8450
23245
9873
85538
46640
82285
11520
85445
33340
52183
39234
14595
38356
47502
24062
43337
48021
49774
65502
21737
87971
16330
72092
48277
60686
44529
28150
10101
71557
60861
68208
2131
63553
84310
6858
63311
14335
61403
61739
15955
70576
80296
140
14491
48174
23759
75550
91751
47099
27224
14455
42533
59364
69717
38711
10351
55089
43352
22897
83625
88406
55991
72934
64419
41588
64874
21038
81221
16805
48629
12664
78278
92632
68224
50727
29486
91479
29819
86476
63577
45370
70402
4275
44352
20539
52744
47773
44553
75330
21561
63126
30315
29510
29871
54921
69970
59034
88491
93320
73970
91011
55965
15235
27349
79121
54957
51302
22129
36561
33668
64693
80980
50342
45693
64542
90548
17616
90467
92770
90188
8949
10310
72360
20329
54706
79092
61784
18948
2947
82511
80465
64563
45562
84731
38144
14744
72236
20806
35292
16078
8765
68506
52832
73652
45843
2675
91321
43569
88439
88202
64903
59360
44721
33646
78424
35711
34923
34750
77302
33686
64245
24873
93144
4987
86183
6980
27716
5281
51290
76914
35539
80577
66917
92069
32362
51917
16769
72550
10549
90552
33804
64691
57299
207
47884
47300
2195
8291
68514
21264
25979
68577
13181
35168
13972
34182
80700
78229
70639
16649
27028
38304
46862
56811
12474
42033
84563
84701
91920
12352
46406
35195
27451
80833
34406
8928
66623
54155
27478
39309
52588
91094
27601
66859
32203
25921
18666
69917
47116
1446
70134
34084
9129
11039
62924
75768
49801
37679
19723
91190
9380
64476
31953
17729
47197
30841
59438
42153
61305
16403
34985
55976
21995
241
60997
16162
7325
71156
17206
74676
28272
43578
38909
55012
407
45613
90339
88172
58986
30838
92178
35657
90031
34444
26626
16671
59298
11570
6489
53609
66924
62764
12054
68499
12466
22768
72693
69927
39950
55212
25196
25702
37554
4247
19105
91864
44770
54253
80034
88744
61057
69560
30056
36004
30140
47596
18125
77454
26189
67309
87390
25827
34667
24976
14310
24666
3109
29411
29966
41167
14930
76691
53171
11977
61184
45750
30311
43744
43479
13718
8273
65603
81733
86803
78754
22696
4599
39176
3369
32116
54621
9003
80846
31629
67065
32507
67336
72837
89676
82091
78220
62929
78382
1099
11162
7860
16668
92329
62076
36472
42113
31079
29803
72195
4907
18893
70115
85395
81524
14334
57625
7999
86797
74868
52772
57639
8840
75552
29410
1097
818
16833
71757
43893
6076
17221
26295
80539
23555
88958
69070
2402
27325
64901
52879
23872
67066
87808
25123
71038
82310
33916
80588
61649
87543
17303
50334
63415
90136
8955
65246
23593
66073
4168
69614
19698
86197
56297
18230
57254
24375
83123
18982
87160
13133
57391
27745
84182
7055
85636
52606
87884
17855
45804
62654
68306
14268
55788
24848
59999
49968
81091
80579
68451
34840
91134
68865
92931
16221
71297
92726
91597
17001
93240
40210
78609
61101
63575
91468
74278
91068
70589
22720
58850
19021
85382
54868
71365
24632
9200
87457
64987
22188
10571
92874
82399
38182
14705
1216
24627
85531
55177
46428
67842
30999
14463
33854
48839
17373
81168
58312
51625
54802
22863
60009
68719
61410
37366
73100
57794
55088
4560
41595
63420
60542
18838
30173
42660
60874
84342
44930
22450
54690
27002
66224
4336
88173
19276
41119
70715
39030
7276
13165
91506
25792
21830
10538
21039
89329
38875
41552
26866
74652
66304
18601
36830
58691
47864
9589
7319
25837
8049
78520
6377
68038
64662
42215
71810
21321
34889
25155
61858
75837
7817
81364
37839
83746
20381
57703
37115
62268
69752
70912
76566
23434
27661
33218
59925
46348
12743
76041
27775
39721
73996
52163
47017
81010
50060
77843
54558
9375
7357
78105
74017
92938
50605
29948
89496
5252
10013
86905
60051
6254
72172
15771
32979
48160
63297
47644
30871
28380
79053
73418
84722
59933
85674
9650
34089
92571
91158
33296
35549
6952
82080
44935
59634
49682
86814
68056
67405
65787
59737
46243
11655
37304
37722
83640
11527
17119
35434
1664
90513
50599
46528
88352
46551
21540
66950
19465
58147
51895
83429
90075
44688
38151
49119
50979
57443
50245
18088
62669
48466
48345
53488
60975
14858
91346
64368
78869
24728
63956
19522
20541
51033
77656
27893
46025
63605
17035
92797
75804
26451
31331
51196
46590
35746
31891
18585
4856
40057
4511
89359
61659
26684
56599
84498
6257
37568
21299
23206
62247
9576
89421
20730
49070
5357
61846
27921
84556
86658
41261
21354
68138
74579
66454
36554
28596
86704
41250
31038
7615
70630
43307
37642
69040
67807
8869
83591
93254
87526
42755
43115
79815
69743
42663
678
34304
4753
85862
88396
38947
50171
41924
33905
56066
40796
65777
27027
52684
70224
21992
11175
44920
44596
47807
53497
86845
17887
62188
33843
83128
29662
17284
52694
39905
39244
23479
29195
30261
20388
71632
50130
44896
51230
68350
91837
69098
30980
5303
69505
79964
5010
58124
68488
47655
48980
33148
47555
79203
43548
87994
82749
17456
5150
18814
6502
54395
85141
49162
86931
53458
55428
48166
87920
67544
13320
53559
38174
38683
32160
70323
47827
61949
26250
33266
31877
46096
84572
43810
63236
45648
49158
16755
91393
59593
79692
6320
9141
62613
48483
72439
472
36593
87344
76218
25126
60743
93069
13669
20695
15573
63435
41231
36870
26981
27931
17414
17882
1956
21270
9627
11265
14701
16794
21469
86929
68371
38208
5361
39946
17777
81478
26234
12137
56044
19475
46411
92660
27257
22853
13657
78140
35531
17356
8263
562
5277
54744
92746
47342
77723
63548
55842
31044
35558
49202
61591
69579
71510
92963
42190
62486
55218
1486
51285
50637
88718
42764
32833
20122
8202
79084
55489
71387
71018
64929
7280
32125
37740
5272
38826
39642
16887
63871
65673
74162
12170
39402
24148
61261
12829
67322
55667
30083
16994
76206
25510
43423
15347
7481
2463
66125
35967
74253
8384
85992
45493
12891
56747
66925
29098
9110
67025
56902
14816
12058
42704
74079
61529
33286
30991
80517
85460
69721
7120
7136
41615
45062
44659
34123
47720
69526
20698
37472
74961
77409
57068
20358
63244
31852
65905
68617
64284
23478
57944
39585
43347
57911
50631
1407
10829
53351
18679
76077
59547
9849
35532
67740
24201
5924
91683
27343
18354
52340
29928
27481
57054
12520
79290
77369
15972
18296
16540
20662
40461
45738
36859
26965
68177
54231
422
41189
45094
60192
60977
68783
19889
51291
23062
61143
45733
1688
19510
56091
26873
23374
864
86145
4896
13005
9133
91051
37765
27222
14090
13169
50033
44256
69639
9870
33235
82852
32228
65002
68807
50052
42524
87594
2832
58743
53196
39145
15823
24260
2107
24366
14370
93349
88214
17825
13925
66357
52807
3182
51437
18730
41207
8020
40761
59023
15053
22157
3028
29246
65010
81005
52498
28322
88751
65720
77141
46074
67552
68204
62175
55729
41403
30156
92457
33160
73838
17396
91655
69242
80800
9400
19197
16541
82753
55405
18092
33852
71795
71313
62289
13696
85046
82863
51826
8402
45077
55717
35906
29599
11592
18137
25846
44363
16713
85893
29652
38701
83267
7116
19569
91776
81212
24590
82820
69210
29786
69365
47652
91996
91406
55983
54682
77483
44080
57067
47512
64479
711
63394
41433
7326
89039
77380
78895
35698
71875
33343
8616
90818
6139
22199
34345
60378
47298
37690
92514
41607
26813
7524
26947
42895
3433
12647
9262
82615
90773
40658
26126
75322
14195
71147
71039
19383
71693
83702
75020
29626
91563
20325
16292
12913
78162
60571
69775
64985
35302
50535
71599
76871
68187
78375
14652
78821
55294
23260
21052
37838
64067
27545
24435
80490
44948
18864
69474
88855
79831
78169
11212
90290
73675
69471
9196
8992
23363
81759
7948
70108
52245
28097
27216
50855
27275
55934
69201
72726
47585
71380
6803
73518
91679
92577
29474
48030
860
29615
14960
22629
55367
76304
75377
2454
74047
89647
24783
1400
20449
30011
41670
7079
56729
9131
89625
5295
92800
69029
80172
84851
53569
40031
464
32839
57423
15824
65226
46912
52857
55841
20777
7313
85407
13827
92471
50933
93290
64572
80157
61689
69653
68527
17285
27288
76133
45043
44917
26654
46664
55007
23157
43719
69122
62017
49273
10738
16564
67566
12309
34069
17603
12432
76991
11752
47259
59247
7712
355
89931
15942
77077
24578
23955
37246
33543
21819
25704
55928
4900
19000
80851
52582
18793
78788
51259
57214
83055
84244
70237
47507
42659
14022
91912
4123
44643
74417
37336
22323
30032
24314
67612
15742
76132
45165
14369
54875
63624
78684
78656
26115
37172
68333
32714
37113
85364
56069
10239
89363
84992
86702
34473
76
30256
5218
17607
37991
51476
25505
1985
4503
62450
26888
1922
63427
74254
27362
8969
2507
90091
76557
85326
69978
442
50860
22248
26466
31027
468
48413
21560
82732
40275
50243
77766
63883
57675
44186
29301
27847
17350
35205
43755
25937
75085
55376
18016
87202
53104
23427
33985
84720
6837
88193
90518
52228
73341
45912
16092
50197
65599
86906
33001
47153
69229
66516
21886
52521
75637
63689
59378
52077
23251
5152
65975
49574
32430
27708
8548
74671
67298
32269
92829
77486
73795
67765
31869
5009
42040
84802
63004
92246
4322
36507
1531
66319
42346
41336
70355
38537
62042
10281
65186
53212
22545
6940
66137
37322
50764
43729
60463
64464
67937
42976
75890
91375
75999
34270
6658
52491
44015
49716
64269
68182
41070
41579
6572
39963
79532
9590
31052
3873
1748
77599
411
25538
21042
39589
18663
28499
29485
20443
26074
55300
82306
60581
60887
36905
19653
86081
52655
46451
50996
80838
91731
13120
89866
32958
1444
28687
87532
23244
34239
15156
1429
83884
33349
13476
985
73018
49107
24855
74995
8630
25482
68893
43760
33865
69106
6780
67312
72517
10592
26854
67849
31502
69071
84545
79337
54527
68567
6670
85651
87706
66783
60397
84277
47468
14995
62337
20953
35897
30851
1829
90825
25297
4648
2354
79183
33644
30221
30015
48651
25969
44296
6293
46563
63794
1662
23181
5852
28061
5119
86681
36585
47409
79371
27618
64481
17336
21519
68972
18902
7886
63904
7559
69603
70157
12280
50282
92686
7704
13339
47010
66204
41320
34631
46499
7246
6143
51543
28336
87167
44245
64151
52081
49118
61241
19948
19925
6451
66609
74650
54964
88970
58639
69532
66796
85938
10097
28704
60582
44648
40445
3325
30795
71997
86460
44723
54893
65506
38227
81902
84604
38147
34177
1133
5004
60308
73401
54281
58844
28403
30286
8028
55624
26985
42399
5583
32437
31333
22543
25879
81721
79517
42093
83880
85123
57638
10648
3345
22420
67165
89339
78158
72924
87671
31306
30227
32704
83316
40928
72800
68504
75336
31054
83537
34526
92774
13088
58380
41026
13732
56576
10901
25418
5572
38563
45989
80067
6971
3504
54363
71213
13897
37840
67221
26130
31932
43565
6901
17095
40039
37432
58473
10714
7077
84006
13591
70292
45200
53800
72151
4216
80622
90088
55310
13066
38499
28251
44410
64299
79072
92567
67292
9700
62732
63256
86119
1030
66591
62275
49981
7048
39765
28309
7113
80570
33801
44380
1543
76200
89474
50145
81459
18194
58925
83355
53239
91231
90485
68009
80364
71577
53383
36054
8310
59043
55059
50376
64031
84788
35483
12689
4777
61291
22343
43567
39572
74425
53933
56432
66514
14675
31308
5433
79901
42332
83175
4157
76598
55498
68078
52131
70221
56877
3377
33883
37198
18544
57249
63860
74321
44507
46997
21870
11428
45030
35349
38343
57437
58067
33724
87606
68794
88742
14179
27340
8449
74755
18266
80515
28333
90800
92509
11921
80946
43661
30623
81811
22185
48046
6752
34023
35608
42894
20349
727
38255
23396
84772
50106
80674
71086
10544
85428
44606
18286
12513
41413
18395
37623
70909
89127
21183
82609
28796
24774
39966
36022
841
77830
19574
82036
33572
2047
36559
23805
72643
53024
63651
29767
52564
18994
36617
7434
11207
40361
17783
27654
4567
6349
63387
13334
8106
13072
78856
17561
11078
88684
68395
84325
7007
44371
83268
52389
43541
38005
61196
46994
43915
63363
66941
36189
75091
71369
87377
78008
64409
34577
58015
63009
72118
79881
5789
22869
30528
61125
63229
39446
43396
25216
3457
12265
28622
60945
66234
25277
809
76197
85951
86734
79758
84494
84215
60942
14419
16470
42725
15798
5374
68016
9877
53863
73597
13387
16745
62417
65231
90751
66087
65394
85
33754
51663
23292
52108
59382
32943
43295
65691
42052
22999
19331
75926
47079
47393
25808
31137
55464
17885
61879
91455
45827
23026
30654
16646
81093
72223
70803
34284
91537
82529
78015
39705
861
79752
7443
64806
88298
46518
45677
80385
57371
57757
76305
77291
66788
11008
71283
80608
4379
71355
85769
21317
7330
19734
1226
58382
86440
15444
16333
37585
64706
65516
9407
49144
64056
70884
29909
89341
44076
12398
37195
67564
79738
65700
45531
71496
7510
2594
63386
39346
4345
43981
90112
69376
43291
68832
63014
69543
68771
31496
55941
4872
5048
69983
37212
55536
18008
28805
2429
21728
64203
82298
79592
24136
89129
43713
30291
78012
37683
29762
91969
65155
3247
83763
11868
90335
30321
50534
22215
26784
19594
37529
23851
23289
34380
49361
46166
43457
37865
77687
37595
28834
32433
53508
31915
15863
60899
88915
654
41133
51802
3413
2928
22907
83080
29808
63909
4198
25462
8048
87016
59059
60027
68497
17839
70398
72169
9505
65396
42228
40156
49210
45367
2097
6519
9135
62919
9124
64251
52571
16126
42864
25713
16052
78112
72558
90801
15002
4020
53567
93073
5576
53802
3008
87949
45368
60460
65484
63952
80953
21952
60066
85393
50063
79830
38809
58541
9364
65582
61892
83953
28738
58219
18731
90676
88399
29027
74655
28009
67517
28835
33149
76391
76379
15763
79002
72412
52967
71593
12951
67176
513
85638
1672
90220
72834
56757
57537
529
74719
76039
91091
52641
71029
59712
11818
32948
13835
47713
89542
20664
53182
58913
69145
56190
62644
56681
53396
90900
6026
1239
41520
59553
70435
21957
79666
77028
35269
70601
75517
8341
54271
58111
664
76963
6736
38161
8235
91567
84852
21770
69227
50248
27494
13947
79234
85834
83782
90891
41988
88796
18488
45432
74682
41717
31242
61303
12918
46500
53871
22654
30923
688
42626
13855
19035
28703
20736
68927
12040
51185
54371
91785
48644
15376
63536
62637
54248
73752
57030
85826
92504
28388
10883
63573
11010
22807
18742
54876
41134
21897
36779
28971
38780
25389
17109
48675
36804
73790
79644
78150
59978
78020
81853
87500
5600
19547
89903
65334
37467
87268
75398
32499
31580
9687
28320
37297
53228
34758
17394
23101
3913
44169
57731
27670
17080
31037
22113
41193
51495
43435
6709
3520
11356
3153
2274
70452
7931
46212
31963
32102
14201
18598
12100
88691
76764
50325
45241
90743
30718
38870
74586
53218
1456
8585
67684
81893
83801
72334
50827
60245
72988
53624
12519
16165
62925
86557
77832
47851
9453
28368
77810
4565
33227
11988
24316
28050
8557
29255
90834
61297
79669
13701
48750
19609
17398
19796
71255
71265
70045
40664
82175
72756
78984
47659
23093
88475
47148
78525
12192
22651
3546
65377
84809
76273
19458
70598
6767
59887
3023
21567
19438
66713
6783
23844
51144
90833
80037
51197
29940
30413
37453
41987
52803
47479
66074
57947
77142
28713
41201
92865
54419
24200
61808
58191
23239
87536
23786
26602
29535
90702
62850
40728
71931
80283
85758
85919
66
49700
62731
38806
34022
9145
15832
28591
2775
69268
77601
21888
21616
29017
56875
1375
1709
47277
52837
25583
8412
55045
58918
60886
46599
62975
59989
56574
14248
85914
51642
38860
36274
62645
19398
86491
64080
85092
20012
78244
53379
89631
43684
13036
90520
18853
70195
25091
47358
80099
90144
40966
82611
88317
48832
6522
64396
50768
60604
10734
81505
50178
75566
8669
68416
60354
153
44023
93388
71268
90653
13205
151
68260
44149
31405
19273
76471
72087
13513
30593
68376
45856
79195
44598
49471
61652
17951
80999
43920
89973
53995
89366
88680
41598
18101
35790
81257
47012
6634
64733
37539
39917
62634
43827
74608
39123
17836
2464
37936
86657
40974
12787
28981
19225
56289
70540
10923
92970
35202
91459
65605
51957
18752
30879
718
2292
80403
15999
55932
34817
79819
33681
29651
13594
36853
69567
70726
58401
74343
7216
70213
46486
15649
38769
31560
25112
83926
3570
6443
13128
908
47724
79570
2756
19363
20923
61701
53568
64885
852
11769
83858
5688
13418
19692
31617
45612
3954
9640
42963
48099
12560
45911
50554
44504
84065
51193
75350
22020
51221
3648
4184
78153
80958
42048
32308
1902
71190
26971
30281
3187
7908
63232
5446
75932
75786
83264
64687
91432
7865
78581
63334
75162
44465
61677
1833
63708
15152
5085
38038
28045
82129
11507
4349
89893
79043
67433
34699
7133
77004
86628
48515
43980
617
25491
36956
32369
16194
61074
17595
20646
92847
149
33435
33546
40484
81493
12537
5324
62110
17186
21177
25449
5833
15055
91713
75014
13544
38583
55161
11957
22846
77043
56071
24197
82288
4304
7760
55199
19921
75181
47643
22294
80062
85682
44477
12865
64439
52897
69809
72658
64611
73756
93379
2665
89213
26523
25311
81595
38103
56181
69186
19470
55408
11266
69347
17654
9704
13291
58232
68914
84369
70177
15391
54351
66083
5911
48724
76078
20219
71937
69113
86092
1685
82104
78776
14205
2822
3802
53416
91026
22889
72337
67253
57620
21774
41623
54374
73705
78002
33360
74607
83589
47026
19883
51316
76000
73155
74923
35638
41556
35715
5425
52405
78319
71821
81142
17841
47069
28866
15705
39576
14900
54913
29156
3643
73296
74284
53661
24907
18962
51771
50103
10515
42587
70771
45866
86563
71697
38225
65277
19488
48974
33247
75526
92713
50502
56784
794
89162
6903
75077
48925
8037
83004
84307
72399
22427
86964
76613
35085
36426
91078
52420
66403
8154
83628
68837
86921
39101
26431
51988
8960
33083
21479
62170
27536
58881
4614
37330
56713
26347
75145
44071
44924
51697
70201
49696
41928
37466
45678
71481
87347
55050
13314
26194
19501
21789
27180
76186
55877
32114
10994
6150
25457
60058
49722
86251
2854
56411
24002
50543
69028
26320
93404
80831
7727
87853
33119
32103
80641
76119
73524
42229
11218
29542
11204
4801
46439
92239
20823
8331
42197
13124
80865
17513
81984
20351
9179
18047
45176
33710
80237
44955
18738
27549
40303
93009
47208
76659
59277
15300
75662
13946
11675
525
52463
65912
117
73573
83946
72930
82998
26119
40220
80236
87737
32989
55284
20642
33303
5259
84582
64820
87333
74174
16638
37574
56994
15404
61076
75116
56812
80814
34035
10069
63070
71664
73623
63550
43688
68336
82832
51554
58356
34024
61483
34948
22578
51727
29245
77022
6690
54912
30565
66358
32519
38008
36715
39484
58181
41836
61536
6751
91530
45598
14912
82888
74275
61554
65238
62563
182
49760
42232
56248
45500
19801
47407
52055
81653
58977
87355
81781
89571
78567
78050
55142
69251
19116
57918
35287
59845
48410
56487
3610
69806
91584
24305
66402
36281
50164
68032
28344
46330
52954
75134
34377
78983
45031
74592
87480
62469
62545
15720
20454
84882
72875
38378
45067
66930
76501
50817
947
78637
22021
38051
45221
93276
8386
34808
1285
54282
88388
27636
36142
37962
28458
60789
4015
40975
1931
10307
77188
54294
62047
72262
57412
20003
92206
18970
50892
22331
11338
90683
48170
43354
2497
35112
59789
67173
257
89604
25738
62805
75203
31744
76727
1583
35174
39900
9859
61656
29399
84981
1556
30823
23336
51535
14979
51092
80567
50893
34791
49204
20451
17447
45120
34180
27087
20464
23459
35462
65093
7285
88375
28734
59131
82874
84400
67915
7344
22464
73399
15578
73274
65269
77002
62723
15897
22435
84666
53929
4548
62688
15703
585
89742
52663
53368
51979
10798
7570
38483
40114
57505
22320
22182
6718
11539
61077
79689
57597
60978
17861
43330
78109
65008
59178
43564
83797
58994
83261
69078
78669
82595
22622
16826
32955
20077
7648
85991
56457
31828
31920
48161
55474
48797
44292
25435
87858
37501
70173
82730
9311
22903
61307
52986
39119
68359
83424
633
87084
90360
87162
70999
79916
90934
7938
60365
90068
3739
49359
92913
37446
55361
73380
80610
81039
18455
81724
77145
80528
35985
53632
20710
41327
6366
56620
24134
85098
35972
23869
93035
56286
79838
18249
21511
56246
25468
54313
50185
33214
9280
75598
31481
92806
32180
6929
37219
22811
46137
49637
51524
2802
64326
26666
85353
35745
20894
41287
52401
27551
8843
57862
20338
83143
39357
68833
9365
33095
70953
59101
53963
18109
88861
31150
70904
44894
63227
43221
1107
35408
65176
11293
51449
23287
81566
2373
36803
85181
42809
7066
58786
26460
7842
87957
35819
75941
26096
7068
8336
36625
56862
42913
60863
23073
68512
93312
59349
17334
82940
84840
71368
5228
73822
56874
73845
71898
69277
9799
43706
34412
63453
41978
91050
59497
52085
23017
14181
49357
49484
59511
23310
65532
6818
33929
82355
8433
21184
48446
80079
91782
641
6144
80915
79508
67961
54169
28033
33008
21564
84156
48627
79963
7501
53360
39120
50976
73941
4848
89559
24641
62574
69391
85590
10512
46402
2567
63045
60210
86268
44660
78912
28277
15906
43257
11599
80275
79747
33832
22091
6404
33699
30277
18239
6102
36636
52792
37670
66008
83348
76357
38044
1981
3001
57484
8309
13618
68406
12778
88112
6386
84827
71848
18193
25968
18639
50556
25817
53019
78216
22976
71822
66883
88420
24750
20683
55796
20848
82879
80464
75015
44547
80988
30085
47758
31678
44544
71954
20256
50852
22375
37026
74081
78879
47167
28249
25037
76059
67795
66353
32153
60452
93371
14494
79942
27411
72613
4392
72819
4342
86606
26816
42846
90294
6764
47263
24916
51669
18804
1131
63736
25479
51599
37591
43005
36061
69662
64919
17377
9977
68687
47572
78372
47078
64726
54862
63913
47374
48422
29292
12038
78623
71975
29641
10678
15600
9479
49737
11456
90517
46976
3666
10776
64333
14456
69053
20175
7241
72507
40169
50746
89467
11199
11577
90882
67550
74963
91147
85676
24647
33541
83945
13236
61498
63096
88564
90920
84148
5153
74782
31335
26912
79645
13518
48779
77899
20468
76397
50196
49894
78031
90472
2076
71258
45667
60266
16254
4778
28670
62157
31674
35740
89739
80455
66037
61370
8629
11290
11677
17763
81178
84565
61873
48123
56943
21203
71094
70455
92890
26499
23570
7051
45752
6700
52632
46535
81836
55181
79426
41340
40884
86759
79254
49757
3438
89426
88545
81567
35431
71225
21600
79076
64127
74196
90877
78255
6881
81129
82826
70992
48519
3814
61134
60627
22124
16484
51456
21143
75353
43811
27
65360
67361
2462
63350
19579
72103
79825
71958
85084
92460
84110
1168
8438
14202
27475
72387
60956
10103
57117
24523
73154
24564
8403
76683
42515
30907
63678
48861
49058
39866
3132
70814
7773
13149
25874
28888
16885
51141
84248
90424
64354
43683
45322
32010
58990
71824
45169
85763
37458
43818
40216
39080
27721
74886
30451
4976
52252
52836
82856
31480
65891
37029
15223
37424
82173
23547
50163
80124
68402
24955
18630
19511
72367
79761
27690
50225
82601
65509
760
21732
4952
86040
65930
32869
44772
78791
77637
60618
11737
73734
83086
13821
17343
23930
71792
42993
86049
15447
32418
14324
46704
29826
59661
69283
4143
81737
50707
41929
22469
40570
58186
39829
36127
88630
23091
57835
12878
42644
30345
23059
89308
23416
41816
12487
26865
70422
27689
46716
58993
84303
89758
34592
19231
39447
50421
31926
55687
65156
76583
66740
3395
26677
51015
30058
76531
71272
89949
12258
55350
56049
65267
71670
81762
62425
67797
60845
3095
78807
17768
21608
64410
78476
57735
74888
48258
66882
20888
11209
20701
30375
28274
66076
5086
80416
11071
84211
66754
3289
79672
73522
1790
76932
5184
36184
79302
699
7742
77707
83313
6939
38048
18209
53595
52671
72977
18082
2614
46753
70597
37085
61802
78407
55434
33840
87250
73069
1128
84180
78794
85820
47975
16920
74014
26929
79611
10886
33755
38436
88494
12509
12881
67316
56864
14956
26749
52612
54098
23210
80321
27473
48511
46637
46324
51013
17622
91494
73283
29698
82338
42002
108
12167
29984
46961
2008
27141
46808
59894
72445
56692
41418
2360
3953
2735
80614
66879
45113
23873
78179
2198
56474
28355
79966
57669
48202
68241
52866
86101
4775
62766
86477
55801
35551
52352
42305
31508
33940
91940
39026
51445
13882
31392
42436
39581
38434
32673
92037
62481
89894
67364
74820
91651
41488
25760
79052
42713
70932
53334
60325
71691
30476
39397
21823
56004
72312
83001
45487
83698
42179
26407
74811
20658
64484
53886
63248
36464
8910
26931
15295
86163
92519
40834
29935
64908
40837
10899
3166
81925
57463
71955
37933
56023
47056
1478
51229
34957
55580
91572
51698
91289
17436
76064
61888
66493
40918
13644
41543
12306
44488
17727
41489
66308
70689
33259
35342
87259
21642
7651
66297
55743
62851
92505
62806
90193
56545
29412
74062
28736
78401
57808
78413
20108
48857
5593
69988
10299
59813
49510
70410
68657
90356
62409
80251
51688
31066
62683
7646
24970
89883
11587
22641
7444
83342
14297
10663
14211
10872
77272
37355
84314
81809
20537
89414
9878
17208
83222
2223
74080
71586
40059
70788
42722
73338
51383
13507
82789
58001
18057
57032
46063
74223
10615
2193
71401
67277
91435
54431
90067
29847
48749
46875
10012
53535
60615
67846
72495
93236
25522
90434
72291
85545
66810
87078
70096
91477
17326
22187
30396
32523
32686
89016
62232
87386
55279
15314
3148
17776
56123
77057
70470
19283
39091
78500
54877
41621
45588
6820
88053
47933
43523
50072
54160
35983
73287
65274
48725
74050
89293
84497
45825
37921
56500
15980
93354
62109
16500
24128
3968
31636
31898
65660
38865
57448
31809
32521
3565
65045
13426
87081
84386
62218
84696
53139
68183
18951
58910
23984
85278
72682
47716
46846
57489
77271
90161
23619
9194
47939
74604
83952
18538
55938
75332
16241
65062
68784
62463
93022
50012
69942
23802
60413
86382
20527
78865
44276
84853
33918
39126
55621
88508
81338
1923
28208
37829
20767
25604
1765
71187
53830
46794
16340
22327
84732
87458
21138
88266
6251
80010
89719
29431
83601
29499
10256
8933
87276
22491
7376
65565
88495
33704
57750
65964
40327
37027
10976
23605
53170
75025
35506
85137
46192
31387
33379
62334
40970
81366
41439
39312
74967
2612
55556
1455
72955
74907
48633
25656
24990
27770
16888
76088
87302
401
75086
76493
18795
50420
84796
23534
30320
43803
3162
45631
87332
44092
17689
28342
24530
81578
60117
64061
60379
17957
78842
39334
82053
65009
74858
93393
72055
78816
51391
77251
73136
4891
38275
86178
65531
78961
8565
59655
18530
42947
50314
82031
39702
36750
39671
14239
62089
87271
767
70187
47123
85978
17114
64713
34596
14878
14693
61996
2736
8767
74152
25463
32939
55994
13061
76329
65949
40507
90652
39444
79366
85265
39297
13584
82432
22372
57734
59546
1463
56165
63082
8390
48533
78793
80665
83204
39723
45952
5066
18486
11681
5241
22610
68439
47778
69916
74048
48081
31374
78172
61924
44716
88195
92354
9309
13459
40241
54755
66016
53309
27873
60946
86
57456
2961
89809
44163
69561
82670
8809
2498
23559
72030
79248
48647
78209
66675
32986
90282
16803
81654
49535
75605
1355
18885
53838
89740
5595
21831
66638
53982
1088
80646
69427
59409
57826
52542
86815
6450
11238
19763
17152
47921
53724
51130
79840
37006
79405
16736
19408
18916
6461
60521
82190
93192
93179
87790
42426
36924
25454
84133
4367
69749
49804
70222
5574
91528
27331
43506
18086
27588
5493
80593
41335
74291
40512
66065
3921
39294
44784
46026
80313
49039
59032
4162
22981
75563
75183
54018
76986
58231
2058
17649
15330
9219
3358
76752
7323
5744
58456
23198
29261
23107
92698
37858
51283
20799
29575
87775
3815
91982
44133
92337
52310
77536
20318
21180
9431
48469
24780
70663
82068
7945
62187
62101
61848
57430
79106
86595
37137
67450
85410
16555
34582
29236
32814
14401
92468
92034
42624
36799
56302
37673
82589
73817
64235
35604
40771
75010
51930
88688
59721
34333
16721
85632
38393
74669
37811
58814
71275
52580
54657
28430
48067
62220
34933
31924
51038
87294
88708
72626
29750
86564
57324
91389
83877
47586
9655
9307
8499
91345
56828
88228
14111
55652
76742
66360
36382
25219
20689
67818
58002
50604
27287
85255
15626
54841
53207
62752
54955
45501
43916
48493
8994
92096
49237
63928
87506
66711
48317
922
75950
89930
27681
42681
39657
83662
9294
50014
84050
42992
39872
86442
72461
28984
242
54693
76368
15299
73195
73540
15181
85080
73740
1440
8225
89156
55138
32092
10962
77048
46353
36229
77535
55424
40312
10391
45203
85203
42736
1321
72525
51873
22121
77604
37995
8270
19680
81896
56086
67963
82200
76373
7436
32081
49673
91889
65633
54952
37401
92975
88496
77825
38820
40178
14783
75460
84633
57431
56372
3991
39337
5344
7567
54041
71055
30029
69776
37531
6108
46039
85168
33395
38791
76423
49903
55969
56412
2581
57605
53453
78974
62576
78325
22231
16744
68268
73777
23063
40134
2679
92040
69381
57200
23514
47661
56497
89991
58413
10971
1419
46371
67194
59312
69083
38864
92411
88963
61319
33558
20822
89617
52747
80156
82107
33518
54370
77711
74717
56512
54365
42259
75866
11257
34829
40694
21764
27968
62794
34529
54133
34308
30006
37782
84524
92795
85586
33292
53858
40271
11698
12882
59535
82748
61901
23743
59583
42539
51248
58935
52723
5036
23247
84865
3901
45814
43176
33688
58655
88967
33448
78902
43363
2451
89382
92298
72831
76035
81819
86448
2726
29010
66321
52231
48268
48604
29115
70544
20875
17645
64951
44900
17371
92031
59625
91503
47491
75191
42419
26185
29036
4862
51390
31736
62518
56158
73047
39661
90902
54926
84415
72317
21825
38141
44715
82577
65491
49549
90999
73658
86152
81302
62807
43019
75186
15281
69163
49758
42261
26586
6839
58948
12594
2580
75503
15719
51099
40675
56058
55496
80603
87262
70877
73755
40235
26383
3189
91206
56913
9187
9899
46138
74568
51183
56770
4783
22038
80280
63894
47264
7867
8340
75114
36313
85899
16815
42702
48528
28587
26635
67046
92546
10852
7029
63505
44780
19402
51457
81732
18528
65320
59703
6169
85447
45580
41984
87633
15917
18655
80356
87272
87138
80087
10159
32533
26116
87873
70230
31408
8961
86418
65376
46291
12972
45579
52110
66225
44754
82003
40285
18739
24568
33313
15696
5616
68611
27832
78759
49932
54694
68012
27703
34730
59753
58272
4227
71475
52049
76860
5897
22477
87525
1132
80512
53119
25291
79117
31403
27011
70341
42610
6738
58410
85025
14458
54827
5720
38988
11260
6782
52288
22589
51753
86359
93066
14192
48754
21085
86098
35069
86730
27109
67167
70030
54724
68064
16409
62401
65818
69712
65661
78429
68696
14971
59128
34669
55126
44973
45907
63706
74494
89276
8873
60666
91839
61696
33836
43572
80234
27266
38181
5260
65089
45871
71598
77363
6746
85830
43697
43701
9992
66747
65069
81512
24814
62892
83762
15240
92092
34638
68581
80042
75833
25782
19493
281
81790
40712
9217
31888
66118
23506
39036
87714
38950
16184
30108
89153
12211
61552
15117
87785
35800
59084
56265
75946
25247
65236
12992
60209
24616
45971
85955
40565
31088
37048
82495
10302
58287
52567
36455
28764
71769
83420
8911
4232
4715
74252
29413
17387
7580
27311
24932
53058
83016
80303
4622
85684
43004
22026
38277
51998
59180
5136
38740
90296
59160
14286
27484
35837
10102
30298
8786
47003
90001
73878
67117
2168
46431
50515
30394
18870
59332
85233
88221
17390
68085
78207
89033
59826
74389
2611
7800
20626
82040
11339
72349
48761
72592
32002
67201
85127
91221
83250
35719
10731
62057
87695
58556
69879
86386
53281
32341
63476
39667
25190
23158
29095
72686
8199
66862
56096
6244
57533
36038
52843
29298
21189
54446
13302
86453
6841
90803
35656
32336
20341
88747
30953
56169
90959
8256
54650
11989
36572
29655
88592
25978
76649
23030
65517
11996
10327
30582
82891
71438
19844
47687
15407
30849
28701
26476
86554
26885
83708
77415
86830
36798
31750
19907
88315
22462
35828
77
63627
85073
32597
72073
53174
66693
28276
50076
21663
73071
40670
89252
15082
91928
6479
43121
87404
20723
77947
46507
71157
25637
93170
57492
70257
49619
66749
16186
52397
21640
21148
44372
33902
3319
3052
1179
85873
73957
35380
64890
92684
75892
9229
1597
76854
12243
81928
63725
73916
89380
26474
92304
1242
90134
50377
78955
37154
35376
8240
5082
47168
18341
90132
2699
53783
5713
78348
41023
82662
40968
8305
627
79287
31190
77509
17789
41519
60106
12097
70397
57438
42098
85009
8282
74781
68001
7419
16620
24456
37347
88934
63274
11787
6644
86672
76511
74939
69170
6652
26584
13586
25989
84703
52428
51364
19321
42024
23003
42770
18933
11105
19593
37178
81948
26830
22856
23797
8470
89576
39363
22962
72761
51214
36487
598
63528
88956
54685
79714
68757
43311
79058
88206
5532
40191
17843
65337
12047
26725
8989
41864
10355
27094
61997
63719
20516
48504
1539
81398
93348
73170
10814
37392
91278
52686
62003
38263
41236
21455
83130
35247
71814
13203
36453
61586
37756
82780
55791
42242
56488
10474
2520
81109
44252
72122
44178
57691
85220
46873
40186
67166
71925
11902
22767
82927
55206
78193
15190
91727
83694
61877
71682
68680
71499
32751
50187
8246
49618
38571
43475
40214
59700
41700
493
78813
17044
20670
32054
15177
45277
89326
92455
43168
89614
92854
19199
73906
23803
92705
37370
88888
63581
89135
60655
36333
82679
36990
47457
1676
90243
14043
13056
64920
45110
58048
66825
31188
50902
27995
66194
36178
8315
61709
41355
55188
2584
90926
83973
64954
2809
88379
78204
19709
46583
87297
12500
66799
25728
25451
81482
30095
37372
20876
48549
14625
48228
32739
69292
84046
82097
15683
31620
71385
57227
40015
69379
67365
68962
19008
13758
31503
30769
27214
18479
59190
3383
67084
62353
93352
22695
60654
69244
67834
85570
73939
7440
57048
67725
44563
93328
29954
73057
76278
26883
77185
33535
91989
39270
32790
67936
61838
4917
65252
33233
31621
85230
60322
66044
13318
67532
71672
12558
55317
31022
61964
4023
89360
89228
76988
73221
2866
18664
72940
62402
68030
84516
19726
42999
44903
19639
81806
85854
47651
55612
93180
87278
79383
26060
56592
60653
55956
86375
89796
28379
64708
93426
36801
16725
54175
76155
59827
77699
52511
48505
19238
65668
68926
44449
43594
69780
31765
59488
92323
50320
20232
39391
38296
33175
58983
33246
40615
61034
91470
740
79181
56262
6832
56284
40832
74642
65011
21537
63267
44759
82202
1659
9854
44155
26437
52009
90687
17778
90054
3869
25764
9198
22662
74863
66020
61897
19673
35890
92939
22339
14349
77782
30754
73759
70761
18319
67577
22353
1812
30827
37511
10193
31127
78191
7111
66374
76358
37108
40583
42589
39421
58579
29577
47809
26485
14245
6406
23858
72089
86638
54026
70775
42758
50844
71910
60538
2973
69975
83996
5973
58775
10439
25678
83010
88679
42627
75141
63127
47597
90707
18275
55907
56773
39528
56444
52286
65298
8828
67192
72612
45138
84365
66392
39698
82772
32556
30730
56783
77423
15949
68777
47817
3695
89951
7052
9206
27734
62346
12764
46656
79444
57756
16788
21890
5509
58458
14219
18627
1018
70833
41628
42073
83527
65644
6596
74900
29346
61724
36452
61243
19328
88139
78580
52387
83875
74538
430
64967
20062
51269
17568
49508
52851
93076
41971
75711
76046
10495
29313
73963
55655
71424
20587
48425
7377
1480
21863
16694
8882
51686
68565
44093
47604
49623
25670
37975
47283
20315
47199
50720
81917
66827
17019
5577
91500
38895
8872
36953
82182
28354
90562
11806
84689
18552
8689
36999
20916
15979
37484
65941
22689
10528
86301
73620
21901
78493
90599
87760
16318
66122
71837
48575
73714
86420
47278
78982
72101
10585
15479
41058
88367
86961
65928
63254
69791
53376
8706
28965
7537
32844
66126
76089
41910
68242
23650
89808
91777
59915
48173
62423
19098
57963
676
51042
3428
126
7305
43999
4920
12967
68521
4171
11084
25167
50268
61969
72380
56578
31295
46423
6725
65414
65570
21787
54605
29742
8513
41169
88620
72927
75153
64141
79555
32570
54542
68789
13522
75834
36346
14716
11242
18915
37633
67021
73076
74691
28896
72654
66834
77248
18261
47638
27295
6266
80970
5462
49332
40471
9496
30216
49278
16504
56059
33580
9678
35460
5853
31138
55529
42416
20179
53966
62069
28620
38643
37061
26689
93233
11741
49867
24039
74245
27104
24051
39994
64487
90636
20337
76477
4828
76863
3534
39699
16065
86132
52635
9099
31200
42564
31562
32311
71720
79727
72359
14499
69118
40997
2732
61005
84087
71434
2931
87654
84438
42682
17125
59221
78820
15084
64276
58652
30497
46807
53424
67276
34977
13969
958
33859
20968
57506
54721
32703
75499
72995
86875
65825
3375
78117
47949
37367
90700
67446
34282
74192
12543
57380
74704
36780
27798
56743
65747
25964
82160
53326
93251
3725
8192
42902
9609
52165
61977
54850
77209
71412
4019
33745
52921
51135
77163
51968
79392
72520
27158
16842
11727
82201
47389
25900
75215
77376
24205
28785
21461
57593
39073
35857
7921
34135
63705
28126
79626
87195
42148
56316
33855
73290
32745
23716
18932
17490
73575
49683
82369
48570
55721
71760
18928
77189
23597
90020
48665
66369
51334
79346
13016
56254
45284
33400
82405
59666
65172
85730
50176
23115
59071
24063
11018
79419
24484
77279
70581
26063
52476
31148
15228
35584
80244
53004
58236
9607
46580
13881
58250
81006
12099
38874
19657
19783
10141
53023
65482
14318
54337
57571
9879
73782
14274
86903
4642
89353
44546
46165
58020
62614
68167
19266
36973
33415
65264
35827
12495
40076
32531
13241
83799
50049
9015
93143
72807
64417
62627
25095
20504
27059
79562
19846
37063
77091
86587
87273
10356
62829
27014
35288
3458
72251
65652
15831
40784
56152
92313
20400
89500
71287
58896
751
43584
6863
32022
28824
12719
86765
44579
54189
9605
14249
79100
19313
69720
4501
87600
88629
80270
63954
46591
27424
15527
21333
7050
33245
65737
33459
21539
57024
84220
4646
13235
53493
92752
44833
63402
66606
47381
73696
26177
44437
19759
72775
4823
38469
45859
91238
8150
69697
13646
93373
49547
37974
37251
41906
92666
9917
74619
88709
87071
50371
62712
80941
46843
55769
73842
46206
67280
50113
89515
6848
23105
19535
32208
89657
87842
42869
25067
65114
38599
5221
72765
29705
74305
93409
4487
2025
75980
85377
19037
16606
22356
31371
57419
77304
60438
67076
43575
69958
76269
41964
35307
81236
1301
87765
56311
4705
44450
9146
32067
20009
76771
65486
55981
59447
85840
29563
19928
6514
44030
62835
71242
40384
23800
12289
24180
43353
64450
12574
81730
87550
12031
62383
27737
60590
82368
11779
38259
73949
48697
85787
24822
45298
59418
7258
20915
51063
51975
50624
2083
47424
67531
78881
71486
82702
93410
77718
43598
27229
16445
48441
62935
46715
6462
56205
13967
30905
68270
81985
18026
75401
62981
37449
82627
19780
48667
35500
56659
74171
51175
29645
89307
17592
83490
79065
57611
34894
77595
14429
39448
26035
77808
10218
880
83196
20913
11522
6627
25674
62487
20255
63099
9271
28940
7054
14775
24173
91359
84249
85986
25257
59197
61538
15765
80998
2178
104
46552
77589
84074
84024
71815
385
14478
64250
6369
2144
17230
64474
44838
73462
18028
63585
87605
3394
41332
3541
38670
52626
79105
53293
85409
82920
73628
57576
24227
14343
61893
21748
34305
48
71784
12614
23150
52062
11684
18076
65235
52297
88072
7140
26588
91804
734
87130
70930
43525
80211
7183
17911
18826
7876
295
18952
57553
22110
67379
70729
2399
77692
46478
74757
78737
50257
54084
78921
90
6659
52002
21724
36911
6704
17439
12360
22865
14582
43201
37442
29100
26868
5189
35712
55095
5786
32168
45979
60342
15877
28020
36842
33963
31158
34026
82410
2777
60745
77244
41780
62138
12201
6555
15251
57692
60333
18170
72690
27662
86468
59050
84944
54676
59757
10441
21054
84541
6269
81827
69756
73095
25893
44934
17599
10637
56024
61644
45626
11064
34098
85956
19080
13307
19596
42479
36615
15413
11657
60550
24108
86998
91049
72556
573
76761
24122
86756
52475
77620
2757
17904
13197
83912
90040
62708
75364
62773
11216
49677
29614
18207
69815
69094
12102
9981
14699
2980
55397
37150
67785
78587
32512
69926
34020
71883
59030
27431
58336
54925
43018
36971
57854
8490
50503
10066
4635
58438
69940
28544
66939
25848
11022
71790
6947
3222
58758
86641
54376
40900
84536
46109
10753
78803
24208
68872
22174
76661
57513
21805
7583
61518
10578
34174
87899
4538
78116
1195
65409
44570
27616
15717
39430
45905
60289
63715
57892
82962
10498
21188
74249
40249
59290
51500
5704
80373
24601
50256
72369
68294
76631
18744
18973
3649
25282
58329
70734
59429
15590
66652
17695
58907
15867
57201
71675
87922
51163
49466
15968
58225
7156
19523
72608
41857
90350
65279
29008
6222
88018
55617
86549
1879
4983
35863
56897
89754
27883
58663
46144
24126
24921
92853
70874
45073
13649
43777
42743
51322
55286
70599
45777
33098
92305
6538
61010
72082
90365
15119
82231
52385
10972
1252
76821
56480
49195
9757
71853
92229
1856
54918
27480
56623
34171
61040
66032
34935
24473
63319
10869
77147
87030
18435
17430
3083
1205
4960
63150
11087
85113
27919
32247
10269
69238
48746
40137
5355
86173
53353
48146
68131
27241
38368
90050
25239
24845
93315
62624
42889
76148
21456
23242
83859
34976
10446
68301
80810
79192
26747
62165
11556
91578
36848
86164
19529
83433
17014
49634
60444
31380
88906
28513
19115
40610
61912
28537
63804
89259
74101
33414
29135
45318
22083
90090
90484
15317
59566
68637
28366
29981
47177
4416
74653
91182
72990
4940
41124
76935
47505
25910
76168
89696
62189
79976
67184
12067
21064
92866
24276
43901
75531
14808
6368
4335
80683
46246
91391
67380
62540
38021
23190
1481
26092
10386
57842
9377
17526
17633
13233
92369
65632
39013
12084
11494
19576
69181
92600
50835
25245
32887
65260
41399
58937
23595
20281
16208
1808
21626
39111
74497
58093
89124
7658
23951
54545
71498
44140
19880
58294
77607
64128
33133
82644
69935
57586
48211
10035
49262
68470
45884
42099
64932
24170
53402
55443
80637
13085
44411
46013
296
30127
66423
76504
73309
37819
58163
68849
73432
86946
38911
11826
34429
43374
1936
68218
16452
31532
58866
89965
44931
10985
82534
22416
23303
52258
56176
19041
17375
53563
59313
46678
9027
36206
22500
38472
2535
44867
51939
34303
47292
82101
671
64680
72117
91986
90419
37121
39333
26914
27958
41227
49193
88299
81859
82467
7977
7932
21780
77576
89705
25362
64115
38706
42022
34541
26814
57332
46354
15086
44385
66723
71467
65370
82588
12665
87727
79863
28624
37977
92144
38300
18787
53112
18390
35409
56141
90469
79425
16190
59603
52391
77701
73477
15883
69371
86835
7636
88474
79730
91281
65614
72859
7493
68684
76149
67984
35962
70290
56638
7824
55571
79432
72141
18323
85309
38787
67738
37976
56341
76095
68919
62763
72926
66141
79276
13026
77104
67188
51352
3125
48913
52742
23513
75813
56658
46320
90199
55554
14581
65048
15892
35607
85745
57118
77689
32880
53678
61814
26608
75282
34790
16067
42231
6255
90222
30163
83101
79861
55167
40776
49066
60738
43704
2935
72890
23104
70629
37797
49287
6299
72806
87368
62010
43157
78307
20603
70779
88373
38856
91805
3769
90772
66791
18065
19583
85069
73186
30714
53972
60041
6068
79603
21416
9508
90704
68191
75371
77538
87992
10689
61398
68386
2798
50769
75459
46937
58463
46749
66306
7013
17431
51420
92873
79764
46341
6933
84676
86262
88314
35336
77801
83717
29942
24862
89168
32641
4748
77358
40266
18520
92134
43891
21398
373
17193
17187
50471
89114
51816
78746
51024
52751
78630
80906
38400
17928
75489
11111
46744
82459
4135
25448
37088
53110
73593
12768
76534
39467
74467
12641
7478
65496
2722
79962
17795
2051
64451
78940
81799
7112
49554
51396
26755
14037
69363
34274
15217
10021
39162
25511
48304
50513
50435
79390
9928
4144
58481
86387
52079
55404
92784
52305
54382
20555
38640
49788
83167
82619
9332
25233
15301
61026
92848
83023
24153
87923
27944
79284
90807
22746
44033
5700
11106
41135
86165
65306
49224
89753
44017
34512
54339
57097
27810
58532
32048
12073
67027
53543
43880
34593
71211
34162
40756
53075
51850
64811
54367
73587
84142
85101
9035
68982
80450
18062
23341
38924
56910
10379
45078
24338
76173
19330
73997
41153
35572
80031
26446
35132
63315
80077
40673
11845
71830
58103
81542
8243
35322
13744
21857
88949
8675
20764
62282
71107
12669
37707
92590
13966
7943
85075
9224
83242
69290
39523
43013
25673
86939
75778
4745
62159
16639
19368
57016
42340
78178
14113
36230
1537
80529
85333
15194
67848
83856
40400
73834
78283
72861
91624
35682
89073
52624
89095
4
85015
39258
44319
91522
15288
21570
1631
59263
77668
44555
93226
43090
24348
18397
36244
79837
59938
31880
75577
59479
90057
62094
78078
90551
42883
81706
54319
39851
38476
13139
25939
45365
48559
58932
65253
44820
29977
17982
87317
43290
74086
34928
47039
29457
39776
5724
63876
44755
43689
92016
66100
73665
10882
89046
28404
62374
40105
17262
82103
26307
57853
4395
91858
22414
40024
51241
44595
23566
56699
20747
88179
10120
30704
46842
86771
55027
89045
92215
43450
66228
32175
62992
48017
1365
77491
30878
10163
21254
62579
89813
33770
6845
52876
40540
85414
54791
19885
20369
26424
73635
13039
86819
25114
10301
6020
20841
52560
39105
48377
52280
51922
27918
58776
10130
73043
43021
78769
15876
82392
2514
86889
21546
90958
31650
902
21940
20966
93217
91966
52386
73053
91816
4467
24545
76784
2693
54911
62035
91691
15168
90709
79173
28568
57490
84753
67605
93224
71515
3973
11131
93313
12163
77936
26510
36648
30223
45351
63103
6913
75852
67962
35535
92852
44246
39587
3777
42740
77215
31422
33358
10005
73992
33842
48955
5548
58419
45065
47539
61753
22249
27967
34528
23449
31507
1805
35614
4187
15865
74315
22632
50057
4441
66151
5551
55913
75955
88480
57522
505
11489
91314
21498
21696
1718
57122
67300
50339
49448
2455
22951
65923
81097
91960
74373
39513
21079
5080
85195
28214
59064
54222
71427
78592
46852
2416
36740
65761
17722
67533
92041
3628
52584
13894
34925
21515
47741
55946
87144
75107
88483
90669
247
91408
17799
7278
27378
91085
22150
10272
70276
50939
37235
14966
8492
270
76881
5206
32630
9451
36109
79448
64594
60563
89430
35220
2998
66462
60832
70892
41051
59611
13208
11190
4975
84431
76716
70314
48683
61316
76760
92722
9107
36603
29136
44750
87053
91207
38268
31716
14129
78451
25237
27997
11405
65219
37588
91277
27916
48818
21906
61510
83299
72132
28049
444
4612
81024
67452
10047
89304
66535
55414
2552
39106
92190
38440
44567
10496
88144
40008
44224
58485
43660
18176
76084
29212
7204
40251
25649
79709
56134
58269
19971
61244
90998
38153
39083
78459
84409
19039
1172
18516
58496
43597
62375
39655
1710
80940
19687
2174
83305
39605
29311
5372
63371
46936
17361
70521
59988
75539
12702
32287
48389
38776
10743
13566
62586
91467
82043
56440
44621
8731
83202
63640
70634
80717
31640
65679
88126
66733
19941
59229
58182
23180
85373
48319
75547
78016
87300
2708
69198
33120
88561
36141
69166
58914
71021
6231
78074
46421
81612
93341
48964
80908
45218
21715
48115
37281
47607
85124
23708
34291
16841
93114
46953
69841
52078
77767
75708
64001
5949
75574
47908
60163
59720
19935
72178
44792
48862
46318
41570
46834
84433
28147
86338
50777
67501
47981
57880
4874
43204
6727
14920
27179
88031
28374
91985
41286
73128
46733
50252
20812
10398
90662
17762
22513
48717
29746
22423
30119
82598
1402
34944
61146
17764
6959
74662
48206
70516
82143
49049
25307
85971
52265
27726
32225
62816
89335
20467
40427
26374
26038
10805
50920
76330
66332
50477
20991
20398
72346
29232
77673
55024
87287
26741
84099
79934
86763
65408
46797
19563
55695
76188
1698
21797
29820
25507
42126
61001
51382
21394
15426
61782
87505
69866
27034
43029
45105
51023
48328
61453
67283
63833
24818
69832
75615
42823
89
47567
88881
52844
61991
12236
75174
30398
80721
81397
9525
43634
89100
15583
37263
35630
86646
28743
26247
42507
20586
51375
85764
4643
86180
51852
67041
22560
208
57552
47060
23627
90051
16878
25413
31363
51262
89216
47273
38034
73411
89116
50446
35109
58818
25873
49217
71920
39135
83369
3098
25172
7845
23734
88721
41339
43113
58122
46897
39498
29691
47530
72068
20772
48688
91684
53288
45068
25504
22106
73783
25971
43418
17010
51170
66884
66458
79000
26368
3479
31772
18215
69173
39969
27951
17548
37255
11733
67249
4106
67462
13684
631
80112
52950
3459
16870
72464
51743
2511
62987
29321
22524
40590
44876
37635
84177
123
51070
27102
34940
15847
9601
32473
71617
84537
7497
48723
35367
30297
18105
58487
2060
35938
74178
69531
27520
8396
10712
61803
13381
80922
35876
45210
80796
21414
26330
41280
16876
35209
24318
19392
64894
47990
43681
75763
13926
72840
58801
12899
39302
52430
50822
76579
8482
46237
50734
48371
18512
21563
78547
90351
45823
38862
74689
25215
78420
42872
26087
31646
78073
29593
43614
3145
13578
57491
87211
245
91622
45264
1108
85983
78970
65889
86340
76710
11537
17802
89551
48968
16743
39454
56459
33267
50152
43341
90015
46090
46608
13336
66599
63803
39862
29508
66274
52084
58580
64204
72294
38468
90170
62539
27973
6867
10468
40637
75725
22915
32577
41022
60540
36059
72515
48778
76516
91261
41889
57194
43574
14350
39108
90364
10710
62974
24009
53160
12177
52355
27086
13753
39473
11287
39023
10716
65462
51913
80005
73566
83649
79201
59001
8749
58437
18931
58144
17954
54538
32511
56006
45281
62454
42708
39816
92624
74979
36337
80299
90973
63121
22706
66291
86008
43123
54088
10348
22357
75849
89978
88786
18255
85215
13240
39736
62342
1847
60849
69826
25943
68095
11191
11001
69539
741
77178
20306
57325
30703
48287
44912
10235
1919
51293
88120
85549
6492
65855
78688
58794
36668
91264
74877
39216
4964
39675
36735
32158
65485
74665
77796
55634
28426
24834
64226
13275
93407
16014
14256
48489
44397
64789
33365
38421
28974
4113
83595
7311
3294
35989
44099
8359
69962
37538
22559
40606
62115
85939
58226
62097
71544
3066
42505
16038
62026
92183
80616
46619
53108
90892
57411
68341
88762
36051
84171
23309
54194
92422
92843
85254
92835
24766
16890
65976
65727
8545
51801
77171
81726
12281
2364
38076
43503
91906
48223
38012
80684
37893
40431
75792
1032
59093
26256
87617
33566
76934
75037
82889
49967
91024
7397
47360
42825
79429
30433
56895
19898
33664
79294
40443
71947
31035
82169
67014
29770
13143
67863
86027
72978
5047
44936
57950
77437
889
75586
53363
49796
73256
15230
25181
58619
27493
1512
76535
12439
68726
50654
83030
28642
58300
34323
6661
66548
73335
90192
82332
7661
70466
65791
67946
62915
85916
27056
48375
81231
84100
18200
82946
73352
21623
27021
19245
76211
75988
29982
26275
44901
28530
16843
55511
25070
52189
12028
15348
71302
23001
12372
2030
24442
8991
33753
80949
83233
68277
8640
54799
46876
13504
81892
30807
8252
46169
19658
23829
32878
83092
58393
30347
27023
5499
85153
31521
21653
68149
61974
18163
23893
35955
35364
42087
37417
37362
69907
37076
44431
89378
10443
2986
35895
69784
32148
39985
60219
22384
15073
91765
47343
52383
26132
64771
52178
5708
27090
67244
26639
61815
92413
56014
54274
29996
39843
24851
548
31323
10628
46022
19805
14883
74091
18443
19192
58483
64775
92653
91501
55232
37919
38653
52371
20076
6300
54001
28308
62519
86540
89642
701
47419
79719
72293
1150
50758
70002
29734
27051
44992
86673
5513
52828
23862
10757
72864
56185
27207
34267
4637
80667
77224
38616
81863
61478
39022
18227
92655
782
68173
54813
67058
58603
37316
46548
30712
11009
45694
71559
29567
26196
81983
93357
22871
79856
58811
15459
17677
20075
47935
42483
22872
38855
50943
63682
63226
24659
36002
67048
20789
48087
80842
56128
32310
25131
65950
79261
28278
64704
69895
5625
88363
29303
80361
30572
77932
64877
88681
27377
22960
35031
86548
34030
58552
70439
92861
5967
76692
74806
53643
18037
61488
44498
53681
78792
73702
62883
31036
18645
910
34664
20640
8701
22235
92557
42132
45786
38695
69470
41505
90093
18051
61475
83292
38178
68247
71963
76019
40723
40338
17976
21660
13796
81355
78971
68599
35870
65276
55651
85197
74001
84542
36220
18950
34802
55659
12446
60068
72902
55192
52890
93056
21260
45744
2829
6756
32381
56750
70768
67219
91065
32455
72513
9283
84101
68502
64639
51955
28535
86346
91372
41522
50919
55514
92532
92273
30839
28588
43913
60233
74466
26516
74419
46276
11376
62235
16635
2140
60350
34723
50726
1848
25805
26387
37476
77471
90284
32919
61613
39885
2138
72729
86883
5370
70299
7356
89005
77323
65676
55502
50511
4969
25568
31189
9958
40179
16219
56144
75814
88143
67187
9398
36146
44666
17867
44748
42413
77785
3343
8421
61509
76899
37284
19808
92786
65746
8653
51236
67850
29065
52907
67509
51384
93273
46037
77108
48257
55386
14853
4303
49296
62186
52216
4167
74721
26457
30848
52162
80981
21738
3978
23981
10449
84795
55256
52929
19756
51333
11459
21155
38884
64388
31443
81035
75734
35306
10265
30482
18934
18540
31722
87098
69997
75117
83307
90924
79017
73843
77449
7457
61487
70035
15973
2925
41249
24553
13932
32545
78702
53962
76861
49845
30077
91244
18781
74666
67741
14295
4387
79267
54966
19416
92254
85558
79598
16131
22299
15610
53784
69861
92250
49887
20479
5954
43977
5301
32035
88770
72200
49181
15081
48864
75651
32424
25173
1491
69808
87119
30225
64512
50887
34094
16466
29279
21230
20084
18081
82731
22232
537
14032
45035
91964
92927
68720
49414
90681
32084
36445
42877
67411
55359
45569
38077
43151
81679
51640
26642
11331
51985
68326
21059
90543
65589
24413
21552
16569
22406
19360
60742
52759
49412
3967
72792
21408
37274
12276
4711
88803
39575
33265
18815
38978
52839
36900
12742
46491
92018
61051
82035
54965
77517
6675
56723
28441
86367
86360
39004
2830
93023
80843
24516
17263
17792
46589
46532
23238
87985
43710
74182
6864
91348
519
84831
82806
78505
49227
1900
59763
2621
48893
89196
55053
73167
56177
35270
30238
30763
39169
3759
53094
20346
90540
50925
39029
30182
65917
24398
59946
70032
33090
27346
90597
44368
6582
76250
35942
70122
38638
68534
37804
39975
86130
27248
27880
17408
13626
50183
68756
49290
90448
46631
42465
29494
300
21579
33659
10715
64072
47590
59424
65234
44429
91265
78474
33675
10640
59777
82282
65153
70467
23383
48418
65040
25697
60089
10978
36701
14613
57352
82322
49615
87689
40389
19874
77571
82038
62921
23458
34047
8372
18899
87027
13641
77567
32291
26084
12821
74548
61151
106
68806
33441
43823
63398
87565
83185
3896
24124
54740
73494
127
4666
67129
87746
52757
58728
12357
51855
18491
92926
62859
60625
16305
43761
86019
43428
52719
33583
35791
72
84224
66517
38556
30863
28488
72341
11511
25494
15092
25387
50875
88240
56735
37775
4455
30837
78501
67057
5775
25934
84490
86159
72668
81633
65146
78654
50963
72602
20365
93220
48159
23875
438
59774
91480
21382
29611
45359
36631
8577
65003
56019
81555
26895
43908
36657
15615
71058
90865
58069
856
53067
18039
48557
10241
83795
67093
83116
28475
88446
3773
13354
33195
42004
14030
38292
12005
49350
76794
35333
25050
237
42780
22108
61285
19138
23418
23300
63489
82607
91822
43142
32896
58611
34858
11750
87176
81036
85468
78444
28666
15485
66229
60441
31585
28902
38016
2325
9758
53427
92295
58643
16993
17554
60329
7929
37066
46879
952
16119
18313
32571
82434
58309
38543
57771
35057
3798
19084
90895
77978
56639
2636
74541
61723
71003
92978
93222
6772
73316
20407
74190
64446
54796
69595
4724
9986
1482
79665
84660
86071
12055
90612
79920
22997
45123
84315
72545
23461
47339
62038
66452
15975
66349
63116
28653
6118
19956
90263
37089
88766
88705
79245
70119
6686
40753
79568
36632
22270
33497
89408
11861
11007
12524
17837
71109
3533
17252
48820
51036
20217
16358
31749
78013
78738
83180
90887
12375
57664
29771
10116
89202
11484
4701
44050
6517
25822
20549
34655
59155
29846
42959
85397
7871
11189
68895
9545
89886
91817
41873
58771
50796
16134
40620
85596
70571
64721
6057
14152
37493
34140
84008
73389
10273
83487
12228
87173
24979
19128
4535
50673
14910
31530
80871
7070
28667
65025
61500
35439
11631
37657
33621
48653
80513
1104
56438
36049
12528
1297
23465
40317
9489
51150
18882
43676
93099
47715
65086
41063
43394
77897
44032
33201
36361
74700
5267
64690
13607
27474
74000
27769
85303
76085
26043
33236
4454
49011
70512
71056
29692
1249
80462
45240
57303
52715
6979
56632
52343
93101
24226
91962
1609
89254
26333
7740
80198
50924
77097
56690
9555
15849
69177
16339
20209
12577
18517
2779
48444
18563
81214
11948
64271
10345
12044
65546
38155
31056
11147
90219
84316
57063
22381
66829
59976
89539
9858
93362
11801
27685
14963
20171
79927
15829
77586
40173
66868
5130
68230
1843
508
77387
18383
26495
27342
51594
70288
35521
45873
15188
28405
25199
44858
92194
31358
41849
89065
64599
13176
49699
81717
62404
89185
47858
64339
85575
56309
7039
62717
69930
20162
68585
53849
92744
50537
28222
82466
90203
59844
8756
6907
78435
36150
31778
35941
19124
3716
71774
49363
36231
69868
14593
34421
75053
83132
14060
37770
61167
17866
76463
38845
18632
21077
8360
9751
27285
9596
69061
48238
8253
59801
65388
13357
2915
42943
69000
1237
61400
52291
82596
29128
33995
37265
11610
81605
12094
38554
77847
42649
176
55085
51047
1037
29402
56815
50089
43613
43979
13154
31210
32073
39225
89448
85781
14868
62004
42575
29874
39681
22574
76792
73516
12335
46789
75600
5842
4298
81829
45502
25347
49524
91663
82073
62986
86945
81913
23187
82450
62009
14029
70543
326
3889
68507
83552
61313
28893
66459
29562
20912
86747
34447
73436
51529
35100
85146
56588
45624
83975
80633
5653
10664
50350
30791
37276
44976
84247
83241
66797
12269
31870
12480
91293
27518
23724
42721
78253
42140
82645
85507
65651
25758
47045
28779
12227
38290
28594
6276
19209
64366
65160
86806
58475
76856
90752
15396
22536
40952
31144
6385
48981
75444
15116
61476
84683
74518
48715
87417
14209
90897
46296
67777
45437
32440
53960
88631
10953
34125
31659
63084
21151
26251
38609
19654
11035
31395
91919
10062
85446
8060
70756
25734
39403
67687
62819
41208
29145
17959
9561
93298
41097
82217
19483
50332
6331
89130
87814
49816
45055
90789
9350
8431
59414
42273
51112
14061
72362
42186
58718
66341
4436
37508
91903
15343
60362
59898
73012
26382
66994
84449
89767
5154
91437
59660
60064
14714
38088
15774
24091
7247
21245
89848
66424
62866
72760
68084
72036
8464
3116
67733
28962
71161
25302
78796
86724
54411
35952
25023
49194
54481
34336
72221
58560
3019
28372
72154
46393
46060
42488
64544
44760
25584
45041
3279
48458
14002
36026
75546
67999
66536
11624
42354
6984
21965
81971
53753
21190
22508
4026
65461
77542
12316
41402
35092
576
16413
88468
23751
72031
47656
73800
55368
78080
28110
9241
46381
79061
17227
90159
33867
24068
89784
16284
67774
5885
72963
7526
58371
14234
29113
8813
61839
70158
58868
78883
87035
80837
38412
67927
17300
71994
72099
60919
65732
74019
16650
43726
5255
33547
12486
64380
44989
25049
5020
13647
4665
10960
56615
30566
62774
16990
65404
45229
86528
62287
87958
16570
54462
84835
35612
11157
38726
72516
27042
30524
15351
92470
89606
46352
58884
29092
3507
61756
70215
70707
37517
65738
89955
10476
64991
67578
27648
54149
79013
29478
85130
16030
71203
26701
52925
29975
42563
23018
40690
77150
40828
92463
12050
93391
4278
17259
14628
53778
49071
31821
83677
90273
70911
54691
17860
73743
40124
56619
40482
92607
39428
78301
17288
9258
82792
73983
58397
2651
46643
18433
49947
77886
60142
42057
74953
77916
93343
50241
54434
26067
88886
43771
41853
48214
72477
21115
87670
1816
91653
53433
19527
54833
47440
45361
85119
26377
88077
35892
4065
48400
72925
51632
1722
14619
54075
1557
23653
14624
26215
68773
83229
16731
60965
92446
39011
25933
92502
26615
17628
35639
75553
44241
43499
31449
5317
13975
42579
48289
30490
1392
71554
1235
81011
17055
82057
31993
42556
91253
59391
15072
69545
70641
40010
91183
32590
72645
62025
85327
71602
65625
27269
56603
88333
91619
69571
71991
33047
22591
15312
81564
86941
61139
92059
9370
4544
76102
78932
35923
53856
66959
36259
6970
12916
54760
33475
29082
63269
36929
7202
87777
67282
75505
13100
4842
9382
2843
86362
44313
30337
91901
34034
7267
89952
1643
10397
31362
56306
81351
30567
64889
89487
70255
90836
78242
46190
84913
55412
41275
55912
39687
32913
90405
52033
93358
53781
18909
83068
29915
30602
52145
9424
31658
1793
9994
24402
82444
83244
82527
18177
13781
17137
55135
3229
6669
11458
33981
49286
62388
67809
78804
77287
11770
63990
38419
65217
63614
85072
40164
83842
75356
86116
27792
43079
17787
28643
41416
16604
40921
70071
63090
82082
71913
73138
91222
93151
67652
56148
34260
35303
84210
18376
26910
52939
88584
18403
68552
23140
63830
44174
25421
43179
54017
3320
77338
51815
55794
3747
69493
43966
33123
37361
27202
54758
59310
16781
38481
16709
66446
30629
38274
70770
57962
15355
89144
43098
40777
20866
46188
76971
65192
24655
43339
69624
36576
83955
24443
5859
75260
5031
46677
10075
5226
81904
89206
64169
89501
12072
85003
16643
92481
75639
41343
25240
87811
75884
40070
43794
343
43230
4044
9437
47946
81380
17260
90547
85202
21294
1302
51560
10859
36954
83211
78
39556
7825
50166
71443
3181
71921
68076
33431
54570
70159
3915
53043
58865
59702
72567
79574
93024
78559
20109
8002
13362
11582
25375
41498
56814
67035
21200
71673
71657
36553
29385
60429
39669
35090
39543
40335
23612
91054
47528
24732
87784
56150
71541
17737
65476
60785
30799
23668
36008
16874
90922
13615
14680
67398
6765
70971
4924
67471
50766
58446
49950
76390
53252
10308
26365
3230
80621
88098
40198
12119
37885
41184
21659
239
61698
77261
840
3384
80335
88000
84201
35957
62143
37065
6909
43570
11048
24121
44800
30246
29111
76762
45728
75619
50558
10341
61377
19165
82183
91952
48415
21297
84760
87203
7673
42819
717
7388
17775
58539
52600
82846
86695
9553
16215
70822
47476
18116
5773
11029
30340
89251
87375
32972
66710
36462
75595
39296
81054
37629
25644
57156
78890
36235
71289
39954
78575
79771
91951
76127
73213
13527
33500
71182
60634
45456
73639
19937
29702
34280
65467
37074
44650
1178
74288
17931
15621
46712
6325
93152
46918
5705
14064
57872
11371
47919
46201
20082
13545
71533
83338
30093
80652
32663
50862
24347
85276
42462
91523
75693
82171
53445
61052
16891
15826
38839
89476
30539
14886
84857
90904
12452
52013
68948
56654
21904
67136
73374
84637
25725
69810
25288
36838
76443
56530
79098
23588
83624
53897
66965
24159
56555
79680
10983
93077
33312
19503
32195
7910
80877
10691
51005
63816
27197
4645
49376
5531
32575
62640
79340
32377
40325
46198
20090
90272
89057
92780
80267
8886
109
56247
88608
8986
70149
87903
56338
13600
72570
25443
36991
54734
11005
59401
80153
82194
42088
61653
31203
83826
14796
92474
37556
22721
26129
35154
8542
86597
351
30596
17830
61081
76554
70164
65275
12571
43247
1651
67861
51813
2082
60327
85604
36614
30144
15105
21325
41761
72230
23071
47932
75223
14599
23723
43677
27771
19323
45650
73475
24803
8533
68454
86909
72772
59125
65819
19779
24741
37477
81264
5747
88245
32768
84907
27037
16191
32566
60808
5495
14307
34642
75081
3966
91070
29164
8147
85739
91235
55611
7849
62483
9009
52082
74556
30981
89499
56969
57709
443
44059
71566
70751
27430
12756
8780
72284
82553
50659
72773
87385
57084
30411
2991
38648
32821
52042
75185
53669
9354
9024
67068
4080
70486
69674
39773
83205
43467
88320
72836
25296
43758
27817
50960
91104
32650
34520
10941
27668
19606
20440
44069
51399
43536
54652
45255
18511
57399
78219
78939
55740
19069
19972
88989
52301
49808
2695
2788
88159
5526
88993
20576
46575
23980
55493
17155
11457
21158
77470
88875
30254
82315
8936
37634
92910
21071
64846
65908
28178
13573
69303
87718
4186
1892
69134
69274
89434
81149
71404
40340
55966
57045
57591
93423
4566
67953
59468
23765
7254
65200
60411
18841
59008
28993
32040
30516
37845
36930
48006
70385
91929
15603
65429
71367
21323
28664
50802
74867
23067
55576
7472
5220
32063
76884
62126
85747
13830
20396
65568
60208
79607
73231
90741
26267
18489
76877
80221
36890
73571
21353
10750
76984
76612
27686
90682
31431
86523
11418
83297
25415
10683
82539
65634
35645
72490
29574
69041
36910
21242
5794
33184
48892
73780
67757
33989
67285
28025
20824
56978
75456
90799
15089
28408
85857
62881
13058
55194
41820
67958
13392
9467
47067
21713
14154
2151
83655
59514
21088
80003
44381
7428
40527
87560
19666
38744
59981
80119
86716
33323
32258
55523
51687
50584
2046
23909
2707
34865
83817
19051
77073
32679
52880
69536
67269
89312
23557
38375
35417
84616
14346
67802
62132
40827
50687
24249
22109
81775
68246
14147
38175
93164
67313
19944
38018
82841
71743
91643
23501
9449
41141
12697
60585
13315
68805
17647
41025
49187
64790
81191
49064
5447
30552
82872
27083
30448
86715
33721
83209
61690
7748
8237
54837
26142
74433
17804
21452
61368
90488
14153
84274
22191
44414
49015
5138
93038
63341
71634
2990
37261
53234
74488
47291
20525
39406
81935
4195
89296
45586
56119
35050
34340
2305
40691
52039
5980
42281
71484
58150
70852
83430
61248
17509
61763
36805
60920
46407
13419
62301
24813
48014
19477
51548
85513
5749
2642
43962
11897
37612
45189
84126
83939
80103
46559
72534
83488
30269
7858
70483
48807
91299
47375
46585
61515
63053
39577
24625
35649
45489
82610
51586
32546
76441
21554
76313
21244
40860
53279
46570
50316
54303
63050
43775
31128
31662
46055
4624
70456
57882
86633
68346
51507
1640
58700
47518
2880
4929
57603
41386
54567
27785
89735
70117
51231
1593
22762
4193
17028
20293
80594
59867
82477
81846
38305
39914
35284
16877
44138
44046
79801
75381
48492
52970
34075
62405
46461
6500
51645
20138
8015
85582
46495
32588
54440
28592
35556
38010
37614
11573
55444
4603
78232
26232
85344
29867
19538
81963
69076
24351
55440
60082
13756
5078
9018
69383
61762
77904
76090
22132
86037
74572
25157
48273
56843
57277
78190
22101
51817
10704
54242
60313
5280
9401
60183
52390
50840
76430
46105
58008
87974
7072
63939
32140
24026
65170
88043
28500
81975
29870
30939
57410
12261
15977
70550
25577
32219
48786
66805
21375
91887
1629
21208
43804
72292
82421
92993
31970
33163
37964
20471
41156
12182
56426
65820
55837
84387
35918
63067
68266
56099
14068
24724
70364
22699
17023
80269
80992
11881
50010
22519
42490
59222
61461
13441
31824
36435
20656
57929
3679
8591
64068
52643
53143
87523
14570
14409
20621
69467
982
90391
10762
25694
6851
81520
88105
39991
51215
90798
45162
54768
14519
44455
84054
27134
76246
65163
30513
49807
5249
35430
65209
33829
57682
89292
81586
40065
46641
36670
75494
56271
19901
4938
78858
73771
92549
72083
46422
64909
8527
82320
78026
57250
92102
66815
17503
34382
65549
19516
75466
2952
33723
34136
72575
68398
55903
70664
8733
46680
60019
52774
34159
19451
4396
27153
10537
90044
43422
30091
22291
12426
8104
83166
48401
50483
48343
8441
63044
71227
75190
36963
3883
15919
9340
55530
24049
49327
77451
62985
11711
55357
58388
67876
64988
58951
90035
87577
7406
24765
42457
63180
85090
60469
23608
15756
36419
48596
32407
20567
45398
34768
73241
39934
58142
67119
2269
11898
66581
41060
35094
35909
39256
26576
52608
25526
70853
63016
12907
85817
88652
20395
74610
7080
59142
29381
86705
61086
90578
89511
27040
34365
38009
58156
12078
79468
51386
40586
50400
7732
92348
74458
52045
75177
19890
68900
32328
9882
238
8054
9856
74928
71388
89170
31365
5514
51782
64709
14739
36014
55324
4809
38360
49110
33424
79682
6053
46346
91318
71778
81423
74801
7059
67181
9880
9223
51841
91779
16109
23061
17265
86450
40244
37654
93030
7548
39879
7553
12625
25104
87664
47255
4988
9709
74438
31157
61925
14600
28693
22548
17355
60487
46368
66714
10919
9395
87184
49371
43131
87987
83644
10963
76819
13787
49053
92247
37907
7490
82174
76172
54635
62348
68163
65204
18448
8975
89572
67702
85404
18429
89807
13814
79269
32930
90213
4404
59475
76298
29222
39257
77925
89859
76702
30834
92824
666
32491
1369
14569
30725
1508
10908
77887
23422
86960
56040
66793
57889
71973
83862
15707
7240
44432
1654
81920
78571
57738
37729
3286
52899
25864
74767
13185
32108
83403
9803
38685
31729
64827
14298
63985
65701
91128
77278
80186
7561
6972
89812
77852
70337
10421
62741
22007
31389
62868
92105
79781
91170
5291
55805
23918
13242
51739
27613
53698
42174
10727
43284
21489
23502
36508
9100
52388
93417
25319
75739
22071
64195
49419
76416
60855
82956
52457
20929
13927
81685
26577
25220
85021
92079
19268
8681
56003
46034
72609
47742
9542
85266
60536
13738
57366
14968
29777
14162
64868
22675
40661
69394
50324
17639
73243
26280
88360
19784
90530
61080
29453
58170
22136
31939
16677
51899
54383
10211
84393
27574
32976
91766
81626
68836
19077
83275
4844
49519
64331
37179
54864
57745
13896
12859
79969
71374
45421
78334
18112
33062
3809
39260
26519
8146
10959
67624
12356
47218
59747
46537
2645
78311
20360
90605
78335
61771
14865
41178
48635
7212
60755
66266
47011
92284
5661
17482
68334
37091
33249
6962
45939
40416
10419
66739
58245
56788
70374
45681
1127
37007
5494
75258
44961
29513
65316
50093
3908
69522
44257
35878
5512
65609
42553
56694
56832
64814
3179
51751
79822
64519
11192
32126
77619
10275
92312
84569
6483
22052
59885
19587
32285
6189
27338
22194
8212
8444
77334
42282
4003
78659
785
8937
59745
27884
681
58237
79488
63054
18462
2250
72662
34442
76320
56836
6338
55231
26204
45883
28956
67341
86124
33433
57476
41560
34292
60369
88012
89374
15916
55402
91291
76697
7927
6278
54209
20725
19832
3926
53702
19011
78437
47040
75273
21899
92291
2992
17884
42125
73113
46595
39519
51569
51577
55314
50322
55683
6990
35727
56394
75969
33734
53556
72303
50901
75829
12712
7955
14741
69858
45013
61881
48537
66986
44564
23160
74673
13571
10497
21833
30114
47641
10881
31464
69140
7034
5696
29038
81937
74250
39310
75152
60910
62686
47119
3014
30541
129
61742
78059
11312
13368
71442
25719
191
16453
27089
33925
82494
4867
66489
21973
33860
31518
43023
39623
35646
58180
45408
48357
89750
14348
2593
39597
48128
82377
24906
38398
14085
87360
70430
74526
14750
40868
23737
71540
10913
92804
70723
16450
6477
7345
47121
47052
30033
55884
53377
72144
82225
78328
75573
13388
92525
68508
54716
87114
60567
26680
42593
79713
81716
16778
89070
53796
60991
80023
71259
54065
13729
17811
15308
65511
84888
1859
38362
39377
22922
81828
66755
31693
29752
3203
28369
39586
39027
9712
38989
90367
38424
18452
76289
67050
17756
77233
21829
55948
56382
10049
65067
67019
36040
19469
3990
86843
44478
26028
6042
87967
41078
1437
55690
59340
50030
24072
76281
62782
75807
71277
21735
15283
16499
53407
33118
39365
12862
48877
45185
28476
75911
68788
15365
18917
78141
7806
77874
42620
48474
30118
18382
91037
89067
62991
47762
3079
3464
32145
39167
686
25352
7649
73458
21530
43954
88973
54013
43148
10136
59017
35267
66914
91763
599
32458
19316
33398
92281
890
10246
19401
43509
50154
9274
88488
55003
87651
34867
48673
26277
47377
77890
81252
51555
34185
51379
39598
30824
75090
21033
17930
29171
3214
5968
66837
53959
27228
3678
50218
3501
16611
88045
54947
2689
62718
79573
88064
76800
53221
61442
84463
75870
24804
25794
68374
92209
74287
86010
9371
41899
41954
24035
45729
75746
33224
42665
68631
48578
44664
35748
62698
42962
37758
17294
29471
43518
12338
17200
1065
82757
32329
79217
21667
56155
35103
21358
52702
21053
90874
39131
45211
16732
59467
74353
31774
6856
35223
87583
79107
89782
84561
37402
87906
39951
20931
52462
19748
21876
55815
65354
66984
16324
88565
47914
9092
26154
68171
54207
21773
77439
70175
60128
61422
64822
14594
52073
5754
39407
28471
56575
63013
56113
70949
48385
41616
28801
46543
60127
25705
30510
29075
6124
41783
26970
70869
51754
29449
76103
86292
66899
46773
59295
86505
65367
84241
87580
17927
41017
53222
5984
49971
68423
78509
67584
61853
87587
51692
11016
14269
193
88323
16544
27193
70208
51486
50760
92169
43619
29249
84694
68898
898
17418
12535
33489
16235
22286
57322
75948
80850
73557
15994
82536
77529
34348
73002
83372
86481
73945
85401
27692
90516
16024
28024
47217
39547
28766
63532
70637
76929
21740
40436
70279
68026
38401
41009
34624
27575
10198
25667
3304
85384
70018
15797
44647
22283
15364
31101
61502
71525
45288
28898
51072
83260
35171
6009
22200
48140
41387
37071
32579
40098
45792
58395
53779
5685
40142
13102
72453
79646
66542
68199
4210
82223
7923
26529
70387
62594
33447
16758
43900
8523
46164
15134
4615
25134
65806
14711
72429
35186
84391
14352
40533
84551
44667
67396
38047
66026
2900
20758
6762
15440
15541
16398
38494
42006
63086
24738
21374
87083
28395
87247
1177
42010
40072
47356
52900
30924
78038
14958
60486
10933
44001
86915
24649
37117
50993
42958
76180
38637
81703
38756
35891
36871
32684
69432
45946
81051
72874
5566
75372
77061
14727
50785
141
74624
27245
78041
84239
78761
12287
14360
79716
45476
61561
4312
23406
31404
40449
39911
9674
58832
86133
69348
61827
91558
43742
23302
78496
50327
9629
79834
11063
71729
55320
57543
57695
60101
27756
36288
21968
6424
9990
18740
65547
40703
12062
64155
76458
38081
50080
19791
79240
75451
91187
38465
80178
4311
40245
18929
13590
67714
13788
35799
74042
65948
3539
30958
36278
62381
48427
42166
52440
10760
58387
81581
24088
85396
73523
957
72886
25329
15898
34710
19474
10635
49271
86475
15022
58316
8120
47976
74103
79785
52551
13084
51820
76231
51473
85603
7953
32021
37201
89317
65398
506
10304
26607
78276
68613
52968
72804
42135
50966
36814
9775
32709
47372
38271
89734
34778
75749
53438
18574
12143
52437
45481
79554
39146
56068
46725
45439
62554
4419
63788
53480
14172
50834
36170
44198
74622
71286
83854
3776
19506
14898
30287
68005
88700
35198
45486
35858
72322
70104
67808
89818
75450
45838
62733
54638
53613
47150
47654
7263
75599
81868
85737
73365
15750
88548
86912
79887
12083
46925
62102
72689
50542
82761
53487
30014
31782
56258
38687
84941
49400
67734
55829
30707
29650
9300
48572
42744
86785
42467
16269
84830
15837
22731
42226
19842
34881
59462
28139
67786
77989
29519
2134
30577
31630
45789
64324
11922
16640
18499
15130
63731
51711
44344
58971
57986
79062
58869
19087
83333
37473
52112
22012
2971
75146
6528
79108
63893
24081
74664
83709
31483
26550
46005
35599
38042
68082
69508
89588
19406
9130
51108
3357
62328
63063
36222
19852
53305
19554
73050
51177
7383
8480
79206
2040
71982
60758
12776
52047
85144
62431
19284
89670
81144
7257
55595
69524
62254
36589
33750
65440
25295
38196
65785
33440
33104
14445
30909
28465
14308
61374
11151
5776
3636
33693
75733
23015
76158
70686
48022
21725
83551
86870
34181
41789
32754
724
68901
43645
50331
47538
68929
74021
34268
16903
52936
38507
11799
3597
3574
36312
86974
38797
42341
38186
85169
63481
89393
47634
19626
45601
11305
74723
1976
12638
39359
14379
28036
74847
84586
73580
53677
68430
5057
38070
52754
47122
47744
30498
67787
91131
39040
1077
35632
4719
63983
51202
13960
68638
1147
82465
12534
90454
47766
37805
88634
44812
3767
4663
32438
80154
4791
60754
31244
82855
71877
38719
8325
48530
41239
88907
64071
20900
84614
6413
46820
58308
8686
24321
30405
34139
56819
7454
40873
62054
33376
83040
65574
92427
32410
89673
57884
17506
21719
83590
32380
50755
72563
72917
26310
13752
23818
62765
7185
20987
33422
8486
42095
19678
72431
5622
4151
71071
36276
36457
19259
37724
79356
11784
41441
76845
38889
47924
70075
85910
33780
71308
9495
91120
86755
20153
63245
39710
92396
61836
3623
65188
30285
25663
59738
14813
58135
65514
67579
18437
46557
14092
52652
4048
71218
69337
14550
4598
25623
7789
85165
81705
8563
32804
86088
73301
70519
63685
248
2395
93096
80184
60797
85157
13965
85768
91163
12611
51717
80418
24992
89204
35794
44509
61705
38559
14681
69661
62790
17145
28944
58716
59318
52780
68249
24080
31980
8179
14961
54807
86758
70156
84593
47184
60033
18947
22165
18428
53717
46730
65152
27838
50804
58893
22279
22348
81371
7324
81856
77087
3614
9243
39057
17573
36052
6001
56591
71351
55803
74833
12586
76094
7030
78646
73013
39065
80116
26948
12197
20844
41694
76221
36164
85387
92639
55325
42017
90595
25810
14881
18521
60882
62534
69294
18192
8716
52470
74268
45575
7775
20859
1687
66021
70068
82708
61868
73820
14848
39483
61527
66295
12622
2459
20722
36370
38593
3827
59266
41197
77527
56329
15825
81908
88391
26852
84290
12206
75978
53564
35670
87966
58418
74367
81076
47526
14132
62191
23174
77485
11591
4688
2153
34831
55111
69068
23330
17540
18498
20745
64757
7228
54121
50938
8126
58324
48774
79354
33114
33370
40587
20533
58445
65783
31504
33821
49516
79567
77638
20535
73051
69668
21225
33571
25287
58738
82309
86437
40706
49349
63385
57934
16518
68629
43052
6335
92766
92828
30284
42206
20006
83747
63085
83455
64646
86479
52673
46791
49614
24273
28000
52841
8052
75207
72028
74828
51071
92891
83821
24300
93006
93113
21391
80239
71450
150
21166
8682
63310
6459
33272
41765
78666
40965
70458
86866
4573
15421
73651
68106
40515
40544
74380
56018
55148
65453
35519
24940
52331
51415
22430
57972
69114
90293
76318
84262
21655
16663
82384
24263
20074
33390
43242
91288
52496
21806
13984
15225
79983
3633
50832
59330
60445
56216
65616
70511
90748
28146
35991
71451
83309
44342
64533
1796
88675
19590
22890
4368
78453
18779
29660
92191
8865
45663
55697
27632
74411
8443
47131
4319
56293
63611
2714
16879
24678
81510
84086
52419
8198
2119
91095
7888
53087
66843
76124
52821
33088
92249
85156
1547
13432
64429
13878
26416
72171
53380
13224
76258
76533
62073
12064
21265
90757
92627
49747
29383
28943
31014
34566
92189
21057
43602
30989
72735
15243
19534
21337
28755
85321
27126
36257
89338
31964
77054
83965
41132
30557
71564
61809
9667
14167
46553
50744
34906
64978
87008
14471
86506
13341
7148
12425
56970
31609
33242
52785
26327
44281
87134
38768
63742
91103
73968
27299
41409
48125
10469
63486
80446
51142
47594
38006
32231
16983
81986
31785
92060
20410
17668
43484
80295
38188
11231
36125
60048
91756
72625
672
14713
26557
62231
42313
8383
71314
55381
41583
47757
76608
21250
10295
51845
7855
453
86434
45657
46061
70716
13300
75327
16225
19175
79751
857
17176
84321
82717
77746
54818
44889
34404
57917
66105
37118
36765
55234
84615
48435
53912
11621
7271
76980
77258
87021
10789
16729
9172
89958
81590
8141
47853
79155
66636
82075
26870
36442
39038
72659
39358
10513
27116
23066
39952
58505
54593
30818
33769
61426
83094
76564
47
30066
81761
47076
27368
8726
61365
85629
18821
2341
61926
19602
26834
82867
43217
28741
55979
1466
76840
1648
51659
14188
54220
43030
9563
55466
77450
69979
26258
63286
20512
66227
86828
72774
64925
40343
54304
65061
88755
29664
63202
13159
14254
44090
63703
85196
72483
48748
84291
46416
71964
75536
5200
86583
79528
31385
85315
81636
42518
48411
26653
48250
32637
37736
26723
59598
67894
32130
41428
57398
37313
10634
17124
4888
91829
40426
62426
50881
58687
20224
80366
89432
49570
92286
48082
49229
65340
47514
16248
52226
14507
72554
46903
56971
16012
60848
5334
15296
3994
64310
7407
8909
77876
32620
76885
25303
90691
71826
51967
89419
85517
12538
55423
34050
44972
44532
8568
55669
71307
77828
29897
39128
70970
62689
56012
13631
21501
35734
25127
84362
4338
55982
39019
54258
64148
54324
69786
81483
8218
51187
55407
36590
69631
84585
3687
30023
51696
72378
71660
81788
23075
43738
52847
42677
16834
91260
41451
26312
69320
18592
59828
27427
48318
33660
8320
85314
15492
42312
75608
73188
12138
24385
22957
46238
77616
12736
92010
73382
24878
55009
73174
14027
51488
24164
32488
91959
46448
20648
733
75088
37486
23659
70819
23097
22533
80421
41504
55369
84571
12627
78516
48589
75570
18202
5366
88414
10530
68603
33318
51889
74032
34694
2565
70185
79096
44587
54212
52273
54654
28065
75628
15441
46935
87639
50017
91771
74299
43063
59581
58720
13003
13480
75240
27376
67419
61428
73384
37386
20795
84983
42586
16
54259
18282
83906
41667
67673
46057
30419
79030
25721
52484
34690
19505
31122
27706
38516
6992
91585
74348
9632
86677
31846
76302
49010
68752
13141
3087
5793
55399
88854
53841
8729
28871
13182
45713
63694
10438
18635
17614
11528
6889
9237
34475
23305
92675
83405
38873
63805
43485
9379
13111
66027
78392
8680
84607
38751
19146
27436
70515
45482
32558
65013
28210
91188
17261
41410
47901
37917
28445
81603
2578
68066
13348
50791
50492
24798
64631
10155
13145
21822
72696
67814
41640
79786
11598
59077
68287
56132
62538
3238
52209
71084
78676
33075
38446
75530
44114
40788
42522
55030
5692
66431
74155
32312
60580
2988
50617
62648
49293
70165
34156
45081
77427
5101
25496
88538
5278
63539
6561
2758
12848
28538
49653
79350
18614
53352
15679
28035
47390
10088
88023
52848
76293
84894
56396
50668
50021
10460
76297
62084
72535
70665
38611
37613
34164
82294
14373
5378
41877
20965
7322
7551
30111
49017
57130
59610
54401
61641
15286
90553
39965
71224
16542
61859
41322
8399
31292
19580
31860
6163
49608
81787
60164
89505
88275
13046
58661
25355
57342
80779
85605
65239
42085
79746
80928
43375
72094
8357
76394
74015
20524
29856
36465
81945
4831
73505
31951
64798
54009
56030
15706
89594
22646
53176
48264
23522
22378
52952
15000
12603
111
19525
53316
12988
51060
25635
14432
48126
7012
35257
47831
5457
85587
18276
30401
18158
35318
19879
37979
35047
51540
81665
21403
24671
83838
67354
77425
89720
24265
33534
87551
4029
80881
29678
49543
21991
21933
7282
2169
5658
45050
38626
73487
38735
58936
2505
9147
9348
55540
51872
70925
33052
72336
16315
41147
43332
67343
6847
61490
30019
36970
41753
2795
21617
92778
70248
7362
31900
19963
62559
89498
40012
84911
63766
63352
68877
72582
1836
73097
40193
74993
12113
51392
87538
43331
91441
78741
10264
5502
11324
90951
62329
13075
46316
20387
21958
73140
85793
55955
3174
28148
34392
68413
26783
57660
81881
59744
14641
19615
52728
86345
81625
45156
29923
57326
38651
91688
25698
31820
20515
92562
5701
62527
72708
18624
32197
37506
38506
16175
59575
32619
17120
72546
87713
58513
25555
9252
93142
66554
16501
23857
11626
87468
24239
5735
48844
80506
10993
23229
74401
20168
80536
20494
72849
31399
45475
88745
2811
60938
73116
87818
37824
44407
76606
85464
92198
69831
60095
2564
69038
25708
48076
80763
14643
33093
88251
90420
27355
27003
31110
83692
28257
58960
52152
53375
30450
8005
33998
52080
2113
43189
13461
14856
23364
4013
5541
53860
49457
44382
87963
67070
80671
85982
76804
80559
17339
19248
3164
18572
42750
30366
44119
43015
21095
89357
4326
16172
54899
88641
47978
64207
28767
88570
77895
40973
25812
10312
32391
19922
41263
80314
4422
28294
37913
33490
75277
37047
3640
66897
38302
24719
83478
75256
92760
13251
59185
7003
83227
71881
60169
67096
5564
54354
32928
70593
35398
83794
29788
44987
7626
2474
41223
32762
80681
14290
56548
35262
21290
20097
32376
3255
10362
48670
55458
54293
61878
6229
65223
50980
64259
36944
52259
51720
26609
75292
40929
37749
76178
69033
60636
17050
8163
43932
8677
75696
56485
52362
12779
45638
20918
37916
46613
83144
5647
41974
64136
6312
65990
22769
74005
31294
54615
42923
56212
76793
34968
886
66248
19287
74151
19294
1004
55923
90988
14291
69836
58222
48794
2932
15851
28747
35167
83302
74341
10863
4142
36084
41089
43297
5584
41683
61199
20145
34589
89706
38114
29276
61145
71282
42350
1265
80550
22027
39432
23767
3551
67230
49693
418
3069
85883
74715
18104
62982
11870
4885
77866
37942
62086
16921
69850
18075
77662
2235
32941
17161
22448
36351
54863
92924
60
6329
34037
11928
4602
71383
58858
47312
80743
33930
15989
46759
64273
80011
43440
15431
54629
13709
44029
4536
66595
20081
61764
1934
19704
17892
73319
951
18519
83691
65598
52318
38252
20048
69612
28239
30086
34707
32129
33042
76634
40889
30661
76922
8720
23698
11531
25654
5062
5257
82092
56325
66510
80860
38995
55187
2828
63569
27375
2209
78400
65058
72628
53934
31489
78900
84194
71896
48600
42315
580
68467
38106
67541
54398
67981
61589
1307
73214
31925
46926
84915
43165
21536
12846
46006
80229
89456
70704
57987
25619
23261
31416
74808
23161
68780
64554
60915
43138
10599
2229
30308
27485
48775
1106
64046
74754
8362
5815
89209
24220
2501
81314
39351
11056
77105
43627
78443
79070
66991
49648
74457
22472
26463
36512
26218
20688
18541
40573
65674
88347
41959
41738
12632
2433
12438
80484
33911
30916
42375
62489
84908
56732
25385
6136
59397
34003
85140
63618
43561
28317
28978
37835
10098
6927
60052
47340
5558
82367
60043
31840
38409
80692
92777
22703
40213
28650
78064
54872
33994
30626
33992
67735
6657
44495
31950
64327
64558
31209
76116
42065
42070
11114
14890
55203
62775
18297
37328
24902
22198
25736
11971
80057
60045
45850
67985
91574
24160
39601
60204
478
7181
26788
26962
14083
9820
69023
62567
57247
52978
49767
41374
5302
69606
4792
32789
82311
22647
49499
37173
4496
7190
78564
85406
73862
70623
6965
59616
53231
61758
44950
50593
46220
54703
26465
51775
58420
63219
11120
6326
51028
1019
26366
90150
33975
45233
19635
3763
63332
74311
84590
77072
795
40282
32273
71080
31354
28735
88802
31805
47499
7020
82678
46313
52736
84357
47034
20606
70126
84338
82041
76948
64607
58195
62336
44906
73307
3272
57556
19614
26240
1007
77735
82882
28516
84454
76138
19557
48674
59466
87939
38341
27125
63048
55696
76309
31868
91096
40135
69652
85621
47311
67557
77307
92452
68302
3362
81052
6995
68340
51956
16471
47417
84867
90029
66997
51911
72551
73298
58531
91942
52016
57961
44639
70135
59536
23574
53732
41166
49393
56106
20703
87769
61496
6894
16953
55225
22923
57298
90968
20254
17953
62422
1567
30479
49715
48751
56175
64171
16113
91834
6399
71267
65143
41909
79816
90740
13656
35122
50576
52169
19599
14278
73081
939
38396
61178
15171
64754
16386
23606
58293
76834
31414
41704
56009
66611
14734
25533
81661
21125
38236
88079
5183
7819
67333
6072
58861
83820
65175
63699
79959
91608
64018
36736
39441
22201
30967
14059
38323
41867
68787
22612
70887
70897
59370
403
38301
71323
86630
37262
39892
88678
86965
69165
36521
44239
44325
84448
10904
41712
81233
86790
37851
22621
56127
72064
24155
2597
48015
50801
5875
54176
42709
72818
22599
22937
29999
18324
42607
35051
68604
87190
91725
92826
14825
52032
6022
69960
85788
56456
63747
29180
32764
63730
69117
26638
39750
92027
40028
194
64167
84164
77811
68875
92515
50119
53115
40526
308
24528
92038
64318
60854
79016
43821
57195
11671
35348
26874
988
61634
36081
68654
61272
6217
42138
80193
5194
48156
57331
32863
59143
43101
34837
24250
91717
49472
42398
52478
69044
41875
30009
25503
49062
20031
9381
9488
67418
1973
22744
39014
65688
1074
4730
61073
43883
55439
79132
36564
89235
31654
9828
49553
80334
89829
4042
41538
60566
5706
50482
92895
67231
74434
48579
17027
71408
15498
85882
2239
75414
56007
62837
51652
9439
32549
26716
46533
48811
51014
0
11321
8500
79101
69421
53339
49191
50779
34657
34544
25147
36350
66532
67284
79438
4604
44933
82076
42175
75669
42623
31249
14893
15993
67211
4764
51349
28931
21276
60646
46666
32655
80849
38595
5553
16727
72019
42966
4694
16706
17538
67789
15689
87354
65745
27294
40264
39933
81675
86568
46417
67968
75329
13131
53031
63961
44982
29759
51261
88264
45507
53403
80441
78155
35246
18218
29920
83734
16969
77773
90733
76096
49567
20181
84069
89267
5712
62650
22585
64087
58576
73014
55241
84682
80481
88589
44217
60572
8345
59014
57469
34157
71827
76653
22671
37174
83936
16492
6397
84540
44058
55253
61870
61570
13174
21001
9029
56490
66607
49156
29627
78819
20123
25221
89280
57128
36610
50075
67589
90745
66388
405
57036
5568
19683
17429
62461
65393
88283
24935
21742
23528
54134
71050
38454
57185
51635
89018
62044
83680
10558
61292
61716
28652
39767
42169
93428
53343
6261
1826
47971
34008
25716
21694
5195
35737
40301
45168
76759
52278
55881
68678
32374
67193
32439
12497
43253
44724
79627
50045
46516
17627
86182
76276
72548
29023
76081
71974
77818
34994
69395
21283
22097
45582
12559
32042
51354
49826
93100
77422
65060
68119
62252
37231
85081
84496
23732
19346
92216
4200
35729
87422
65049
86745
58511
37189
67145
60080
77991
69270
19097
45118
39475
75568
64540
40603
15425
45910
77712
10105
83791
67469
85828
12728
62553
44343
15553
54409
52382
30606
82490
59609
11812
29560
82195
64182
3842
8554
20453
27139
16761
30130
51715
90412
73343
25825
13206
32752
3958
44949
91077
83575
35821
20963
40257
21062
47185
75272
16538
21953
53419
89672
74338
31839
3322
19940
37881
24354
7103
36541
64787
41365
73863
41105
64485
81286
73879
46874
49073
797
63873
71394
9808
36691
17474
21891
26637
44674
48816
30282
76572
48721
67934
48849
7719
52923
20063
83896
18049
22618
17547
1520
88694
59116
2391
653
49895
93258
53504
20080
11295
47406
9084
57012
49745
7502
9831
16591
82934
37878
38802
23657
54627
44005
5389
45048
26672
92293
17996
50357
78701
40417
28936
85173
16565
54225
79737
90439
39926
63733
6948
77739
54122
70765
28714
59843
63991
11791
68737
58023
18908
76442
24749
20808
64313
51748
4654
63690
81021
22298
81381
4154
14748
48792
25795
37667
18935
81906
40697
41633
51803
52063
50538
9013
18802
36571
85848
41663
72486
2692
15313
15682
34761
6160
16063
75881
67519
87337
27932
69581
41497
71529
91950
488
50369
64966
87492
30385
61226
36549
36436
60672
72809
37956
44391
56844
38066
64045
56255
43711
9473
5936
14357
76788
12020
55713
7666
48104
46691
27786
49258
52664
71130
66631
74506
12134
88412
52957
53254
64097
89847
39238
22034
33654
69629
33694
86245
58549
58320
3481
32072
91178
77606
17621
27942
40252
23921
89600
66318
42214
66380
26818
43596
34223
93175
32510
63446
43993
8586
61418
84509
17701
63360
56562
72120
28133
2767
55229
3106
45320
78009
65764
60851
9642
45837
49548
19697
32487
56675
1079
812
67906
496
66183
91821
68955
20955
66331
93425
23036
51649
40481
32434
17535
63517
54780
73402
383
76508
4197
92052
53942
51725
27227
50149
27617
43833
39610
34302
12810
5607
71353
70613
4316
57820
53016
71378
60801
92816
81232
65772
42938
19857
74157
39629
25259
23582
84294
61546
86609
67366
72147
58957
79548
69608
58997
31665
85998
69859
85947
37454
61078
66761
50994
6384
76663
15952
89319
53861
78691
21720
62625
54386
76047
59430
39089
68254
71357
71476
92669
78403
74663
57690
20874
9647
81449
1303
82061
70235
48928
38594
36122
24787
35643
17683
87561
65938
76873
48878
37
57546
5972
71889
41254
31430
830
80105
24053
84700
50748
57416
49811
91320
2529
31379
82055
17891
25148
78781
15155
80933
54565
24544
46403
83120
38717
46681
53219
27235
22840
40168
57904
74741
57133
93253
40079
13109
61804
83235
38197
79048
26395
87189
73038
26569
14365
17068
4460
80122
5714
91250
36966
2412
15487
71150
13799
25401
18223
71152
58534
81758
20594
89128
10134
71538
83950
47089
52349
465
33799
64681
6307
86955
48731
36994
63405
88076
63870
14066
18734
60416
37552
58780
30624
50570
26617
42424
47050
86291
75846
28548
34637
7093
395
49791
88794
85863
20442
1376
88119
14573
67016
28608
68518
86261
967
21475
59667
3253
21842
63852
3149
75891
76087
79196
50992
80359
74197
31287
90606
73676
74233
51938
63955
91014
13006
64760
1061
58321
83520
3785
77474
69273
5638
87857
32596
67028
56436
31578
63593
13455
65371
38345
1170
57378
87548
83427
63416
55977
68619
82694
66107
22743
67720
78469
8043
65958
28692
35922
70043
81541
23679
2649
52311
51432
24761
90668
43210
18543
81921
9761
50719
20448
24259
40490
43779
90249
84329
7856
15850
12943
80716
12962
72183
91714
61885
13667
45228
78410
18077
57425
39770
34036
28830
37653
74200
57082
44473
24426
50002
27221
46100
35583
24610
7602
26683
14982
65813
9762
52833
70211
51708
45347
87013
13949
2371
2143
31184
15429
47563
50147
46126
36656
65005
18451
48182
87753
11423
79777
86444
21163
84061
12133
31861
69489
26388
24075
93366
79800
47190
41992
36509
81079
1064
87521
36660
59345
63293
60557
62022
51868
52342
49658
48254
11851
68245
76284
64498
23426
80228
11652
85065
35008
35959
5146
13117
40643
78267
14891
48442
72847
10525
15275
5676
29958
18002
65894
11341
56280
64961
52001
36460
70789
87260
10532
49821
6511
92573
59406
19130
67154
59135
42506
62905
25268
54113
66343
68858
2819
18777
24439
60177
51570
1590
86364
49930
1111
89900
24109
35481
41043
70399
42055
40962
56241
53345
53226
64989
34836
89241
19152
67226
28165
5965
18434
90935
58669
34486
24120
72523
14511
7495
64749
73314
72583
4795
39527
82709
75967
6193
12
28151
55922
5349
90647
1377
40468
8824
52856
37083
28046
53237
14446
60660
1313
8760
61725
14100
88795
33319
81556
50250
75268
68054
67376
779
20357
87301
37762
25171
20531
18477
44409
21859
33953
77690
15558
29852
56563
612
72270
41774
68097
798
89929
15966
50278
76604
61433
92530
75430
81943
83783
20501
25217
23948
5601
51871
17283
54384
30882
45584
87120
71274
26848
88839
8712
81857
79099
92311
70246
21998
78728
76407
79289
4798
93135
23511
16016
8422
68963
15360
6544
20526
69285
79992
50414
71140
85530
90673
37726
74845
3751
13884
57519
35544
30005
67338
42890
6766
75535
53693
28262
6790
23795
10728
8448
23025
52596
73895
61793
39092
53560
50787
6156
81645
69511
80489
24393
36831
11969
80277
65578
39956
14381
43972
74751
56567
10833
80271
42101
12104
3029
2072
13243
65073
89656
11686
82747
66842
5441
42803
64099
25993
5836
67012
12823
64263
17290
10143
33757
79905
67977
74404
32905
79600
55190
59208
63206
85970
92485
93235
3124
1823
56677
39827
36647
42258
86257
41426
49676
62796
28088
50338
22575
54697
48176
61843
68405
79743
2002
47608
47112
1112
44910
54665
61332
25425
34773
50878
14243
61975
16528
90941
51530
85217
61234
64028
6594
92252
87192
29663
55535
8376
7983
45914
84652
54786
91029
84818
19950
44370
2185
7691
21518
23378
40584
36126
24736
63136
83666
40190
27753
90208
9680
45133
91324
39731
80429
41592
36762
59060
82721
20348
72129
62415
26064
51228
90985
87535
34295
89586
33481
81825
53948
49234
90189
50866
9907
90184
68253
73779
36456
4402
45918
5097
54658
60150
62995
56089
42012
29409
76212
57604
85491
12660
78480
76592
1827
44157
4477
75287
80747
70557
1240
84103
5380
58853
69922
35741
59679
49442
49100
76312
58022
67094
56660
30471
30248
73074
49885
93370
11546
18174
56764
55081
60883
20375
32389
54713
51784
12310
11479
32601
65182
27406
16381
90069
61568
89155
83146
13977
3493
57740
85138
28873
27626
48229
10785
67655
53950
90437
58466
69949
18021
341
85695
40492
36066
45434
53775
59856
30692
20324
67441
47082
20268
24360
35224
40951
14105
32722
37221
33454
27352
68017
89504
58291
37844
56532
59858
49384
37135
81249
38405
81108
1806
13805
64436
90979
53461
62261
2164
20336
36232
39288
60002
14127
46860
18770
50799
18171
69168
31135
15845
83252
43436
18027
63820
80460
52434
60914
48325
40160
30773
24796
18098
74639
22736
63480
49294
48351
67054
59859
14871
32634
78999
80138
1320
30386
25328
74028
17979
53782
89922
39831
3657
73869
10429
78952
59206
70759
2445
32083
49439
11796
83014
37576
22717
82420
33087
54027
46143
93168
3744
1035
17324
84928
13883
39792
19826
44310
72022
81150
80496
73812
63473
72384
34104
22041
13890
72321
31064
27840
41394
24688
45983
10315
8245
62141
73235
26089
50283
19149
34635
8529
60346
28484
35988
1418
65613
28434
3726
41903
66955
42480
6592
60905
26881
11015
22702
10572
45217
16490
58440
78647
36524
21307
4203
17196
75841
69747
32949
52737
60812
36936
13146
12485
20472
70784
85117
49988
56671
42133
90200
64969
88371
12151
62963
82422
29375
42451
48918
90402
23849
6146
64414
36932
20226
55657
39670
22839
82574
41703
88504
11032
23813
42648
23417
39830
36539
30292
4672
38836
43631
51580
89966
85362
65091
84160
90565
69944
3918
37359
90371
92292
72485
89857
75562
59433
33012
67588
4977
61198
29757
57162
89801
7115
76852
46315
55065
92833
38322
90890
58086
10893
23240
9017
75923
78446
72277
13763
27181
66213
79455
80362
6883
64006
64153
51691
7968
34640
60671
5668
73589
57475
83934
34785
22982
76740
49314
49959
83696
16374
73563
66148
48138
86844
66934
80765
63599
87767
1267
44738
1530
22626
41444
29221
55555
10078
85915
62071
62856
66732
27660
87528
90239
75927
53986
76627
87277
28296
8304
12217
52473
55422
60614
57465
55836
44794
2477
5631
64839
20305
72128
4378
5415
4421
14050
65683
9205
74235
74936
32782
20769
56859
2330
11697
9910
82599
10649
50496
65658
61565
60772
54812
91750
25895
21206
92110
67130
75018
82567
85502
82991
65133
89776
66303
33732
7836
19222
43437
9955
3485
34344
91970
45800
10667
75455
59016
24356
51284
89278
80936
52955
4069
21988
70551
3329
38707
39929
48297
71863
8987
9389
69301
8621
19036
6480
49176
42075
26803
12715
93000
75755
29555
58942
42688
90645
89850
1207
61474
49397
88832
42016
29404
60046
75161
58557
27539
37801
62657
85350
68580
29994
8624
4152
19063
80058
7815
71522
41650
27796
85319
46489
3852
41372
82550
5758
74599
63357
52106
45727
79279
4331
41187
15608
11183
90337
69952
18153
66726
80387
46015
30674
42031
67960
44578
1758
47877
26225
51821
86424
64363
79676
20311
39440
40840
76656
34168
1497
31196
39055
52513
33876
78069
73108
19020
33505
80918
17604
62768
12149
15418
35265
31053
85646
12966
65642
82616
18113
77335
38938
84564
30129
56386
18060
8881
53054
85565
81117
37485
23259
71075
46762
58770
10720
1696
7882
14723
56231
33092
80979
46496
59910
52660
30810
20040
86192
36431
41265
92406
39121
88146
31564
7189
55072
31490
1677
55567
6928
53998
22478
62815
8657
2304
38731
85133
4720
9603
3195
32625
67651
38083
84935
61069
62325
82546
64812
68671
42891
87398
82585
80401
86254
60373
34212
49638
83768
54244
24634
68710
82795
36522
5356
87623
28091
60375
90701
26977
83085
88405
29547
39095
92858
3856
86353
9577
13310
80306
86122
84976
50096
63364
43805
51431
14913
33207
84885
55333
37932
11449
22192
22955
8722
63379
58102
85313
49409
89169
25105
4793
3398
51440
57375
59350
27815
52444
52182
6741
20185
2172
69116
25821
64523
63143
75900
81570
93188
84014
12358
92990
57719
60491
5121
2731
11369
53381
2826
27885
9998
60570
63399
40279
62903
11125
33107
8318
15701
87894
77106
53011
40299
775
55046
85867
70575
53243
85693
89988
43073
61895
45636
28756
67798
36823
27544
45464
25391
2086
92775
57355
46801
5440
56708
78977
8012
78202
6282
55858
31831
64865
36476
26624
15991
10988
78086
53598
19454
48230
54649
72176
26057
16509
46757
54701
19584
65629
15513
54230
28054
64442
88282
1506
72635
14062
24004
61258
43003
81175
27142
91493
47014
88941
37599
34236
47355
77050
76303
84082
5237
84948
68486
16925
14099
80155
83621
63834
37711
3931
25915
22089
59499
33307
55664
62030
92943
84708
15927
68885
3609
13079
79648
52793
55849
27891
72885
43384
30542
61867
80599
67543
49388
50222
56189
91436
37253
34259
78455
32154
11488
74752
89774
73306
73733
50401
37400
44978
81545
19689
69562
61278
66260
16069
88851
18268
77327
66340
30357
79851
9468
85057
42879
88793
40041
25811
45449
76584
33689
30804
9835
11372
89904
8436
49625
2836
53132
36920
12436
53906
40536
40722
81734
64165
37393
30765
92026
86899
35042
87213
18368
67248
64321
1639
69537
83207
38600
13844
15644
43783
44467
40043
91361
78213
15746
59410
23917
5474
23409
14510
14091
69015
67700
19242
87546
67973
70693
48780
89557
35027
51584
74213
92071
92121
23421
12502
2240
40082
7385
61396
48710
89229
22602
29970
39766
80320
53393
74142
25726
87962
44939
12883
80904
33890
61956
53772
46522
18705
342
53321
58441
55616
56716
25363
14516
69731
14547
61087
49326
27088
78725
21967
31031
17829
48420
73951
22870
78282
5987
93115
41727
51172
48114
54400
23279
67910
76444
36666
22518
92743
52215
74054
63655
64432
42578
70944
40365
55855
16436
87609
17073
89957
56865
78828
28159
67869
2252
88156
20668
18210
16970
44289
49942
38783
73745
42669
83029
52778
69333
71340
86617
35300
38715
71770
19306
3586
41921
13735
17168
43754
78329
20830
32047
26400
73667
39930
51590
24718
38250
29252
35610
6579
63027
54932
73995
4260
63419
36829
3060
49462
24396
37639
45609
39125
26804
11956
85462
83861
57596
76824
57417
25395
21674
53722
60280
90649
11951
53839
86061
30304
23470
84664
83846
87791
54962
64590
4434
69336
44028
33187
69824
40625
57874
7707
83357
86737
55819
36106
55736
82283
52898
56651
26511
2688
66814
17320
13069
59911
82766
61757
68148
16043
89218
48901
82207
84296
50525
21440
44336
89176
11030
77347
77161
61230
87626
81990
27208
47888
65418
839
5461
71428
78783
52120
81947
48470
87047
56698
54941
74880
85856
51925
57928
6541
65541
19677
5258
73247
60673
51702
35631
84684
58774
29390
33971
55716
43844
62308
50528
55632
47725
31612
9119
46908
74571
91172
21311
19279
26573
53768
62886
35456
43855
93326
52328
51435
64258
14504
64689
4030
3762
62297
72528
73568
92491
78989
22834
68345
35873
32351
53924
28699
34325
90937
79131
85515
48301
19531
90925
16754
3381
48795
54355
21753
65412
40517
27695
38069
34719
64559
74990
829
57652
54628
10519
68067
68882
92727
52941
16844
44360
25420
75105
8312
92177
24363
70481
19333
24938
43747
91086
76063
87768
21102
72808
16787
32245
85617
38389
78156
48855
85880
7915
60840
35802
49530
85556
55889
5941
92336
78139
64718
35180
12604
54429
63958
60781
78402
21368
74272
31602
88776
40141
74126
5242
23154
459
92882
49982
39298
78643
33262
50462
3449
44317
6668
77554
14584
12173
7249
81560
89864
67465
15488
22273
40710
36633
57153
835
55299
45577
68528
80231
84462
73181
41834
11585
80360
91984
86446
33055
15817
89975
22111
22471
37638
58709
74834
51218
20599
50042
51928
61191
18482
42990
89381
48072
31942
79003
13630
13022
14556
3736
33166
64878
91306
17211
78873
45524
9510
70961
25348
29415
45973
5014
11557
81263
88435
35033
41274
69582
62950
42200
61049
78618
53338
12880
79391
77731
48836
16940
21687
55311
80342
87059
65556
2398
92762
66758
46300
17043
39804
42464
44194
61683
31894
8035
2626
68871
185
84203
88300
46765
71605
68004
84265
58119
38699
86781
24323
34846
46787
59173
78811
35695
72848
20696
37058
3750
5013
13501
17758
40283
10958
58828
33237
26837
58100
66072
69142
54311
34044
18518
5920
3067
9581
61743
2827
85483
86637
5319
34256
42519
79694
34189
9111
65189
25925
69416
16157
71269
2702
80158
45447
34103
24777
51255
65157
82460
81519
60371
27333
58803
78065
39748
39179
40960
83922
48430
35838
73441
34874
76367
91185
93359
73922
33895
27281
59478
25278
15524
69825
78938
41518
18861
44312
78042
35280
64292
85728
52903
91113
36869
29955
1797
49612
70700
24232
47786
45897
39706
10744
40866
47228
15269
87154
52155
30662
31897
10506
36679
62272
74135
70425
9593
41268
83947
44073
30532
58911
19254
27899
46847
20878
89450
64897
48982
28443
83623
83197
6735
65789
38015
49746
50819
51864
74761
57010
20873
4054
92006
31827
44635
80014
70843
12688
68305
7170
64671
1166
44623
55901
50899
9862
91462
89049
69761
83382
77910
70962
46162
42301
25977
80454
75059
17524
65969
5956
31758
9724
5273
16949
78699
50688
47394
39888
44652
1697
61096
22268
90953
6195
46387
26758
1861
53744
77292
3200
4644
11517
51441
2014
74945
61385
35400
8976
89313
59225
34218
89834
76426
11374
17295
20790
41619
18386
60391
14467
4788
9697
75551
28
70274
92202
53464
37798
58617
45405
80131
40474
37767
35136
26128
36091
8521
69851
4327
92570
74822
4894
17698
88825
89212
45611
33004
61666
23524
51164
88459
48321
75947
7414
76163
80590
77512
89842
52083
32889
74511
20367
60962
66333
73711
52204
57168
12185
19509
10803
9897
40865
60525
73437
68648
6504
56046
78483
14326
4256
16576
58755
34317
28589
85287
5156
39488
21982
57994
40424
50255
15380
61537
21434
11883
89939
31352
77738
29967
29673
16944
63479
8522
17113
47085
27215
18736
38132
73861
44112
78591
44968
54890
38416
64905
42604
92270
6989
91809
6895
36320
32260
48092
27917
39997
40862
61176
15983
92796
36060
92697
9138
40232
53847
48109
5761
32205
37509
72088
44514
66277
60629
8261
12162
10885
80025
16846
62734
29813
72280
78298
75506
20025
29661
63418
77266
70687
74108
19028
52364
20937
39286
93025
4518
93190
2609
1599
6152
28299
58636
16425
33803
61821
62983
38946
43814
57235
3758
4768
76743
46572
67653
76056
32603
32322
77206
88660
68739
59696
34113
73344
46117
35673
15752
32874
69644
38100
76164
38737
86590
55505
22244
18132
7762
37479
38770
92643
49622
2099
33685
33029
89563
76754
34178
47243
67220
82916
59485
26845
29988
16006
6713
88216
84168
24131
10718
1586
89021
31757
65249
11834
50105
64196
91445
64062
17923
43316
65329
47421
2888
25261
85079
59088
13377
33248
57608
70148
86299
33113
68403
74708
62288
53156
4302
85318
29892
48350
80117
57360
10554
87414
54195
21449
12158
38014
12617
46706
38373
81980
57725
9481
17530
58933
13364
81792
29285
88088
9429
50684
31854
23904
32236
91735
15597
3746
16624
63177
23266
13487
28765
27314
75008
24697
24621
35365
82170
19987
73588
36145
43009
83074
78639
40954
53846
6308
17175
71518
50370
38028
88975
84647
85699
13047
14487
47137
59906
19769
71621
37280
40374
80502
90180
46053
4596
42265
92782
27904
43735
68903
46802
13579
69972
9106
50516
2358
62152
36985
88160
34163
93333
4208
85002
46404
210
30697
49917
51879
77799
77199
87883
14635
55929
88505
23530
70318
42950
64042
10660
63932
68660
33586
90063
60135
71245
53491
66771
78941
12145
23601
23280
15293
46989
25317
14203
41983
16791
81608
53699
24204
79122
66957
50219
70817
44545
61354
3922
46217
33177
27828
48599
65681
41590
18959
74763
10548
79064
16087
47229
62745
44419
60298
38055
82623
56171
47202
12334
5392
14271
14452
42716
24670
67306
26331
92694
38043
24422
2129
71291
53230
15337
11506
8354
87876
61223
14225
66921
44589
73482
37060
17718
45768
14630
58323
9304
43847
51454
6036
93309
82161
89839
43085
22701
79197
11742
56339
69584
11751
49890
80794
82123
15785
58037
48464
77117
76791
5216
15888
65472
51597
41605
5798
76238
61082
35279
92187
42389
60274
38089
75567
86978
51118
73645
35072
25769
46549
74510
67301
85331
87131
60242
25960
38420
66486
64040
62714
73794
65248
214
60221
80518
29858
54080
60884
13770
36849
4661
12525
91374
28995
80886
90396
47147
68180
54725
17800
90279
39478
76623
58184
63068
59279
41257
61528
25223
17321
10695
47808
58370
80762
65759
13166
71110
73633
81634
62091
93004
27005
37331
28716
72401
89846
71207
5737
84317
87383
82759
49021
49175
72918
82189
17992
50407
17166
48825
15500
4974
37512
91681
91195
26856
51818
41939
1182
16307
59755
46104
64737
12229
58949
69690
76642
21159
25695
43315
93116
6761
29061
43733
75438
57864
15728
11172
27888
89803
2425
13375
53573
21010
46864
76693
39961
702
1258
56330
61872
12631
21366
43051
90617
72023
23772
3311
67178
50180
40817
28789
6486
40732
10453
29201
23089
26274
52755
28205
55021
30721
12114
88621
87720
80870
77550
88213
7816
79695
72813
20717
33504
58922
58526
27366
77218
11854
45857
59199
82438
89362
26798
75607
31960
79266
72185
37384
67801
81325
1283
71846
41791
21711
16661
85443
20110
62072
4377
60931
8217
65095
76959
24253
87804
44322
44552
92415
21433
92685
87979
28315
52285
65588
22317
37223
43254
25861
72054
11993
92211
23776
44999
10033
83327
445
5848
75394
46826
12443
28496
83467
75886
69496
85231
55223
2332
8125
67222
60612
2780
77502
28266
14465
62153
25997
75780
43014
83541
48057
51557
41994
30055
10928
11473
54421
64205
88577
48373
38238
45467
88981
34762
50380
44505
24373
6775
40056
18127
48900
82297
80268
85941
58575
16230
2747
12146
2814
45249
91675
54769
22441
20922
13553
66042
90117
89298
23230
66010
85881
67606
43459
13722
72116
24747
4095
58402
33779
51869
25232
61624
70459
89603
77296
93013
77331
37293
41148
72508
17042
88218
23413
65312
24165
22374
50067
35175
15382
64139
12985
71091
13474
75249
38404
70047
41902
84792
68734
88236
29881
29176
9523
54276
92033
20148
23007
55055
22745
61593
17849
58345
20507
36234
27096
68469
7639
290
67227
22044
20804
36675
64022
90977
21595
76109
86778
45172
40219
8000
31253
60881
39659
33973
90162
35101
30158
26578
48424
12470
88162
20134
36722
60370
27859
58527
78037
49198
20092
50382
51575
2340
44109
32338
86644
34422
74739
60527
90812
66499
78332
55807
67038
79125
91161
87709
53525
75358
43266
54283
80273
42061
77487
84021
82437
4360
77013
54052
40741
80482
56730
54924
70923
26422
88998
3961
80905
69762
36988
1862
23340
7746
82119
41095
18380
82191
68440
59124
23888
52018
35433
49717
77569
8097
75462
22936
20910
73078
77068
21289
5952
28823
12271
55893
2895
19702
49650
4851
22803
6829
20058
17908
59957
76029
47267
53851
86466
42266
16742
39456
2375
76669
76701
40347
1901
21458
39068
38229
263
6434
19314
76964
35131
75247
15542
72038
20786
9550
45212
12784
56033
20314
87509
5350
47754
64916
29579
44722
4561
14737
72597
53911
77837
60665
5336
57052
68349
11650
67079
21045
38655
14806
71206
58806
76406
52270
1251
89081
16223
36345
45139
75898
40182
56406
51224
57910
22011
60126
21769
10643
46605
19317
79538
11683
1115
2001
11412
64643
60508
3810
48714
16458
41855
8708
8990
34220
32147
54321
37434
69733
18687
64767
82520
14054
72543
19760
58303
26017
82321
91061
65760
82822
51040
38176
83169
56524
43327
28212
57687
77722
32088
14081
67483
22393
42602
30689
28169
68633
30954
59525
40321
24256
41191
60260
49106
38634
49998
63291
67752
36048
33787
5686
19344
48924
2579
15725
42525
63107
59341
12186
8676
82779
48917
73932
72701
83231
34752
37305
54662
38733
67665
40746
6047
5235
90688
22542
9339
58164
32016
59614
21843
29078
36428
15231
80803
6487
36972
30001
91673
74261
88265
8471
39000
66902
55939
40742
6190
71726
60220
59778
13121
22153
85754
67133
46529
12123
19196
46003
48685
14978
66294
65427
78309
78081
72330
26571
48457
72960
53310
46066
24086
70497
47970
83399
57007
61816
62155
12112
35391
43276
58290
79791
21599
71768
86645
14721
30122
45246
43443
1726
78000
48189
41315
7967
77629
84632
47338
46731
9049
8746
2228
9531
28727
13199
65663
61929
81306
66943
18759
80326
11399
66479
43502
17965
36102
31595
69360
90076
5527
56365
61032
53557
89106
84603
90504
5915
59904
93345
84567
87399
34078
21273
55834
71045
39007
50355
51539
10793
20936
17438
3147
86393
43786
82030
42270
5162
26328
71279
33636
31813
49425
88531
33969
56304
90105
17280
52926
48048
41733
70353
14626
77005
89902
75534
5520
57561
76942
69734
38294
22114
15848
37363
35677
61663
61937
9967
65250
6932
83198
33903
63886
21442
18988
27755
57531
29718
62019
44732
34741
13813
88512
24045
88769
63450
23847
88807
58970
81930
84285
36808
10977
6129
66605
76688
76260
79877
80746
58453
36271
37984
25419
60338
11021
4056
61616
51563
85494
37489
78068
44897
54777
55061
62704
75484
23481
38283
52988
4337
61245
25595
45214
59416
36287
28250
10463
46993
12498
1096
60864
66952
49670
76157
21792
73151
76618
84299
80106
20095
62316
12218
38219
50051
48502
31909
67558
26766
27843
39841
72457
71710
60480
11679
41334
49597
80159
5379
92484
21609
84917
27238
32729
70260
16823
56305
42796
24212
17276
85885
24589
46646
29552
27078
46750
35933
81767
12155
59639
18805
70361
56005
43538
71843
81327
77622
6409
59932
6531
76600
65392
12863
27711
35982
18114
46286
43737
40994
91315
85257
10509
81122
88874
40144
81697
51166
85174
56989
61894
56683
74944
44072
8030
58396
63251
66718
78545
91390
63831
50247
43149
50150
2784
43618
75771
76190
84366
83908
16095
81242
58139
67461
66637
75432
71650
39745
91071
70609
15718
44542
72288
77182
55335
64913
72100
52416
84198
62079
20182
70325
85465
89716
31445
57080
73460
61070
93146
61317
45115
50655
30501
77623
6280
68970
89593
60500
3951
78497
73472
27045
21409
37621
69280
46920
25263
90809
73135
50254
5642
74826
49687
80495
1855
48639
19420
77404
90767
801
70133
78022
31094
84785
53216
17961
65927
92314
25322
51647
93019
85516
55473
63368
48063
16218
79659
38686
29348
89791
9927
75251
72974
50281
30947
56980
52553
16250
19761
90064
70969
13683
88514
69610
42678
75844
58816
25624
76010
29995
78687
90557
57337
7252
36665
80458
15784
71633
25129
23942
63847
3013
51303
81143
29889
50394
77115
6211
80653
37350
60995
68880
63220
81308
39242
43956
69709
28087
1809
92351
34793
24857
45721
22093
40927
45000
81903
75681
66856
80706
43012
25163
68682
11220
19491
74217
37606
5211
9968
34691
12224
14260
54117
75261
15959
77109
13875
80718
70807
47097
19432
31045
48630
53956
63460
41542
16698
29260
42695
34483
7460
21528
74969
7751
80572
61118
41970
80625
85282
72577
67318
78399
19794
82245
54861
42115
19656
66769
60137
65187
23635
35219
82981
60973
39214
14534
23509
8348
35911
3857
54320
9532
93110
43756
80983
58587
67928
19829
93260
31179
88603
51863
70308
68278
6527
29044
74043
33054
67502
92334
54931
11873
87181
39197
61844
78744
6705
65685
5816
75993
9144
51661
39144
7350
82077
93037
91926
49809
48217
75229
14157
66099
13929
63610
36756
33919
66098
56678
70038
34342
33385
70975
72685
17452
51270
27312
64400
47862
35930
90336
23638
45920
59699
65593
64605
51100
49830
52114
24951
37291
89508
2473
78147
48355
19917
11093
65142
71426
68662
12961
28955
84416
88516
41190
39999
23770
37897
33874
76772
66106
86694
49844
17485
32055
16590
74975
91386
7095
8033
461
71334
59210
68655
29203
30914
32445
92340
13349
60630
48158
78992
28822
29067
29079
71812
37965
91995
57991
90252
72998
73310
68068
77184
79040
55323
67303
72610
5283
79159
78145
77202
4010
79133
9874
67352
62436
83802
10767
1954
53604
2892
42907
26527
85578
80260
41559
33141
83556
90689
58240
62108
20263
84267
55857
21874
5958
36471
1312
47768
85673
33144
70760
14992
10680
85610
39267
91101
4355
57573
82470
47669
33112
4363
39114
48260
28885
27563
79394
49465
49460
29638
3488
60823
75957
42225
87756
49661
28721
6937
45289
89627
11541
80811
26817
49215
870
23889
57297
58536
50990
42918
70180
26785
54497
85874
41238
5644
4790
1229
59718
26988
89069
87885
4944
22172
5522
69247
38298
64751
83195
13931
44487
76565
54640
18844
27678
84233
51685
71431
84403
52024
54087
67381
91612
77203
18741
23102
26969
28639
26448
67760
55984
23420
60752
74462
47867
8337
54307
48335
77151
59288
56184
15810
45107
55051
52124
64428
41982
77045
39341
52805
49609
69027
67839
27922
86838
28549
86699
32044
53158
41804
73501
12456
76682
35801
56233
72599
31289
15036
14266
49776
58509
13864
43017
32086
39474
11180
75467
90528
35936
83437
6283
72391
49755
78540
54905
21852
40250
51191
24251
79335
74871
35258
29016
13862
59191
52306
19357
7625
48152
9282
55191
66848
16822
35156
3408
13366
90633
66207
51646
50665
7723
34153
57318
90971
6589
85042
72306
41045
41812
73422
89346
44323
21371
8601
34573
62114
76898
9059
40329
70179
32557
5213
9376
13911
37130
88910
50728
35451
39986
32915
62403
21754
53824
14824
23463
64536
75647
18673
62672
10055
71070
79054
76882
2751
18811
16255
54245
5715
59402
31175
19681
45265
54120
7951
33775
21295
84278
21322
34410
3035
93085
81793
71370
35330
78289
67107
22346
83028
72398
55597
31712
23973
87741
57983
52427
32856
56034
76739
80934
11135
82805
87279
2182
52710
89538
85063
53545
41350
21758
392
34496
22831
12982
7288
21419
83374
47557
1665
42208
88582
10708
33072
24127
29553
34115
3469
5098
68881
61424
75797
40546
41342
73600
69014
3864
3505
77221
59392
91789
39398
78569
59972
58403
5986
79588
86863
14657
68883
60277
27194
33716
68728
66559
22288
14407
61237
54454
79184
58263
21486
19905
4850
30534
15789
24018
58735
69403
17858
67865
52014
84724
53066
61270
40342
82164
28950
18783
76636
45445
10471
86938
36982
50037
58656
16717
35883
86509
68025
28381
72694
1779
9743
5165
86457
54048
20583
4380
71627
27400
27465
72750
14398
16396
21573
8578
80126
74952
66005
33954
74037
1969
79926
51427
51369
603
73424
27594
7139
46091
47628
55375
56465
87837
21019
85070
27556
77621
72253
85512
1669
1561
22661
88585
59463
47918
88913
49366
90123
83290
9659
92119
70162
82783
41363
59717
62923
77997
13132
79417
13096
3862
79460
64314
20632
50323
83069
51049
84191
71067
27941
84742
42970
76990
27099
8851
52459
38901
20421
4085
77090
58255
37052
43563
92299
76322
20233
34878
37247
3165
90085
82395
34970
15575
22909
70758
33005
81077
16850
86372
88614
18402
56142
57813
63787
11122
18732
32797
15951
39754
89094
7123
24665
37636
61479
40524
40548
1786
73429
73261
58351
86273
8153
5938
4942
17463
42898
54934
47475
88089
61902
20444
28614
77628
58574
46786
30746
56535
34448
45098
57564
33022
63376
17733
30052
19544
56351
28527
89013
36879
60053
10835
68186
70896
45321
58282
41467
77551
44115
85903
6605
75254
91283
31683
62439
32307
51117
40621
62304
27857
81723
8997
42834
72679
2282
6581
86148
32993
65278
58274
44084
75556
21228
59296
40486
72764
68237
33111
24465
10848
57898
72166
19644
92039
58906
93344
36190
55478
12871
8476
8451
27793
40514
26353
52741
4875
36819
67315
64239
89738
46620
17688
1888
58425
83253
84789
36562
47576
37482
40226
74896
83812
43334
12115
3310
22883
75773
23804
53587
40253
20151
24494
60810
5352
73849
63874
66616
82480
54433
67648
26069
11490
37938
63200
41176
41920
36117
77431
70829
48856
88284
6573
87685
91488
1863
62633
86743
89488
80709
43884
26582
32578
50984
86337
89024
5664
75663
36579
57281
45409
16810
82995
38212
35001
10160
82016
7792
12371
63199
20199
10165
83182
33542
89297
90634
15509
23809
32099
49992
77489
69111
53739
44708
18755
90169
25700
66568
89277
70705
4799
33443
22791
53550
84371
84030
648
37169
43171
37301
85577
59110
6212
20967
58341
38562
10373
92431
52449
26530
4310
44632
63687
50480
20130
88122
48660
34879
73640
19851
84
39493
27996
81343
6878
5129
50054
10676
17529
39321
71988
29904
87864
85183
79526
28457
52398
33039
69013
62135
79987
43968
8687
69847
31704
41807
56954
67644
22690
26656
5810
43313
61298
90079
52810
2656
10916
83141
46709
22417
63234
81822
74400
64632
63903
82697
27761
24933
8269
42427
72951
90943
11310
34754
80096
36992
62907
67697
65037
77547
28525
9231
80134
78549
18254
41127
34999
51158
70062
31751
55503
52294
75840
46568
57964
33884
63829
48946
8850
75021
37031
34797
3885
72448
36795
72666
64191
56856
21233
49374
79535
87482
1198
59398
86979
35183
48231
88533
17413
56477
54030
18136
84119
25787
70688
44549
13697
47341
34895
20117
16963
70558
28669
43494
9722
82230
7060
26144
47467
7685
55585
10470
18025
60225
29751
50675
75519
71136
75529
66377
23345
83921
53961
49410
70604
63774
24831
13308
45614
77820
71734
36266
20073
16625
38631
12944
21219
12820
42264
51022
52251
64910
78043
59464
75160
64861
11569
23958
86226
53332
74508
59126
73147
34461
61185
91524
34152
7302
26001
79878
54949
78529
14183
80486
58642
40456
68815
16361
90785
91649
66770
75457
85657
53716
85392
57869
50627
13407
81563
74481
33436
90379
56239
47170
36862
51847
19773
31845
47422
64212
58128
39051
92576
29401
9723
18338
69006
8945
80775
73631
45987
31523
19854
40764
45283
2492
59552
63979
30934
6435
50771
18087
78370
55714
67690
69413
11237
10768
57183
32210
4118
19434
67377
19582
82963
2644
39404
41719
90109
7433
76939
86007
46872
58306
59281
20144
78768
25542
29186
5732
11866
53811
43272
11709
12596
37786
20819
51613
43868
67389
7717
10582
32773
33943
35644
3406
76150
25723
22608
36224
3898
50374
29251
22735
78339
23815
85378
89451
37761
86777
26522
48307
60458
6677
9541
6834
29873
54679
51937
27797
45755
4478
4406
50590
10827
12672
40579
51019
72305
420
41646
30177
17076
18613
87410
12760
12017
4523
86717
39233
91416
86096
15595
90837
13849
55125
35076
83534
54602
24725
24020
9782
29747
71951
52886
43285
43061
18848
63081
92275
72049
28316
66774
69848
35059
83542
72801
63429
15998
63745
76386
1017
93339
61629
19109
84832
43031
66666
75289
22968
83270
52098
36714
72798
42936
60791
61835
50781
41776
82166
265
63526
52994
11232
51315
49220
70392
31669
63732
88503
24879
31746
53111
36191
3880
15435
9482
76594
89420
21734
10340
12200
53539
43687
88543
47433
67373
1257
22400
72680
42927
81300
32330
62949
52312
31040
9421
93169
21929
44942
59354
35728
40853
45512
75917
74378
52381
36858
59260
29068
83571
12579
65074
29968
66625
69757
53042
78125
48374
78555
27097
31982
40905
13964
8963
78187
44830
12380
8593
33056
77802
8200
52767
81057
10203
56802
23985
56689
46964
56855
52966
4050
72709
55875
67933
51887
78679
85097
13826
73851
1238
47192
597
20230
30420
81534
30253
60514
62190
46697
9443
45589
6110
12725
32065
57369
3626
92706
23149
41553
18910
44540
57579
30228
79090
30858
74280
16807
63373
12853
15397
74615
56492
41474
34503
14141
50995
3416
41090
59237
77729
30374
16183
48902
40313
3819
67719
19361
54972
19629
53880
47172
54733
17409
4949
70144
2873
83060
65369
33819
89766
76362
32870
19492
22776
36964
67530
23779
12342
2333
16443
90859
41544
56505
851
32924
21586
73313
13903
34257
35237
77402
29174
41383
61583
17308
5274
67761
7220
30031
64772
26827
89210
78260
58921
77462
86776
33007
70427
74004
53073
63686
55619
86371
58248
40833
6648
22196
62898
55010
44070
34535
30597
36965
6281
21939
41528
34493
72059
25169
67645
26906
21066
55343
88158
22142
77592
67321
2677
58864
64355
89635
63163
18914
21018
66187
28677
24947
30429
89867
75440
34492
74778
11700
23983
25737
43667
80925
13267
64163
81508
48622
44401
93272
88021
19850
69910
78251
23677
72255
53441
58904
24735
75316
56536
9984
38853
32618
46904
691
6844
81492
51902
1518
12233
18327
55362
29950
72655
28970
6051
67920
87881
38428
2571
42438
50968
58564
72216
4905
5814
79153
65328
38762
55075
68859
72997
39204
814
10540
8570
87433
83422
27047
49445
87559
73162
82445
33078
41364
77313
10229
47287
84848
38159
51485
3450
74813
51292
64747
31768
26953
26794
48650
91676
25984
14441
86721
80224
68522
3850
37672
27172
55066
1087
621
13435
35355
88772
12572
16597
34986
23353
78797
7591
58763
50508
2650
869
28123
83350
77892
24786
6135
37469
71587
59531
68489
28209
9208
88393
31639
62758
14180
13861
48222
73026
51002
3510
1851
59383
34389
41235
19387
5870
27739
61776
36815
5240
41430
70261
53908
12275
91245
20340
76308
80171
23630
5347
9913
75447
52056
58372
11674
32851
24871
51706
90158
88856
21612
14216
47703
59944
75965
88757
42249
87803
30202
4236
89775
39226
53071
13865
35452
93401
83215
69343
9239
23209
17771
78376
72079
64244
37474
87376
80844
12475
44501
59200
11402
37082
42861
34179
2396
3594
7974
1844
91067
58682
91937
73179
49630
25015
77410
28803
87281
9760
77769
21259
19206
47916
634
59542
7200
16440
43092
26647
92503
29147
50704
34403
80734
22037
47534
22587
34506
46644
8819
89029
49283
84784
68622
52034
6855
14564
58798
53369
63166
132
19750
22440
69553
41061
43898
16515
16372
87616
48979
50297
66205
49038
80884
52909
86601
12987
28681
58221
20509
23504
10514
31752
18063
62068
43183
53988
71666
20418
35756
24567
7519
20945
79186
84373
58271
36341
13353
64168
6394
75225
55720
73055
81747
6105
43408
91640
44057
55250
30941
3794
33231
35416
92918
27788
65636
25100
33521
18828
7259
69707
75560
22347
47473
29720
71243
62338
35459
24846
833
16160
54475
43462
19187
33256
19295
36441
15598
49536
53306
59211
34728
90913
90654
30648
35996
38656
29785
67535
42706
86246
36391
47920
54323
27862
12088
39700
28992
24972
82448
85976
15563
79112
77223
86874
75648
78806
41814
52532
53081
46596
19253
82098
7307
66324
5567
40100
81456
44486
9898
40104
55483
9972
72953
72722
73903
32056
13915
60511
33463
86202
77544
34386
60090
11328
83849
1243
81507
14794
14137
67459
63114
55308
33764
92769
54776
32831
68910
78524
48196
17511
25269
5804
15673
10212
30867
352
91532
70394
23188
87861
32373
88364
59739
64449
93141
81596
68389
15713
47230
46009
44911
83417
39516
91615
81157
72353
42941
84004
64731
30758
23569
43100
30098
70432
68145
92523
50551
7919
17553
31172
10569
13029
46322
58146
18704
6584
83295
60779
68265
15668
71491
81410
11924
14236
39825
4781
60677
63129
11124
79874
56187
35859
59268
17500
53799
64700
27415
54624
15211
78371
87798
91976
53815
33872
29500
26335
60619
1382
89020
35672
87569
82193
57732
13895
29183
54132
30699
61036
84877
832
76105
34814
33362
916
83432
92868
13941
90262
44558
2630
36466
57290
16896
51320
33501
86897
92947
84010
48904
45033
15656
17960
27317
66351
66144
26410
39524
24235
78007
2214
31213
84413
85723
35621
79653
53027
46858
53161
61038
74857
5942
6817
40154
62783
23069
87256
58757
78829
50539
16554
6536
26135
90113
46325
78098
18702
18872
68939
10587
31236
56354
56110
24594
40113
87224
3940
56270
23411
75132
7780
12095
35013
36058
63298
57763
52111
82370
71859
38484
70651
58035
17407
9811
29165
69660
60307
64291
87164
76210
59122
62020
17078
83673
51971
9412
20775
92979
57453
71066
81538
29064
10946
13103
29987
46185
29041
47553
30608
27160
82512
72719
91334
69626
92159
33997
53576
54090
6633
69276
64076
64401
30601
35418
35060
4141
71793
29913
12843
12036
76145
67268
45545
43060
28305
1769
39807
68694
4066
13443
44781
79080
34627
29810
44826
4849
61850
27477
78695
64580
5930
12117
31631
84606
58434
27933
38521
44962
33011
50759
13076
46686
39490
21835
41786
38928
92637
75069
60692
18816
55882
11276
4253
42056
20408
52465
9582
53842
7040
36374
92454
81404
56726
10619
34787
32819
70592
40982
82691
6823
54266
91107
67540
33080
42805
37038
25554
38074
51846
29584
17218
34872
67701
70008
87
45539
37688
48576
47117
82781
88682
58478
61367
51075
89138
5678
3033
20497
25813
89994
86944
11837
76626
2273
53679
83749
18773
75743
69737
79921
16015
70193
19964
24459
4420
4350
38523
8472
16283
213
83285
34692
9047
72124
11493
62823
84273
13541
49946
92140
92266
65991
47276
9765
29546
47328
61982
77581
59304
6759
89137
41161
92276
7598
49753
45811
7994
50743
81184
59923
77298
49424
9005
83011
15512
56378
69406
27981
41870
82839
22023
30455
20600
49595
3470
33934
50284
82947
46650
5385
24573
75040
69411
70831
3490
71350
92897
82736
81501
23787
85207
60417
21502
90331
58307
55865
20364
78034
70065
18939
59355
73269
59139
6821
74661
18600
47214
80935
24174
73910
73738
45425
76480
82762
50027
55105
92356
67674
38053
35478
54380
82674
771
4939
11053
16420
16379
38475
18144
49065
40677
11283
13097
24595
44914
53919
58011
34214
80064
69480
57968
18701
60008
36063
59156
30004
32975
61861
73839
7078
42526
17565
91458
17667
78227
85050
16836
14035
59444
5406
71337
86284
18966
16138
22549
81374
5792
75019
6431
7134
14598
72506
47902
36359
55281
53317
76360
66132
63915
48645
20671
66173
46955
8489
5573
91307
76372
10210
84503
25364
72935
85725
92553
24245
2370
18968
68906
8685
47304
40530
81347
36738
5061
71005
65477
32612
79571
17085
38923
499
33199
75973
84064
57188
806
10969
76326
83259
84184
33810
14230
27709
75500
80975
43663
31260
55532
57865
46289
40035
71169
6884
90549
82013
39378
4498
34071
33413
21314
66169
22780
87141
80649
78665
7653
58280
87959
26253
51972
25517
58429
1119
5417
14251
52917
23903
27950
24303
73999
84076
69131
48320
52418
29148
80289
8228
55137
84846
9450
91582
79471
56198
8770
5096
31569
76182
24872
51898
79866
14031
90738
12070
14356
80249
7393
78859
26737
87751
20638
75434
77702
83387
40256
77803
81167
46319
8086
64743
62836
78304
85018
92704
16976
29173
75635
19932
367
49561
13807
2026
34830
63253
39097
12384
5453
277
34364
1416
12002
40831
66048
20801
68484
42537
50877
50647
18546
25501
74784
48962
5364
84444
59187
43533
40092
23382
48019
59669
43379
86412
93284
61027
79661
57894
72931
48544
89043
89061
18791
88908
74310
71893
43103
10877
44103
79149
76201
13035
58785
55409
30412
37271
42211
29549
19400
78916
78645
16040
13891
74920
54521
65766
46445
55470
75836
4129
42917
87586
85540
70860
42687
18727
76451
59297
46971
90956
51516
56259
37452
9330
38622
11307
61209
47297
81748
64550
60763
66544
60515
9921
81713
63735
3654
62043
8061
21627
56820
23681
49306
12150
31086
14605
27264
67067
87088
70408
20862
5429
59582
83703
83895
42512
30039
71576
11838
20450
44173
67731
84866
73123
6753
69397
22205
24337
8800
43836
68958
86642
63684
28428
19093
32980
50775
72728
60086
59942
67573
84136
12652
80573
2177
51138
41737
84870
10574
11154
50227
44508
25832
1447
378
62846
45954
3600
90532
23222
92750
91169
36010
4136
33044
83848
31176
56428
7129
15123
28582
24793
29063
29400
41316
36067
52915
67924
66197
81910
27144
58890
84456
16684
16629
3048
25353
44937
43822
25886
86158
55627
46626
48838
49831
55590
26634
91687
30196
7452
66477
88271
22060
61204
92813
76796
17020
45975
84833
63898
75819
29983
5223
89876
27334
7364
90292
79309
70480
60970
74835
89417
26645
66136
61749
33338
66981
21287
6056
81607
11508
23384
52044
44908
80790
22554
31992
88357
67127
33923
6313
23752
64110
16829
91722
9528
55213
82233
35147
78511
63857
71775
20001
90427
88966
7471
41763
8639
58573
33154
24064
40382
44566
77508
73023
74349
25003
23344
32194
68399
35290
15722
70610
91718
56253
45021
26326
24960
49664
26936
38764
84825
87464
82897
7429
78774
88510
84186
51137
65451
12395
76229
43465
50156
87020
9289
44956
57271
37809
24909
19878
73476
63455
43505
50208
89530
93211
85753
199
74317
78353
43960
82323
27446
85712
17399
69609
61987
45150
50092
17747
29152
70956
3703
88187
5251
82591
47221
38234
69973
57148
64943
56260
36358
16747
3288
3427
37259
53124
40475
89707
36407
20321
66485
45428
17153
28330
79068
15582
831
84735
25069
82829
62146
12415
53726
59329
69932
9045
7410
38443
53718
34277
19671
16600
25856
4353
5884
67480
50326
39340
38896
31191
91828
41185
79316
33630
81879
32688
67599
50238
40638
12351
63501
15373
45330
40505
49531
79436
77541
18423
57613
58492
16411
1044
86080
57878
92802
39379
61760
28200
75942
14013
23762
50396
23533
46079
27053
51189
54845
36247
90723
80345
6493
41323
38364
21812
62870
82572
64471
86067
12370
31883
23085
75979
91987
15638
52253
68213
91810
64238
28244
17007
68727
22983
91269
48846
55083
56374
46305
26095
46490
88929
43640
58578
9656
10347
88932
37957
53389
86229
85995
75683
38568
41575
66147
62462
77867
40230
80082
8668
66694
37210
63639
30456
34610
23935
81565
34068
40767
82629
52969
61945
23350
85746
15146
89689
50025
31614
4813
43209
91972
16310
30335
85814
30050
18550
71123
50773
64832
60344
67036
26807
12686
69938
53904
50430
20326
54184
28328
38157
40537
10080
67142
92184
5727
92618
6323
46502
69085
80049
40667
24586
21226
29289
51237
55547
45312
58310
74073
25777
3805
69355
16282
3030
89698
77414
39894
82921
73423
43413
36575
8329
79085
55481
90917
15681
4314
36718
34715
23754
36751
90307
90377
57069
54874
82176
85662
83882
24752
45069
25948
8259
65921
1137
63828
17239
71188
3927
60330
34358
64279
14945
56153
65805
17492
34549
15411
63059
85456
46804
46339
75175
87226
38925
83061
54394
41499
59365
1589
49749
13009
74594
15023
15050
43535
60606
31240
9257
24100
49143
30097
90295
91236
19318
16404
75854
29341
50292
15193
64997
24751
78180
85644
27696
10854
49598
24559
25267
83365
61290
71684
16021
81268
6345
13858
67320
29268
30802
77321
15632
83110
83635
68942
22650
70560
86213
33935
5950
64795
9786
38075
59707
73073
23249
91087
48136
48116
81518
53401
5953
23433
12232
44177
41747
65544
34372
15149
9844
24574
25294
90390
14724
91635
48037
18360
20319
17815
32832
56027
29120
54217
55918
67925
65270
4365
764
40765
28414
41480
25191
59792
75442
60448
15406
16124
11401
46811
89493
44668
48680
77879
63135
24052
48501
46356
62081
25286
13445
69218
82687
23885
24215
69386
49897
71464
35576
45675
56439
57554
64114
45066
84979
86541
85913
15690
75270
2467
38278
26658
78447
59415
29512
89454
44537
49600
12765
55537
2486
74030
69569
85036
6915
91380
86934
47584
4276
74788
70697
38534
18444
89146
63637
84726
70078
67334
37342
60201
68288
22010
57439
53482
55106
61060
87325
23745
29917
65213
13886
37385
27183
54668
22948
90254
41375
41947
25986
73959
6827
47152
11997
57550
16532
8820
50904
55935
39865
40901
87298
74313
68831
68143
58104
56139
24294
82292
24016
37961
54482
86907
78001
697
32798
49041
91472
1995
49966
83486
50006
46038
91671
93153
10430
16738
79306
19855
67938
15166
4049
61399
17745
45488
57464
46885
50306
64456
39884
13536
11892
79375
37433
3637
65592
80533
51313
65105
58584
85664
58628
77850
24143
21585
31818
643
34457
11985
91354
593
11872
41246
33823
11185
59362
72163
9996
87892
700
79919
78870
31604
2237
83893
3351
88175
48996
90639
21679
5981
66789
16936
67656
14221
2741
45269
34783
25486
91648
13924
68273
32128
15229
64837
87771
58802
72531
44331
76897
86959
25956
28177
68347
3197
36293
86629
8878
45891
83824
59476
62853
89007
13220
16487
33707
17349
79902
92680
38303
57217
15611
81250
88281
54243
50140
83337
30885
48203
58350
35350
84705
57110
84863
72724
79829
13555
91126
72769
67235
88127
71829
61105
76880
69554
90730
36560
56904
71776
84991
75036
71116
25313
81153
69156
62359
9651
4397
88972
50275
73598
24982
58449
27835
17678
78532
18953
23365
82713
37857
47029
67017
65228
76459
82953
63465
75427
21541
48274
56946
43938
1947
87453
1331
11874
90613
51345
88638
1160
14457
39369
92192
60613
32020
83976
43150
49513
13914
64120
1773
89787
14665
44805
40531
26938
11057
40919
54914
14560
29706
37116
29708
23604
11292
59153
1353
66196
994
64447
41508
45950
51046
23519
18533
50099
57014
19627
11649
38466
65362
32550
68856
15433
74
90739
74513
65994
91328
16556
4530
79977
16670
33849
23794
19351
50465
24345
72661
25298
27148
65303
9069
85630
87185
84996
32360
90477
59594
23404
91709
50829
17268
49450
52797
46408
29424
90778
2958
37691
46778
85931
47306
22912
1625
35738
88403
44
20753
62012
34381
4233
37478
10936
9662
70349
43411
88238
29392
88462
14872
93036
84481
7232
457
69677
8036
25211
87241
11509
10819
89732
88342
13868
23168
49378
39229
89982
29520
70053
7262
48292
15263
3867
80585
29971
86867
75471
13268
38723
15800
64248
67290
72725
74692
35824
35777
23111
73305
91448
58405
91700
89478
73547
18878
49133
40181
88610
69443
44051
85337
52877
89962
92098
27540
36047
49420
35889
17497
124
65985
25481
45494
16316
58768
11704
85553
30193
52026
47533
49957
18992
16648
71868
9287
60075
66651
61405
61504
75677
35781
55777
77813
52625
65595
41224
40869
91461
49579
69338
13564
51258
59104
44756
14345
7447
57915
71507
4546
28621
54552
2244
44307
46183
30710
89034
24203
69686
2242
63851
56935
89401
51637
15078
74606
81749
69613
42053
50035
25260
90577
13806
90217
49045
22716
52206
28813
90168
82051
82316
4698
63302
51007
799
67445
6381
80741
6362
17782
53756
89749
23499
18648
43178
83828
84419
18134
4321
58835
78981
13887
22380
70827
90321
44594
55631
40991
57470
18938
4521
59580
67771
31983
9418
50750
195
92088
66501
69378
81038
51564
15080
65571
77426
32687
86332
57384
16798
38248
32626
18920
61505
171
87688
72252
53696
30633
63020
9392
13421
57946
39292
89405
23537
70478
15136
24264
77372
71903
32996
90110
59474
38363
21749
40824
8972
19388
34965
3542
92045
21386
15076
82014
3818
80393
81922
18093
71030
31917
66396
40908
15691
4006
81786
60314
89560
42335
44309
57381
45543
30472
24686
87408
57172
53723
24089
32662
14541
6422
19498
41550
44593
11995
15486
65166
49564
79662
55092
970
49145
64641
92757
51935
9374
4908
83206
26515
17611
43992
19006
89173
29077
12405
11337
89553
49353
91382
11567
12254
17956
33817
80859
84322
179
8392
49385
6610
55753
35940
1488
60332
59087
3215
54488
82955
49364
74143
80264
78582
54959
28816
78004
77829
66782
37103
24468
90814
58658
66659
5763
13467
24572
50957
48817
4927
53859
27328
32163
25271
44902
59895
66949
83676
8073
21707
16974
18743
73291
37887
3346
16071
54063
61642
50610
75727
92822
22032
84808
44654
17134
73229
58810
44963
77963
31050
36195
49707
23778
3248
34299
92082
93201
26998
61599
79679
37598
18986
9997
27585
32656
80200
19135
72941
33928
40165
74626
35886
21905
24084
61115
58346
29884
62941
9676
70762
64021
67902
28534
37894
27170
62890
63239
64350
64108
13378
39799
13943
68074
39385
57370
82960
45695
77055
20297
36285
69510
79623
2528
50991
75206
77944
79187
42901
79933
13086
1909
75838
42007
88065
25412
80732
55290
76825
51311
70183
20578
74485
51844
20261
69722
89558
20892
78542
17741
3778
45009
88903
26540
47120
32690
53714
3653
92153
66923
23048
75083
18662
47841
88204
77458
11558
34995
68233
38916
11326
72825
43367
65302
84695
14771
42812
33037
10523
83232
53479
60003
45235
12816
57791
76756
82404
46984
58286
84747
46256
68797
9347
45498
18405
80592
25634
15306
30371
49628
67128
9666
6908
30800
45876
43289
27058
91540
21443
89645
69160
28702
2569
68844
49824
45060
69594
2705
9385
6649
91554
14385
81746
9537
650
59798
92630
43856
81241
10401
64900
58708
54533
84412
14542
39891
19352
62445
63837
74965
55522
642
77467
14797
72947
34265
70503
91770
88687
60276
74055
60146
81431
44125
12180
65319
15408
78627
66300
6085
73115
28572
16205
53397
52407
188
79804
19679
91363
64566
91272
41918
23710
88798
79896
73149
32594
53307
67641
88618
79115
54784
66036
73654
57536
43302
15568
68289
66323
82418
46195
14159
58010
38371
9089
42345
27624
59719
75992
6734
8773
40111
78057
45526
42147
6334
68291
24178
29557
71517
5053
76230
10539
75688
35114
5620
22051
65465
30899
80956
43393
51987
15934
66953
50209
36336
33595
52461
2746
22015
5229
24737
81993
19102
14861
9397
89416
15462
29277
79630
57344
10699
16904
28211
36820
9164
26325
86582
69368
27889
72740
45622
81848
12323
16027
72846
93072
44562
4333
2908
83727
9167
64667
62630
14193
29327
46545
12629
10094
19837
70986
47142
19478
4948
5307
8867
84583
64779
92021
89858
56078
78235
59076
79160
46767
67571
7468
36643
92699
56822
36165
22074
75276
17934
37381
53413
24901
50246
19132
15220
32262
90246
14777
66497
45037
34693
65809
54528
35077
21654
31675
72358
8921
85049
9121
17816
77726
30189
82514
20192
76865
50560
71342
11082
90906
10318
61345
34557
72370
36716
63799
46443
28353
38584
51953
89383
9701
16212
85872
1247
73031
93197
39871
91489
41905
4061
46714
68000
84685
89260
79453
63966
26605
92173
58804
47212
43226
14742
57441
80325
69102
62236
16303
35617
30527
53130
37225
84868
23589
43709
87440
11775
3625
29675
55509
23013
42134
91803
35664
54357
81770
41125
3163
2684
1988
60005
47616
20818
77774
1951
79441
6374
86693
139
70772
32221
71118
39886
21889
65483
49601
6554
74690
17955
66756
50360
36505
50406
66483
84356
59417
75989
37471
54816
66905
51722
33885
37808
23665
69591
53891
13479
59713
77416
12367
19688
18881
19150
28260
56794
57960
45049
30747
65012
25800
46450
43106
35238
86534
66833
8328
69461
83445
61732
76903
73044
53286
55163
71437
75616
26454
13551
30071
4956
4611
30021
32872
67265
45696
21977
12244
11938
71199
2716
79835
44096
48824
16971
30160
20098
92951
84026
14899
77753
66373
22492
63541
12947
30906
84810
79564
50737
20392
26860
85734
37593
44995
73791
23950
83793
71230
44283
52072
39075
24499
56291
578
58386
50812
7542
36082
92844
43256
67654
79673
10237
56409
15384
71785
45431
76057
23544
52135
15352
8608
58782
74094
38612
89115
27609
33516
69748
64647
60402
56602
7767
25770
47274
41212
31270
36504
72499
11378
60811
73198
39928
90642
11054
48344
17736
30080
10907
32717
79494
3041
83725
68944
43223
1724
24703
12752
6196
37133
38295
61933
91267
43466
22648
23892
22432
35044
88203
48995
36935
8236
67817
2303
14766
69783
84436
88942
7403
56587
58167
86288
79435
23316
40125
89613
27673
12489
20484
15678
83669
84495
16720
59638
75044
21865
12698
90174
63343
80875
15254
18625
15450
13845
59883
31169
66614
69746
63926
52602
35003
43603
23100
31231
7579
17912
30403
2414
59802
75907
82266
54917
11270
87789
42059
67323
13017
50885
80055
47637
54974
70642
9174
52093
39672
21446
64147
88153
47156
38960
20079
37901
38187
27482
58172
43335
54111
34306
59154
10445
74205
3538
83075
15613
59991
33913
80534
52417
43785
42676
61921
56080
68257
74363
63683
86829
83555
62720
37721
80324
81073
67162
60824
81022
37090
26279
54123
85184
42597
48568
85383
37030
8158
42475
84468
15721
71535
41149
62449
50880
2536
9504
70063
80830
38754
92753
36696
65729
75465
37982
50040
48382
61048
16981
4344
17625
25009
13137
30240
87060
61869
86858
44448
15238
22227
79063
92036
56916
30554
84129
85733
39544
31311
35953
68841
16488
93314
55462
46047
32645
1050
19106
77920
92533
38342
68792
92085
3196
50681
14895
8326
60147
9082
49391
13908
31059
84037
45970
92904
74318
84657
41079
86987
37951
53836
17664
29334
51760
15599
12904
83719
92257
7840
56810
92162
91123
83477
3261
83500
35067
9067
719
9645
32543
61467
15311
31062
78964
29052
27906
72427
15049
807
64962
45998
33771
1431
92811
40830
56237
74874
38013
48494
4343
29922
40642
4588
49413
87929
73908
26237
22904
58344
87055
83498
1818
40545
462
11934
4687
55348
53777
88438
42173
27507
46209
84355
60390
60157
31949
52662
15357
18771
28999
32443
14472
20513
57885
81401
88227
36728
50678
39133
74726
88114
89413
23467
70339
26266
78352
203
90675
67123
14263
2103
77750
36543
53885
33713
41188
86824
55321
93134
1987
61571
8740
6978
61366
60230
55600
88964
68256
28142
46028
83393
67586
57615
32995
80008
70154
29598
26754
48983
70502
93127
2032
18794
17566
70023
15412
56450
42849
67135
22126
85249
27936
51017
76080
80252
41938
6202
75148
30638
22818
43958
83611
17761
72458
33510
17845
50429
55216
10866
84467
1281
43649
514
78379
69619
49082
509
13427
61323
40292
29073
84594
65626
26048
2566
1989
58066
15093
54598
79389
22496
63382
40786
62649
28502
32857
51277
31968
6258
55963
78076
37590
72521
71558
15182
49944
77332
44827
81553
26450
71738
2851
70552
3673
41423
48329
26167
73601
53455
60862
46645
25039
43371
48414
50228
49301
83032
46382
42570
81396
65656
37678
77362
33167
27513
49105
62514
20536
42561
20432
91151
38539
55100
24707
72466
19676
39592
25931
44341
14781
59399
84978
8827
66469
74414
88578
28396
2302
79157
36137
78846
76436
38822
78266
11772
83605
48241
69370
18199
88027
40145
91212
26715
70621
70698
50506
39203
65215
23178
68146
33295
70928
44680
58129
33932
2148
14965
75449
4024
21721
44326
1562
15548
91586
30686
63423
27778
81656
3554
47706
21815
67029
77247
63325
31872
5030
56064
27937
52040
68602
54619
18041
60747
18361
6991
86779
27529
87023
51828
37996
57176
49541
48709
35449
4549
26455
59724
84343
56711
82396
20210
47828
27637
34900
11915
86154
9691
90944
29282
24760
35053
39118
46929
36299
77445
41754
28440
66970
69929
75167
36179
53178
66226
66097
2024
61363
5037
16934
1800
930
43275
14852
26371
88161
32755
86794
59233
77846
51567
87852
39464
60467
64753
10014
44714
1778
3245
31671
72547
4707
44031
72909
88529
83484
22473
21499
72424
64162
50954
55272
92087
79377
9297
27121
51253
82374
47649
92234
28399
61320
3092
7058
57617
55709
19966
46120
8335
49275
90373
13311
42745
14296
71429
36078
11893
76097
44994
86113
85514
36205
80503
2966
64801
72191
86196
5528
173
43739
63175
37985
36609
69392
39151
83317
56907
75753
70617
10320
17833
37394
77826
23864
32139
13370
67675
65101
60696
16567
38211
73226
73222
20805
79971
31162
30781
28997
61100
59408
12600
55460
11308
69388
73279
63822
48288
22953
18904
85423
73674
89214
69727
27542
63737
64083
90163
42630
92116
15427
60493
82020
68049
40841
24455
56489
47729
42654
40357
9161
42653
84309
87524
57350
51905
85087
81684
16005
39898
46924
18233
73028
89983
78097
70554
87578
68295
45690
10627
46390
62307
68928
20139
42727
13708
50698
17313
77760
61995
79506
80468
46161
11839
81627
6030
8280
23032
13028
86094
68043
27038
18542
93304
51372
50695
88821
70463
73559
59490
44067
60528
55205
29051
83238
15505
42245
90729
76247
37296
8143
11470
76828
7389
53372
53813
47860
52630
9153
47044
32206
69420
6553
14374
60739
25985
39939
11448
20234
86286
24469
8241
25750
70095
35166
9717
83805
75080
23965
45095
9310
48735
26245
31438
18834
15031
15252
41885
85258
50830
31394
66441
43303
91008
30384
6095
6558
1730
25493
25110
92830
26872
89795
20647
32476
70294
27623
34283
37863
752
82324
35461
10668
83049
50019
14938
9383
31841
8695
44184
70861
73039
73673
11460
76690
90209
26657
47059
6892
50762
32331
41819
15764
66028
39797
53105
88444
58326
40822
13389
56376
36605
50192
48632
31776
44730
7877
7209
43224
82976
74230
10123
49491
86002
23974
3722
64375
250
31911
71758
44844
66242
91352
69121
41349
88640
17006
43994
30194
50193
15066
20274
78596
22668
13810
62506
1738
46845
8941
70606
24032
26157
64509
60720
81939
73328
92604
23226
29443
49572
57316
46267
68828
77513
69124
30815
5122
42161
52211
20208
85358
22487
87658
58621
77574
29721
19500
40539
48233
88944
68651
24569
72148
64654
83613
23255
76522
51630
29228
39245
41016
46621
20880
27315
91323
41081
74098
70566
60088
64990
37457
70492
58745
78710
13778
70813
17273
69445
77231
80305
80233
76577
37205
45103
89623
81222
89486
18831
72853
69176
20147
101
78369
17926
92115
53801
60258
34320
4077
82714
85945
18344
37551
6418
64748
92129
63659
87795
44412
88834
91133
35116
8920
14018
20093
80165
54210
82871
20035
38207
75873
82106
2158
46087
50186
33562
68231
87033
74285
42378
47363
14098
47166
59321
31130
14170
47875
57521
3277
75809
9218
89599
65410
43632
67059
63693
57451
91895
45147
3420
64701
13836
42151
85492
44142
12850
33269
83543
37733
18415
40006
3677
86283
25809
93427
6414
85804
53797
61148
53644
81878
26235
78550
48582
24637
29612
5856
58846
55114
48888
76629
58585
71096
41896
60714
10645
28686
37876
20438
19172
31182
14045
73669
23575
41645
47554
79102
22730
20384
36297
86753
12424
51862
39506
41934
70128
61556
2666
33910
30734
16733
49684
35037
38068
3960
23927
61647
12514
71440
79262
57804
22877
5391
82865
61820
77531
82581
23272
24552
88785
68822
80068
91241
44434
20733
64557
15009
28359
69399
16244
74598
78238
25687
17045
15104
78700
70120
4633
37548
52359
32314
13186
73109
35862
65838
14977
27914
30475
13274
13528
72706
53910
9793
68909
38281
16486
42106
9671
77378
69483
53706
29427
82211
80783
31771
38427
39113
82925
33561
84951
11432
20684
50202
46215
69514
57266
6877
48601
75803
50973
79521
23919
78019
89109
16943
85613
35675
15098
13055
8090
66217
83219
58489
35751
71317
51662
36671
47672
16026
65268
6005
36304
90860
82279
52721
73037
51195
31572
57998
21162
54510
34717
25354
80782
92118
62832
17827
66399
60364
84777
41443
43965
1637
19327
3020
71046
69902
33624
34031
31859
34898
8445
49750
20088
19108
119
46717
1613
12919
28431
86936
995
24149
30010
33847
22590
78100
39976
29204
21582
10577
61726
34207
92912
1681
67768
88781
32082
44065
9959
54622
2921
85109
51960
43773
16154
17721
64146
37346
54547
72888
59306
76705
32104
49160
91587
22149
79119
1686
15890
68635
1579
30353
68796
65515
63347
85794
2934
20288
57697
42298
36387
35201
12208
80383
20737
32248
90580
51858
71713
40846
33492
91201
91623
70477
2202
1822
58060
81727
50612
72215
48207
18708
17013
78541
46433
40969
13210
46004
19211
15624
76070
83281
10951
21722
29102
68839
26372
64841
17142
68168
5926
78072
91870
88151
64472
27935
39873
89564
73203
87474
31124
82510
42102
26875
27991
88559
65039
45091
85536
5114
82652
135
46458
38676
85095
62615
29961
11856
3251
8366
22497
34722
44294
12977
65996
32683
62177
74396
87454
24520
49719
57569
14832
47048
91794
84816
58601
71143
37232
60857
84002
38036
79658
72160
50487
60875
70583
17389
28193
11383
34467
21016
74838
38967
38308
52137
59875
60368
82812
28613
25581
45012
18642
14667
92300
7733
13294
53591
51194
3735
7617
1841
56373
87807
49568
67763
49111
6291
2660
71
28419
18656
52481
63117
70103
42396
74169
49836
71421
50456
67520
59454
3944
56806
60465
27728
73552
88988
3710
58581
56854
35354
32151
22933
5565
63914
36536
16346
77924
89756
72097
66995
45784
39753
21745
55379
64946
81789
2936
41448
1461
73015
31060
64720
10440
41038
85906
32772
89514
40959
26526
80807
41892
67010
77514
31863
53298
36494
17327
81275
91415
87423
76353
68997
14580
79226
55358
77993
36372
20852
26059
64975
17249
49840
85012
55861
9557
6310
64228
74515
91443
22797
74333
31198
29589
38522
33279
67208
23789
51068
86498
26688
49871
47173
80150
17316
45122
29333
35317
49267
60320
7408
50336
81840
45938
23632
53712
77940
24949
97
8079
54316
63754
80829
32019
89661
46582
67854
40205
50229
23040
38160
42119
53639
22507
80365
4746
1874
50587
64742
77556
41901
64180
28698
49881
50212
10788
80076
23357
33336
31145
80560
35804
74269
26927
73446
90620
13482
52682
28192
30154
85367
66256
6899
65653
47624
42036
21161
27120
48193
25766
40503
60966
52629
22444
43084
77918
7504
52269
54081
39328
570
33870
74127
84639
30562
54145
72347
52812
30276
69666
25195
18594
61765
79478
59271
34311
677
62112
41271
28312
1968
90815
34100
1578
67141
28732
74851
21005
39451
26908
82566
77693
82350
31568
54595
83639
92988
9409
70888
53191
76735
62285
29021
73538
91665
72817
79552
24507
23742
77411
50662
52483
31423
26470
78976
35755
20473
13209
89234
36135
38502
79760
67207
80854
50295
47952
65203
75034
27360
80613
18145
45125
85757
69781
49087
30264
41338
68162
89764
70529
80672
7081
54661
33326
45862
66790
41891
35343
65473
54158
55418
49898
47189
51973
72994
34505
67072
19166
35792
11945
82648
79479
90731
11568
70039
81349
18388
1666
953
63160
36612
29623
62355
67030
81446
23971
86975
60270
92928
92550
78533
9162
66892
89540
28468
71874
92219
24645
40650
18507
39549
24922
23046
63263
14821
88128
38260
84344
34197
77392
87989
75373
45038
18558
16854
35611
88935
47781
11152
81886
46200
91276
822
47722
92126
62207
44980
59127
5844
2627
30876
33805
87805
11739
83835
81687
15840
10316
79344
64942
83557
20115
8559
74244
42786
40731
37494
79342
57891
92878
78966
35613
75528
54463
37773
48060
70359
77999
43080
17380
82579
61614
37543
43555
53519
19428
24000
45803
40574
2192
32805
48939
12782
27069
22030
27449
78862
24790
80584
67512
32793
13325
46900
21127
92418
74074
38837
91565
66932
27254
42121
65399
57768
50493
16467
4515
22700
71565
43163
52027
8078
87327
62532
90098
27019
73084
15508
66487
87444
72676
64694
81158
6830
3499
79179
81372
21445
28170
6638
61512
3526
73826
10647
6516
49342
10003
28109
76520
52829
27629
31446
43357
89290
66491
46923
84630
37093
72731
21441
14592
7965
78061
61407
12327
16868
69178
23946
49449
40390
60063
87183
31357
6567
2020
42670
21841
36723
20653
38720
1139
83005
4502
79640
33038
41806
17359
93063
70868
77448
49703
58482
92738
78506
88192
33768
14740
86406
28168
70127
6224
43228
49477
6996
72397
78245
73717
24936
17209
91595
69188
76887
15838
35580
34609
34
6958
69269
25804
67263
98
18096
39625
63437
32243
32474
7423
24483
7488
35660
69834
76916
48105
16585
64505
397
45779
30333
86532
19686
49566
84085
80852
38122
52822
66521
10553
87982
45673
4386
9046
20347
71723
20249
75428
81003
53953
67185
60303
43170
28935
67448
52634
9906
11651
7037
75894
93286
52548
24985
7128
80216
28444
34484
57982
17037
83930
90392
9546
31577
66915
14795
35159
25618
53349
51606
6506
20362
10557
61523
75385
34942
78847
88377
85803
41707
36007
25894
37564
69335
21937
6145
62121
67297
18135
20091
89998
11306
65027
81751
46484
31250
16163
58416
36544
28937
14847
22604
42180
64918
16574
3034
79635
8772
5311
31334
5866
88787
38605
64578
40794
24969
81978
54933
45978
54317
31575
61450
34379
76548
49976
76769
88523
71568
83096
36672
80407
48497
90152
48985
93172
91350
71968
37139
43991
54897
38511
72084
38500
89151
88725
76328
29466
28739
71534
23764
35900
48005
63211
60272
76036
65925
88892
55104
68800
49848
58430
22603
33394
12593
61625
14553
65627
43734
67439
63949
66908
50174
62041
46883
64968
4239
59920
4749
19002
6568
42318
85842
76283
89799
7718
39048
61721
36888
85529
43870
11139
58062
55748
23623
20763
66108
71556
57307
63404
34718
21879
31709
73360
53829
33906
3617
78003
57764
91773
24361
52035
12935
3126
64685
40197
20390
23733
49584
38513
35787
23863
6891
62899
59146
13433
72892
6619
72673
22520
76611
86054
9604
26844
56145
44885
40877
86470
80523
92443
948
70988
32623
4461
7538
56310
45230
16951
46598
3872
13767
1527
61311
62322
11179
10118
46233
71662
60145
42191
80655
86162
32538
66509
86402
10782
19827
4945
15569
1423
86598
54499
73929
53271
43610
31972
61188
66218
86515
29551
32787
26606
13447
28598
51598
37783
49690
90453
91579
7984
72707
92245
79271
29127
21167
83800
46000
72287
76032
55025
31055
31743
22210
57524
54487
80562
47415
26139
92559
14786
2294
55080
50214
15099
10194
7085
13254
15430
80582
38779
91156
48605
12089
36415
24474
80094
11012
20317
38996
42401
15525
73536
73322
58166
13986
32895
67828
24844
58666
43496
26359
20206
56347
43685
4861
72121
12932
66933
63409
81604
53249
91550
3742
22601
81916
26863
84460
22656
31384
9039
19355
491
43185
6285
59676
13846
4079
3686
40813
73363
67583
25521
3461
30445
79792
21021
13246
83436
64347
76475
4261
44904
81414
80977
46721
31706
55513
46042
73468
66272
72883
63933
4257
29223
81845
72683
46560
61834
84626
83378
23482
11721
89384
54129
45510
44776
44926
19725
39148
89444
17879
13520
66145
2407
89849
36326
34262
82398
67826
33211
64543
34423
28089
81202
36902
77078
88583
5315
12354
73741
35970
14012
60620
5181
79879
90481
8296
36578
22370
81288
57389
6161
77894
18185
31928
89704
52104
12272
45356
60552
20107
77444
56725
52028
63849
16961
59198
22816
86920
75826
17154
79051
6016
29580
65997
8019
41943
33329
4432
66278
36249
34261
28749
91010
86823
4846
75056
74852
34160
46673
14738
38763
80308
92693
25021
50034
32414
75520
7761
34612
10781
49429
74783
84570
15185
45152
48785
32141
41718
69357
71911
84800
47752
51568
23327
66309
10032
53422
54541
52869
14869
91728
82584
86274
79683
47459
34119
19573
70780
70931
52884
47891
74620
48127
20435
24973
53688
62939
91738
60496
29339
74034
41515
531
92597
11119
80426
69296
12355
52627
83491
54453
27364
11302
26722
4075
37943
58330
19012
66025
15091
87113
40115
48637
14119
18259
30178
815
57843
4716
65474
84581
42494
68516
39510
39539
42387
52537
24734
57059
27404
70537
42951
8692
19777
47681
45291
56398
89979
91152
53820
46337
1585
76893
86039
43905
73735
10825
89800
9812
47801
86307
37522
3727
28119
83690
90604
20250
68778
25487
92673
21569
64303
42379
48315
28433
1157
23747
34004
76028
80016
81765
14175
77051
55558
85755
71121
25051
48909
56122
42502
62160
38216
45807
3223
83234
39173
62490
78336
93334
77896
28905
42324
27327
57314
64494
50947
28390
91073
31419
46822
21504
63756
17105
28711
63763
36597
80576
45151
13754
66695
85330
36095
51442
8642
62901
58719
88872
52456
72737
90388
47432
61263
80473
23169
85060
19814
70088
30220
77915
17489
25733
9988
56830
36275
74289
88058
76560
40568
32018
12422
47246
11762
11477
24757
42523
36949
16317
12430
72060
7309
32744
38546
54767
64984
14112
35569
86591
46175
90176
19350
77903
23337
26549
61778
65824
55049
62759
88740
55949
56635
14544
73692
39399
70440
6896
13940
78373
73473
72876
58824
65739
37333
30404
20897
63552
30279
80160
11088
69179
22229
69092
66475
40185
6969
41576
32595
10411
33327
62933
42074
595
57601
75730
4447
13183
19285
22596
75961
7574
77962
31581
40208
25676
38825
65655
40306
62771
24797
28157
28536
54835
4229
85253
40520
88196
12111
18640
41829
13909
1253
79620
9566
13338
32761
19375
51890
9404
64635
54909
59446
59983
48800
6715
16168
55800
8193
88985
92199
78690
86559
25775
53889
39143
65423
80751
38647
57170
84080
10267
57050
39591
48332
62037
85989
90366
41746
69100
75692
24905
4772
987
52717
11611
33977
46251
24343
75876
15278
7466
37153
25447
11982
15697
80862
59974
76222
4550
47692
92320
40518
65553
51006
88404
8551
24306
9565
6721
91311
54290
35234
53547
28490
40291
60193
58696
69175
24169
84441
92146
33690
47615
19619
64054
61747
25373
88081
68383
90693
20197
54466
12687
20708
37955
92180
91064
80554
13755
51947
46988
71905
17823
62416
26743
7076
14053
90806
44957
27154
68531
39890
92930
9109
93337
21630
76126
50794
64994
3211
91498
85705
66973
20157
87897
44271
82931
67929
59465
7177
24350
11036
31471
81075
53580
2782
54514
29153
36023
39896
18340
78901
18654
89959
75524
18175
49300
39009
81183
26079
53538
33375
76425
54888
89529
24493
53492
20780
54572
66285
29109
49879
84589
71908
15698
90386
86100
40751
92679
145
38592
40699
91474
45119
23457
46577
87165
58097
30711
2157
78651
24097
79941
70830
60026
13463
3849
74069
75305
86023
34480
56437
26643
35594
66474
64508
26756
67260
59909
44736
13347
52057
10638
83567
82521
49152
84824
24650
87643
41311
57595
45003
69054
83343
30048
39317
3266
49318
78844
77227
52544
92860
17571
58206
11612
84330
71584
35578
91109
30729
74394
32354
23375
33346
10759
2553
142
72474
55996
28454
7988
55217
58376
56979
56041
39265
24224
19391
77391
85245
40209
20350
31075
67042
53530
32185
82847
82291
81537
79698
27595
10562
86552
4131
72933
78854
71315
92384
82142
29225
7373
56029
34521
78331
69901
63215
12237
28293
8995
10084
55270
47238
11685
58547
29618
43918
36013
67091
12998
61155
26575
78149
50872
57836
51536
27510
11235
46228
11850
15265
73971
17340
78364
24743
29322
86075
81869
69051
89301
19390
19015
74987
74625
51494
55500
24789
65520
90466
55429
24198
80951
29556
38894
16357
15451
32191
22975
50810
48245
31456
35446
86918
57021
65383
76558
483
77784
70169
37656
56982
5560
32536
29572
67710
73786
89874
2628
43546
19129
86445
48023
93227
61062
17098
42622
10644
14959
57790
50151
31091
87921
50404
61095
68081
44107
39864
27013
13326
51468
89258
86555
71202
2085
40839
77797
42481
62784
73551
56467
7857
25824
36300
78254
79647
50162
12366
92917
84501
46379
53240
64875
19497
40689
59061
84667
91796
25722
11121
20661
43366
53874
63296
72105
35117
54427
53451
5170
49720
87275
63156
37693
61156
12590
7715
44686
25919
78183
91042
47194
54402
69149
1802
85574
50198
66484
70171
46270
93062
5534
56790
52451
45556
81049
31108
42383
37830
89743
19384
72459
30917
74436
78270
56731
29809
23122
84856
15714
70362
22177
70344
92251
27300
22045
75180
87171
68311
53927
32238
73320
69253
45533
25382
74687
74064
69588
54356
56138
26966
53870
91191
62998
66947
27829
60497
15687
59389
66488
80914
93297
72776
38997
34356
79189
14214
58954
80867
71194
89455
63279
90225
79593
57646
88493
40686
70746
8826
5395
85786
10008
31697
67873
22757
81494
89249
87361
42734
6491
33802
63549
36977
52599
19118
2634
48035
67575
6039
1729
87409
10213
18271
59992
35602
6048
47794
34738
26044
44554
79556
936
52953
5552
9814
75987
72870
41514
90487
16394
86471
59627
24624
86869
65001
45328
66239
70618
18262
50317
61909
10293
86241
3712
716
2523
5328
30381
78756
65044
29824
38056
24860
55925
22318
91556
83565
43545
17610
81591
66759
993
63613
37185
76294
43447
49912
55143
10830
8796
70981
3547
23576
20177
14044
19998
9343
41370
68600
668
15476
27388
70654
89323
81333
26799
20827
64595
46966
26710
92401
8368
28459
62703
30421
67002
29378
49629
60185
61875
56900
24570
11146
74347
62600
12449
55962
68950
85860
85972
12802
9341
61573
39361
587
73966
63165
30068
61128
18203
9101
5543
20213
90276
79255
35323
46702
12602
61165
30459
20797
65610
63040
53974
18985
89819
59544
52572
41511
60939
17376
25143
70232
35078
73332
66717
37716
62005
4356
41108
75816
65624
423
17157
21082
56540
69792
21509
33815
47442
22940
83610
1084
44255
1201
1571
14644
30665
31691
24066
81704
57741
80143
51353
62051
51171
44117
22033
12190
38383
57124
6521
41398
72136
29170
15779
89550
8397
40211
8612
79239
82302
15043
81179
32293
85271
57912
14190
57132
89910
86263
11640
89854
84613
18278
46983
59403
14116
27820
21593
53114
21476
41886
13110
25093
89281
9619
32658
52071
61008
3425
86494
72678
90285
1091
36946
65865
29887
25878
77716
66361
58909
7914
31635
26404
63560
65728
581
71001
81999
30724
92133
10119
60502
64458
21503
66632
33615
2307
10773
16321
11288
34350
36478
12552
66719
1263
20732
82095
53941
17615
11800
59549
20604
18159
34095
16665
2796
74909
58680
67325
42289
63880
71236
87342
84098
40892
1046
93396
49467
18854
54790
22168
44211
39439
33484
69779
77308
27359
28482
5140
50916
81140
54608
35587
18714
59951
18079
34005
42860
61672
18871
74191
46934
2855
52384
7064
92417
74892
61306
6165
60189
84949
60999
73602
91001
63677
50751
50588
43583
28491
10045
16857
42320
7900
36979
51904
68610
63005
10369
44905
90187
33830
76203
66635
79563
57976
19056
88322
63181
89861
71321
43579
63832
63006
58175
72881
8408
32749
54044
23814
18097
92823
90097
37339
25589
89863
60236
76198
87038
21706
36783
60057
7441
6179
79980
783
24600
66702
52648
16715
57514
52704
9549
71816
72767
35121
40022
53320
87911
53195
40237
70226
27461
87489
14804
6002
41999
88291
77633
28690
38782
9890
48408
31984
32585
86426
7143
11342
55052
18409
6181
84596
83407
36785
64603
53116
6664
1290
62501
30201
86175
83915
32775
7889
77125
12976
63132
36770
15239
11732
35356
12960
33363
44840
71531
51370
15028
15602
47856
88413
60778
58715
22103
87322
41007
18197
5632
85369
74524
22128
13495
3356
66619
64633
54332
79042
72186
46972
50146
60383
3466
36817
65682
33474
8592
13790
19620
31193
1360
35721
89182
19866
60969
22217
91433
37990
22115
2403
47308
44237
12251
63513
29600
30993
71948
41472
31707
10408
7894
74304
63696
76012
17090
90476
50308
89030
37242
84181
49723
8380
89472
8008
51596
44573
11713
57013
8696
65181
60498
63924
27453
9785
7829
86380
48033
3312
70692
74985
91471
81344
60983
60941
86581
49421
88926
76857
7162
26467
8947
14896
9037
58014
49182
35104
4052
81785
79629
85413
86400
59733
37222
81826
61277
10034
40516
28449
59922
15749
88702
4747
27423
22914
90901
37023
42353
66835
13423
46229
72000
27079
48581
18537
13525
2725
1644
68134
37127
18009
64039
60087
32387
72326
47441
11853
90502
25153
27401
82750
8111
35775
22945
3073
53186
78584
13635
28466
28116
53985
54038
67895
59948
64234
44662
52007
69937
45076
84749
65628
14575
21880
84869
45714
17983
23549
66186
91517
25007
67964
85235
34186
61932
84005
65445
19700
75812
79612
21298
57368
27490
13838
90185
9665
9548
26257
28719
10222
21542
8564
3477
2573
64160
49124
49838
67477
22944
80689
50562
23496
82045
25954
64423
70307
41817
90881
32501
47477
694
78898
32544
28473
17107
51400
73519
76154
72308
67941
29926
71105
69484
26995
16612
34813
88556
72014
89347
20959
65111
16032
33277
62134
15807
85256
51918
23701
89465
14540
84170
83637
81041
66215
45180
79424
37803
56629
71436
28826
81337
62882
83114
69231
89053
53208
87846
16266
23821
83833
90929
77666
12307
79325
40749
32451
54771
31723
72423
81693
42021
61326
9954
84332
61916
66311
15637
10437
26762
8405
63019
65779
42742
85567
78241
5837
55643
78337
89047
19947
42339
14658
949
76521
39044
8942
20868
39901
69453
21278
52431
26678
10314
54901
12493
32961
19046
56881
88431
65543
1924
48117
34724
24794
37928
90659
25198
77374
1086
21744
62531
69490
79776
27196
18348
44004
16156
73273
54798
4147
8654
51362
56392
20457
23553
31666
34019
13524
89101
25924
5455
28373
64026
65886
63205
12076
90526
56385
69794
13554
2427
67594
65914
40569
44077
8437
79583
12788
35731
87740
88842
31194
79779
4630
2654
81379
35588
50709
93074
92642
37156
45791
30373
9595
33234
74116
15732
73094
37427
2515
87026
65433
15480
70696
24133
21495
55726
50417
24116
89010
69939
24184
32640
87340
84254
74239
24342
21425
80773
184
19236
53142
4022
67258
15526
50907
66998
73342
23695
14926
79642
77305
44678
80569
80526
58500
21215
13695
35088
74552
66188
59171
8466
86631
44799
57165
37594
49851
56331
72245
61519
14177
15801
77970
86698
4659
19849
57557
62555
62875
9821
81271
42956
78249
14585
71835
44609
42689
47670
65512
88756
55589
30406
51373
53429
12601
18503
53536
76017
18674
91220
55388
84891
62855
51417
90987
13514
68010
20215
41803
85508
92690
62354
4376
40644
22918
20475
21980
92174
78478
81220
54611
45516
42458
44892
58216
72403
61860
78223
46474
75655
58301
81068
6930
83172
85841
48165
59220
59057
9214
8700
67308
25186
90873
85062
19577
50874
32023
34436
57899
15770
30813
22345
54848
57167
8293
53751
64000
22740
58789
75928
79833
42195
2889
4925
2049
89543
17274
13462
3422
30388
7084
80341
87435
69401
10862
58923
51304
10516
91909
18922
73548
61441
75285
39822
5134
93219
62464
92200
38024
55019
80596
32131
52148
64608
86711
16686
52749
22222
55471
12694
20519
46737
75636
76336
88806
93327
49953
44265
56849
5125
45861
57358
26967
62466
38237
15493
76563
10214
10729
76937
17079
60484
19532
58059
30188
90416
14077
24517
40924
7290
81969
61631
32665
43945
85041
7083
20189
8855
75245
86216
75060
47732
81551
83533
42842
75317
74461
72119
85879
84084
73083
3828
51096
46284
13987
11615
2297
7693
72443
16285
29149
81639
86339
87975
54609
28363
37959
5469
12991
20553
75253
75661
59576
27910
68438
30816
70138
93011
32465
55605
10232
5858
10043
58887
87490
55230
11150
87293
32617
32981
14702
8517
13622
50124
82451
32682
81319
86341
35360
14877
7946
90468
75960
26160
12884
56572
10561
36416
384
93093
74873
33399
69959
6629
62595
4771
76628
57971
25566
4968
33742
31592
30694
75024
41604
75293
77842
20832
42165
69233
43897
30872
18349
66861
12464
25830
10769
82716
13727
18527
54153
77795
58943
39084
37414
9254
84906
55413
72532
26952
30621
16462
7158
50859
38170
87510
13999
58852
68606
79988
85484
15062
67047
6187
44130
65113
63663
85155
45845
64551
43251
54162
91695
82366
76418
24129
73227
82513
93045
3076
55591
9735
47984
20279
52435
45142
8484
40738
67567
3730
37019
62722
18903
48659
72914
19345
13400
27242
56448
77888
59869
5076
26932
66091
89711
83735
41288
66123
87674
70835
80297
28416
73960
60839
79321
43587
14095
46019
11334
91707
63155
44550
69488
14976
56174
31873
72970
19830
7552
18152
87357
7532
6869
15551
40909
76617
40099
64295
80470
66904
48729
27925
75541
27982
21293
77033
90986
79395
27049
81123
76118
26430
1122
53687
47745
81033
45126
14240
81515
29496
55031
3006
54441
39752
34892
41766
55506
92894
37412
61482
10533
75221
39915
43873
46837
90204
30180
45071
50207
82936
68452
33208
82074
54684
7737
89537
48032
60788
6083
49914
48095
85131
76432
44494
31005
11748
44097
86533
88799
12618
46375
72985
39001
320
4897
60359
20879
41245
83546
35401
79736
68628
47688
59265
42253
80358
70733
81938
24881
93202
11006
23962
46628
15976
16023
90241
16211
23359
64082
88677
62446
78056
46081
38859
66775
72325
82345
12682
18522
52233
74234
46016
42937
30520
81953
64488
51054
46840
61252
13469
9284
18044
54904
66233
65780
26570
18561
66069
28508
49218
68656
63576
53333
53084
43498
54410
26696
55562
42542
58880
563
55377
24608
72734
26532
64468
88884
53713
85571
80317
64574
83375
2790
87062
45260
53128
5454
32405
7392
28357
67689
93203
53670
39164
68746
18379
22663
36667
86403
73823
86427
89737
87736
6744
89963
37440
5806
23837
7074
26489
34663
74154
71082
20045
39269
20437
12952
4636
30735
15902
85324
66586
23415
26736
49383
87057
87996
11031
1255
44583
70900
48369
45925
34251
21406
3115
4773
1612
89584
30064
45842
39979
53584
48822
64502
19957
15605
5473
30231
91186
41722
53634
15489
87473
63790
22463
75488
39455
6985
75379
84890
20405
82665
34556
30020
69577
34463
3708
90831
78572
24744
60246
82504
3652
26027
5245
40289
28219
13673
52432
83529
48512
44493
19909
58713
35113
63026
19418
44691
35218
92429
34695
92076
47077
22160
90866
63061
1680
34145
81384
7920
76450
17717
47839
49540
20469
50823
14518
65554
14019
80467
53005
27583
39349
69485
68123
79650
80597
20713
19973
82685
40128
63339
31104
926
88242
9152
10594
34158
82388
91882
60767
12262
7174
71543
26086
10503
43154
57632
53164
80128
89507
88540
82593
49721
53060
49123
84578
61942
3102
4762
26662
66113
26926
5857
64358
46221
33185
56868
54464
48718
33288
59326
78721
42916
24453
77017
20377
11887
15095
90586
35709
56736
67767
20070
15669
81439
11055
72449
18442
62294
40899
20673
44197
39941
2657
15901
64209
66425
82487
47995
40696
310
25520
24934
64144
56283
50634
33122
32249
62830
40977
32868
47755
83631
67751
68361
92651
36674
35392
86652
18469
50772
1217
84725
42146
83632
30059
75396
80081
42847
33178
79799
73899
58792
82542
32415
6660
84771
17233
12101
73504
58978
14941
51943
64184
31679
12364
69912
9477
35244
88415
43508
92877
22024
77914
44040
6643
44295
39993
9419
19821
61337
28220
29851
25128
33894
72539
38908
14787
49873
58633
67416
46769
55282
81682
23126
51808
17984
5945
15186
83102
24333
18217
35097
68566
65751
81852
43530
62217
49803
52958
20829
44308
46429
62604
64626
92049
4181
66519
7928
51469
23637
56767
67206
75243
45722
58194
1493
59766
44809
63313
49708
63734
47314
45499
57008
1124
4804
43186
15108
49695
18506
64902
40854
85798
7917
89350
11453
89681
35710
74330
52800
22802
64714
35830
3917
46280
27929
41006
61604
54350
67001
57127
38602
17144
88864
91034
44454
68087
19265
30660
10322
17525
23771
80750
23515
82655
53715
26561
2799
61963
31083
57767
54037
57877
6328
65726
22407
14275
50398
22806
56472
40762
51634
20221
62990
91423
15740
47818
51212
62575
67753
44605
538
73246
59308
82037
53907
59979
92765
11542
81192
50203
45007
20792
29370
55246
3234
22333
52698
14150
61918
90893
59936
92371
23691
63170
53180
40430
81345
81261
21376
83834
14306
8868
9322
7348
11744
19552
28079
73526
91843
39922
63049
65559
61617
57377
36256
23474
3382
61615
53922
91833
78305
53502
55074
77563
45401
91697
11552
89526
16802
66120
25133
3473
62678
38678
1140
36734
27994
46397
13665
81559
73953
51545
17715
82499
80540
21134
10199
29550
10642
79075
37825
91312
60771
67144
89680
31332
71624
51948
70691
55461
48225
40207
89261
34273
85963
45430
65138
42130
31039
23810
14122
64880
8662
79718
90940
77670
85429
57131
65742
55068
91296
25779
76193
25258
35011
61117
87079
60205
21618
27538
15153
36451
11066
47158
90278
1627
2434
86334
81042
52295
25693
19638
20589
29210
30362
57262
4426
84780
6274
91896
19188
80147
43077
72096
29373
57154
92961
60434
21036
89398
82994
63692
45316
40550
47961
12025
81383
88732
76332
44713
54373
15943
12610
37889
75779
60741
83944
79123
83714
64911
15535
85544
5709
87893
61566
63383
7833
21191
8411
53384
9806
91616
83857
78032
21238
85115
3415
49479
68144
3855
34863
79277
65167
24514
17235
46919
19595
64348
18971
70061
78380
41082
60042
77848
93375
42910
90455
2331
38359
47057
81772
34914
84459
76495
60092
70380
37448
60761
62056
22737
25151
50005
7835
39529
18531
13714
29536
63862
80499
63421
60287
78599
57845
77922
83550
75163
46088
90529
39289
14400
54150
64882
31843
17160
24943
72757
56383
11635
77954
46419
26859
27390
60108
88257
20069
22009
46906
24362
45851
13074
58759
64096
26946
82442
85302
38973
63744
23315
55797
68843
82110
87461
37866
6831
77979
78860
81484
76161
30094
30529
19260
32152
30793
66362
58019
1354
15808
29506
89097
3400
76187
29647
83450
67111
64888
53684
53430
1473
60290
46202
30609
88951
12242
37191
63471
24229
36676
42652
33777
43845
89480
54119
37148
32060
55338
49096
79227
78368
5232
83457
23452
19042
47792
15531
38607
46076
61618
70582
1483
89098
72454
72070
44203
1335
78918
35910
53805
53958
12274
15886
28576
12417
44630
2941
69110
15918
77254
81055
54916
29438
40488
25849
61050
31003
16423
6380
75777
48392
89844
69016
45747
91398
12849
69897
35530
41852
13173
63662
43047
83825
52136
76714
7107
81676
21239
65530
15335
35457
34614
67576
50809
60710
59647
13912
68339
57879
18300
18122
1674
89266
14972
1134
27679
28230
51167
76470
27824
6587
56179
37753
24633
72228
82861
16480
74016
39794
92020
69844
54559
68824
50911
83823
40331
18564
3676
64365
44469
35386
69419
21662
1417
78492
45460
20715
74585
64215
9853
63554
70769
42437
13256
17445
60626
49315
29398
27593
5585
73827
41760
17993
18697
5802
38026
6510
43473
34856
35507
5144
81923
44880
56942
63100
77382
18315
33564
71786
31348
44311
1807
35293
31006
41661
71805
50259
11451
57775
91422
84112
85829
82455
60805
82255
55485
76982
26025
45141
45296
56081
40558
56349
80424
63771
58729
4169
93086
4225
47143
80095
82167
86653
91963
8959
53449
837
51395
87394
31099
92864
72250
11198
26329
45042
78093
89518
11000
25671
74323
22203
21578
26290
50302
52834
22290
49394
4021
14520
58138
57841
36365
86388
63658
77153
15780
37204
40467
92321
92888
46133
7843
33451
32654
25746
69043
63094
1479
67523
71780
69966
45496
25841
69687
73585
81280
33261
3525
40804
33082
51770
5320
8400
15664
6437
81898
54256
92841
29868
364
46244
87679
88704
76832
67800
48860
28646
92946
65797
70578
9076
14962
16718
29235
74916
82518
75766
93346
58586
71718
12098
62435
7854
56759
2246
7127
14069
71015
87575
27470
10535
35654
45774
37914
31582
55533
90318
4890
33316
30460
87955
46148
78843
15620
35533
11225
48531
51128
83165
87684
8188
71772
17859
49961
19092
27747
12834
4308
63444
30627
26894
24043
78931
56353
74471
61225
63739
57403
8175
38133
87945
3053
55563
42815
52827
35140
51588
80497
38350
2821
20286
10855
8957
60889
56667
11627
81311
2276
77122
51877
53188
28529
49870
22296
5818
19863
1652
3140
32960
50286
57628
45890
4448
5116
35331
10306
20634
13184
58052
57549
60232
42967
29129
8651
55826
90459
40987
34584
88858
53646
649
35298
10806
16634
42478
2122
21768
82675
41574
23915
25612
19022
23485
36731
9971
81870
67455
49040
49492
44519
68420
71362
90025
56320
6693
6164
40439
36883
73657
80832
78208
65054
27521
10452
60078
7895
66156
5120
35568
73890
40792
1961
62130
76593
42594
31948
60247
26108
47047
30691
17744
11571
8880
54551
14413
77562
72420
45472
86744
83620
46724
77609
85143
51336
83376
2059
24815
62551
57631
66987
37086
51106
26291
15514
82791
33023
62305
72929
72698
75100
13978
21691
91210
93308
56294
82671
74424
25316
8580
87878
92420
1390
76468
66760
12039
60712
63179
52138
16757
27725
61214
2704
88763
67518
1073
15622
344
82096
11880
13331
85744
24816
72605
58529
11206
88535
61002
41011
74113
53041
40380
79936
36892
29190
74452
57192
40472
36246
83007
22719
8488
6796
77952
30889
37788
82229
89203
79456
80039
82683
31762
86923
43889
2420
6816
27316
19645
86093
22795
19340
8068
26265
8671
11524
35866
47521
71574
85748
71020
23186
51769
46622
43385
42328
55102
56250
3364
73264
45497
12471
65672
41895
54472
28135
62181
70462
18954
65569
8665
1535
16252
58414
37822
57178
74574
75934
17551
17617
67640
70203
89744
56749
52019
27262
35555
67204
46027
82578
40159
92633
38130
12382
40042
28216
32713
42142
28041
60684
74430
11609
10185
20083
74720
67954
77268
53030
70708
93112
65563
13448
61376
29979
88699
53964
21124
89126
17084
74092
81569
73661
38492
84858
81253
45801
76242
81958
26600
87391
59863
41706
64208
78412
84595
63606
84063
58355
47694
34971
90387
11763
38117
74733
38463
68468
71032
87860
24648
14354
10305
49406
16986
85106
19545
38677
12491
93324
51810
81412
59151
19065
22657
30571
40215
77211
62977
36626
64111
80764
91535
59677
84036
31278
73249
62018
11810
73420
81198
60699
79446
28241
18659
79257
21253
16923
81425
53481
63260
38459
601
87938
21047
5058
91218
31255
76621
85485
70151
23775
5416
93137
44428
41655
39557
78579
72591
91251
54161
85135
544
58830
33513
3808
5132
30560
72383
14747
7420
52743
8424
60556
65833
40534
27361
38110
83576
42247
83516
10240
84401
41736
38095
70033
30480
92915
29117
66552
48876
44088
55196
30845
5163
26299
14121
85785
10328
58251
54185
39755
75496
52006
76672
8370
49274
32572
38899
20267
26239
91650
63543
93336
21881
59725
6376
15379
63134
20741
58155
58769
55883
63397
74489
90353
72283
12388
68989
4600
22054
40377
2582
39262
46574
9150
56837
18070
65573
25573
91786
20323
68325
36650
24687
8552
30431
26398
18244
41425
69921
90692
66193
44641
13458
81951
72636
39729
80351
22514
83472
50013
77834
81464
73854
41290
90080
61581
71281
16711
93301
63246
33215
4933
22684
58820
53076
56637
63579
85317
5179
81745
75232
25709
12215
51181
75747
71984
16749
45416
29778
61238
54045
75659
67582
42882
49555
231
42442
23471
92511
21916
23253
11665
46513
25763
15456
49593
43446
29540
44462
56742
91138
6997
41517
87533
25958
11693
55448
9677
28188
330
81497
4451
81847
1853
16149
15806
29665
10896
9128
92625
17537
7902
21111
10736
5740
38542
87076
80248
74402
83138
69900
31606
16864
24462
5099
92585
44400
77370
68669
7242
36729
47445
80110
57958
91797
24482
90832
78201
17354
14186
48656
86611
8678
90523
74735
37080
47854
91611
73061
26432
52773
55433
4219
65108
78588
79019
25607
33321
62927
25392
5479
6246
91180
5012
61255
25107
44061
62315
34148
43828
59551
67196
47141
15769
57119
60513
15987
32581
2807
88189
60844
53232
51790
49232
43216
60670
50754
46469
51623
71688
83622
64459
21473
34709
27781
64792
69551
4522
50521
72046
46106
55013
83507
74941
32348
39422
78960
55588
74644
32780
46310
76575
55164
58026
11440
50574
12069
50978
11749
24810
30060
58609
72189
70767
15938
39861
83991
74371
24487
17466
76498
33824
14288
15226
84552
86120
41075
14440
26810
47211
6814
47223
16851
23077
62001
29074
67858
92019
76042
60936
93080
84973
10086
4264
65762
64101
7320
74415
71959
32188
19019
48054
62770
14822
46727
63493
77364
69207
37375
49663
79585
15107
14423
88882
58915
66664
47564
92213
16046
53471
22340
91877
68417
89692
60076
4399
16319
19561
88900
57704
79143
24274
48972
74412
9556
55165
38811
750
64496
50036
64655
42123
63337
43087
16101
89253
29112
10752
23882
50504
21872
92439
75893
42456
62093
38891
8528
76265
48167
81270
15259
30604
15700
30945
81549
50518
30550
24346
3888
49451
46891
18964
55666
59204
31601
80784
9355
22223
48364
35222
39034
72967
86972
27599
31755
19066
80511
34578
75758
44882
18457
78922
22385
64219
32254
43126
4429
90869
41303
3639
16468
4632
30622
10
38462
18556
34998
55685
23045
84323
19931
56531
70328
71847
77582
32849
87095
69135
78727
22930
55395
47712
84304
10039
1033
64270
24431
32178
35438
49962
10027
24101
31905
82215
71753
89879
63855
49216
86022
54072
65519
30467
90173
15747
63317
27419
26961
11939
53537
5588
65647
36075
57373
51892
23636
23225
32138
70517
60173
25082
50607
16313
89579
3271
71676
39690
77114
86001
82785
56621
64973
25666
45699
19329
22504
61693
24278
59293
18147
12707
69656
36961
62106
51552
27998
12711
67240
79381
86788
30613
22376
92622
76975
34076
21483
52036
92792
31424
37160
79670
7273
61380
59477
7169
1663
45557
76300
22437
91046
40458
63885
3764
66996
19939
87830
24157
62516
86886
30893
9014
47866
32615
39098
17889
24617
14000
47149
57308
34051
1103
9551
8205
81390
28925
59934
42309
18678
72376
543
71155
67851
76462
7499
2383
8799
89648
90428
324
67560
70967
14789
21602
53131
35688
37987
79077
53068
4294
7104
67424
55158
36255
80392
82412
53373
77650
48566
81388
58860
66866
70792
46896
17318
5637
36314
39628
17182
45919
15403
42275
64923
21925
82341
36753
23301
82664
79726
68093
46569
63162
83392
70423
11404
19193
78887
27012
19782
32587
25326
65221
38927
54277
15253
64094
17222
4959
82034
3103
72379
3559
26996
70336
8844
38591
64051
18969
87051
30167
15635
28487
57875
83391
15818
31851
6494
13550
55785
73860
79431
18277
12009
83113
82109
19460
8717
41795
64526
57401
75817
66520
79305
1449
6104
4488
40259
60836
80728
32146
62821
82070
57173
69137
40161
69765
3820
88279
16072
46444
81995
53388
65895
2409
27414
31186
4819
84345
54509
30041
6882
63034
61973
25920
10890
5148
48340
86447
47987
66743
32207
71941
82906
17331
11561
22892
24046
41843
44868
84032
45183
56988
1524
19945
86992
47708
66507
12804
60037
77420
77084
84799
31653
11156
52587
3226
45096
12847
12763
85004
8698
88644
75094
87009
16730
65415
11780
19758
33893
91379
1552
74816
10612
93048
14305
18895
66819
51780
74111
48536
25982
9848
46910
76999
21571
21726
9216
29775
4401
39425
13916
16019
66066
33036
38251
79242
29146
74968
89159
91774
72672
20447
44101
26839
93275
997
37356
51329
88350
79110
71956
79579
11594
49562
35582
81667
76166
22287
44466
34847
56243
23507
70056
47887
77861
18617
70060
69828
93129
73534
78214
37879
20481
49893
31599
55419
50469
58618
92303
79379
68327
78350
41101
69442
81647
26191
6204
5959
54403
74146
31116
24695
86924
33315
47570
88890
77946
2479
7777
82799
20602
67536
22843
46736
65026
46197
49
88267
2959
47151
89712
1156
34048
63892
74796
92556
71454
47793
63962
67404
62638
7678
55872
62314
70352
3945
9313
8398
17237
80938
77778
69590
89122
5554
88272
41001
46836
65305
65692
25325
133
91495
32767
32096
8426
23832
50550
89678
8620
26473
3016
36420
43410
79757
76319
12798
39186
40446
17545
81649
75346
79628
652
45333
5402
76112
60419
87413
49675
68461
35567
67868
92449
51242
93118
91119
61665
11253
76851
31025
79035
92220
55504
92803
6836
63712
83089
68175
76243
79802
91473
72961
5059
54204
34387
84713
39180
39579
73364
44499
46542
49190
49997
17772
17338
90910
74322
30525
48871
25292
33639
28908
7754
53154
46080
14873
76474
19079
52225
62055
42157
45672
24132
74175
85717
7925
45757
89375
76729
64137
74316
67468
26591
28271
82715
51694
1953
59534
81154
86356
82952
11586
44485
85926
29619
32532
50731
59971
59209
60001
87976
32691
16424
1171
20359
46345
57487
44167
46534
1824
81246
24436
26019
25040
40915
39639
80974
43515
49422
54318
42735
54333
79174
68190
45542
88052
59658
46272
59214
41172
13386
60708
8475
89394
72559
67885
52565
62693
91215
39350
87448
78485
9744
50806
54979
66450
24891
41476
90122
849
67878
48695
56707
73412
10361
2186
18350
85700
75545
71195
19840
42158
4173
78849
18471
15755
31763
92893
1274
25776
3893
78686
6059
82471
2577
3768
19721
48759
82597
23822
14997
75825
53562
91302
16322
60929
13248
44823
32822
61823
60399
89136
32217
4476
19449
13759
60492
25293
3540
79943
11843
56401
40051
44959
24502
55040
44774
90870
85614
8508
45256
69540
38540
22581
29945
73160
31933
78110
31029
62655
61787
55340
13409
17251
52753
1854
62361
9851
33703
49996
28113
72050
54727
65586
54722
15922
24425
6425
82868
64835
33401
651
83203
35722
21902
92839
48488
73975
25048
39170
90118
88011
25283
76878
13793
68666
12548
51337
77213
19027
85288
22131
13717
13688
32098
19417
6319
61469
62603
90236
22709
2533
10940
67698
60705
90332
74527
91233
23462
38628
49494
65649
70656
56981
65124
41693
60176
19802
22186
45187
48141
74453
60054
24090
37527
38665
71725
6588
3480
66389
43405
33790
26976
36793
24919
12800
41750
12392
85380
584
55431
28618
27152
82877
57765
87412
27469
45749
26259
38679
70373
55347
52116
86703
13112
24397
25145
55890
10224
1458
30239
29464
26281
41270
45553
64638
10206
11474
4827
75136
33223
7992
19386
1620
47804
52146
39810
25344
22854
26772
42979
84144
34706
32190
52316
61381
58751
74680
15324
87613
69830
90255
29122
88999
35526
17994
24638
52329
62497
70275
14005
16166
31680
90886
35345
20204
20981
79172
38939
25122
22408
41400
67950
59063
14361
30990
90409
25202
66375
20529
39787
28894
79237
47250
89367
88894
2261
87702
58358
2346
7721
19923
76433
46674
75626
56756
43144
23362
74774
48727
21907
21196
50908
91355
30272
43129
62014
31661
43679
50213
61388
60404
22783
54590
17140
36210
86818
80168
70703
20817
36116
7956
86184
65705
43232
86305
78312
82763
85767
75452
7334
2021
91240
34329
87168
34795
34233
22387
56228
84950
36204
92358
589
66577
82964
24408
55542
87122
36463
32508
29918
34028
83739
53969
18616
29040
23688
63530
70400
6267
75339
71970
17989
19473
80675
73828
68537
45700
67538
61741
12312
46693
79606
62938
77520
17089
33939
43133
38185
56312
76633
36393
78924
42382
46558
21763
41606
34154
93194
12620
29437
27535
80942
44302
80378
55392
7568
47428
55640
90146
30190
16806
51328
17365
58703
77610
49633
31105
66158
43694
29353
37157
40236
70176
53785
72530
58635
13689
44879
59773
9916
60980
10837
50985
53406
79693
74970
78383
8395
62660
46278
12567
12468
36695
95
12927
57623
79768
26862
67561
93183
86306
46069
70311
49427
44510
51079
19719
40107
58985
37168
3522
1925
81664
31608
6795
47286
30170
85979
90171
28162
21070
89436
34383
73442
8185
32075
72670
91862
87968
41622
53520
62721
51298
87665
85641
45075
16551
39205
13030
77269
24194
79595
30483
42091
14514
91179
26464
24023
30749
75582
71106
25731
73626
86529
262
74832
44314
27677
70067
48830
85381
56745
12428
22692
8781
55645
15958
7456
29855
75097
64507
69651
66150
28013
83962
56016
70200
884
71609
68375
69523
15131
32886
91733
69087
76069
18213
34206
65481
6776
86736
11660
36922
61019
79067
30076
25140
29729
71449
49771
54626
40807
54532
36068
30171
19542
16809
67139
23492
52794
24022
26148
61348
24609
70584
16494
19183
7469
71993
72468
44734
12549
19933
71248
47469
72879
51527
34543
77008
6473
42691
67840
8793
72335
37463
87428
46523
17004
24463
70709
64430
57761
8047
40378
38915
71119
89000
16510
71422
38457
33789
38718
60994
65036
87006
84446
92568
14660
20579
39099
45231
52441
78006
64159
3981
91812
34247
59963
83124
59005
62780
21802
77986
70506
35547
53878
77219
35379
38821
49356
73271
60564
48398
68675
29295
67273
36386
84947
76523
32
62691
52468
69943
31554
66728
89954
57340
26704
16985
602
86464
69710
15208
83482
38023
54183
6162
65619
21210
74958
78980
5217
69911
20211
31269
5456
40881
80937
43519
38817
53937
75255
18248
33597
19486
25531
55680
89399
34677
34464
68517
41741
86792
21778
83364
77009
63101
69423
13322
10274
93282
756
59870
18241
41847
80627
79970
55170
30402
20166
83547
18483
67908
81624
70732
26016
59642
89190
68582
54709
59795
27902
57861
80038
56296
83579
67161
40922
7543
65448
72137
24988
59291
13937
58073
83614
88566
48164
43132
33309
26442
64613
17652
64323
84533
61131
7152
71678
11503
61195
88567
92172
46662
34567
37714
37778
92516
65285
1396
4953
88369
77681
49243
69658
11862
6061
48573
54227
31460
70983
63776
15948
68436
54329
15859
18293
74366
36202
55064
71178
51045
33613
29765
21097
33416
92592
59019
88217
1395
89107
7795
31266
22733
745
83191
56028
46438
18146
12308
24027
85895
35947
60250
73470
68099
64086
62437
16741
20014
23527
11808
76677
73492
79212
19121
79210
1296
28911
68021
16672
3172
2230
23128
33881
21603
90888
48419
15827
35463
66257
15102
45902
93281
346
91957
71597
15562
63088
22179
28968
23163
8149
44768
87581
79293
73810
78416
29973
74473
32115
45294
88191
87634
23546
92301
79541
50854
16513
18695
6533
60077
87466
29002
79797
85888
68132
34459
90114
27799
91884
66844
11895
20928
85294
69158
71234
1404
9334
39907
61547
50767
70072
82402
9734
47193
20883
59578
49169
75935
35964
59804
38406
83421
86664
75441
11890
32876
27009
940
50580
67587
86015
75170
80384
66830
26080
20560
58690
52709
26182
14729
18058
81804
17174
78801
41384
58200
66354
85729
21216
38784
65417
25579
91945
32077
205
58991
73486
69191
12626
92363
19160
79865
12925
10233
38818
39727
39322
74334
58120
77200
78177
46072
12156
9272
64309
65084
28740
76464
16862
8771
76277
10017
26133
63277
6603
76465
16517
33212
10152
40893
40593
8950
36588
63981
18941
80400
40311
24279
5925
53581
41991
55656
32563
68996
47239
66851
40330
88982
38633
46193
33858
67704
22300
79755
88968
82571
17213
5771
56342
86215
6574
17335
40945
1634
15075
73875
26339
15932
36995
36513
73541
18665
41963
73361
71471
62063
86265
70366
50857
45913
73479
35058
62842
28967
84471
72207
93382
10884
44837
44108
79491
67633
77686
55596
89248
20104
48075
70384
59323
48011
38518
69340
43723
32660
58761
91420
37816
92381
88950
28623
91677
71377
65297
68170
7679
22568
85687
32631
23811
73977
73254
32907
68679
85606
83154
69742
72905
35032
64403
25366
15143
76167
865
5496
40684
78135
53007
23728
64863
91981
7535
20158
13278
23274
69735
36545
63201
66103
41657
13478
70677
23616
91025
4047
2200
36813
90406
53095
17803
79185
87097
78868
64174
34489
17578
45029
84279
50285
34230
90503
22236
13624
71483
9369
63196
49557
53616
67781
40058
80976
2764
27986
52479
19195
29189
22800
35034
27949
30908
40295
14617
42460
52092
42084
68337
15147
39307
34673
32340
66999
35565
2154
22306
21400
36968
49927
66660
6245
16792
93399
61427
18823
44970
34595
37164
83332
11819
77355
15757
36895
8558
44624
26354
24423
91074
57525
76176
14929
3608
64620
4553
46265
93034
45204
40240
40459
34525
78606
58885
8385
73937
55931
43717
7226
1042
66368
89768
33649
61719
16082
43402
51693
42011
10488
14555
78730
86810
89626
533
76830
13682
78433
7950
53521
18476
52695
8763
39741
56606
60992
61205
15289
69232
7738
84214
22351
14076
9506
29191
77149
60410
1868
75217
35954
67171
19691
66680
28213
82446
62169
40634
1977
7092
48927
2877
54249
55465
58892
1960
520
68519
71320
4127
25281
34902
12463
84968
36570
14618
31786
37233
43708
60461
4223
66885
52423
19320
52524
49253
34017
74193
6080
35177
73496
52076
91723
14596
33081
35585
78062
40502
74560
36488
86310
38134
54344
87663
22756
93353
73572
7582
24946
68938
37628
78079
37043
70114
65179
75633
17585
21237
53733
73926
20697
14474
8511
14415
62171
4315
72983
67229
22547
69323
37723
33687
33339
12401
12337
77779
28100
42733
8571
39067
78439
92969
60485
5468
7851
25279
76970
22866
50237
37008
86995
9949
87381
82342
63238
31415
17919
54069
4204
26699
74746
46199
12006
77400
38553
36339
36967
47806
12257
34540
61549
43218
11050
65358
88395
49527
19394
93323
28106
35772
51716
34439
63902
8932
76481
51741
13439
86436
13901
72150
32123
61033
9763
10179
12953
10606
91847
7964
79997
56847
11205
92139
59055
59344
33190
19988
59786
57607
39561
38966
48445
65859
26045
44689
35553
56223
71761
21741
33073
38527
29921
83390
58537
64360
1635
25144
11855
54028
55043
78648
27527
9497
56702
81831
87655
49978
70889
48798
81156
27966
28791
21785
51609
88940
12484
11392
59754
49266
68597
24458
14993
8327
47785
64668
76574
89992
58392
87593
2227
1311
28783
51446
61054
16901
64782
33581
70046
88418
26273
11680
80664
434
69669
2215
41558
71788
12986
23560
58431
69091
24287
59832
70993
50073
90059
67909
74342
34548
12286
7194
12692
79114
82969
53001
27439
47603
91647
53695
46131
49251
81239
30910
1453
84668
87146
33019
74105
21428
61524
9276
19674
55048
22600
59267
88918
29396
1209
38269
63190
4248
26641
30937
89257
9083
9638
50023
33306
72715
2201
81489
41998
42996
93268
9163
28612
79069
80634
85633
21093
38944
31181
77194
11221
5835
38381
1601
56278
49877
43553
90470
64199
47619
83844
43268
81107
12171
19380
15616
21370
28891
28059
35609
67931
33353
59650
33496
90006
87937
79952
64032
35861
10595
84212
43208
22947
16378
50783
80964
23686
9975
61955
5787
39847
42139
90078
84443
12091
66498
22169
18355
66929
14679
35251
36704
7277
71044
70764
81490
86952
34950
64630
13191
57674
58367
27555
39070
37270
53408
29895
25404
84141
21913
5145
2602
74320
52325
80598
13151
46692
52046
1167
61302
64745
46154
15344
57222
24189
46795
66335
59051
35773
28899
73192
41676
88258
92892
88669
68765
68998
51394
80635
78616
62542
69019
24588
27255
43925
57043
91019
1963
86718
68775
70347
80615
40835
85437
68481
35009
64176
31561
86726
63616
84754
28637
14776
82232
50932
31633
64640
13919
17663
70735
30975
32446
85270
26664
26939
23237
28073
32573
57070
8713
26567
46602
71023
86922
59150
22595
16615
6946
37937
91
24821
68730
36315
84440
56685
84920
25548
19978
52505
25089
981
85472
428
92494
34703
22261
25470
30751
54172
50423
82765
55569
59769
45018
74684
55130
4506
29951
10672
7868
12751
89895
84127
42661
56419
84549
19374
56557
37966
90014
59379
47329
58439
70017
77406
89231
15457
20924
85949
75101
71261
36185
973
20118
34943
21205
20259
1362
84138
79285
13198
90032
16548
67629
39541
9052
72259
25084
81476
3946
40073
46410
5117
89042
56613
4728
7848
67580
65754
46210
56020
28204
39944
2422
16763
54496
84998
69575
76506
23265
59504
47776
20798
14341
17687
58610
33050
55654
41756
11271
72758
77018
61124
31350
3995
87253
32296
70791
66579
63741
44808
3838
6077
51443
10346
27339
2298
91818
9780
38369
449
38346
24206
30580
75342
7667
14933
57174
34918
67685
5731
56100
23323
22505
22885
17536
14692
91409
90589
59730
34564
41860
18318
36225
85784
46323
83992
47621
16641
8699
89250
58530
38801
3484
71247
2755
9098
45745
20926
18753
7255
56738
78029
79313
78206
91639
21087
24575
18212
67551
30755
83585
70080
45393
19926
21597
60446
59103
86078
18295
92433
14707
56727
14492
74695
14718
53852
40083
86350
73706
67391
59114
18692
29857
69558
33069
4000
54034
42364
45019
63153
61751
14505
88703
14545
70310
56118
31232
93044
51785
65456
51080
31937
8446
9253
54620
49346
72446
14106
12750
41912
34338
19736
55550
76050
59018
75137
8518
45034
66867
63897
12290
33736
27463
15129
5849
49246
90590
80188
35389
16689
21451
93061
12195
24829
20794
42136
33647
17945
26122
75939
31971
5484
72991
67615
50609
57383
89506
79111
49446
83464
16980
81850
24
8546
46178
44218
80745
19205
80912
71869
20283
25847
72010
84295
56333
62727
8688
53701
10989
7473
57670
90500
48184
45471
82617
67103
21468
12867
16552
13726
35515
89152
82777
85775
21494
73766
45878
48220
7768
41846
64938
18138
57510
66109
11421
78445
45957
73289
88609
70818
55208
87647
58931
21961
46675
56998
89027
48612
59834
24536
59231
26674
63749
37541
58288
12510
5233
76923
45564
34065
67085
55992
85421
53077
28532
27188
60494
74683
61247
90232
65618
90178
52379
71330
7421
80022
148
32565
61754
79967
51447
40148
83672
24835
86449
85187
51186
64796
57362
11467
90460
9728
57025
22728
6346
37791
51665
71088
62363
24618
20785
14922
36685
80430
12461
91017
44272
72155
58839
37211
70375
69213
64255
91826
17049
24823
41240
54388
81871
40085
77849
32555
80720
29607
86516
62024
63301
29393
10108
78228
73901
1865
13942
88866
15680
67497
66249
6084
71037
32496
75278
4207
42972
46344
69257
7031
70474
10939
90099
77421
88837
28478
34414
90919
32858
87209
55515
18580
15460
16359
37820
29903
88325
9520
37294
51083
74740
41942
60061
41114
68535
69452
27568
44899
12910
62908
23379
2997
78987
18367
88922
51658
19100
51526
49697
7367
9938
50388
29340
6578
52595
8059
57341
73920
47629
17523
53277
10057
4731
3300
52151
78556
72646
78491
30959
36209
74149
45665
72751
64143
6681
4941
48562
27740
38139
88676
12938
42268
68457
46732
92945
70513
30936
25210
40910
50824
63149
74066
71695
32564
83548
42410
26417
74786
39868
12949
74228
86047
53709
32732
866
63660
76331
73927
42283
38930
52804
45541
37843
63967
15282
33164
33158
36319
26100
7850
49078
20506
74482
58057
28877
38535
58590
82427
37012
76811
56236
92108
71326
65120
69883
88310
90720
49151
89838
91883
24434
36618
65784
46745
43195
26425
8170
88190
63032
43323
41192
60321
16964
42583
4583
11529
49174
48142
46306
41420
34271
55957
67739
45032
27669
12026
93330
85035
70434
42189
87766
36945
63881
59163
67431
16768
15318
1405
240
18490
63582
70042
39987
45949
54503
39927
42884
86321
55204
7338
10040
33465
84897
56461
86186
64404
43108
77239
59589
34648
6209
20674
13595
91075
41989
56285
85306
13904
36405
63697
85805
6716
49238
65083
1645
49754
78832
2003
73189
37969
93017
27969
73852
44330
32908
84714
55747
42046
6200
83359
12250
8168
8074
47114
6976
24024
12420
90395
53769
10730
90058
92458
59735
45137
89477
85623
63407
19376
89167
68011
21613
62581
29649
2575
25061
32299
80661
7027
30739
4712
70357
41337
81982
47556
6710
92366
12008
74314
5
2430
86596
66763
30457
48821
83506
78936
6398
53575
59004
61236
196
64013
33983
41242
72029
51217
62509
17580
55248
91632
8139
91598
34670
75855
13175
72199
50169
91993
64353
33202
89286
77346
42221
63681
59864
36518
29423
72075
81194
23746
79580
81133
79509
22949
27509
56197
44525
80735
69718
71714
29715
18005
42934
66779
74779
82239
85960
77937
2500
18410
60657
34335
816
12433
89147
72406
13907
27394
89873
43696
27100
9430
65406
30306
89031
25975
57071
81695
4250
9475
72948
1707
65338
12959
83173
41894
1129
19809
74729
36203
47065
44603
32302
8065
962
92464
80806
14490
4545
7161
82383
29693
19961
42453
54126
31201
6749
75200
7268
39540
68100
34763
88635
10288
75355
13910
821
69153
37868
14034
77245
73769
48719
22297
11576
28691
43974
75227
45984
21361
64175
92265
81301
51051
47764
40612
53362
81768
9441
89822
63843
54485
65943
58337
80272
35261
68825
47561
41357
12406
1138
76814
80617
42717
46479
22043
66945
13395
25349
91290
50545
81266
16573
79496
90478
65400
49028
83941
30853
51081
15027
45457
703
29685
56423
70836
89567
63867
36760
84884
88595
82351
1759
92767
1813
29933
74764
24579
73537
12819
33155
84889
35119
85149
44588
5161
73902
53638
92124
5799
68983
73517
11286
62237
12872
65345
93002
13922
40333
18688
25073
60393
76428
60132
33051
52530
10434
51021
44502
49490
92361
93082
83237
44893
46329
18577
64119
1101
32378
6682
66012
63445
39802
27283
75715
82949
53260
12890
62248
32950
35854
44718
61269
49678
76121
7269
53822
77039
17051
7982
57988
89578
72043
86671
18311
82951
48525
47855
60418
83887
37668
73973
64768
88334
45993
59684
15074
37940
29906
50816
54378
52842
40856
3482
92164
83256
28172
33974
50620
24309
45135
6917
86422
44592
59049
78423
80957
56581
56968
58877
1426
12896
61157
32364
83671
79636
77871
39531
23037
50941
28562
93416
88499
90965
8321
54369
88243
58671
47727
14710
71012
63345
41831
6699
57935
91150
33483
6127
91510
31256
7119
56420
63037
52015
89038
87280
41253
90572
28573
4667
72754
91005
55921
63588
71645
75718
25590
83052
46676
91844
72033
7214
74899
85162
44742
48937
27464
83121
69077
41582
68240
35554
54076
20570
79304
76989
15908
88845
84388
28718
40510
6546
76072
15739
35974
64085
49201
84635
30756
16057
72867
33032
38058
19858
45894
39427
66282
32931
30891
59973
80618
90847
86580
32493
65699
67243
45921
14051
29403
81316
53727
67880
84165
30985
15001
77498
62377
78716
53337
24664
55609
89058
25442
46301
85576
36139
42112
53663
27634
58390
36279
29799
57668
69211
92909
60123
86851
13253
43863
34734
27664
80009
61149
92754
40063
41724
82565
27191
49241
60842
39188
31734
60083
54553
43279
79973
25867
69941
81321
27337
47127
70666
4690
76259
5702
75378
87519
212
16041
66828
60067
74658
17740
57288
66130
15064
51180
49680
59484
63780
50395
53159
18124
79889
68101
2977
36781
61796
72286
67838
3529
39103
92025
48431
29384
21176
27080
33117
34427
85942
62662
34654
38968
10061
87242
87050
32385
86258
3462
52174
62061
91907
26919
47303
70898
45855
77744
19865
40702
19164
21004
30820
11023
197
19565
91808
2306
26134
7153
88428
65872
47719
55752
19450
22000
63272
37312
83090
2608
56460
57327
35844
57907
33993
45039
36682
25005
55329
84485
14801
18836
84206
4660
4027
56893
57619
70977
62458
20543
18575
9543
71514
52395
16129
25327
51407
92636
82968
86105
87610
30784
81304
10822
42793
74208
6650
45349
54208
23335
53082
9465
53267
8599
84787
5783
61295
80136
42193
51945
87570
18309
10082
49902
19272
71613
58867
53641
12837
75306
67709
82464
26646
76321
35082
70024
91627
1704
44398
27905
78624
18465
41946
42241
11863
88976
17353
623
80083
67056
18901
73974
4986
56991
62777
45272
84803
5500
83131
56549
90436
53642
79505
5451
30037
29233
57260
50001
75312
92903
14218
91446
31002
56605
2910
29022
46746
74809
45718
68219
92240
47410
65432
45208
88086
92663
85987
28108
73850
6966
34651
74355
87700
73797
7096
29484
35469
80997
9637
40397
47159
5550
91006
77539
16592
62371
26104
9693
42797
50529
27641
66821
54699
32227
2090
18130
40316
44225
27614
91425
65864
47675
78303
64200
12699
28579
84513
863
54596
17770
8649
40808
72463
52528
36151
87869
59439
38200
19558
5628
92936
24524
60112
13961
34826
35916
78852
53301
2127
70438
75925
5419
18304
92331
7446
45932
27127
40054
68853
80423
87238
33988
4595
55326
84453
13238
49899
19867
15320
14654
28120
69572
44236
48898
46261
57096
41277
35328
78872
69205
474
79929
45618
83785
42776
1872
66529
73905
59654
64610
89793
69008
34147
52173
70475
41283
16497
89666
2852
90346
30422
43959
34748
84619
92814
70681
57886
58081
70019
11386
7398
81278
35007
11364
66061
28202
92872
51730
38232
21141
17734
22523
14884
35730
62561
5544
23456
77181
59258
85071
34868
53883
14047
65808
19228
90494
28906
91806
21028
62757
47376
62420
65384
18256
40551
41708
27133
32826
73885
27665
87424
21685
11538
73935
54252
8137
35405
21996
26534
83902
7191
10128
31316
24332
40660
29963
89947
61597
3650
20558
64854
63922
86780
24675
89871
19190
36827
22631
26022
20433
24980
48805
73208
9746
7487
53610
20285
84146
46196
38872
79741
78748
43750
7327
65577
68400
15777
83171
43531
48810
3244
79329
37087
20746
24698
18801
42363
12210
74063
35797
89306
26713
9748
36427
60510
50708
89112
45990
82197
3139
72001
27630
47006
38143
27103
11882
54109
84117
20331
37622
88382
38367
65373
75164
54999
48984
41100
26563
92610
46718
72768
22624
76901
15816
19457
60830
46734
63503
19685
40326
76417
35768
35325
67337
3754
40387
30579
88335
20654
11359
83489
22475
46647
75380
76497
13290
65450
91744
40805
5007
71943
31065
83225
68658
30142
70990
39648
18856
13228
74444
72405
55450
5287
13078
45207
26176
56082
45473
22312
11533
64322
78757
41143
72290
82216
41925
9320
36909
47333
42392
20027
91295
21130
4505
62033
56679
48091
52054
61432
52613
53324
70194
71389
50289
73813
79374
90750
88876
16598
65023
58079
60256
90538
76911
90996
93128
39782
20099
33071
60079
2769
6949
66545
92221
47880
2887
32646
36223
67023
56861
22984
46399
45686
32584
11445
15284
58895
3005
53308
40368
18162
38265
58224
59158
43592
12615
73175
28918
25411
40126
48404
46800
67101
4230
62647
18485
25476
81940
56701
41434
28055
81229
65184
59554
68269
66415
68747
76295
76239
2116
46181
76101
77318
46597
34952
65711
9695
52086
62313
84686
85875
84327
53273
40302
64627
68033
6621
13580
85424
15007
16691
37206
54203
88580
45331
19727
7425
67884
89143
32582
67713
19410
77379
79925
16546
43112
12501
66296
26790
47852
21466
58622
38623
92545
89017
55739
89985
82957
56672
25506
58318
3392
1289
34901
69492
65867
22292
71836
27373
18129
13126
87624
80650
6665
65395
45929
47364
34438
65611
8093
73046
71751
23675
81226
79154
76681
26700
89076
69654
27277
76750
49000
68738
80145
11643
70685
38402
24190
17461
91660
89325
83015
43692
20406
83058
47235
74525
2792
15521
13773
4160
3099
41417
86085
8313
22419
40787
28737
18463
69893
65282
68774
19018
6679
65355
13686
16978
26037
84027
31381
16045
3407
54335
91040
4444
8374
48569
79136
15804
30855
46781
44483
6242
14533
59873
38810
42906
68826
12946
6778
89912
35419
3724
24830
31713
51402
41479
69816
38598
39768
83587
87856
28237
11943
66269
81572
86626
18408
66590
58965
7976
77443
63704
40383
79904
72393
81680
84905
6153
68995
67238
28413
15019
22934
59202
22050
66482
41309
26318
48376
2967
67328
56917
5970
58799
34357
25549
7374
75985
65147
48524
61575
6730
70938
21514
3047
60947
5755
48070
31875
35786
16831
68863
51297
80826
73942
39641
63275
3390
34825
49652
71145
83462
44333
49849
59950
78272
53229
33106
70749
81539
86128
37491
54550
55239
61682
31168
8387
28203
46415
9999
74675
18760
22390
86752
81757
6887
19462
68431
9368
2286
13312
34101
57751
53144
30797
82555
30982
56645
57364
81258
78896
53036
45337
62716
30387
9221
64084
38118
3233
85190
37487
78743
1288
47115
6777
66958
16614
74997
72388
54165
25361
93257
29238
2975
3672
17115
93018
66813
56116
18480
5127
50699
25243
66078
56504
85246
87919
564
47900
80729
16232
13841
21520
74964
35361
15250
64266
92441
68380
36321
66121
18280
54342
482
1002
27844
74354
64927
20264
14603
45617
78985
80344
72674
78696
88165
72327
57461
14610
53821
32561
72295
52783
88904
36698
23358
24211
72007
8628
56070
41620
15923
53470
70277
32766
27149
37480
78923
23151
5652
78897
40350
66903
53314
66088
85692
24672
41630
27836
4718
82699
77568
51367
5886
35196
51551
15895
88219
16987
53
43293
27907
59078
92817
70006
2502
1784
33476
62833
18675
77719
3419
38590
16352
58233
80115
59723
39838
24336
22452
71962
85361
70870
36317
65832
52862
7509
81576
32452
9432
88448
90326
92821
78845
27383
21898
35152
28744
53583
75652
29026
22221
56008
76143
11435
5599
81942
61752
43258
82895
3985
10867
29280
71062
78625
20416
67420
15950
29265
36758
16128
81929
64945
47225
56369
81403
76209
21309
38284
57496
71244
51607
65641
15822
18557
20679
77900
54634
6350
37682
43765
8854
17053
21648
65752
19159
63492
47496
80815
92884
24858
76184
40819
65880
76747
23828
7513
16139
30491
28066
26201
32306
7024
93374
58734
88389
88693
74045
88520
84648
62730
30948
71685
45759
37018
47186
13733
66157
70020
61289
46931
34226
91143
31522
61412
51633
88103
15144
16998
87640
19141
36744
73542
54540
43650
52130
15511
59459
61767
27978
49395
44460
90706
29090
91305
63667
10270
35129
35079
21751
81659
78148
51294
74712
60031
3353
75275
34893
49784
80666
33273
83224
66920
63989
24956
68390
87542
56919
81135
1568
43841
44645
65299
24040
79956
286
83769
7011
45371
20581
38567
79081
81080
74093
32983
54416
25273
31195
60891
90623
71293
59161
27818
4585
18644
35807
20436
33238
71981
88722
11141
25497
78876
69498
71521
71000
39559
76177
8594
4763
59671
90489
15038
92711
37799
80954
47979
68437
477
5158
45453
24539
24529
17427
34569
48994
81063
68408
7061
91634
89422
84568
47324
89925
70450
39419
2041
79823
66896
86294
57078
86312
70694
76189
61064
88962
23098
88754
41685
64539
83439
3774
78346
85795
76662
84163
10795
5633
38577
18439
20992
12914
78709
86227
24069
2981
81741
31775
91570
54287
87452
63648
55054
34454
42824
20761
3074
16626
3314
22864
40150
68433
2147
84698
12807
26668
23852
6562
39469
10826
74544
40744
93089
59691
25235
19427
42184
71168
71928
69249
38897
87107
81743
82986
29482
56180
54994
45758
55169
30531
18375
46967
9001
46771
85649
90563
70880
8255
36782
20103
93212
68070
16724
62778
65916
57311
68766
16801
14200
84132
79586
91252
20374
69315
6960
72460
62599
11847
81020
60729
54492
66160
43941
33426
78641
25835
33412
5428
77612
87800
69396
40346
63821
28954
50272
88571
29470
92289
37034
75970
19845
9105
37419
8013
7075
58113
71382
48088
70304
50838
44731
70233
68723
12973
53494
48183
52922
71700
72475
90107
14562
32462
75899
1712
41632
74011
71305
49244
45664
54061
17653
48367
51465
3161
52776
84675
34659
82417
5323
90853
50041
90084
58795
33538
68381
72126
5411
78714
75492
58039
91543
25908
12606
72375
70948
4621
56958
18723
72557
31473
47524
78662
18869
20149
68974
11949
22183
44704
16120
16962
78385
80091
22586
55238
37789
48732
81884
89721
86138
91599
19694
80691
38700
33602
2135
39882
29608
87158
3753
59796
76366
19929
8613
89134
12666
91778
79589
51389
1275
86728
11931
66547
20503
75858
2249
88014
46253
2382
53522
79827
56215
11616
34046
20544
86204
32192
17347
2858
51774
92009
77727
15695
59423
24445
59881
67524
13446
46173
12007
33820
38999
68272
52734
92856
64804
11604
1610
14255
93033
69059
74346
45587
17465
60224
26071
82116
29804
16693
32899
76542
68548
30486
34916
83745
32085
67369
20577
42785
32984
30197
53884
19481
55403
13237
11976
32052
20037
35899
47449
36622
59377
12775
34733
37207
84622
77015
70876
59089
19220
49636
73145
72430
36989
66435
66539
27253
34675
10204
90317
72233
42331
68298
209
54186
19076
17975
89832
19107
70363
52202
81395
25902
8814
84535
50177
192
28914
35422
30949
27026
68415
39375
58595
79386
19588
30164
31586
48593
69641
82948
46234
79492
32522
31076
72017
87248
87930
71933
20146
64649
64679
64828
25461
58033
56786
47021
43903
49142
7912
75111
715
65723
28207
13257
36065
38084
6490
54476
44725
3694
35842
77319
89495
26352
66050
85844
91400
89349
4292
68139
4119
83148
62339
40460
92620
5222
51531
37295
17395
32109
27200
48875
3463
26999
68846
93316
78707
45304
45926
73801
52896
81855
8208
60139
60702
16882
37042
7708
8906
26901
87405
44996
64949
79401
75843
67279
64980
48310
87862
72830
59286
53835
73803
89164
85542
54273
12892
8112
647
65918
7206
13979
963
81865
48516
65229
11519
90060
39303
37229
26580
43511
45506
22176
89428
26843
40047
29989
91116
8180
89659
80680
17679
27777
50778
20718
63438
80363
40419
93193
28989
16924
83790
21631
59767
8173
1757
71068
3914
31825
1694
16482
14003
49020
66115
42311
38766
8879
38697
64389
4059
61071
50431
33951
35440
87065
45916
84068
22512
52591
71472
47959
22397
18154
43849
87308
31781
9242
18396
26628
87761
87388
74203
74096
15609
88712
17555
53061
93317
12811
28528
39436
26670
16247
61499
3612
77333
40736
39845
50476
91888
89794
33760
36376
9358
43114
86041
271
35622
8275
41890
30502
22483
49225
1459
63299
70111
33758
89637
86379
36532
46136
50475
89561
42042
67190
84213
35207
42753
11385
37970
86749
64529
59176
29805
66982
83927
39617
87003
68476
41611
2663
77396
20903
40766
58444
88198
81324
13885
22438
1667
70646
76461
10920
22950
73925
4492
6191
71649
79577
13569
23394
77713
7778
72624
89888
27161
9989
69450
50345
40413
56263
29793
28421
78165
76835
45423
86832
62585
65714
32644
75051
88840
67593
48356
88617
68355
13519
20116
60624
25598
92212
28015
1756
59311
57787
60885
61620
58258
28720
75425
25096
35015
73193
62588
84427
48897
15369
29825
656
7790
87372
81174
37162
30630
43764
3198
47548
17210
26907
37534
2091
80447
39602
48026
15056
20562
49037
92982
61329
59990
33428
84923
35713
78668
19541
47738
41232
6523
30211
48020
40221
53602
58214
85595
61372
38702
70921
39801
81796
6344
33181
54823
55162
86816
4192
15862
83863
55436
93279
21330
58626
21011
54479
37406
84190
83210
29890
32500
3682
78944
17226
56956
49674
22208
47635
61511
8805
50649
48155
54346
40447
51058
34352
67053
17279
69812
81290
87597
17991
30214
46617
12225
52609
9767
2381
4038
88560
15674
16525
16461
92308
39268
71711
86036
45839
29658
87780
17618
21248
13450
13693
43007
36270
19161
15962
2586
43419
14616
87622
6988
2906
80601
6392
24684
29275
46001
73830
68936
78096
49937
50399
39863
24792
91060
49203
43782
7250
31100
40355
26285
68598
48004
70650
72297
14418
76862
60396
62715
14237
66444
28838
45461
4237
71174
30586
51923
25116
21136
52539
52012
40698
87678
36948
13627
22102
50490
5081
83012
65000
77214
6010
75409
14866
22156
37807
52740
82689
51310
75472
21305
81552
47988
49621
49333
45243
29259
73088
4036
11926
42054
49272
80847
55846
74645
12523
86097
44819
29596
39923
14273
84691
31246
11563
64915
39348
74120
33380
60888
40260
23825
59428
77042
21736
31798
90822
85505
82647
85088
92352
726
11860
26679
19610
90024
7864
15734
3101
29030
2949
26292
66419
56778
12545
41345
80097
11024
42625
79301
35480
30280
20559
57949
31160
11705
2188
79728
41112
31916
16871
47489
73281
6683
13466
52234
2224
88484
89516
21534
56915
27656
22396
27219
57480
11060
34555
6813
59301
14841
16332
10799
40659
34801
4411
83810
11475
6167
64849
27848
90004
11062
60809
28695
71797
46566
13876
27267
85000
74549
90206
12780
941
75938
46249
14834
60182
77350
79915
4759
49289
16350
54177
20954
2156
91227
39110
41888
75631
62494
24167
6809
26170
60637
66824
62843
74748
90788
34772
64399
71009
50636
58952
5460
87221
64019
47685
72938
32898
49607
3563
14634
6637
89728
68061
30603
74795
8297
67213
79022
12410
76985
39800
74407
40172
46293
81450
5087
55850
16997
80638
46760
72218
77780
13521
85152
38504
35410
12954
77012
81918
25489
73985
64107
20313
62845
76541
45751
469
2737
64041
47775
11354
5699
82570
89318
74383
85904
91682
1780
44248
33814
46701
52647
39947
61121
51566
2771
53355
55037
35571
57641
88761
2359
73480
69985
37769
33357
4383
81130
31874
57123
6497
22761
59363
64055
12421
21002
65903
61110
7763
42703
31252
70947
38314
15618
91646
12490
51867
36480
7757
86712
84455
29314
79504
33797
89909
55344
91602
15909
63221
59693
20308
74980
56776
86095
23144
64850
29012
43455
19514
27455
75023
7872
63076
24376
28442
78747
33070
1573
68810
4797
21641
60341
37847
63748
35642
11530
36596
1011
15428
79729
81090
29653
16679
61602
57590
7270
55304
28559
30397
1386
52990
69180
26864
17581
70369
510
73814
60253
36036
4520
14136
27239
84125
50495
54642
39651
18923
9137
21338
20173
94
43197
29697
1831
42500
9405
40598
68495
72421
44672
77175
16042
69990
58235
93322
34983
33875
71087
74072
17426
20693
91759
28400
20622
55906
75981
1448
20159
82800
83879
92151
9915
75233
28324
83501
35017
17092
34499
35074
77652
7880
53888
86322
1118
60649
76141
61551
47746
41111
23831
49392
37939
881
2248
48827
1383
91310
76917
17228
59686
87208
59579
66096
46095
3690
75940
64904
45314
16107
58736
35902
58823
19762
3876
64717
52421
72786
33623
93232
12755
32719
66363
40405
67820
92
70413
78526
52976
77273
2653
20420
45377
57722
2875
68200
93155
17750
72745
23250
8924
51458
92846
80369
87901
56391
36583
40636
6428
75644
92966
49642
80995
1368
3632
84504
77390
37630
14010
47285
21846
39744
31115
33455
90663
87731
25158
89245
59273
71490
57658
50693
57232
84943
93242
3355
23969
65177
31113
62418
79900
5929
40088
27985
23820
58912
25241
30112
42816
31810
42921
2054
62946
45295
9077
322
23135
50319
85283
35450
47412
74864
19634
69706
55909
26072
87289
21396
84346
43222
87723
85778
37784
92783
91657
17905
10004
70322
61362
7028
72581
90556
37948
63106
83057
3631
17453
69266
29465
80017
53896
83603
66085
19144
42771
56295
1151
2808
63679
15068
43637
46231
63888
7154
3306
68918
14026
32812
75291
21969
3796
39220
65085
36516
19550
79199
36162
44153
8501
75776
60736
66558
89119
72796
53527
26231
68198
34519
48590
28635
84609
72229
521
15491
31010
59159
81219
49702
8832
52948
25871
14004
88960
84829
52101
62560
51192
22970
13515
32633
64418
91975
2121
68546
79059
10030
58659
42028
73904
36377
81342
39983
36143
75483
8560
76370
21794
50507
17835
41042
65183
92387
65957
62184
63622
69515
86770
6263
75495
87116
87477
57155
21752
22308
92960
51267
92542
85290
61012
75106
79244
73919
14151
28798
90038
24079
80442
45452
92732
56722
14462
11346
35054
77793
39264
50836
4214
1250
66612
37500
57797
38272
5603
84313
30319
83777
84903
20809
23276
29505
8748
55548
42338
90805
51254
27350
81027
72377
79298
11333
52713
83609
24965
21704
41080
63960
33555
77955
45224
77624
88247
45540
12445
56026
92473
78159
17711
82172
34861
31792
17631
77930
62476
5680
93173
9783
4149
68353
74728
11160
15224
79844
42748
53236
77408
92048
56244
35153
16566
79525
1409
60425
60523
87840
59771
21950
19261
30162
72660
67907
79566
74051
43320
10943
62814
74672
22844
78215
16171
86495
82151
36113
56315
5299
79529
42643
35853
77664
89217
13650
12179
32277
48951
36018
23243
2320
25038
53955
57749
14967
34216
36001
52764
80891
73223
12512
4139
62394
65382
78490
90699
59094
2132
48896
76195
82358
47182
55078
287
49666
86063
60907
29526
30978
55947
92437
77179
20618
11136
64869
19989
86619
80459
69431
66059
8632
44828
85304
6075
51511
80288
58772
73177
70345
59090
33511
89607
23172
6768
12827
8461
28425
25376
68147
39410
64286
88569
33506
63093
44929
73647
41539
72896
38844
30493
54520
50828
10565
33887
70796
536
24112
62107
51343
10321
1845
44146
10177
1682
56218
53486
69689
83984
11516
76016
91174
13342
2007
73732
83974
10058
91146
4680
21908
26776
61922
62566
93163
707
14420
91730
9222
31657
70130
93191
69375
36073
72695
81773
39235
35035
22555
79093
21666
73610
33216
24612
76561
61567
82352
88069
89620
68475
45505
92623
21739
50865
89463
51272
76518
12394
44997
69726
59300
35884
86253
68282
1701
68695
54447
36094
36534
43547
4954
48911
10843
25540
62568
87032
47938
72996
8491
49054
92593
3977
575
15436
57365
35963
56188
44335
10755
79349
12839
33143
63194
91481
65259
42781
17477
13980
5781
67274
28378
27397
57924
31866
57402
53387
39785
12825
86140
21015
34539
12536
90989
59874
12868
54792
55693
62151
88838
11164
7514
30072
86833
83157
3909
80104
33061
68158
12595
63104
84423
22193
45412
34618
41177
86082
34298
22758
3851
46427
82639
20645
43421
90423
5219
57779
11170
82112
16506
34963
63433
64232
58177
32490
1828
16906
2919
18905
36316
68044
46124
1967
32846
14946
51648
56377
84470
6576
42154
79613
368
83578
80996
21262
45274
6060
31142
42120
85959
49211
83119
74168
40117
10176
79073
54443
13928
4484
62344
82155
73218
92407
73219
39352
81421
56219
35127
11130
86679
25988
84681
91551
44971
42352
1413
75299
63815
14894
92820
83545
48806
9455
35566
75124
93097
77658
20242
25368
56561
47095
77301
1259
82004
27566
79789
793
57547
88574
81523
29782
4639
75700
76810
40714
66140
63344
54310
82649
66780
73891
16737
47129
11514
8227
42039
8067
41835
85752
10878
44078
56744
76717
74076
23577
46343
80648
63943
1203
74405
40523
66081
2773
20424
61828
7540
11875
47411
18551
35874
10402
18587
52699
6180
39445
81899
39299
12121
17162
4381
30508
43690
9474
52109
25022
63785
91752
75828
69633
59361
81139
9908
78390
80217
66691
87749
59587
79914
5289
52765
35620
14673
16927
58773
87990
85521
76741
43147
45610
81873
91349
13833
19202
51154
37963
53806
85150
25677
17100
3071
71537
33776
42746
48205
79167
85716
5862
92272
89940
69948
16825
31096
9668
35399
65117
34490
32825
12291
28665
85731
66778
76668
52346
15197
71180
51700
7045
60576
6092
55121
49889
26188
46112
53721
82917
93124
17670
7025
68120
13335
62880
42454
10957
61676
26702
11811
45974
27304
7958
21341
19999
3591
13638
48471
1410
25106
54984
11501
73397
42598
48098
40034
57408
44793
17597
89729
62612
52166
50061
71447
90784
71967
59574
87686
12159
51946
42629
53719
40916
75244
9428
37523
81112
53359
34391
39859
69647
50950
53703
54470
35850
68717
13639
48447
58159
45877
36199
26255
88107
75366
66918
71226
20988
69334
24199
31534
49403
74930
41464
80323
87436
7770
4653
78394
21207
72839
18807
71637
43382
38218
22250
45353
27597
68234
45692
91566
34060
18269
58238
25961
51950
79358
43175
61044
21710
7082
60574
78909
8391
61651
21816
86725
12085
90092
27823
47844
9321
12908
25646
88440
39925
34821
43377
71319
50153
44710
14226
7368
55578
34208
30940
92615
60228
16519
79011
2558
31760
82845
42393
20183
85932
42613
18219
66155
73947
58112
75538
67679
82454
2472
73886
61761
6640
58154
37505
26815
36916
33225
93186
64965
69447
49117
68122
86425
10260
3843
83743
63509
58699
79703
56921
17612
38131
53872
20919
62230
13489
3038
76104
79527
76413
84324
1190
24289
85200
11272
83712
31538
43390
3635
773
59939
66316
30169
21601
30783
52669
26413
75374
53993
80144
46611
34474
64229
12037
43789
23368
23002
4081
45440
80012
88133
53133
2484
69913
2094
19459
85399
64
20128
64387
27650
55426
6183
12496
53945
69203
710
18523
32693
11645
91402
22824
75835
79839
84052
56483
21607
92717
71035
21604
23155
9246
80417
20972
79734
84842
87010
35489
26475
68803
72484
39633
84997
27735
77680
69366
21527
36828
79544
69507
71250
2719
6870
77417
86560
80241
38892
14058
6079
90256
4631
34951
29719
84072
92721
9062
6843
61998
9436
72544
24505
33124
42551
12340
55731
70591
50814
10200
57120
14073
32172
81816
31401
37032
56509
83871
52519
2686
32165
53735
34056
26205
40635
77881
77913
83765
62978
51591
32448
48884
48448
23578
29796
2376
60235
43308
13617
66600
71771
81830
73695
74122
9825
41046
53876
86518
55189
47323
43626
52068
13284
44916
49002
91414
11315
48381
44279
65946
8789
72630
18588
53674
27571
56550
26959
53238
10112
25898
76022
68220
70864
22755
78726
76751
16415
81455
42591
89449
92739
27764
15359
60319
47535
48034
32516
86799
15939
69600
91062
51866
16192
51436
24099
33549
68650
11067
6268
24864
12482
8308
53655
51342
56519
52618
17846
5430
81513
60847
77685
33456
7676
53069
64944
30464
331
3432
64278
10912
28555
92996
74699
11543
31837
8935
87318
27927
1059
55534
58089
54334
33948
70699
91203
64312
40940
8842
73236
52140
60799
52038
76093
12494
32974
79993
6599
35877
22377
48259
50386
4101
46050
31858
40025
46145
44172
31095
31584
5690
56785
23296
66093
32059
60483
69048
69574
13034
74521
21577
19737
48858
37912
72020
41306
3156
25706
60281
110
88220
51459
90947
7222
7675
23986
47310
28846
12092
69908
19934
42782
61813
76779
51732
7705
87099
76034
3291
19994
79360
41610
88239
25523
85718
31576
39921
54692
21675
43252
50770
15619
73299
69046
80098
85107
3123
86873
5403
29507
20086
69790
90581
87752
84143
75888
51340
54726
7300
68318
24486
22269
32136
49533
83425
34482
26502
51959
22255
26146
2750
23705
82659
87471
10166
88905
86384
84710
40943
54803
11961
68027
37404
15874
62913
88667
13223
85205
6906
64048
53418
7041
17402
77162
73090
72238
59235
25922
37438
57923
47980
62029
55415
39486
90438
60948
27041
71744
61775
40451
84113
20403
82218
78552
68007
25430
23913
20085
16432
28107
30555
61259
40680
54200
54007
3660
24257
57221
47889
77645
23395
53423
80712
52230
85921
15546
65851
28930
47064
36057
41715
31664
7163
2781
67083
9522
13660
27644
57372
83324
31850
11167
74745
72781
13818
77429
28948
75918
89125
56604
83716
71372
28758
53457
14792
5377
27274
74989
13286
64538
28659
28111
8658
87043
38339
41048
65431
60249
91521
64917
39821
60949
71495
49458
91463
53055
28031
54457
80866
66172
80819
69863
54707
46230
15858
35860
53028
93181
40654
89891
79066
2557
1304
7274
43881
27369
37175
5535
56415
74677
68923
40656
14774
15135
37248
37144
83187
7949
72887
83532
49924
66298
40933
46203
82738
26478
8514
49277
8440
78386
41541
73988
45477
3323
73224
77229
89824
16243
93365
45566
52094
75649
9741
76733
58657
44102
53873
80510
28362
53627
72444
83435
36841
26975
5770
67676
78432
18032
3059
40060
900
78161
74603
56307
30084
8977
33898
90879
87621
6577
20363
13167
82996
87750
23218
16578
37895
40087
6438
5790
19896
40971
78107
62873
50135
56741
35135
69800
71879
52469
68157
46996
7713
63608
75199
54405
30466
46841
31225
47522
303
32300
38319
39562
5126
46828
89041
9847
36934
75862
48914
28638
10905
44390
66777
1908
66039
65475
25578
46177
58027
81475
28128
52031
92537
58389
49183
12176
61112
67782
62065
41647
84629
35919
29657
22538
41341
13202
90479
32785
64394
43585
91865
56850
41414
92374
69698
63728
379
88017
7954
35062
25882
85935
92013
51074
62039
12343
16845
59540
90400
10271
48066
73008
73435
71280
70101
26110
18984
67879
22446
43439
56323
52429
16127
87547
67565
56207
44233
42274
64421
48403
43763
32032
30278
56268
65304
47748
60400
36324
28979
50738
92661
39355
79318
11215
36942
45655
47169
66336
43851
76920
81442
7813
41851
5673
6781
55684
44640
20840
34822
20278
65135
52691
25183
2595
56493
60466
65999
54002
60837
91905
40274
75048
37909
87708
68129
55028
63845
25524
60271
79461
71151
39962
37377
21031
86217
67090
51983
52061
35277
13800
92691
84361
26032
89163
78157
18820
50575
65795
31566
6880
47842
61282
9411
14812
35635
64194
76479
79732
62244
8871
65066
48808
18757
36867
4297
39734
40931
59
63077
49965
23545
80048
59105
87022
49496
74613
25883
72681
41884
8014
51521
19877
28067
51296
62831
29588
22777
34114
52261
75685
49975
55122
68847
17481
1015
75135
13506
51093
75831
70532
25870
56076
16653
19868
61807
49512
37565
22092
88921
20026
60906
68045
46849
75392
14156
57927
10591
21240
67463
19114
1945
74455
46884
45306
4221
92148
41734
84939
21505
68176
10023
83740
24591
6078
10794
68165
56335
57292
71530
5225
72086
31529
82424
42699
10786
50640
57700
2052
34757
70228
93384
48510
24034
19942
66235
5903
17635
52158
42738
54689
60784
17473
28988
86377
34816
374
24454
54232
53009
90393
76023
86454
61318
15711
44806
33729
12635
19822
51348
81611
11696
21339
10113
41030
56282
69138
38749
62887
26618
64906
15666
72107
93221
2994
79220
70945
28972
16197
84531
46764
17988
14330
38003
90991
75485
6201
10480
79609
57000
40655
59072
87739
82156
19991
78574
23113
37275
54246
65401
88368
44318
80574
15819
69154
70141
92416
78732
30809
82087
38734
16360
28235
56585
49116
21144
71181
45999
16999
41656
41911
26921
48334
31367
25103
53272
60143
87395
57599
51102
7683
50672
90969
39217
12737
56807
85624
76051
17012
51656
4218
67769
58036
45799
8365
71828
41533
28423
34740
34533
84457
91628
41053
29610
64741
67191
30903
11353
10415
73754
11717
71462
25365
29326
76578
9622
82157
31912
24598
60872
46776
81584
31862
63151
66460
66102
73070
61588
92382
40434
87745
33645
27890
82331
58050
65198
35084
90628
48406
2488
36087
78259
89279
61276
60044
91620
58695
77912
65364
83335
82823
76530
62719
52187
16017
64778
22130
65898
35836
88013
57472
75919
41033
73835
30549
58210
4282
12387
85554
34807
72008
86888
20156
63691
90316
87446
27800
92099
91118
72677
76482
21855
17694
64548
73315
2687
57066
78660
4760
27115
78674
41658
15561
58546
90310
37351
72488
78499
5332
47380
82807
78809
26770
24674
81044
68733
82426
13609
62811
35661
28975
24723
34027
90960
7922
82353
70684
22705
79049
89609
30720
73124
43445
11572
58204
71296
33449
34099
77515
15133
4001
50530
2092
4829
11017
6327
33209
46694
52616
39791
48874
57793
81443
87973
15392
55411
34686
29862
18900
91332
47347
85865
47397
44232
87310
2312
32409
15754
58247
1452
43387
80774
8803
51510
72611
61494
72177
66531
24693
77523
23241
12001
3275
63750
63980
91056
90378
43652
69011
52730
90000
88984
52345
7828
20165
59149
56261
75689
37519
21288
29798
54201
35225
6604
30636
23871
8968
27150
53405
71263
87112
57999
35545
92496
92793
41500
33291
10384
70496
75063
5932
68137
62543
2191
38545
34665
61576
88733
75958
17589
31670
23739
47589
83379
36769
64597
83485
10042
86486
67495
44011
16309
44262
60662
50195
15468
43340
38528
37390
4703
81172
52175
87762
71139
27845
76290
517
88184
19804
60551
5889
76058
40403
41569
10764
42637
53680
13118
49686
88916
51660
23275
329
20335
37997
1529
19662
399
3058
21348
63726
68768
80072
37785
76960
86168
87142
50805
64444
55603
35028
85482
67678
35605
21930
46384
70330
67813
5329
30611
81136
33156
19075
11380
10122
63877
86026
11532
20265
42116
47922
4452
79140
25601
21415
75721
74905
27043
78495
81147
88178
7533
19567
28547
56125
82740
26651
87449
4765
78562
11219
1490
84354
26483
52782
46689
335
5523
23284
11252
83371
31505
36807
55109
41809
90850
84167
37421
68036
33041
78548
13592
5739
50677
92448
89941
6173
75298
65444
85192
71622
19490
63758
91300
7937
58071
55816
47832
47282
76645
91508
41354
73555
59793
88044
6262
86235
35363
7660
45599
12842
66894
74386
16820
37967
87111
24869
63936
66195
63396
70522
18272
87429
60689
53051
23867
87947
18749
73986
11424
3228
42428
70297
2243
71773
32266
9753
7451
58183
39033
69325
67331
88313
29493
91621
64553
23043
63996
14719
9562
7445
10300
7038
77136
82503
24622
42066
67877
84124
31624
9924
65107
36124
20788
30438
57606
48306
67485
13906
68368
59907
34788
80869
76543
51735
3557
69920
24900
33282
90041
20601
388
33446
21549
81640
44739
76343
17121
43668
41931
14758
68418
7026
92132
38171
76809
25859
25060
91908
18789
80409
74972
58730
91666
38309
24825
92709
25314
89928
73021
46889
55820
3729
12769
50353
24866
1269
57788
53807
38641
12034
67088
11877
84511
1315
48638
76500
40692
31034
47271
39936
41510
72524
47030
19230
93133
68094
63333
44636
28836
74507
77911
46973
82848
82728
49610
62133
93106
45160
31310
52127
79378
66490
14196
62226
21709
73663
66019
82794
40062
90672
38444
85311
63567
1089
41219
21014
9706
63467
49099
61346
30847
39989
3976
46424
53622
62709
8156
14222
22237
82788
43425
89464
77503
42222
73956
30351
3268
51823
39360
27783
84963
50074
32562
30416
60674
31485
5762
11478
78351
67991
80990
20979
75606
72882
24146
62852
11588
78293
30184
10888
24326
43488
86773
5090
12818
5928
16335
50389
45327
13605
73630
47834
28897
10966
71618
1753
73944
83366
58693
70152
62239
60456
41561
28611
743
23683
74189
24058
29355
61883
47418
22887
49884
30569
81961
5746
44377
82997
90939
13503
80694
14602
30719
78946
61704
28593
84383
92057
92141
1817
41593
63015
77873
28712
39665
152
26111
71594
12555
25174
88372
67494
52659
36811
72003
3989
24628
14991
47403
88919
10133
92905
87914
48157
35346
30219
88296
9868
60017
79291
61783
22392
27697
83617
4625
78778
40255
5931
13051
63342
87475
87029
72482
93277
87415
66271
44921
92280
13628
57867
13745
35329
80821
31349
31789
86574
4735
22499
77757
60923
66831
75209
24490
38712
13712
64002
41530
46510
22607
10816
13850
26592
66000
74760
31467
90268
47336
14950
32304
93231
46150
9336
85236
66620
44703
51562
73880
44925
52975
61508
29387
24095
23339
24241
49627
74026
38330
20292
15494
7565
59368
54537
37257
46218
25739
40315
29288
36903
28474
17241
5046
83924
2772
17844
28644
81952
48312
63761
83733
89272
12259
59635
67330
35142
40941
61988
77177
27033
11523
28951
83363
4571
30957
60301
19605
11387
74123
87781
74569
90948
56950
55851
41319
44726
14495
88398
88863
12851
68051
77734
37429
16422
17780
16083
82531
58984
90829
64118
24651
58851
27511
54181
23268
28447
11785
36688
38693
43441
92355
67295
68083
33731
72906
44696
5171
34851
690
27872
17655
45679
18398
58108
67772
24258
17038
41501
78753
66350
43128
83901
23706
33811
14125
89424
86029
35929
66700
33964
69161
55222
40596
50344
3845
66850
92986
24438
33260
27957
382
36649
33217
45131
20220
57444
48247
82666
11730
7354
86068
77967
37073
38327
73798
64249
31943
43748
71942
59570
54299
86927
28526
23468
80021
56093
19927
42209
48294
24107
57081
71696
93265
17305
88034
15327
28730
87953
44818
26350
38029
42414
74707
37132
24893
61301
66977
13757
34296
91580
38333
77453
71658
5506
51738
58501
67539
36700
7597
37013
58260
85459
63482
25357
83183
26599
559
26825
12248
29081
47515
91838
528
59949
1464
43312
23678
66703
58975
47915
56281
59685
70243
72067
75007
70445
60387
75583
38716
32816
61772
49095
7690
26443
43700
33807
36355
32237
75361
894
53730
21993
27582
49113
77642
5691
87378
45108
29726
92521
92203
46995
90864
91613
2937
83370
37817
34869
14690
37597
22862
48686
3259
45889
76514
17584
21896
47204
44597
3239
6471
90086
38644
59492
23925
74885
61174
131
16435
93288
43990
36070
21680
66622
49896
3055
60782
22368
53725
93340
48218
7176
38610
47663
32845
33653
60757
44886
38040
1241
118
92555
29483
29080
26199
79649
5215
19630
61674
22704
49165
27174
11296
88692
19326
7361
83840
48240
24219
45641
90742
7360
18143
16207
54534
48195
82552
65331
76060
56454
34712
21379
89111
27050
16366
72700
65508
79200
40521
51134
37499
40307
168
69245
77263
63767
44845
47037
68626
8017
64282
40957
8984
21460
52756
11259
34647
7023
25823
65490
65059
77966
5105
62049
78779
5964
71854
37020
29352
36630
32827
23571
83336
70225
14989
40093
48886
9654
49790
76192
84688
27296
72299
8634
46385
74503
62525
63516
57234
3022
59140
54748
44512
32382
35453
65216
4833
3387
70012
76363
58259
2674
40867
22394
62496
28550
29898
58467
33253
30101
4607
63289
54819
45503
42747
18754
22511
32294
69860
88067
38000
45593
58421
73062
3644
49933
338
51896
12521
53088
20709
27157
31652
54407
84506
68118
27928
54774
23853
1472
22184
22204
70602
69208
10178
67055
6779
51856
58568
49659
63661
28814
28802
51220
78430
59732
84898
7402
883
15307
50170
55706
72266
55280
11822
39957
23137
9033
67304
73207
22284
34240
35841
47288
84250
58917
3347
68372
42234
66629
29630
65879
60355
84746
76279
19163
13668
62572
58317
84500
20756
68781
46129
88647
47660
78871
89890
71595
63139
21209
50851
74121
41926
62378
48058
35939
21312
40258
70389
63940
57529
23782
39790
30002
2631
18142
43196
84123
55438
56882
71093
3671
75333
30207
23057
3085
53749
75341
67916
87066
83978
60868
49495
6708
67957
34488
44387
24802
84286
91658
58754
6868
47483
31214
69259
12900
43559
57393
34040
24163
13905
2957
211
59656
907
34016
37081
57243
17661
23053
38289
5962
35107
441
60175
65695
7601
45341
76469
29445
8737
28138
36329
52577
26805
89012
47260
66551
43135
68267
63329
74360
485
47907
25056
10048
43107
1887
85148
26332
5684
81217
7159
88764
67299
80690
48923
11729
9402
90463
64052
50441
78170
46658
76869
3009
1504
15844
34435
60405
577
88871
83442
12517
83262
86840
91313
8201
8307
74445
28678
24739
71124
4708
90327
66956
15684
40485
661
2084
19155
90685
1341
88421
4346
294
85328
23055
79928
2435
40120
41321
79975
60697
83646
64341
34619
90661
62034
11783
84242
10220
14182
40007
41301
87469
34395
77172
86259
10844
69182
76607
60825
92522
10784
33806
65421
5829
3793
76569
28335
39704
54422
82819
84339
8187
1374
84353
86855
68102
66787
20312
80488
24689
84924
76486
31528
20932
78736
92391
86139
70524
42925
62198
42933
9293
72587
9446
92377
69793
83509
15645
42731
6024
67611
21651
86953
72536
91327
34322
53204
6295
58267
79322
80632
43480
63069
53047
40942
10190
23516
10395
44561
7427
72235
40674
6130
18946
17883
56242
21201
92962
49355
15522
21507
85773
25445
14609
7624
45824
56300
63910
42149
77193
73238
25469
77436
62227
934
47878
20051
41072
76153
64192
74853
90912
69767
17657
80374
62818
14039
54221
86618
41229
81974
10573
87228
75325
61425
16133
39908
73367
3158
42260
27587
17345
12671
76053
42368
23185
84573
57698
90678
10810
11107
90643
23645
45383
67247
93122
91618
68050
76757
3338
66457
52546
21439
50867
59631
34626
62100
50891
51525
17136
28401
5772
82275
79540
70417
44266
45559
49302
36258
49802
46434
32513
37203
26922
76786
77980
17330
34419
18425
43117
91404
17034
79219
30313
50578
14424
2694
87070
25498
70531
58670
22847
51574
62393
64275
74132
62059
2268
24764
53175
24171
68492
58254
20973
60896
19443
76151
37766
16089
15113
54280
11967
35445
15060
42279
75549
36183
46068
91234
18863
53631
56974
68466
47038
46571
21274
75104
76802
71246
25660
51276
2894
33914
34124
29253
12373
9721
82640
44878
82154
38841
87204
86316
64870
67610
79465
65650
23361
34117
20617
74562
53665
19641
91509
28545
47587
44711
51460
31978
2872
63633
24489
27999
42573
76082
67236
88125
36810
63642
86558
28247
86685
83480
6205
26356
30543
28078
27293
52802
30877
12061
62885
79137
74903
38876
80376
29366
60904
52302
44305
13840
58548
49827
37360
74537
35404
70378
11091
63838
7088
62167
7934
64077
75735
41922
10880
22932
66404
35540
10889
55005
29985
87152
83301
41262
76405
4684
75205
54191
55845
7664
41654
51731
9266
4816
90413
41937
20948
55371
66442
18310
89771
29009
45262
8923
24059
51600
9733
7477
30307
40725
18505
10485
17063
35473
93364
47180
44145
71400
54587
87048
31004
79854
43309
5186
68956
90725
51787
14583
13416
30817
2542
42737
91588
85417
77977
84837
64928
42732
37338
49741
62968
4901
75039
53740
32792
76268
32574
1359
18055
88025
3560
49738
68188
19649
52128
50478
16091
63280
65920
50016
21081
55774
66803
74215
19713
5112
77710
4240
91720
1213
49987
24585
32904
15672
1186
49127
48409
5459
60284
27643
3043
43971
89919
57647
76943
67415
65811
36546
74435
25013
5032
9296
72705
29049
29794
20010
31407
57228
91381
6641
4647
72441
56918
90408
27432
35931
91625
91880
55373
88946
12427
78363
79955
78864
25576
16865
40758
61564
29072
44835
70567
4071
54326
1146
58607
56425
34347
21979
24991
18196
50999
17974
24996
77736
51824
84805
66456
27989
67454
44369
35155
68801
66785
45715
913
43022
10900
90305
31714
44234
31427
27491
51990
22849
29882
57688
35822
44327
83883
89820
18411
27189
24892
1521
52168
74385
38775
26767
23414
30012
32614
70267
56546
80757
52059
87460
25160
10202
18384
5995
87504
89481
42915
41725
56042
64623
9323
52160
26735
40385
59483
44791
33086
66408
5571
64453
11229
62711
37906
5698
79057
70186
75507
49736
86578
3692
11904
30585
45960
70963
49501
33942
63413
65671
7571
83352
66642
75033
6672
47542
19977
22597
18281
11250
87494
39607
60543
63209
19513
68324
32912
27129
90381
55763
85852
49470
52504
8051
11045
9514
83494
52997
25803
58727
89595
85585
35390
82491
78657
12580
5426
7353
32244
53474
33109
75815
87121
64230
11629
10685
11142
39747
28878
9740
75585
2183
45420
69310
63284
47399
91732
3264
5831
1294
74520
23947
81283
8069
53548
58284
43444
8988
83738
46084
51484
89247
75099
27303
59251
44590
74938
74406
54900
33342
57042
79211
73471
22202
15925
60072
46796
74447
12090
24403
38624
55895
78428
66968
5095
28418
82808
70955
753
7606
73857
21055
73503
53528
57931
81946
92434
48201
7289
30690
62888
35590
72895
42520
70271
86467
61357
91110
74187
61088
38954
18421
77399
3745
12110
33766
2393
7150
71589
32892
48863
88327
75726
28384
85322
43028
46665
88943
20414
11884
56938
82267
63587
82545
58711
21497
19204
51993
3341
969
50790
291
64260
51264
6252
89853
12504
15710
46695
66960
4390
10568
16068
43406
46459
70097
33369
19875
36748
57526
30290
32472
16860
64530
70740
22894
91287
71465
19833
72915
90433
52122
15417
4252
46059
71971
89180
8375
47460
65987
2048
67989
83315
36408
47868
78464
3886
47231
17838
16301
6875
87788
61430
58491
10431
32861
61009
84283
31041
32791
19404
50155
4841
23469
15394
61662
74159
8285
71689
58313
86451
11940
86680
62438
79403
79707
20411
64856
40231
32162
58664
38794
46132
55789
12749
24193
27517
40223
68206
67430
63464
39742
9041
4464
14282
23189
69167
22525
34574
45590
85598
49861
75476
64024
16658
70395
69271
22349
2604
46657
26879
39819
46777
2968
48905
56775
40157
34415
24417
84484
628
22049
20284
26650
15864
46064
63507
15409
14042
40980
83035
32622
92599
79486
42344
10095
86020
42219
41180
79032
72135
52399
22634
18265
89268
66342
7632
44282
52360
90868
2039
34485
29642
3221
31248
10732
21241
3486
24475
58298
50455
70702
88506
62523
82727
68762
50378
10865
32275
4045
44338
18591
58533
56371
18307
18961
84390
21775
41214
32666
49171
14376
79569
25509
21936
87025
52999
12613
32179
83778
14430
36396
66738
70139
85064
47882
81185
43368
44684
54338
25853
77587
836
2655
22118
41945
74523
79842
19968
19120
32613
67350
19348
92490
29590
62485
78800
65178
84293
21513
53592
36710
29468
85082
2315
18847
66893
59526
60000
89587
41825
20869
39836
84102
68809
52557
40964
56370
76235
74498
54362
44803
35925
23939
83322
38755
72663
53214
40038
82329
81710
29902
3812
36175
26842
91832
92435
80004
8103
36495
87851
53050
31826
78965
73042
11181
53833
3714
58244
14875
70469
9425
8177
75869
69905
74711
30762
31655
13565
66480
72601
55488
22830
7766
39881
54085
19271
35228
8233
36646
86989
55793
62510
78359
48726
89619
80546
21037
32353
66628
75610
45270
38064
560
68827
20064
51999
91440
6454
40857
5306
85528
25275
66966
10723
52883
32043
59457
70569
72607
9852
42538
19776
67631
29219
74876
59413
89172
85721
8283
51026
8276
62477
57285
23842
26439
72130
92838
82831
69196
19838
59166
45332
92500
24283
39192
81134
39739
10818
56797
7657
47956
87694
2465
50179
31378
73444
66594
59571
3186
47139
26303
78817
38149
63963
77139
17117
52338
10243
49321
88628
46554
82990
41742
2510
26409
21705
25564
74465
45853
6810
5974
64853
58928
59643
74578
86458
29306
76420
75194
67218
65645
6275
18545
17895
25471
74265
23704
90072
88137
8347
69216
12231
58365
14437
31400
20681
91020
74306
30418
966
52919
67075
56202
77634
37615
27913
45756
9456
2050
50172
42932
61667
51537
63470
15445
34394
49068
13801
83000
59538
21633
80332
64395
71210
10396
2680
82456
38555
29007
44762
48538
38287
25034
10684
2652
19055
58070
30324
9115
5382
82120
81533
12955
37648
34134
7681
49186
49575
1897
89410
38126
16061
64506
32926
35161
72857
14759
87437
27190
1428
50589
34932
12945
35120
3952
9592
8574
8195
66280
19466
14281
91335
86809
43010
53358
19181
76924
23134
15792
52426
13825
59133
7386
91055
25434
26597
92700
64373
27920
12838
45040
35956
26262
1155
45338
44219
77060
45346
7102
40234
16261
68873
13698
16967
23132
6873
41770
37671
93139
34080
68681
32038
61271
53868
66800
59244
52720
46349
86659
34779
63324
36502
24151
60740
4742
47991
50733
89400
41535
69456
85770
11044
26337
53412
4078
36308
3252
60598
93005
47813
68258
45267
32685
22742
21463
16819
74012
90397
44821
29636
66764
77518
29134
6457
35966
67922
59565
47802
23819
46944
3962
58398
36362
20434
35407
81187
77385
41318
58562
6921
36850
22784
25094
19029
39769
75901
5079
59573
50997
50702
9965
40496
4191
48829
40261
11081
22913
40152
1882
46409
72739
70172
25990
372
42408
12869
51057
43482
11900
36136
81613
82083
64267
45058
50630
21955
49671
57925
55017
62206
91002
71413
16982
25875
58276
50244
2956
86768
89121
46466
22989
91991
47083
78861
33477
35468
12975
67210
68472
60520
30736
1657
6645
43942
13679
80555
44135
83562
62724
88706
41150
38943
8239
45175
68951
19724
78752
9126
2899
10745
22958
88410
22991
9123
32127
75130
34661
80176
38618
28318
89769
71755
35137
51788
93356
24369
72982
18957
11236
29132
40647
3555
10156
88020
71078
60265
81851
38291
87017
44676
50752
66772
79312
31393
33284
5093
31829
73952
80107
32320
51772
30179
31940
6387
6166
49312
14785
10083
71532
81354
25941
87147
55658
71125
10560
85824
37077
48453
76341
57559
35338
34430
32013
26384
26151
16214
66326
62524
38123
69045
93394
82634
5538
76274
15285
21291
75920
16992
53798
72202
68811
41944
51618
54938
13464
36226
70810
61454
41136
46067
23476
76107
30920
14389
56541
5660
1832
59819
78356
26391
46250
21941
25492
20366
66079
47541
28610
61431
75602
48920
5398
83891
79295
87554
2768
89294
70331
2137
76043
73137
60821
11547
65326
82650
41792
76582
72386
52520
30517
76340
53203
71221
47869
38057
58215
85838
20554
21044
48281
7952
84528
19893
58966
37581
83091
20059
63031
90324
64370
80629
84739
29515
83629
15633
90808
34877
13147
40239
92763
6507
17384
17111
66378
10291
13323
63320
40774
3104
43207
28145
35014
6914
58882
50585
12553
45490
112
64624
18401
8133
53999
32379
6391
15587
89183
13747
32583
64117
53586
86577
47368
80972
23428
7400
36301
14165
22075
74688
23201
55579
31297
15828
78534
42047
36322
26752
72721
70484
86392
44047
28617
1617
30753
34735
15931
88547
18657
67126
19764
41099
19058
65284
3668
31368
7463
2324
93422
65325
76031
25788
61189
31345
27724
47470
61147
43364
78231
21508
66232
44733
21251
19616
64575
59831
39415
40498
89997
90946
54522
38384
12361
52212
59376
921
47498
84022
10192
8774
60605
2974
77035
17665
72332
56194
86044
33866
88362
20939
22814
5102
17674
33719
67940
78578
80889
36182
11664
31816
8784
46761
13054
50184
37389
66901
90257
39798
42651
3924
71692
25099
8247
14640
40129
67993
59254
9635
82488
9314
82641
15940
14321
85871
40848
19200
91656
2234
37872
86604
64663
25892
64227
36528
2903
70409
27247
2939
44851
24113
87833
62119
47280
82126
67667
63951
82313
13292
46688
46213
22063
26915
74381
18691
73624
65940
82657
87343
25599
23480
78361
70403
8904
86004
71978
78595
43249
8455
31450
86796
1010
1421
73641
85966
2676
78280
12965
3771
73662
82786
39839
60440
67799
61257
82208
55773
88285
17732
25312
32367
69136
85581
52277
77032
19732
9346
20244
45670
27195
42971
58265
47662
45177
58295
63504
1439
3658
34184
51404
432
60628
76030
63808
49662
18865
38358
9292
53943
62391
57887
60682
37864
61621
77394
26652
39423
35276
74274
46473
81650
28228
44983
18579
5466
23400
6364
7411
26468
3701
84019
54148
17896
24512
66928
61959
77640
72063
15835
12930
4808
52197
75158
19650
50931
77259
87366
25351
84377
52795
4325
76169
66550
43082
91226
84755
7455
39401
417
80284
65458
30780
43796
32057
39981
57206
77714
34253
61940
14689
65770
3892
39435
26775
21349
8835
13588
83499
73882
18263
6696
9026
85503
43930
53625
2446
7892
90601
73874
18709
20386
88278
72069
11320
11975
55430
78186
51964
54844
58379
15495
39175
16954
69564
65053
41389
13484
49833
12700
16249
43591
70428
65016
56529
81516
64277
19307
67660
90334
13329
88455
36998
3987
43653
85430
5405
60211
83470
79998
4999
76766
64569
59441
90095
33599
71608
40604
49292
51397
13221
12282
50884
8190
50568
45928
48150
89441
30972
33131
68079
16271
76383
53167
10371
59637
43414
85726
45674
8292
14448
35592
63680
12141
33020
4950
6322
35239
18765
74294
13080
91394
33519
9457
58137
23670
8274
6311
34204
1949
73250
28010
14669
52824
69724
71254
53025
91392
42710
25845
39325
31994
56065
31254
23366
58944
88810
59367
60600
7677
21009
80880
64134
3496
54361
31120
19147
18126
83928
60295
78088
41634
21964
17958
23952
88048
80166
41702
78615
74375
23763
35849
1965
6711
50987
84547
81119
28543
55292
11381
35563
66792
260
71508
73715
17977
19553
50600
13230
62877
46386
90823
63057
3680
33701
34883
50211
73484
58615
18827
82021
5909
68364
17383
51380
35208
80699
40136
75397
55710
1689
82612
87252
5113
82980
9065
86654
29583
16777
47222
87054
33648
26172
82373
35981
10824
8660
71603
49963
17952
35637
34091
54024
30750
12299
48118
78551
19379
4212
393
16557
21580
72242
66748
8996
5993
45044
62208
25929
84794
6876
29947
38192
82058
19853
26730
6447
93430
47471
93083
80328
41879
9331
6475
67146
58596
92000
11360
46327
4111
54137
58088
17471
93177
90430
85934
69428
202
40906
58264
22480
68391
42779
39411
41329
1143
50680
80088
75297
72496
45731
49265
13306
54309
34476
34917
34909
46085
800
60014
62840
67326
20779
47175
32817
50044
37002
88655
4180
9427
72684
61455
21344
24547
72504
75525
52267
48692
42496
80448
64784
68886
25242
53264
68814
46298
42955
90221
86910
54235
92747
42887
12431
17270
22793
7229
61111
92981
57523
83889
50242
59960
50935
17910
65807
55705
83868
42198
34905
75701
3970
79214
32259
52203
61903
70934
31790
58950
28375
12766
48813
50459
78185
13730
51055
90447
83199
32315
4860
10661
59937
48042
42109
91478
14008
65548
20251
62577
46086
33812
21092
34417
39902
59847
81061
1615
18172
91124
40883
15853
31344
37525
12969
77580
37373
60248
75400
49505
67899
61262
15503
53996
37152
60234
63565
78661
56036
18682
41012
85454
65513
41252
85074
51857
22098
55673
92681
39694
51592
70872
66633
77197
4574
65776
60917
47736
79931
51425
12522
32923
7225
5736
90065
37560
47241
62726
35285
74554
35686
89968
24457
58285
11427
10336
25244
54879
73512
69311
46010
88015
29130
78537
76842
78638
43617
89040
84752
40972
86682
80711
24192
64940
19178
26583
10459
6142
17590
48790
80310
51069
3423
38245
9175
80710
75155
74403
88605
23722
32498
27310
85175
75697
44422
42027
11869
83155
16919
55297
34811
31988
70212
90587
28584
52745
14954
53603
68674
54580
22239
27543
8242
76651
26935
44124
59099
92634
23080
5590
74308
41565
28455
93098
86607
2752
86194
92349
77615
22004
17258
74595
89641
51611
35888
12673
88843
21716
62580
59797
61941
83330
12854
87419
7335
20505
318
18896
43460
46565
6846
4608
88573
40132
23334
36425
6432
44438
79151
56852
32568
70446
71249
84153
19082
22753
80240
57278
60116
54364
7124
13993
85357
77671
69265
25231
39052
5899
11299
17499
78111
27072
53059
31163
62429
66190
15175
2576
61312
56709
22280
17198
31315
10791
30377
37954
40086
79890
81648
72860
14752
70991
24913
61601
29430
78882
63846
67822
31808
76639
54988
31273
50742
56746
5437
60773
20837
23191
67554
30314
19659
85876
65722
86394
88637
89679
73700
56929
32576
71167
75001
38588
75962
84326
41962
1001
39958
7004
69563
38439
79171
46540
663
2933
92120
819
59943
66989
70418
89663
2109
16697
31721
25502
35091
36861
989
11389
87555
9893
56553
17458
10868
89194
25499
134
66034
72314
88980
13000
46011
85363
26669
78166
1031
59852
74283
85589
43336
26271
8053
56117
39282
45930
66159
85946
87093
2847
23277
46893
35395
26314
1034
67138
86546
51312
24202
26937
7804
27271
41842
50732
32971
46610
83892
13
60020
16913
8174
89320
41600
62847
77173
87508
22047
65247
91925
70493
80215
11079
64930
46239
32836
64755
87778
1271
77315
87516
29239
20483
88059
5083
18508
78673
38792
40280
32157
24358
81048
80659
89186
52208
53503
69672
4884
30477
33937
43768
18944
57544
35690
66626
85438
35839
67780
50173
71638
16226
30743
29878
31919
23355
70249
64091
52913
47640
72639
93070
70354
14117
12267
38951
76086
84045
12256
88073
4299
91526
50473
34471
22748
52446
13585
17609
4750
6342
86943
204
15340
11722
41818
41459
44850
33063
78963
2690
25781
62749
55449
30363
73439
20057
16028
49486
40897
13204
26535
37357
72901
56869
23094
89872
38620
3144
20419
36686
19342
59742
16529
90905
84271
10626
22105
74553
16917
44572
27657
23713
50217
75737
77654
4563
84075
90115
38788
77788
35564
12695
3844
38498
35235
41226
71235
73965
36926
31383
31687
26745
63792
20556
24768
4265
37911
77217
10317
10349
60196
60255
58507
78281
14735
66089
35502
39153
11724
56793
83294
14924
3707
17163
68767
28452
8330
50444
34245
75108
52918
91141
23304
19090
88164
475
83886
3512
22971
25608
14587
65004
35310
12598
10622
48252
14632
41788
32537
7010
71842
63802
27386
16863
39779
4323
89855
65416
87661
18430
27298
63270
7144
61279
60326
78297
34221
20423
63485
40184
71489
81460
17302
69924
55930
8581
50595
13570
88846
63601
11103
39116
33850
73954
25367
55185
26453
27633
56890
53879
25972
2549
58902
60152
6106
86636
91902
68013
88883
42830
91741
38905
7753
29480
49259
43471
87196
11239
42811
47929
13271
57152
15726
42914
43130
27699
87077
79685
69448
9973
778
40563
92002
25205
86125
39018
86971
34477
39502
25536
44836
73554
86719
25388
33632
92619
72440
19974
26120
10482
30637
85573
28685
82158
32176
62260
68356
72910
68984
12928
34600
35774
45798
38589
39158
2616
71671
78703
7844
75238
67715
13424
33970
62937
90783
82257
16633
14128
53225
28626
49639
13099
88986
2786
71432
88211
84643
50953
86891
37776
9408
80194
41995
56957
24716
91610
74940
85007
82011
88019
33759
9064
81589
25918
70283
66887
9588
83176
62864
3453
10000
10914
90857
19393
92652
46365
69405
14523
64947
91102
2013
9306
27068
71089
53823
65191
63410
38372
45124
82307
54738
86627
22567
49381
92287
53035
74382
58698
3947
54445
49781
31199
49534
87755
86072
8284
67776
5681
13867
12729
13390
87648
22908
78622
53290
36121
33334
69798
27819
84932
29066
78017
11788
54157
13719
56612
69795
62694
49509
14653
56886
61473
64381
23092
7476
8358
27167
15878
93195
92261
85866
34908
20615
13313
76014
83151
92347
70284
4510
1794
79009
51765
68718
37140
10466
52330
25561
11188
26847
11073
55497
12958
85901
59785
82688
38668
93092
15915
75026
2077
28489
78108
83360
32242
78658
79445
32375
59812
63856
27371
13064
1492
87984
3262
87074
49089
72074
38316
38757
75421
88109
36093
35725
68973
86083
91211
61003
91737
57147
86650
74802
69928
5384
87534
3721
65375
73406
82032
67026
5133
40138
2800
90157
75149
54882
46412
36157
81284
75473
21668
30789
47544
12744
88009
19339
49426
14399
77088
4394
36772
14676
73173
38007
36454
57834
10570
24368
838
49545
42430
28075
80218
86212
79097
81274
3270
66254
39542
41251
19377
73499
80839
92967
22253
58426
21137
84298
6667
84474
89187
63645
86827
6412
35491
80835
48477
3167
69150
81630
66276
933
73708
9305
14840
55885
30575
63770
69711
7333
25519
15567
71501
37256
64867
19180
4199
61340
82334
24582
89528
53526
47998
27723
43757
20291
69367
64939
46163
46023
30786
93178
32371
77455
10219
71392
66527
70406
70917
26436
8815
6773
47926
72648
78576
27671
38328
74427
18339
92737
44179
28156
56665
72307
72222
55733
88805
82924
65110
13150
22274
60372
71090
91165
3833
13652
41267
8364
46156
57743
30563
14359
45767
50674
15843
80740
30301
20373
45822
30233
20236
37763
47909
29679
85900
8062
54202
80583
48460
44586
8459
43278
26980
34775
67892
71041
26405
53827
47002
40993
92543
39237
81619
23204
30929
57231
16049
9192
63796
70850
74153
53780
71871
64848
26835
45390
2017
7172
80111
2806
83653
37405
48887
11832
4744
7287
34987
7962
23843
58593
72564
83851
68477
59274
48016
62472
13547
3937
90851
74263
68916
43722
32946
55016
71914
46863
41138
17709
6571
75801
19467
365
10579
22726
30137
80406
55761
71131
87710
63080
2601
2995
72133
61113
3418
33021
3792
62562
77765
64625
25869
86295
49882
25234
38935
22765
54167
31832
7807
80179
37028
83381
47062
46743
4662
12106
26640
84591
74364
67855
87350
57809
15042
84172
31537
53899
86289
72858
36556
30961
12004
26021
70883
38387
48915
49206
82773
27870
12734
80080
7391
62801
80032
35718
480
48103
16886
43921
63207
8346
4904
77111
41313
57729
7573
4417
74352
36440
48931
83218
46048
80705
30199
1744
75571
32442
19652
76670
21187
69877
17103
76509
74623
46012
13380
51282
35070
35509
9215
69994
3604
28082
47453
70155
86499
17476
34974
17229
3681
41730
72042
50553
16575
89358
18728
82815
73242
28969
12668
82907
82830
57770
69754
58608
78519
34656
47870
68046
38215
24383
38107
71764
48828
49430
39674
43048
27054
1912
58886
91476
81393
83469
42107
56031
79886
72091
61141
69890
11177
28030
78512
41273
74177
25696
65220
70296
71189
36986
44104
19264
49185
39082
5991
26031
84115
57209
66627
78089
58123
39990
20921
86648
64243
88546
28182
49688
20614
45797
78434
55022
92430
89592
45015
79109
26399
27250
24978
40071
71298
15875
5169
28121
31361
52460
13412
37826
33708
37044
44439
17171
24596
53184
23487
90404
89090
91787
21126
90756
76944
62665
78489
35527
14194
25139
80966
90003
6287
80060
29946
16417
8234
81098
50121
56203
76956
4339
61022
77928
73438
80630
69703
74589
30811
3265
16295
5265
63012
39910
49868
14664
29544
45530
83152
12328
41278
21346
14901
87672
93218
86472
55527
65171
35064
33372
65587
18371
88010
44263
7342
26633
11112
9102
31305
70536
69426
86812
52088
50497
22445
6378
48465
37245
92628
24856
77386
85286
34318
48546
61623
12202
51082
12368
79814
52535
57103
25178
40617
60873
31192
74270
58779
784
14253
76003
11123
38235
62292
32859
58110
90129
47105
30589
80586
85660
14623
47019
6656
23213
14217
73784
12087
92103
45195
45470
54415
78528
3321
16900
12858
20277
69214
71239
87363
38566
3476
29215
76888
7724
31322
13272
65125
28553
11980
20935
27363
51306
69701
14683
41767
36344
67718
92708
75073
7337
73317
41824
84957
45651
43520
61463
90233
10656
28920
48841
23808
69026
45701
42362
38113
30380
90630
12013
56876
36557
91971
57637
17054
6674
68453
81205
22905
60222
72526
61910
43944
17925
29371
35040
13572
28947
81318
18694
84759
38201
25923
42961
35454
84883
17487
72494
36467
25940
20762
48100
1569
84491
62676
58322
17640
64682
54746
26913
10856
80331
18085
44249
78958
1575
68459
9160
22454
47216
68244
38642
22673
63065
37513
14549
4673
69513
9575
82643
13363
74332
77667
16726
22120
47571
83684
4509
49052
65087
29872
81463
89556
53507
58074
91330
14071
43799
66405
71022
54062
2257
71588
81298
64106
52493
34237
55063
53022
36318
11962
91956
61220
28939
15914
27385
35133
31886
14134
78573
22925
84270
92373
404
30087
19788
42634
4489
5627
69037
26531
41549
18035
13415
28991
61609
75057
88579
88260
42757
11614
76630
1733
90101
65607
25557
87895
17675
40597
39943
89348
59411
23719
52712
10911
77366
60171
35928
85510
85680
65869
316
28058
19969
33335
25720
43904
71033
49178
91591
88306
55255
15642
6496
84522
65064
5373
4770
72152
71611
10180
73546
71949
57386
89044
83853
71654
48503
81071
53905
14392
23674
46838
16291
79947
92465
90637
22332
48074
52452
10381
85386
568
79487
81962
66284
42667
60694
16580
2328
66523
19993
71763
93213
75540
40619
35927
87330
78629
8643
48641
38310
70396
1618
49172
57135
90721
81313
13490
70773
28976
40888
47872
38550
42893
58447
20030
23453
20694
50026
18220
9249
20054
16106
27004
69297
54673
44016
33886
89509
86118
12612
31996
8457
79041
38039
59217
16302
55355
53183
6508
75011
66181
16111
81924
24114
71251
69700
59701
17527
14210
34904
15869
46970
55224
83388
18784
36766
6919
4450
37149
22433
74780
2074
92529
33317
9832
45793
45847
39157
39
42284
31165
31475
43894
74736
55876
87179
69891
43415
2942
12970
76240
82457
66080
46357
80563
91739
36855
39972
8670
55610
25386
38377
52761
45028
35908
12042
20917
24899
69462
10697
48275
80890
15969
79404
91819
38903
524
39010
65635
21885
70752
21121
93418
3930
83715
80253
21172
15419
64824
16847
37158
2031
54834
90231
89028
30289
40614
22630
63673
78789
18078
72753
38666
62848
29421
20930
88426
52770
65015
86188
18758
5665
18228
7236
81341
44359
54765
9789
8981
17236
58542
21875
39624
48550
9363
41419
66840
7913
4606
40242
9454
20466
60133
59095
66312
25888
30424
452
15328
64411
47478
66644
14536
80286
20136
79530
57265
45761
82778
33397
49157
89087
9010
66289
1904
72243
65363
41295
13974
86691
60722
81780
38491
70940
45325
11914
74922
50114
7018
69412
19975
51095
53415
49559
53776
79490
61140
42851
83910
46648
29312
72908
16814
82419
57264
37941
72143
9636
85295
73844
89772
50912
38526
60180
24236
86649
78143
31245
48496
72194
6518
88961
84178
45563
66142
24660
76387
83731
31887
23143
51140
64316
24179
3939
28071
83920
26718
47671
26412
49023
63362
82093
26175
73152
23410
41074
42876
89369
13153
32159
36709
28945
84931
35255
88374
38517
49478
12681
49084
42043
65366
708
81082
9683
74129
60032
62246
87304
55200
86860
22571
83190
86102
63235
8903
11987
35369
1056
28546
5525
71051
70514
1581
23777
21104
80259
54575
68057
26903
67966
63173
70823
2879
6249
58131
75286
81820
18775
85958
29930
78018
15766
74370
45245
40580
23227
63779
84096
81491
853
70731
69945
58598
17446
27329
3509
7878
92719
81601
1860
85928
26202
6897
59726
82898
272
28700
37899
24948
84370
14108
61947
67086
79687
51811
64256
5312
17250
14428
6786
1876
42611
35813
13373
3352
92113
86837
76006
69206
43601
13751
8507
73270
62474
34882
31092
55860
44628
87796
28748
24411
11743
19572
56880
15179
77336
40806
51518
56037
41391
89139
36654
56834
16102
16683
12165
22164
16147
60412
11702
37218
84525
68614
39071
15350
17207
77720
55618
21324
60335
70160
78257
60688
86483
28723
28298
61347
93059
57429
58924
78877
52646
15448
50230
56183
14382
76004
54436
14383
22787
35926
34561
28007
31482
63111
39533
27265
75572
1684
25515
19581
9207
67921
76620
16681
2871
16242
38152
59188
60996
42664
33651
16800
45079
4091
46829
40823
3740
41076
28630
17194
50403
82023
30515
69199
56101
52304
55674
49358
49859
58006
29883
39393
15037
89510
68786
12583
44205
83129
54666
8151
48012
35968
36289
31603
52563
91662
44273
84227
75716
56163
66301
29257
66068
49685
13200
15767
67970
32196
65670
76875
82758
11656
24141
16451
83111
20739
6760
24071
62965
37828
71741
31767
45275
51615
23317
34604
92544
31119
4761
23725
36006
57859
75395
10331
83841
4527
7793
56842
11699
6623
43774
61150
58516
6698
29724
67294
5618
37430
28661
83448
4433
5376
86190
36473
15052
38035
91894
63872
79038
21220
875
42421
13092
2727
73356
3236
75728
23628
79376
33508
52901
53048
26296
32867
14554
2221
43442
13214
65693
55166
19810
62729
10417
69862
29278
60261
69598
51651
86417
61163
87970
28422
14916
12873
16811
84235
25606
51219
44247
6963
87801
69425
23945
22352
21377
9756
88746
39508
61390
69174
23388
75678
56269
1560
18539
6808
16813
21101
9359
4427
46394
62635
37410
88650
1080
12279
31281
9210
41828
68729
42092
73561
26520
74559
61235
68571
48198
58899
85054
24281
50351
45307
72863
33578
89062
35271
259
20241
43852
64268
38046
13384
13070
42205
53867
56288
45396
52568
83597
33698
51746
73586
15029
76466
23841
88244
78091
38858
27440
42477
24673
70706
74328
16610
1219
61582
29342
20299
83686
43906
17971
9583
5613
5072
19001
84938
68636
16910
54830
75924
56566
19920
23624
67706
20129
46333
75710
75742
40870
52980
82049
78685
78414
72916
79715
50753
62841
84634
10425
38449
85267
33460
59242
33068
30126
13067
1154
84018
45550
10588
46514
80874
11051
44121
80640
26546
14879
53649
40990
13177
21555
91703
23329
36099
12472
75613
16704
7808
4286
87598
66465
75963
63252
22644
41458
85451
32066
92834
85031
41314
34926
55878
58196
80919
60990
7802
43283
12189
1379
40872
4628
18015
33276
71985
39278
44320
46186
38312
65977
14561
5730
27048
80477
13556
53107
48295
34522
1254
29896
24430
54163
48809
58058
18633
42452
47648
16176
67089
55626
75061
55856
5895
88551
5342
90817
18464
20294
906
64974
91860
33423
27085
80636
48354
32413
23899
20811
76831
39496
10722
9663
62565
11264
49990
73737
28726
54040
25338
51921
48952
312
15556
42094
80230
65088
2421
26278
30854
16505
79307
21436
84493
48008
73285
52410
93160
23096
51190
1703
13437
41714
17970
48668
5767
80943
10665
41880
92845
90658
51358
16213
71930
40200
62999
81688
83907
21776
21169
58229
50291
87339
75847
79412
27834
24349
9051
62478
45201
36550
78724
51115
55508
5539
83789
14459
55197
9
79923
22338
88515
85792
359
34929
85176
23558
29481
67625
50928
48529
84864
34112
58335
92263
56340
77034
85738
8152
53390
21868
14299
49086
4601
45805
25833
27074
56643
6975
44417
54797
60470
69817
75318
64017
32694
27273
67307
73350
48669
40000
3988
66724
80541
3562
27186
52494
35332
36371
58756
17392
86956
57468
2438
93047
60539
51410
82371
75463
18930
75584
73125
83894
70632
91132
46467
2087
11920
88479
69636
21094
33076
18921
61908
37768
19219
35868
86754
20137
88390
48172
26150
4011
74137
47665
9040
41916
71256
31690
7067
30007
38382
93259
55700
64864
17814
89396
91754
43950
10520
14267
9422
49537
17245
57486
41456
87374
53065
1899
35374
18454
21643
4285
48396
86250
30138
63709
66725
19134
5463
71992
72193
21222
61531
58384
61181
10197
25938
70468
35747
28340
73096
26590
52010
86330
7870
38027
20237
55023
63288
29182
86319
61042
5424
362
69497
42295
21165
9618
1123
84605
66906
3861
39842
52222
67157
54851
52255
76266
22926
60866
73729
59641
53540
31769
26855
45154
34420
63218
18458
47325
54871
30346
82071
25405
82842
69896
7613
16178
61043
9660
12172
85185
6532
15161
36409
69729
25630
91916
50642
6182
92101
6957
67383
15544
67699
29866
15279
2300
23654
37498
17059
91831
60100
3982
52962
43267
47207
65735
73574
48565
31458
54814
38799
28227
44464
52179
91631
61168
62541
19540
67572
52692
36683
80151
85473
50858
89166
17501
16368
68905
7182
30592
70188
86469
81652
6695
31802
92932
56232
7810
82265
29197
92733
68744
15963
62320
31515
6608
42409
20650
16401
45549
84246
52985
42176
86336
23552
7256
70848
16051
43083
41452
53280
9630
16821
39553
44797
81001
80349
14332
22428
65704
39604
44180
4330
79014
72416
16455
82712
63377
10600
27787
1616
28647
19772
47272
8222
55356
42068
90215
26112
70579
42365
85461
88808
53292
25323
77294
57941
4930
45828
24611
33671
34000
86842
46128
6900
67257
26049
2537
82128
81433
81849
13809
69414
2390
86232
48941
12260
38576
15735
91502
53205
51509
80388
54616
18260
38736
92526
83329
64740
5741
22451
33220
23283
12399
39855
48305
8503
7042
35779
29582
68647
46792
28149
51576
48690
32671
48384
6089
78680
55353
33952
1136
38165
46932
17672
64803
62442
80390
4779
79024
27743
42555
298
77456
78230
58117
57516
31011
35977
26246
72009
26780
65689
2362
71474
93367
32552
61889
64562
47464
67664
70754
81712
35249
17009
62820
74118
3235
33949
16895
49744
44199
27868
57203
83594
84876
54053
49606
8861
67000
79047
19016
76728
52041
12738
18785
47113
57634
31218
56714
39716
76325
63295
22456
87669
77939
41175
56644
67124
41882
79034
88433
70846
59872
39618
46262
48395
88489
29356
20545
12302
27318
63965
83083
58241
53428
36062
8083
28781
69957
15924
7787
29293
2436
73650
30979
43270
30634
31902
86308
62434
33536
79511
56043
90496
78935
33275
41596
21731
19546
85268
3497
17289
66602
65694
79979
39599
88823
42985
67232
842
83816
56728
88994
85993
58723
43401
85927
90804
64730
64325
89051
59338
75952
23131
83961
28292
20061
63664
2703
16582
19174
42835
43568
56384
23231
29674
40709
7957
60317
11654
36533
42601
24290
60804
85671
71972
16294
83967
17576
13820
20712
36447
345
45741
4886
12678
896
78405
30594
5298
88318
11958
31878
4652
77472
91705
78122
18369
52981
52221
8094
58207
33110
21545
3150
6923
90348
5675
55468
29422
68193
10418
61435
85180
86608
77510
84937
42618
77160
15338
42650
66737
82884
69129
48989
8526
42504
44446
68235
83847
88186
37059
5562
17138
67003
35086
30713
14621
27945
46634
29613
58486
84150
79811
75370
30383
19336
86276
89885
75668
30977
5636
52693
78486
73233
46103
88443
11011
14815
11600
57296
19262
5996
60926
58125
36167
12731
31454
26361
2724
70871
7197
49941
29756
75082
82300
75865
53256
4877
39460
88779
11602
34293
32695
35793
24581
4040
71102
44269
22943
69741
37652
44679
87367
77082
3506
37428
21223
38079
86256
42557
59240
53247
49578
47327
82515
47109
38828
84984
51683
8673
10001
89914
6343
17077
54643
55265
19223
33351
43636
11184
41948
44520
50261
37855
79759
31728
76427
7505
58488
55848
60376
84693
1326
24563
23816
45981
21110
91955
65365
37681
72594
1741
8454
52000
20902
27864
86993
23215
825
13959
43456
2902
60124
26771
31486
42469
83287
32398
68065
78739
92758
30681
81368
28854
10721
4475
2909
1352
80660
47701
12385
62139
52576
17479
23028
41721
44952
93411
74519
64057
37665
72115
43191
78318
14798
9471
14285
32616
81102
36207
86950
74629
84319
5190
67044
1835
64981
19305
47759
56381
23977
62911
38508
51233
3816
2480
67031
29990
70893
76949
52488
24339
56501
13802
86805
80007
25565
25477
58733
83042
83373
66053
70204
82742
16867
8277
78409
73609
72418
45127
86211
73400
92875
73127
58391
49090
65050
48073
36020
73425
92879
83398
567
64047
93119
38586
64014
88937
90575
75913
45770
16771
44242
90155
41412
5340
71396
84435
34161
23931
36592
64416
4465
75150
25903
52005
80792
19661
69025
6270
47840
60985
54519
85631
34576
17699
37910
69299
78810
61254
55298
91799
87571
69685
87717
19705
84974
12963
28472
27000
55034
72944
47677
42402
82656
27111
74038
2289
574
60592
30341
83807
71406
813
39606
20039
35383
8913
18720
44039
38280
67666
50942
34087
43858
26305
73694
90269
27712
23798
2293
24285
29491
58095
27437
80991
32652
8040
32229
61638
53633
90963
69288
49150
44695
1468
3567
73758
87463
25332
81701
45064
38692
90345
59624
4785
66223
10085
16419
10618
41244
85597
86884
48366
16550
4202
29959
86530
30678
49474
33774
75354
3832
67339
12894
5913
90686
12903
30842
42474
17246
63626
68591
24470
68039
18898
64609
74199
71402
31226
26334
34319
88790
67602
28270
61122
59986
19237
5043
62241
60930
48272
45305
30685
21432
3209
16123
39362
91564
70170
57220
42034
18474
31042
5467
86429
45880
20456
71384
18717
18925
10335
65196
35783
50199
38913
65852
9616
42248
6383
31320
31738
83755
19148
19229
68496
87649
29815
31500
35699
37892
15008
56245
56506
44822
1372
32080
48108
46886
20188
25681
41039
60197
65422
83687
79608
7016
60944
31212
87517
71575
41597
42143
35629
24726
13792
62667
78393
34810
2544
8609
2150
43730
40037
60178
17588
2251
64460
22790
55210
6407
81805
48740
68156
10555
38206
87145
58373
69105
55526
83319
45465
45917
32657
49223
56720
20740
15256
60004
50299
44489
83647
40480
6687
89531
88741
78010
3765
7530
83648
74656
42090
44250
2869
696
19622
47074
69976
1944
31519
34510
45643
77027
79397
75799
38098
7796
31463
48574
22057
91460
90650
39573
50937
85352
48216
89806
56641
69235
5100
76546
32932
82005
90638
69925
16965
71006
33003
21844
53198
87094
13634
10970
72364
33643
93263
29869
45691
49309
88454
28776
5508
89887
84489
61132
83697
27581
33263
71455
67831
965
33287
49585
16327
69075
61934
48705
64520
50055
74901
84414
616
88969
32344
5695
66735
63237
64357
72845
69133
65447
45114
48481
80300
40820
2037
85474
73728
61981
70498
88234
37989
10617
51053
222
9918
88038
36273
79082
29220
31372
77579
31921
43784
32815
2163
30538
19059
22857
12971
24447
74106
39515
53970
81889
31717
23579
57502
2004
17058
37098
15310
79232
3799
81530
71144
8848
57824
3318
33255
89805
38390
12074
45170
43997
48948
61702
34353
60040
8191
53072
72363
4713
69455
9679
81066
10056
7866
78457
60987
88878
57229
48162
77260
51674
92163
92602
22195
69042
66562
62675
85666
29745
51601
1767
53691
87205
84238
39353
38549
36392
88303
82592
35479
66203
73701
61434
22127
51301
56408
48486
70286
8572
68520
19156
58674
72197
83304
36931
16779
89224
56892
21698
40448
2754
8477
57649
74255
5611
3498
74628
65094
27279
53881
53814
78598
48865
54022
57100
74141
3853
40363
3082
47224
25638
56126
10464
50839
4915
70838
47301
77659
36262
33445
43325
81532
77743
63931
16348
57832
66082
62104
38807
90302
15058
28857
66541
62007
1340
4516
8447
49387
3405
39761
20490
25068
15743
11776
11368
17271
48029
72212
12592
11196
82293
82242
47254
46982
57086
38231
9236
54906
61310
70264
74529
51309
27223
30822
32355
44408
62857
216
82185
18115
34919
69601
66696
88581
22605
37166
80257
46494
92380
69980
7784
29591
47307
23542
61578
35845
29776
80471
16767
80758
60529
64818
80547
59042
27136
46472
2920
51825
6017
77070
78322
22693
8474
66721
53509
9720
14021
51027
50843
36673
91189
88071
34269
55178
89804
8406
52846
49230
84062
62266
3402
28310
28709
18858
13215
82144
90861
17712
57109
30070
79326
20476
44782
24414
43985
82923
50602
38001
73131
28345
45036
39664
49125
87503
87815
43053
70976
79949
75554
37254
26829
49348
61759
20399
27559
39813
41967
38851
6041
92197
89148
74008
84918
81086
32319
67562
12051
35476
67542
5491
26629
75643
5450
21008
77339
65029
40737
4883
16288
90734
61990
29998
56901
85656
83814
36904
36893
90421
366
38125
80485
31235
90651
2555
17898
76918
89868
73749
44884
75618
92386
17857
85037
89285
74702
92217
48002
73544
46618
52142
80858
36360
58047
92195
15006
11049
33252
20225
70586
37617
55157
24762
40036
61335
42514
65954
27413
13625
64201
92383
15753
57990
64020
47436
65379
38430
55866
81081
70533
47730
34890
71435
68621
54219
43800
69089
3518
72868
3543
41174
54412
64525
6524
5960
11804
80969
46642
24549
51768
83806
90005
92315
22593
49335
64336
54732
53499
25773
26882
64038
48959
32799
17873
83654
314
50635
52443
17662
348
11574
90541
82654
36797
63434
6259
40309
17913
19494
11927
43088
66508
47438
30003
30309
6474
5325
8766
4140
5545
93053
64103
91097
3772
81062
14888
23914
41781
91325
77893
18188
19625
63907
72078
18377
34462
45263
53469
31848
74630
75511
46167
57248
64561
83126
4609
35559
88163
20140
44769
17369
52592
42185
80204
8453
66656
40370
37945
78557
183
9892
83957
937
86852
22929
89274
8967
59040
24471
66045
21799
65790
29043
85619
90049
90923
33404
42089
28907
24819
57304
69578
31470
43529
49487
2283
81876
50818
72622
15543
5326
52831
38852
70915
57588
18711
37823
11351
90915
62508
54058
21204
62488
51157
5630
32741
53109
12324
55833
53391
75204
55475
71551
27143
3336
43606
78033
87972
27881
13379
6755
46780
43895
26831
69583
93368
15692
47258
5687
38957
65174
69144
34744
78566
39219
30874
63157
55406
35520
25315
5764
23214
2443
10024
18764
75250
63945
32929
86764
14411
80337
28933
4449
88167
43027
40033
6460
25774
84514
92776
19358
86127
21211
60669
58528
60161
76457
57744
39826
18501
62311
61530
36422
55871
7491
1948
73911
47532
18083
82337
88224
54781
43522
81452
34234
15730
14036
23911
77317
20872
85694
85776
67555
9509
35485
60468
54583
4784
84406
78063
78731
3
7859
16621
65910
11963
30045
11481
26667
22775
637
62957
52445
17118
84007
72045
63191
48595
56235
52636
45860
44960
41957
40372
50956
11065
82887
61331
10486
80051
9608
38753
16483
40392
7752
18004
17039
90579
80428
82328
8393
36389
24521
24806
48826
45451
55070
12566
26068
69714
42931
7479
14261
3611
89085
69708
84560
41140
82737
69409
83523
9360
40081
12304
81391
75516
4982
5321
64037
18913
76927
59175
50670
90994
66127
14535
60156
54603
68785
15257
34586
25854
61085
83362
19405
63028
6671
46827
52545
69889
85648
48121
50419
29711
60989
25752
21669
36796
20180
87518
93138
68276
85499
84118
40726
5254
62078
91157
9569
80261
57640
927
38460
15151
85584
57844
63326
49250
64983
5503
64582
32580
76858
83400
57434
28497
24537
33540
18873
83878
8169
43104
28752
9195
70124
88478
60125
42210
92283
70585
49730
86937
64475
17470
1546
67202
25741
63091
41352
82909
43152
67778
75498
46738
85851
31477
6351
39354
31549
64719
81782
10653
51325
65136
83431
28595
67272
67803
9613
58625
84385
31047
27492
88476
43032
48543
52184
72340
32301
73599
16824
21013
2323
92400
78084
11886
40626
67493
13996
80504
31567
53319
49252
63612
37504
14319
35615
53686
8791
2319
29753
80841
55727
81691
71335
67547
4845
72408
76953
26378
77872
47447
23817
29126
10247
4869
66907
29047
84782
35680
84956
32639
35475
13266
539
75071
90747
82821
23352
37794
91368
9738
25177
67040
669
52533
20896
93028
11932
81295
50240
63818
33046
53524
46588
55228
22039
57846
48535
19291
40217
57567
32643
9472
92467
66464
29784
17435
38456
26082
3483
28221
77733
28788
13934
90964
61460
47767
90515
14235
72880
2840
69713
18481
55490
35856
859
1799
61896
37239
9500
38727
747
47101
52617
65233
75127
27344
5777
54032
43586
82875
77351
20521
27434
34205
10543
56172
78039
35358
35896
16048
64178
80898
36414
19184
16514
83361
10031
86689
18707
30766
53983
66648
61748
34120
15872
21851
57460
50706
75165
53263
32234
77361
51992
75173
52760
11178
23232
50718
38041
16298
8611
7779
79551
85627
29097
56499
17097
37104
9079
3537
13249
59605
48192
55852
77286
44618
5128
29025
91604
13945
38564
49329
24352
49339
43044
58796
40002
73938
36265
26268
28973
47219
34053
34241
21493
38335
58517
74195
84806
32105
18799
4534
59606
5672
4472
63193
25768
22155
36743
59689
88141
29473
49027
39684
43134
79204
19512
40907
63454
72407
67932
80480
61343
74286
58825
28420
90442
90010
76020
69148
67475
69287
34198
68698
64222
12132
26024
88411
8289
1013
80222
65294
78458
58678
25053
56204
4670
35667
17267
58821
9863
39136
3380
43350
69104
28923
9614
1731
21983
34553
36878
22649
75212
60925
23380
55521
611
73165
79597
74983
88870
52790
55382
27231
63497
47639
1152
33846
7503
79015
44354
60039
44056
25229
68456
68212
31645
40011
41496
56951
77646
43158
38931
5540
68313
71479
71748
42628
1393
42391
74158
66745
29325
32707
72165
5594
36496
51165
82062
3593
71831
65488
61927
11888
9094
84927
28176
24580
34190
57421
20675
86373
39860
68125
59164
15947
44690
43982
35025
92886
14028
36771
49029
36912
39858
52517
74210
6132
19526
72237
74351
22653
2639
47695
92678
35319
28504
39306
71460
16456
65291
92402
64895
13015
15693
4424
41932
62622
59215
37728
30234
11249
24791
21827
49121
58490
59592
51422
5605
23740
36582
38266
4391
5651
32963
51274
28284
45573
14
41494
3706
93311
59892
72181
84426
44706
26244
12175
37319
63312
91482
49631
21894
38867
66569
29405
36852
27962
38830
70804
85479
90775
55259
80243
11778
27118
23960
37600
65169
45392
5563
81310
30389
41689
48540
65075
79338
54261
80812
50749
74060
67635
31106
77698
77868
64186
22986
65850
83792
40381
55679
67197
7015
63328
7970
84134
29952
24654
51360
42642
80531
75510
18813
28583
37125
14096
4086
73543
6063
21575
67209
15815
49305
22799
76473
54646
73596
43065
51062
35393
17806
32024
36017
38495
2938
45841
61218
18061
11070
33717
59866
72969
5051
44258
54114
64274
10277
26632
46870
44539
50009
41463
17828
30970
6288
9790
81335
22424
45045
85129
66426
62679
1009
742
16227
42929
80813
8734
89996
25528
81461
68764
9373
32318
85194
58673
85120
36096
81891
60911
66171
54491
4532
26401
83406
38241
22271
38708
49764
29435
57618
54389
7686
73318
50081
84873
33264
50541
25108
81159
77235
88469
5172
92565
87432
37818
86013
91000
435
23651
92921
60422
25164
62296
55155
38503
82039
77475
13498
16177
20047
38795
71555
22466
78284
9747
16952
28574
11632
7998
29732
16238
48973
5481
67378
69732
26062
13372
29620
11197
28832
40393
7022
62926
81540
1755
84337
84988
92253
42828
26954
71117
25017
88246
34231
4083
11548
23254
83994
85291
40936
77124
53608
19101
68322
54449
57240
45158
22411
25149
30922
33176
47886
90458
51123
54213
12786
27438
26613
60060
9256
43095
24135
18960
33439
70449
60749
38684
1993
74614
31548
56321
53276
13192
52243
27417
85894
23662
91358
68072
72502
18010
23443
84157
63869
29320
86207
29707
64298
35366
74971
72913
55495
17087
10207
42292
33146
84730
89222
18178
79282
70367
44591
40019
12801
85937
48547
58649
74651
42371
49602
39940
20608
10338
19234
20482
60610
68866
1978
90181
79215
64770
1389
25065
81777
54588
43907
91875
67604
1475
5069
17197
21746
87514
604
23799
3004
68667
76306
73788
62213
3558
66936
54937
4767
30408
61097
48854
48999
24382
19962
89702
32106
86709
86210
20113
37369
75195
92068
73824
9043
14496
37183
10821
85525
25691
60532
21500
65829
71311
2247
19013
63629
78766
5094
74502
30590
62906
14489
81814
23022
52021
2884
66035
636
55435
38994
63250
32933
83303
11406
78285
26362
28415
81692
73507
79813
55383
47404
58668
2175
29787
48933
46122
25441
36079
16125
79330
11033
44864
34701
27468
55011
3297
6043
56768
48916
78308
3445
5409
12142
9597
35182
91680
57499
53652
10104
47384
16136
14477
30759
71616
19601
67302
9396
46290
36759
61497
5861
4146
61630
53193
56361
28047
28763
31398
84960
88168
18472
78299
3545
81418
54865
91531
32894
15773
13599
15601
23489
5643
50094
23124
75464
24987
24125
78663
82878
47256
1476
43674
6052
9745
49368
73865
93424
12893
45899
28376
6098
66067
23895
61539
40322
18978
53002
19299
37666
86969
73562
87123
68941
42680
10967
24394
21932
33391
1460
83076
89523
78908
9580
37532
33299
27071
90646
484
45268
40707
20441
35912
5850
31319
68772
74777
82943
22436
20309
76448
40896
66592
78421
53255
53089
91678
78271
22401
66287
2723
8852
28501
41626
81473
88827
20178
34641
40934
13517
31625
18712
63534
84994
67514
73059
70549
44456
71733
62283
63208
36128
31247
90376
72512
65195
36349
28185
10531
6103
80262
72979
62492
2125
83700
84477
18884
3979
78275
8962
11648
71220
33728
87336
87607
13014
86009
87645
15041
24096
41248
57462
64926
77992
92053
41799
91575
26406
6402
30152
26192
78274
39595
15589
56462
44193
50411
56508
74856
20934
88276
58540
40102
8637
23145
6729
15321
26543
6449
73035
19140
74041
17243
21157
43664
15659
41057
52220
20933
3618
90536
37695
54644
48421
8081
69264
50372
22330
11447
81950
47309
78729
20605
3465
6304
90938
77020
44207
7576
81598
40151
50579
89944
32982
65403
65768
49226
16491
64265
66670
53466
71111
79393
25884
9598
72962
47737
70561
78814
41577
21343
6448
17870
53010
41285
3775
2989
74297
14546
62050
61992
55552
66946
26447
68310
31204
46783
89452
24400
86177
72188
41876
69
24214
55115
21956
32222
7996
27645
46898
54082
13041
35260
40027
28875
68490
70368
13568
51644
77264
25284
2317
61544
65567
80223
7599
92392
70820
4589
10541
41379
57189
48987
13552
53052
64761
12183
39160
62979
26916
35230
37126
6539
58427
30305
7834
84257
76524
38092
66305
28558
16616
16073
8607
79433
40704
16632
1286
43820
73991
65765
34726
6014
69477
18621
79534
40562
72755
27525
7017
3615
30962
20478
73464
66421
82562
84047
28233
15586
67728
62387
87824
34428
57349
76489
33878
21164
75790
70351
89466
29086
90216
20316
53915
37846
89926
56266
20008
47948
55701
76979
92242
4125
54442
86804
32297
66647
83273
90542
1076
63356
60659
8032
59359
64016
31084
76409
87265
8166
28848
36180
41297
62788
13481
57807
71061
58118
45787
42595
4295
75646
18053
4497
14212
39093
92662
84955
86035
82483
30116
71196
65931
4004
37713
14579
54059
23165
74974
16911
59045
76049
70614
42983
66359
54637
73381
37832
68445
19839
54712
52815
32520
72782
88004
105
36404
86634
79539
47371
2206
49192
61213
50729
19499
24083
75301
87393
65056
87212
41142
79315
21464
684
49464
58995
26911
37196
4148
22848
60751
72182
70424
43273
22528
7991
55975
28267
21912
69838
28883
90527
8502
19749
57134
47319
12136
35371
32952
9951
34696
50068
36400
41980
429
68524
18226
5994
9884
72588
80963
46853
46652
59092
43305
2849
72123
13716
7044
78997
63571
79614
54094
44079
10846
27705
81124
92785
55745
89933
60972
78450
15103
62379
8619
9742
3114
9669
67943
85981
47593
4194
781
1742
8197
3065
1078
21860
82810
18459
70315
40885
63762
3936
32290
43926
9086
41324
87890
16326
22422
65349
59530
92849
42700
78717
47523
67479
90708
43762
8750
2439
5729
39261
83538
71721
23669
92596
33147
84092
82605
39870
61240
22361
36584
86570
70073
49605
8085
54885
530
71439
9730
69874
93088
28605
17201
32770
27330
15342
67372
91475
13049
6722
29330
54664
77195
59480
1287
57182
60367
64676
2865
7009
70240
34912
62792
7329
18054
15572
22521
78884
19484
79484
17341
41482
35286
39643
9113
30864
68279
48990
88319
76540
41415
48560
42422
90495
70527
30151
8050
84256
91824
24817
33145
14473
24389
71063
51636
36574
91217
25370
28733
70350
62617
38847
92003
44735
75612
26925
74531
87637
48889
33922
51547
10144
75264
47093
89669
15933
47782
37129
10052
38487
75343
73295
91367
56157
9023
24756
65241
23182
36173
48151
21755
91605
8555
63083
65890
35278
38116
33355
66185
46437
4408
63775
92971
85161
15907
42386
80566
82347
92440
23179
61314
18246
49453
80093
73677
69680
1245
63440
3906
63644
12021
63759
23548
63858
51764
83474
7720
57724
34479
93020
92364
7783
54390
86389
26795
44158
867
10898
32624
21100
44865
31501
48405
64716
61710
88452
18351
21056
61967
54592
33606
80738
59682
31673
51133
15329
44361
120
10968
30047
46881
59829
35769
41614
41986
71148
14528
80509
77099
38324
60318
28863
25098
74140
21186
60360
44230
55892
43139
27983
43188
17726
9139
55370
43237
56870
48722
78798
78763
4347
16399
59818
786
1982
3997
59255
30427
34411
54116
30761
34074
15003
33588
84094
68225
5598
25819
60908
84644
36050
37530
44626
26308
5817
29344
14351
10230
19980
39653
65028
66006
73377
68714
19433
30968
63228
14258
59984
59066
91606
83493
26750
18949
66216
33473
57548
17417
81305
64710
1363
57627
62677
39567
84523
31770
13211
24714
12795
30187
47236
54756
15786
81909
59046
29463
58378
92294
50652
62000
30224
24799
65834
77649
48935
67412
6472
6234
74732
90759
30348
5276
83668
38932
23263
11817
264
45459
72469
67467
20201
12901
54404
67432
50333
5851
70858
10597
64645
73237
40398
44297
71386
5422
85896
63583
80795
6770
66672
86775
85943
27911
71164
48391
33134
23477
33191
70238
67368
54678
47601
60430
75469
6396
38570
37520
14633
39637
63169
91715
15534
64135
13777
49199
77459
21786
29748
43156
7164
66802
18180
34361
49291
39818
29433
74460
4967
61579
60489
55015
41850
71092
63483
18919
58091
78338
42838
58179
77974
87729
86651
2352
82463
85719
63102
68229
32466
8250
27964
65870
64329
87085
52237
17515
22855
64999
21985
92851
83228
78577
12080
10492
85466
10106
76529
28246
40717
45858
19800
83471
90714
53209
52708
85457
66731
53607
54613
92569
56937
34603
30540
21118
34370
10709
2136
20246
1884
6529
10258
82837
57776
30399
4936
92644
72487
77990
85385
50232
52474
79664
99
75475
67189
81815
45737
16362
93386
33026
53341
65495
10586
44585
33907
26604
56528
7821
91617
10251
23861
17850
24769
9901
63524
74052
81294
63596
72501
84526
79542
22080
84791
64617
7986
39174
19555
30494
69623
89238
57973
56168
54399
86584
88661
855
47007
86738
72656
38410
76746
69770
53928
6702
58726
32873
51268
42911
28394
78968
87618
53039
91893
60826
72763
17586
76704
88032
33831
79674
33290
32008
70320
40122
144
31906
53916
57957
84311
5341
52191
29710
44620
64189
72634
81432
57871
34376
63303
17040
28494
3185
9326
73456
10831
47700
34021
71861
32883
24093
34803
80395
43361
69017
56556
8622
43008
34450
81774
14772
34558
4995
34527
31513
87149
81032
16474
79208
31146
30495
1414
39967
55041
64063
34941
13077
50108
3094
69130
56674
39614
50533
72552
33568
69101
174
21866
73976
9866
20565
62124
27018
82954
62507
20465
29085
88381
79396
25816
32725
85034
50413
17518
46453
62150
90456
72713
27579
4914
23065
15762
65561
76801
85142
49689
57060
87233
51347
56252
93293
39210
64884
69481
9357
37213
8171
73266
78636
50765
13376
79918
82540
8058
73809
79333
76487
89759
52439
8077
86760
23475
90166
84189
81151
36623
3216
58115
83194
78913
69529
30443
50547
78840
38786
56582
44675
39613
57585
84673
39117
25076
29476
31553
80771
39224
32155
4104
91659
27879
20015
31844
14276
63782
59562
52825
90982
2405
64161
61737
532
7584
74648
75798
66327
33210
66189
91333
44441
51307
51690
88991
44347
6505
68912
50028
76822
14867
31126
66823
7253
44766
4951
56673
55728
7637
42989
70633
86055
56898
84773
42212
32070
19482
16583
67456
54751
22161
46567
74186
5480
81967
77660
11978
49320
52716
71502
75945
38190
29296
70730
71560
84817
26622
44392
71418
13212
61669
36752
82354
65158
73148
18007
4898
25036
24429
43174
70878
83718
56195
93245
35771
58660
39904
28028
6174
1727
54269
28862
16256
89497
35950
61526
10834
69923
53659
77113
1102
24767
32204
63128
11343
37396
60184
59165
68924
54115
87614
28360
73329
50029
80130
73284
86053
70671
60081
8993
52365
2133
17978
55227
41692
64858
70146
89907
93084
28585
43865
22048
59803
62800
53327
12978
1636
16547
56780
21914
87748
59640
61534
63268
92067
39740
72433
22267
13428
46418
2951
27620
30558
85023
2835
32261
36901
91790
6415
55688
52402
92166
69829
3941
34369
57328
34504
2417
57072
8755
13938
5035
19337
7812
52927
8414
89050
23120
15138
57805
45676
83888
78146
86720
20657
49219
13195
82258
48495
74271
24730
7942
59783
92409
15118
92267
78128
32039
70220
52272
90694
86822
21931
59073
68562
82251
59212
57101
86060
46151
16037
81293
54106
61283
50786
22886
77293
72850
85550
30600
60865
48378
58815
40743
5304
68367
21135
68605
67825
39381
55985
41093
14063
52250
61383
25537
22058
24510
6444
78874
18299
80444
65687
55285
2599
11280
60094
66838
57532
28417
14144
34606
26768
90600
808
29680
24604
51605
67349
61035
81696
49853
63701
51707
55840
30092
76403
72285
23054
62484
37706
28865
89096
34466
69458
73982
75387
9338
43638
76736
15287
25464
43042
13468
76722
35811
12240
25876
30016
40491
49207
23212
13549
89970
13107
57716
43248
44490
50024
25025
90567
78175
77824
22325
19559
29329
56072
80856
43181
84839
46635
20328
47423
44737
85010
72675
20017
61409
39002
48907
73370
75769
4776
4495
37009
68708
80189
53991
29518
20055
62756
14482
68498
78326
56779
43034
85607
38654
61421
37055
29033
80916
50210
71900
69744
12241
55964
89828
68855
74161
244
4780
26300
19286
7087
24177
32026
62223
93132
62148
87596
54042
74226
39590
60010
27301
4435
3036
79265
17703
11373
58114
16118
90813
75565
28329
57653
18064
4912
64873
61993
58746
27159
82100
62812
13355
92262
84382
14827
68124
38673
11004
33165
92372
4990
2812
31067
22470
3472
46413
10887
84631
55988
47317
6045
34169
89305
42528
3097
60016
52739
59824
87362
77249
87234
13280
83837
23556
89243
10259
28663
9535
9903
68954
87539
68735
60716
63580
62536
59764
15879
5646
86748
37663
10932
63729
71270
32998
70490
71494
64921
59665
48930
37674
439
38183
39424
28540
85293
9151
23540
44977
85136
67997
66678
65333
9995
22580
91667
51139
37751
48908
75533
36950
69764
45364
51798
45326
28994
51558
75991
57106
31715
71648
30875
78967
34955
4145
51612
70722
20
38800
2314
38054
47843
10813
67374
25179
82308
25904
84844
14998
86513
74551
48179
13633
11909
19667
25407
398
36697
47549
83977
46441
32453
33297
57283
37252
67613
31934
18314
57847
42319
64937
51403
25585
14712
33065
42685
13540
7554
68568
57449
76008
23376
40162
34511
41914
81224
59969
19733
90017
21040
83416
24999
79824
91536
34494
87175
21263
18183
62364
76622
77969
16336
16035
10527
91547
30640
14923
35818
57541
1457
35049
10524
29944
64950
6220
47087
51288
45252
38963
58000
13764
18670
16039
88674
71081
85518
24291
53044
4696
78857
70659
11559
8203
76055
87960
34812
3511
88889
3452
47269
77943
9536
47492
6540
57415
66410
19906
32642
63472
47743
65047
38214
54880
90019
65322
24801
18273
15410
89200
59752
14493
57011
29124
25337
53394
90135
53100
76544
57977
23835
5054
5826
92923
38315
26392
52689
76568
14438
77083
31737
56824
17029
60218
73443
13603
1012
24144
81671
16972
62414
4805
58544
54352
41158
46468
46671
55140
22643
5863
22046
57089
81451
20231
36077
39554
45164
75544
20498
67721
63797
48963
80522
61994
46002
78160
88885
71607
34054
5650
16559
64791
19518
57280
87067
16465
39823
24012
32325
76068
58176
20592
90172
41344
42686
47261
89104
66654
70214
62744
38194
73262
84812
7485
25626
43963
56565
30022
37553
16204
14568
65959
18686
27130
56712
21994
28074
48479
1691
52264
57218
5282
25707
75138
26708
11894
58926
64773
81279
90967
20729
86948
77762
4115
20101
6951
88465
3451
90352
3025
87828
25062
21572
80304
74495
3208
15415
571
58645
56661
16880
82926
66259
24498
21465
65128
3424
9969
13330
90726
47201
33025
10171
28385
23839
23311
29668
2468
37915
19170
19790
72281
79476
8439
34552
42606
42619
73465
62651
88893
51881
17716
30452
49931
70998
28819
81240
42865
44533
56375
3683
76271
1798
2572
71626
41477
26878
32653
73672
4117
45766
62587
5707
34988
49279
86713
39668
70526
24310
77814
11767
87954
51287
60278
80713
46981
50368
91694
51319
30018
47075
86550
92707
45840
46530
54358
60501
20298
39420
39609
51800
82303
87222
37973
4277
43265
40911
89082
41382
20766
50679
70611
44682
64953
56878
46405
84159
73508
68538
93156
76671
92787
37155
81699
19562
93120
36664
28006
63029
87763
81874
24836
10244
4274
8353
49249
18997
17601
12363
37524
74303
14426
29527
65697
34899
85837
15574
52823
84425
73334
38541
15685
11706
68896
43292
90403
17620
71356
44470
14198
66873
57504
37408
33715
51000
80263
63707
51208
29773
26180
71592
17328
13680
6612
17102
4074
70145
41990
62224
58428
80152
42025
27560
47435
28158
57672
45632
60798
36411
80687
25014
6314
57258
48770
47200
57908
78943
4280
40090
35692
43424
35946
30738
41893
26011
3317
63891
12889
37181
1523
52406
14577
37992
57424
52067
77682
89321
49777
78831
13785
77344
33662
82561
27860
85790
11735
3146
85388
70978
46446
73141
81843
74500
32608
21524
52945
1163
25074
21397
83831
55561
15304
81474
58927
10639
17691
23932
54857
92255
92863
88384
43304
75761
42349
1811
24293
90073
45089
4782
36809
71398
3606
83161
39344
80002
56482
5234
29324
76753
23699
84043
30035
12376
27345
48919
88670
86615
3651
55271
11394
234
48634
42977
10405
12917
81181
45976
78620
53300
24772
7749
65293
74437
92168
36338
70252
52928
27173
42304
93429
28867
5666
2530
41116
10151
68624
2901
77196
8110
8902
54817
63905
14377
26572
40780
45879
14574
21639
85416
90119
53006
56511
67525
63259
22307
29934
5750
87900
14932
27625
91385
74044
79770
79029
20060
88649
86990
36092
35496
92111
55479
33411
39913
21132
55641
7125
28864
20585
10412
64549
70690
34264
41671
90846
60153
16659
16533
84728
363
57428
14919
67386
11564
6590
39140
64744
19876
82883
41206
19767
87439
30423
43263
79518
35752
53629
16586
74068
61341
59788
73753
48663
18700
31286
57512
32669
91760
59620
68223
86238
50296
70000
23766
57945
76388
51160
80777
8401
22660
51886
45404
73358
11471
53080
6833
49284
32436
16678
77067
7291
63024
16723
47836
43493
68319
76846
67099
21918
87738
89302
40649
7235
48737
9486
75594
12745
75745
25008
82686
78094
41437
18292
38464
17864
10633
3667
54985
50692
52200
13452
82787
37436
16696
16797
8039
35676
6902
39064
52393
93094
5310
74369
85912
55564
77311
40096
22898
87693
75030
59790
57821
2734
2027
22534
82007
54539
56765
8324
47679
54963
487
16201
93050
7893
51234
10457
10807
50651
62048
4393
33522
28884
89831
74775
36923
9050
63477
24440
61471
45646
62273
4671
75058
16627
12059
61066
74991
3515
45080
42394
17204
24412
20825
88226
75515
19904
1469
81043
87742
84230
74950
64179
13923
50039
22788
50443
81778
33294
63164
54372
90993
22752
18958
31455
15860
44202
2418
19038
46991
10344
54265
20636
63916
58366
15648
22682
32738
14525
86966
19431
19301
4972
15368
10135
42499
68342
91999
24607
45532
39124
39132
22
70083
17973
14014
44538
89843
71453
25797
77062
83678
33298
17151
11628
77709
63615
4211
15984
23878
48677
81203
58518
41861
43111
12772
26103
27674
66895
58083
15109
81681
29108
51714
73604
35197
40676
60519
31243
85975
49860
48337
50115
24496
11117
25026
69152
24778
26030
19990
86203
84706
40773
73265
40665
8290
92051
39616
71591
69807
40267
55832
63002
93078
61414
57047
45357
63375
67080
30843
60227
16210
33458
60166
6207
24826
77237
77618
72248
75491
73225
67458
20427
37573
25951
5721
52916
13231
79996
81285
59120
45725
52323
8495
80656
87282
27939
85341
64819
68969
5766
79855
54969
18417
22425
18629
7516
32429
32233
81609
85177
57213
1974
35193
47346
53140
71171
7381
29780
29283
87056
87495
6798
79273
92582
72343
82181
40552
22404
28240
4738
43326
65922
5934
83808
35444
54070
88530
50567
66634
59307
90120
88822
91873
33545
62116
28323
19189
3983
3585
72413
11414
46785
5052
60892
3376
3942
66267
48706
59921
76478
84034
37592
42188
13207
67815
68127
29369
82009
49375
92508
89025
35508
37180
11505
25350
42850
87877
33243
61729
60678
72004
8857
52246
15125
1194
31779
47626
45820
80019
19010
90138
21214
6598
54811
60577
47650
7756
21811
46562
10949
17185
54513
79385
44817
72274
19154
38703
23012
14567
4215
90995
91145
65654
83153
13383
64570
55639
73211
8224
61047
63620
93067
12655
8610
33383
38585
23554
17692
47815
36726
21673
52485
57978
47387
61075
38306
30825
76605
25661
64090
59857
58681
20850
1942
43260
54315
68015
5360
90309
25113
40421
26042
58843
43580
56927
57528
77953
36403
71686
5160
23484
47780
12460
62652
34289
74399
71381
87270
80565
4340
64438
3117
3280
49789
77958
33347
60025
5300
16380
31610
87341
84151
67081
58480
39199
86433
37456
17139
29632
21834
69494
86872
62176
72633
56418
41160
34363
49525
67034
3086
66265
83573
51978
88340
60105
22772
80602
88734
26171
27060
59888
59548
81078
9406
28226
48812
66398
71341
72289
1711
67447
82692
90265
33737
57
29503
79605
38063
65261
61978
53106
40341
30175
18285
72035
22484
34947
84276
13535
54801
82658
90506
10838
84111
22858
74759
41872
6484
22873
45480
5318
16274
63653
49436
6805
42164
36305
79477
9710
12767
86233
37236
86622
28821
55601
39501
52334
64050
36033
19739
83911
47111
87683
92325
59814
10436
64317
59473
19216
1869
54267
15477
60455
65538
80994
85056
22399
58705
78767
89575
63540
22712
24812
33228
57624
24827
71347
74618
10223
12701
15237
45271
29179
49692
52561
4854
33094
68985
77982
91917
21024
80676
34854
15280
14969
92995
26974
1516
49396
66334
81602
31386
51097
71802
24296
68259
30442
88302
18729
16464
70851
50615
16599
36535
61395
58338
88365
45565
62961
14118
70891
51571
22691
21140
37905
36330
26986
60306
72574
29495
47985
46155
60170
72598
37870
9950
53720
71915
43581
56173
70106
23125
25018
67707
15791
47845
65339
76311
14065
18186
60589
69099
37287
91255
25701
55648
55549
69884
9173
61486
2457
50301
30026
69811
72919
65562
3298
20598
84672
3761
26990
16293
42875
88542
72736
8907
79006
77608
60395
70786
7000
82703
72272
33462
55880
70603
30236
30911
35723
38871
8884
47928
47132
37998
81927
17619
79807
50663
51438
76726
4997
68494
20253
81754
49473
15671
38558
37604
6279
46550
11415
58504
21924
71736
85222
25912
54124
90303
69627
37461
45865
43322
66063
85685
84204
40401
20855
24551
91994
45400
8614
31766
69230
38773
12902
69719
21181
27546
53585
26695
18321
13611
19412
26138
90028
13863
26738
41083
85861
77176
28510
39165
80382
13161
67069
71787
55097
15385
41757
49728
24187
5990
17560
75391
17752
5316
85980
70137
19179
54093
85620
84405
49995
85973
45483
55179
47284
8468
34063
74805
85994
33040
15532
121
71766
20783
70939
34598
25962
52649
27972
20112
3257
53113
3075
26159
47388
86134
69020
14434
47566
85403
83923
17583
15946
6503
75795
48950
4185
76027
8822
1750
59607
54677
28448
92228
81621
87101
45783
14543
39161
6583
17730
62216
79639
12864
84527
60401
43298
38391
35601
21277
68663
89242
85800
16894
6769
66427
7272
77322
26746
84961
61194
33197
21553
58080
19913
60783
34823
37750
47382
28077
4555
35039
79001
17600
70799
53347
74243
72631
67499
56719
65666
50842
7838
81862
86413
29286
76680
41487
73392
76551
54086
92050
91973
35795
41682
8023
59169
43922
51996
42000
79841
68967
79414
3548
46426
64424
33438
8715
29354
24243
54645
15246
52029
64345
58157
48346
65804
42213
43728
36720
75309
28717
2245
40861
51728
75045
30430
74478
78621
45896
75323
21372
75783
83296
30263
16151
74564
72066
1905
54942
27075
66767
17868
31910
2886
3938
66199
30235
7641
78561
39593
63555
60154
33619
11261
8711
83818
56618
54915
16397
14656
68541
2426
63921
43420
21199
57642
42082
62295
90261
80205
24576
25152
61960
19566
73815
12203
44452
21921
35465
34468
91593
8076
38247
73371
87257
12043
26254
55273
88422
41032
48061
67438
79775
61219
41624
45087
20033
45819
34425
87540
50833
6697
67457
51275
50514
92855
86099
90896
79292
88441
26269
27638
58934
37602
18467
5902
39564
42928
44991
17922
41210
90916
58442
41688
8009
70972
26956
13655
89131
5985
54895
20911
28910
86917
28331
72011
44568
18235
76968
66572
64073
65677
60725
10493
89230
77758
43153
81548
33239
38348
24843
33641
55147
88397
5244
57390
72192
55001
36547
49360
79537
3363
75604
35960
55973
73506
80987
72828
61397
73067
89404
44013
90665
90267
82088
34633
58213
27498
8797
33034
32402
69404
48330
86896
53296
16512
84804
49324
74134
14189
38485
72211
34765
90411
25248
74545
55201
52369
62395
90811
51050
49032
18173
22479
17247
51206
9108
78942
11400
43215
28520
17232
92631
40912
75845
43986
64992
52096
76925
89485
72371
64805
54561
80508
43732
50461
25228
51804
2222
34668
20207
37727
39522
39673
79442
53291
52806
86562
86625
13743
47024
23791
31321
39837
704
6678
26161
78603
28140
39458
62762
41800
56634
55804
40876
1719
75929
84623
39583
32095
25035
29169
78137
82620
69520
6149
83796
58109
311
80516
85089
35753
37036
86407
39709
63718
32503
47565
52949
8138
61394
66407
43016
7498
55557
26731
80693
8958
48954
53029
14677
7332
53246
26381
12999
11848
81817
24597
87387
71346
15855
59524
77297
39413
60835
12591
35134
12563
39390
84461
11625
74090
52472
36174
74119
84855
9127
6031
41618
75231
35577
29059
40407
44698
5881
21147
48587
64217
68644
81218
56781
14312
75487
92226
11815
2212
51153
68115
45726
48534
65397
85984
41711
62799
64840
66880
527
41827
44226
58096
60641
62444
81276
30075
2071
27984
9228
18365
23806
31668
56646
44619
84704
59405
3984
91439
37000
30133
4259
11581
67528
24694
19099
14265
75478
80768
32965
64340
58007
16946
39271
30186
22285
37698
19378
52775
79995
23006
12957
18229
44767
51121
35484
20520
44200
68052
32012
36366
68641
14023
3032
58361
73481
44749
61661
71969
12313
27263
85391
35973
25947
10858
42235
68560
24557
25254
18681
9682
65372
78468
49858
31016
25685
53676
8549
16457
22546
43911
26438
19440
14272
88101
3788
36806
22774
64257
46044
71360
36540
44151
4852
76117
46850
87682
39725
9362
88768
66453
18918
79702
62327
35759
48078
77383
87467
15071
69052
46601
25966
36334
28557
41429
57626
51077
53395
40121
86057
86343
60963
49635
55193
68202
42787
36044
11974
25120
36489
60704
73346
35108
62193
26899
43853
21864
82433
7725
21402
8254
2538
80785
38721
83969
18622
33670
5434
72263
549
12709
64995
72313
25946
42640
48412
23324
28191
79249
88728
50683
65218
17360
41859
91490
70997
35315
3959
20495
61401
84775
33198
90384
27177
46687
34315
74440
24630
20376
54424
76658
85488
12539
29772
27908
15716
43914
29980
44661
86731
29939
41919
58212
82752
65052
38580
51323
810
30614
54438
39112
34959
42216
46878
55257
36168
8974
75614
55905
7616
69753
53304
19984
83881
29829
67886
13951
26690
90952
10175
35593
13340
41755
41008
59119
10808
21594
58209
64783
83786
79932
74077
31276
92920
88518
80663
37399
52558
40437
46793
46606
92425
54430
81359
58875
17748
12226
88134
43630
2907
93199
87191
45163
24466
20612
30474
76113
44463
63294
17148
19235
63721
38167
89760
64521
43072
77570
81238
1889
37841
73288
45829
10010
91748
84687
4209
74948
6950
8875
84044
76015
85902
45773
82985
49506
36768
50714
8119
70657
13044
30043
40501
28361
53767
64634
26226
73275
91851
66237
17676
16216
23429
7108
56544
23736
22359
66420
38091
9316
83982
5983
89945
11786
68465
36727
42799
13860
57159
42994
43487
80309
86553
57242
3100
54867
16568
820
38097
31021
86328
58092
39295
87827
59952
32567
49308
43573
56220
40781
51101
24824
46959
74058
62495
79224
13991
59569
55150
65942
1008
32372
70022
1070
56633
17057
64164
70905
21032
44116
54008
74410
69066
22734
75706
78090
52196
17853
53137
60800
58604
47673
89342
71002
25627
85999
81914
22395
46859
57840
20765
26094
38399
38920
34770
55961
17950
52356
41014
20005
73297
56063
81506
90355
59224
27217
48327
38121
1223
19549
4557
59141
72480
1774
51718
1801
10383
30653
74071
69499
56470
80986
23646
54762
80070
19633
77236
90077
31619
62085
66367
32968
52960
26403
12381
55570
57246
11790
61694
2596
3410
59491
16034
32850
82349
84272
82453
91053
22304
76974
73980
19517
11393
80500
50269
18554
86179
6720
66983
54381
72174
35917
18475
48852
5293
50167
26979
62515
64935
16438
52799
21383
86639
64005
20218
59649
82573
53233
36918
3088
82892
87699
67534
7331
63937
45652
28063
29823
25484
52813
34424
43611
83779
55487
39452
75002
35204
24317
60656
63825
31082
75357
55593
37124
58870
25771
25253
41326
39992
74536
58684
49751
24538
9948
44472
50845
6194
54205
75016
80457
72432
31922
82638
22832
13345
82825
66574
85548
2187
90539
38127
51678
1614
49423
31264
18022
33420
81072
43243
5745
1183
68243
71205
87792
47289
18333
61798
46241
8567
89751
78176
15458
12564
35659
60554
21682
84970
81211
24937
59613
19267
37589
11433
24989
59302
55768
18238
15935
79826
11217
59618
77935
90769
4843
83087
43173
85869
67195
37285
39301
82124
31526
90357
80855
4961
5490
17423
55082
9261
27553
61755
81458
75860
4138
43517
32796
1051
35640
12876
60206
89815
35190
28052
68704
75972
7511
68024
58471
88625
59369
54548
24926
38452
3882
79624
71513
6023
51505
5797
90545
3112
60353
60334
25289
70405
22490
36601
84351
50466
80197
76655
3999
4926
52232
84334
12685
70766
61274
9685
2982
11782
586
39960
91285
8638
8705
47072
53456
61558
5961
50910
85497
40147
30511
23562
56771
31847
91015
30484
2149
17876
21292
2079
11849
56301
85298
5648
46097
91177
64391
41485
77040
31747
46854
47814
91268
79809
41255
33678
19094
83554
2868
35867
60389
28552
29429
2623
63261
82333
5139
34362
18353
76907
25930
84674
46041
52194
43669
46636
49401
66411
50424
16406
34141
17293
17070
55671
92952
66449
49502
25658
88877
71509
75074
54131
24409
48571
76217
34997
60766
89284
25614
57405
49805
79094
89630
17582
31259
11946
77016
8417
44388
48313
33709
69463
24615
66640
69435
77500
32361
11634
18107
9034
11590
63574
70626
13917
47569
73984
25204
29849
76264
75621
22117
1913
68281
48300
74849
2859
18140
7846
22382
67498
50625
70300
55806
37660
92332
3249
55692
19113
60340
84193
25970
37146
78590
25996
24491
87491
68108
37993
76946
82458
55039
37349
19792
17352
87948
15712
8753
63772
50656
87389
66033
58130
6852
65875
24451
67643
35123
84434
60993
71927
81083
5011
74443
17146
41103
92264
11313
68442
26726
19485
43830
75694
6653
76227
43819
81731
39500
53685
9028
46821
36086
37368
15960
4028
2342
72072
13361
47693
77630
75723
13526
50064
45429
25118
48765
70414
46187
43399
9816
34956
48891
32187
28161
17937
24404
37340
11716
54512
74713
27323
93131
83553
50869
78718
69550
64825
1926
89270
8493
57503
37495
37317
86270
68741
67754
56985
14843
68564
67705
42355
43200
67264
87140
84702
77584
63119
63457
88294
35560
76719
70034
25162
34678
40775
14823
91992
56161
35213
42552
8535
69326
11352
15588
26482
10918
90607
41696
39003
49437
31647
77827
50582
66386
3374
2740
20247
67859
1401
9423
28302
81579
54594
11274
63038
87139
56224
50053
18245
36866
1228
53660
91571
16240
17986
53049
82206
48001
19714
66023
92447
90955
62345
67421
3760
61439
34368
58662
83528
5177
64140
55780
12120
63351
56825
28849
74843
22917
54574
71646
59181
30537
48270
74429
31174
9184
50505
9462
58817
84982
48733
85312
75313
91130
30942
75874
69372
37616
9269
76972
18270
10494
369
85013
68952
7769
23439
34213
11830
88527
57922
73606
49769
64977
36424
20773
44415
23890
85777
8742
9841
68991
5971
11941
68404
52482
84173
49024
2406
29184
47602
41808
82403
76335
21363
90727
29548
88432
28812
77165
7687
75446
47373
70530
24623
12359
49949
91410
28382
33751
89788
44132
39408
59448
85112
56290
41762
16690
74115
78099
70412
36908
90618
88470
14981
67969
56949
39565
86784
57830
28818
24914
44615
72282
31303
26211
12288
23258
69464
67661
80538
12458
91745
47501
85365
36921
46255
62940
8494
41436
14953
55637
86761
22565
17594
14506
48707
37407
7315
39495
55184
9987
88487
75984
53382
84577
34978
38965
60385
42657
52188
39300
42692
44328
42987
66588
9211
85305
85114
14524
32279
38848
15015
80804
17693
71040
71223
54530
34962
31073
45198
69486
50046
17541
50161
72697
18652
84179
90100
9564
61448
73426
4369
65597
53951
29696
90945
2983
70050
90471
21750
16516
27237
75319
59145
13869
10110
33300
69638
11223
77116
71054
31302
66379
83909
16159
57113
86111
65359
22084
52714
67137
25085
58973
58003
28364
47997
21068
26518
11211
17569
49205
87274
10630
38205
4385
92755
43492
77704
66727
54794
78994
7275
47294
47837
36280
41431
72357
42446
47416
77661
13694
78102
25438
40538
17943
12683
65232
75047
90684
11397
73093
67022
75859
27961
80950
39536
64413
17605
12623
73933
91403
15463
89700
60579
42269
58554
70303
51579
24357
1110
7869
77821
41408
78632
84236
69345
49712
87882
44293
55396
60609
35477
59584
88016
19551
33752
76823
41555
69854
162
57121
22138
45760
28034
70745
14145
22823
92810
90322
65769
6219
44286
28705
54187
36021
66736
79411
83386
18198
28881
54182
50221
53746
36133
78448
71482
30836
60544
62040
43629
68128
62209
46690
68103
8919
69566
14726
60695
62760
87823
42141
73806
22766
20170
50011
74464
61594
71506
37490
6236
58679
51406
73132
76745
25380
23991
18294
93198
3929
5841
38972
13824
2485
11792
53289
76382
76131
45705
53299
57598
54606
33702
23526
35294
56257
49665
16323
86521
2820
82646
5937
4519
5821
15866
67810
54096
1647
3090
50621
61192
22275
71979
44315
67095
27347
76965
13968
71850
29308
60793
73347
51756
74716
67568
15944
29854
29628
73775
64739
19604
20100
54130
84861
61718
53635
26481
42582
25168
46029
770
65078
44136
29188
10674
42250
24015
14166
17385
70015
91424
34542
39759
32286
36898
30434
58404
89833
46092
45943
44081
48845
83404
43400
27547
74036
42944
73710
10358
32112
6170
60479
10191
68362
60748
55260
30415
13360
62632
84919
51704
28427
2471
89483
7909
82651
86003
68309
74634
86980
68920
50204
6570
52788
14754
14171
23874
44137
31656
57509
76703
40730
14661
23620
67616
65389
30776
92840
48379
20651
2617
1234
53501
38198
77056
4043
68449
48390
65963
37095
19812
8516
49552
21303
60602
32489
63668
67926
61657
19981
42516
16096
67305
86275
22946
20925
9568
28817
42491
87608
70929
5207
56146
63630
52696
54379
77781
38627
20489
45004
6854
68790
44951
41367
81209
53936
35765
8056
27063
30425
6793
20782
75241
30325
83056
37244
26728
18529
39079
74908
83897
59248
49705
50572
11098
58107
31842
12107
51222
22895
24217
11203
80196
88717
56358
76110
68216
48353
3647
79359
14422
17906
88636
65310
6613
41794
13052
27833
37705
33302
92574
3516
51643
55888
39104
41568
93310
91724
6091
48992
47420
48443
80266
53157
46511
83476
72114
11745
32698
37960
85711
72821
76776
3500
41665
85509
19371
24928
54681
2456
28467
18221
82932
70937
24311
47140
14814
63372
33180
87758
73877
24849
92825
5285
83410
17393
52894
10726
52185
24785
68754
91271
86221
23906
20072
41471
68338
58012
16033
2284
18100
28556
79368
8938
21243
1580
15606
73357
48609
43011
16702
64092
18817
58357
28480
17297
44012
78693
78115
73130
84185
34554
1600
83026
86439
91127
36957
3274
81413
8157
17348
45379
21003
92736
18660
41993
87928
72665
68075
27532
46817
31466
33782
61164
86050
40284
39678
46464
35704
80219
55486
27853
48135
39849
46524
13042
18972
61671
27808
90071
16371
91044
87531
1957
72980
10333
19070
28958
34309
19930
59734
58967
44235
64385
44270
44044
334
51478
50894
31338
40269
60935
73680
54298
79515
70070
58072
27113
16657
91661
25942
45835
91194
43642
67646
26698
48360
16050
50433
82844
61800
78784
15048
20034
84260
44953
2793
5351
66262
61493
58021
60588
79008
20049
42367
37922
58253
76494
55735
15830
57795
48147
35905
16873
88359
28842
55463
51087
35424
90558
1397
68897
30082
73829
18283
10724
61462
75760
33121
61545
2162
49759
83935
21306
75320
75454
90343
53168
87425
15063
87373
24925
35720
86519
45821
12450
40349
77906
74769
33552
74584
38758
68578
4734
78151
19757
92030
10022
20455
53657
70107
88430
9156
47299
77794
14395
1787
29893
21197
3307
16389
67428
44094
36037
9193
14538
9889
57259
24733
87251
3460
74984
6920
59285
91484
5041
37854
25285
30081
46816
6090
79138
84548
26288
74734
27402
90018
70649
87028
70667
14914
38910
92534
58034
79594
24740
68860
65077
89545
66496
59997
77657
69552
71647
51819
3015
23594
87944
20488
10188
19592
87126
71264
29069
68323
27803
21048
69358
19515
92968
26884
80169
15453
79681
13135
79420
31788
37014
27667
977
12213
39459
79708
29163
15255
1594
60165
47401
93295
63812
58348
71704
28929
36439
76263
85751
44574
74216
54981
67198
22627
167
47835
84149
72016
66852
46269
83181
42183
39780
14185
57273
9827
10079
59811
18860
72213
7515
30570
21378
46699
25359
37952
61379
54156
38709
18603
27683
9648
754
52279
13562
74960
25689
60737
90452
44160
66820
26056
8759
43772
8497
10975
29138
28601
41677
71919
10278
37165
71503
89002
340
15920
63795
21762
67574
25130
46083
92696
34634
30779
84967
36581
79055
51393
44888
61837
21091
65680
1204
70748
26020
46501
12956
63168
37096
80753
44656
11864
30742
39191
91052
76711
14049
14508
895
39660
57015
30625
90821
28829
71571
73687
22482
27767
88797
17401
14371
22019
27730
37051
1465
600
56584
79364
39190
48936
6286
38448
29205
28651
70790
4824
47993
54708
76562
35913
92271
50439
2633
48397
61829
24406
78751
572
59840
62959
37134
48028
65082
56833
23033
89275
74999
1752
19741
43651
23607
81405
88750
69758
5785
87442
91373
87483
49189
4485
33781
19296
42940
71262
68702
79590
39735
85616
24954
38956
42370
26321
49842
90889
18003
13138
20121
50669
34979
60918
70245
66621
23883
91108
77129
38158
92552
93306
40408
66438
59232
81888
79345
59599
12332
67956
4284
38213
69185
55099
24467
14498
75587
58992
12212
50000
882
86599
91007
81195
88833
90931
6689
43534
15249
44049
166
89730
3250
81719
17257
44085
47771
6918
2499
90286
78470
13629
21801
9168
6745
59604
55592
18526
30680
20462
6470
87636
77807
44811
44129
45647
32801
88182
2387
6465
7239
28099
42441
48608
29644
49994
49319
46740
46225
61514
82711
45812
36606
39437
2664
87161
40053
25459
86087
52874
75224
60516
90754
7941
42497
17112
8249
31413
85448
3789
47686
34538
78530
52610
25668
6799
88241
3503
66571
31049
39252
12870
12644
6277
20300
45966
87826
61768
53090
59698
79618
49097
53558
43554
53014
24162
33665
31726
69304
91878
9584
12174
70076
19862
44965
16607
62861
4320
51010
64308
3135
4507
70262
60194
92397
75208
3895
91726
35597
64653
33663
6284
53364
59727
48693
48188
35170
78252
43213
63819
67491
17632
39874
71524
51146
8369
37374
7668
89585
26367
77135
12931
83246
38955
37420
88737
40898
50713
49338
49417
91557
11419
87303
90510
67948
33957
82538
66646
91407
81037
12887
58005
37563
48553
70205
69763
91451
43721
26414
44771
14007
48299
44658
10187
86240
68019
85260
11553
59123
53615
11174
61228
3572
83752
17150
87935
72080
85264
48788
4725
17587
5483
11534
8602
61
74496
87872
16524
3655
69530
52538
58654
18680
35087
70041
79007
41729
57216
10725
56597
66657
83713
56275
81206
31742
9367
59515
89674
11262
37547
70556
21949
75403
29700
71031
67766
30932
27457
47125
89552
51532
70587
76134
12542
27691
52622
25197
79402
45514
72039
69852
57981
67918
65989
32161
22494
73736
78594
1434
66302
89291
24587
21156
42330
5536
45775
32317
55677
78755
858
31412
67342
83383
88526
13371
71823
5137
55029
11798
24092
76011
55663
50660
83006
53614
84458
15565
74184
30912
65743
72603
57137
4569
93189
36777
16393
60069
32450
32062
41793
47861
92326
59776
37760
66685
43345
90735
22510
23207
71292
42543
70525
79788
69586
51506
3011
82908
16563
68392
36
25897
54039
86062
88659
954
18651
48145
47734
58797
58099
3659
23757
88135
8135
33921
79142
26619
84302
44068
10167
9202
51317
37451
2141
27849
51279
31720
74087
51797
71425
28619
10380
24041
55057
21976
34572
73205
24613
8344
31527
55691
81698
26774
90842
23052
45788
75344
83320
2864
79162
3975
78047
89309
60971
29048
13819
48480
89616
63264
27963
12032
52508
73684
11444
83389
88277
53599
29516
50347
64531
61484
41159
8631
34313
25631
50305
85583
20415
26005
18721
61668
23398
4114
88977
62664
60803
21105
27503
83279
58436
13303
69691
29511
34688
60562
28853
51335
59729
53295
26623
41241
26078
31855
47135
10982
23642
51064
63533
76644
43874
21063
63411
71728
20627
82630
45317
50586
70084
32591
15383
40818
51156
61643
20486
14184
55568
14480
64060
28825
10158
44150
35139
65197
38748
42429
35750
50410
61287
86234
73427
10451
59327
64568
72450
69281
1849
13385
5408
946
4710
64372
63738
8752
60816
9559
61550
34828
18832
29956
29566
29217
60267
69225
9248
7887
34683
71115
40089
30036
89591
61866
15096
912
65266
58053
2035
12547
33480
92581
56903
62713
34401
20591
64957
87886
81753
36154
85182
45953
64009
93057
86076
12576
74202
24105
75848
75012
79675
37123
21862
3000
26955
36880
77128
42423
90106
7890
61952
73119
54302
45111
10636
86932
35248
9031
77534
65323
86014
9493
53763
53147
59567
72981
91840
10364
86834
12636
82385
39713
28668
93058
63809
16666
15640
35313
77497
46355
3072
7507
77812
65973
37900
17824
29683
11230
87915
46457
71966
3397
55214
81592
27425
55916
48591
37078
30615
25761
41183
14805
45572
17483
80402
31444
88194
61068
60955
53448
77835
46307
39808
5388
12389
57477
10089
15647
61517
91266
79876
86302
56298
83869
12805
52268
50803
74547
9855
38898
20978
70086
88778
34224
80686
38060
39530
43184
5185
20956
20946
21058
25516
7146
6227
42049
12926
28843
4228
74183
59636
76874
90497
470
82684
92591
57184
82894
6819
81715
305
59195
43714
15464
60356
47249
64857
66090
24717
12989
72436
31741
15881
52190
638
65327
36130
83289
40084
5040
67945
69084
77555
13621
83815
67151
83931
73019
60030
70485
58570
85105
1633
78827
88063
12144
37536
19766
2322
84646
22669
991
45485
73258
47697
254
730
48434
38249
60820
47581
3333
70815
53335
59780
29894
30792
13189
10121
65057
89184
65979
76517
37151
8286
91911
48438
70862
49079
36500
57330
7638
292
73804
32708
4445
29335
29444
25657
63835
6591
39574
64802
29271
86854
51689
2774
59053
9394
82575
22014
13791
5201
4984
32811
13136
25913
79500
42909
51699
64829
57666
22252
67225
2336
80353
20952
181
82858
63578
71983
90816
18042
89778
77092
48331
55539
4922
62258
18602
71336
66746
9942
20735
61584
75827
17178
68646
4063
49379
76315
69818
32918
85710
55159
25820
69459
60573
83636
65286
7539
44403
32342
46957
18999
1060
66729
67252
87014
18500
48548
28338
3379
35782
75820
90082
73353
24702
67844
5147
46366
43560
2281
85500
32648
2517
28043
15205
88690
82741
4105
32893
70166
19952
43409
89355
6585
27830
85316
67983
42417
50876
66071
60504
40567
2930
67736
56292
45025
62194
2413
33972
35600
85068
39189
5492
68174
68978
50354
64606
82744
42957
48232
37311
25194
68385
26206
28101
34359
88041
67071
2640
6840
27226
8140
33871
68904
77435
20989
65952
20944
15465
51247
56650
79348
23715
42064
10462
53594
83596
26098
64808
56905
33837
77098
36705
55587
3431
54584
54393
90777
61790
36527
78131
27524
41151
61246
46268
41393
76775
1370
79005
85645
40595
67919
66344
58968
82885
23929
58979
73725
74678
7614
12507
62046
39476
24329
35562
43657
89118
51734
23998
53265
92710
50457
21195
65669
86160
11942
8432
2681
33938
62158
928
20212
71036
87656
16369
72159
84093
78904
21610
88979
89088
31927
31735
11968
15187
11438
78771
58561
92992
4222
39854
59035
43957
40875
12122
34784
82146
49411
14040
24304
68993
87620
55911
63395
66221
88130
59955
75062
23652
44389
36940
44152
84916
46905
15510
19356
59239
83112
57102
9233
50133
76453
31853
15234
78933
89105
76079
74546
12995
52319
65055
69001
74977
11765
9941
44238
61180
57555
10455
54743
89697
64660
74800
79334
1318
40017
58502
34452
55077
51246
63836
4881
31999
68753
2266
73292
9558
67098
17253
21046
57654
31439
81373
61734
30974
30829
2709
86997
81145
74921
5711
81114
29992
84663
84921
92751
81662
57997
26294
8788
47015
569
16673
79165
89845
77902
21637
58842
89835
78514
80210
187
38948
86474
55757
6037
56135
17306
27759
32150
88911
88492
46806
2554
81216
88801
36563
66601
19951
89675
71833
23031
58208
31468
29455
19083
70774
38815
5682
34875
81089
79367
43241
49973
21644
72822
35145
35736
16220
52442
88729
73321
34537
5348
74705
4357
28313
42285
86463
82375
31478
29517
26809
51916
13661
81228
1100
1227
46312
73092
7697
38458
61812
92518
53447
57518
74163
68609
40332
22786
92236
56761
5176
59096
31817
20609
81616
79884
8428
5947
64210
73924
5846
87642
68363
27694
88622
55766
87868
90602
18996
49164
81420
71852
54625
7621
13654
65725
57661
3998
29617
7426
22402
55625
51152
45466
73747
56230
62742
31296
45130
34355
65434
90875
71717
90753
7861
2713
51984
61489
26991
92182
48597
18031
43741
40101
11793
53473
29187
52050
16789
71478
44513
73923
42698
40225
75968
65480
86066
10876
65967
65878
83757
705
36745
39596
69678
61880
84580
29364
46600
71469
52932
34960
43923
17307
40272
90780
2437
7482
57753
29960
29848
14672
6339
49007
41018
88664
41131
55650
68917
50432
37544
48130
31533
73898
2089
30245
39751
15805
82602
44612
17754
85017
35749
68925
40386
5510
87965
50015
1857
38664
19246
416
14990
77976
78969
61898
83503
29309
64441
6452
29432
79812
59137
18867
6054
40989
72374
22062
36367
9673
63425
54617
36153
31166
80892
60753
36438
79836
26978
83864
27534
3044
7340
87498
69730
79422
6639
56107
17337
4116
27749
13269
17448
40500
32677
50864
5471
90576
51271
18257
68089
4918
67435
57309
17549
89123
11294
68840
83993
73143
15507
75887
74259
45933
58424
18607
91417
11515
19632
68141
37300
5026
20613
13543
26228
62809
8317
66841
47903
45223
3596
11728
77186
10186
25611
61350
33563
31125
65100
69172
77841
80041
22910
7186
58788
3372
46710
48831
45276
79152
17685
12223
48276
2219
88090
31325
53834
17322
76038
88844
6807
88685
34967
19110
82816
73210
10296
35697
31923
46940
37199
11983
46899
90903
76966
11409
73883
65443
53789
90340
6945
48867
59192
42486
82603
25755
25397
77511
39640
46812
59940
77945
74897
53893
58153
35242
14876
53606
73871
25115
74384
56350
64601
56703
2444
39846
42679
81245
16939
8055
92436
75265
79382
40318
20891
38262
59853
46578
8575
62894
10423
5001
67397
90594
48922
78770
78892
22564
61864
87839
55341
40522
72438
23445
10623
68304
40212
25858
74219
57742
60423
27774
4807
50148
41720
72732
22087
41122
36839
12109
71393
12404
9438
84538
11764
17021
89622
47816
60518
54460
47036
12643
83773
90103
73199
74247
10688
55915
39786
61114
29725
10526
36298
39520
34252
83964
24652
22211
64891
73466
71433
68908
67105
40721
44694
93351
91159
31461
75623
37230
39015
21061
1751
64614
61315
57046
15592
64831
60243
59919
20751
6999
88437
69725
50116
60296
7188
64150
57781
38361
13563
62930
82979
70778
29704
37741
41130
70565
52830
11707
69643
54855
20951
85789
34173
20815
60856
91200
58916
54671
49438
67466
59556
71011
80027
78460
41145
3790
51628
25899
31892
48649
36373
8089
22676
24838
81690
1514
82509
11278
23920
21576
40571
21922
37680
47383
92453
3806
72827
85166
25472
40535
63336
33102
57302
29338
70057
50226
16496
41453
6324
12646
35726
84768
47055
20557
78704
81427
13144
14114
68221
43946
54700
518
66255
56154
58535
73369
29797
16571
25596
37988
46527
4364
75290
21591
93387
18048
7875
24603
122
53973
5703
33241
68480
82305
25714
35185
48200
2658
37559
3327
27182
21917
22145
35470
84930
47253
36655
41432
23590
40463
6066
34039
18322
85247
83170
66681
61136
74160
25189
5167
20417
61695
91721
8343
6070
30744
1515
26207
13262
22326
72344
23056
37999
11718
70984
61197
76398
12527
40955
53664
79443
84410
45436
82247
24605
88268
4581
5898
83
87201
44227
92128
72034
41475
53018
21718
75660
41381
82919
87286
10426
40961
38429
55582
85572
42671
68966
8980
36003
86735
11589
81125
25256
46788
47846
23386
91836
83949
84859
40917
54118
50059
88212
52758
72912
71024
91171
72032
77359
77627
36107
24231
31499
55689
11384
24930
17648
4766
52281
12124
79012
28855
82137
36147
26221
70849
87774
59194
59705
63778
14615
66002
81617
87459
47334
72037
25290
74104
8944
32838
74307
62696
64780
40564
89435
53370
92487
73459
33219
86772
84608
62211
59877
4880
75579
33330
84152
18868
68113
32569
74577
78106
82637
84217
26147
68946
21471
511
57459
273
83473
74522
32321
39545
63058
68782
88847
67224
64344
30229
4089
546
12057
13703
5449
82492
6791
67508
47797
41613
50569
42545
39984
83914
3007
58046
35005
84429
6981
78195
888
20784
46882
92527
57527
49866
62117
15652
90703
49979
28179
29795
50181
16818
86610
76285
37537
38834
55309
88324
21526
69067
36181
50224
31343
31469
85325
91519
75003
16104
37659
60813
69739
64197
88759
87371
85953
63247
78133
58953
91626
76573
88707
20227
7609
23192
61520
58314
20685
68625
59219
54923
20686
12654
16968
3326
49846
44445
72309
891
36663
87871
82138
49299
78315
32463
43752
46159
36787
32494
62265
66504
65161
23219
76818
30205
8196
78880
45551
48848
57226
69324
69504
80971
85836
51522
60099
88611
55847
32674
91456
15733
33222
40938
52826
10146
1513
59102
6416
44503
25423
91757
54714
82221
46477
76001
84544
61917
21723
71912
92339
92288
76547
10009
41002
93081
29716
82642
45965
23205
14833
1442
77187
60871
11622
73712
70371
62262
3890
74895
74766
45796
673
21821
21320
59357
38981
83020
35499
20564
67296
57150
42108
48475
83776
73727
63443
55676
22977
30407
82108
83115
69659
25146
38635
15264
282
55741
62036
14238
84396
92579
69954
31282
60093
43497
31591
38789
38087
39039
40648
35221
59472
85924
61717
20452
59253
43983
84166
9836
50657
996
66258
55004
223
85147
74293
54511
43842
39468
24550
64963
14317
6842
25214
43778
62547
51860
89797
42584
53532
31314
30618
66134
77792
92171
85688
50653
61980
15591
81997
46916
24886
3219
60806
82564
52809
79787
42975
59314
11115
61791
7086
37946
59358
50235
42870
37583
89103
54197
84718
72596
16979
58090
25414
19081
15782
30728
35536
68999
2824
72331
40718
16630
15399
89898
44105
82915
52878
62245
68434
92730
90062
70812
89917
85019
20714
15571
23658
62813
63978
57974
11911
67917
48934
67581
33725
12160
54853
76539
19795
81045
69548
44575
87511
81132
91275
67394
76374
10651
79705
22146
4531
59449
9378
51776
90574
35162
17881
69947
54975
85001
56601
79235
57989
19731
41681
68088
60300
89837
44268
17129
80639
80520
48041
50544
74575
20672
17083
19119
42415
67764
1821
52290
68329
9470
65580
10216
76361
33720
30832
71133
34246
32705
63133
23042
11058
75367
10372
75426
71799
74212
37813
72903
28261
37325
42767
33374
57039
22876
40985
53514
53162
28411
16937
61501
22190
80372
27092
1081
59375
12412
83189
74616
28960
4551
63428
9030
69869
71325
1693
644
22421
12653
44405
79818
74512
17521
40371
2295
3578
36913
22817
25045
4580
39438
19048
44842
43776
78795
16816
17714
9929
13163
33795
9515
86249
15442
64311
40874
41298
76994
14056
69955
58432
70388
78799
66722
51344
42008
5196
80463
76339
91431
62323
71629
27782
76847
23343
27842
47344
56700
88731
54016
70167
54234
79762
15437
11678
37566
46287
66092
66974
19708
62280
60953
56327
26313
24331
23391
75575
31373
50312
17220
78224
78291
46113
5693
45100
14074
89748
22072
25995
76359
37209
64033
30790
28039
65122
45239
56502
44849
61555
30964
81934
26357
14811
8214
57495
10895
62440
7701
1022
22966
65165
56614
6998
82533
51986
27429
38354
12029
48621
4873
15617
17570
58572
18034
51836
54238
84959
72051
16056
61882
74459
31224
69344
33000
52275
22687
8382
14259
22241
28483
66245
46907
13277
7831
75171
79202
72835
36347
77754
51066
51684
28928
65596
39201
4220
41868
17577
71922
90614
9766
32343
32392
85524
37886
33396
61640
25450
10416
19366
37821
40123
90858
41096
53420
42675
83958
31556
69788
24847
85273
82972
29528
11486
42646
2100
54660
42857
79355
41044
3748
13985
16884
29281
8775
28986
47710
17562
20949
54107
27422
80715
78515
18792
46949
39134
54659
54174
89084
18473
41445
40826
39622
27722
51419
55251
5811
34594
17517
78452
85102
26644
36637
92100
88657
7175
29609
89264
7736
88450
66875
54518
46363
55553
87887
37315
71652
72733
79086
63195
92883
3258
43431
76962
87197
12511
10910
48521
93269
39621
14763
40494
5399
9815
84305
46726
39021
22798
944
2345
18684
64535
35188
90258
157
18761
61133
60442
27912
50646
18911
42083
54946
92933
8415
9937
47461
60644
9759
57204
50970
25641
64473
61953
81800
56595
78294
57622
11823
62828
14427
57111
47787
51188
26345
56760
78406
52791
2334
69267
61818
71049
79848
93395
15021
84850
63529
17286
51940
63212
52796
77751
60976
24282
1881
49155
89370
2356
81419
46130
6029
86352
89682
75429
67118
40375
17017
52404
2111
74891
55269
72265
29489
72730
53181
31229
89351
85988
73594
55574
9434
13333
69349
82085
206
90299
13685
69797
64871
28217
46525
40814
53947
28932
79780
5828
11994
33016
53808
30143
18926
30062
78619
74612
2613
73085
29006
18699
87005
15112
22163
17791
76602
92070
8294
75481
6617
77926
5033
64756
54
89911
19281
3232
31796
33344
17366
12708
84860
6006
34360
49818
56363
47234
45061
42342
33591
88959
25927
17516
40791
45196
85400
21182
89668
10461
35678
33532
78839
52414
70806
87323
3282
33013
91583
17131
15
32888
36302
64499
45903
17634
32848
50481
6794
78248
10841
44351
28882
78030
32134
72829
77457
80947
79873
1728
33640
90570
4093
84814
39215
26849
62826
15643
89165
91099
30369
57562
73201
15044
45671
89239
72090
87269
7557
26964
61384
46986
5489
49780
21234
9692
72434
9631
3613
48368
36794
31177
46584
82436
68321
79981
60299
4923
18436
943
83638
74188
45882
90826
70678
38729
12393
48564
91953
30545
42223
47609
62310
67425
23
42880
4504
3549
33494
71610
88830
36937
9158
17766
34413
12045
7734
78765
53656
57866
50110
44834
58201
33822
11757
74391
82506
26541
73846
29206
68693
35056
26109
23922
746
71361
86589
88513
25135
16025
80202
73621
50800
74621
51371
73379
76993
34006
57612
56962
54066
87585
92024
81742
55336
62798
92075
93104
87835
26163
56359
33882
17219
40600
67150
67986
67724
22805
79175
77123
18312
13837
83530
19628
30273
75184
3119
26997
77274
79903
3386
54990
4366
62659
47349
6410
67332
59914
11186
16217
9896
51350
39778
50549
48814
42730
35388
45389
3010
49088
26778
68358
16782
23041
86363
56478
68701
1351
18
52502
76947
39212
55354
3996
71416
9308
31063
2914
20738
13494
21538
86157
4590
46247
50078
23564
63478
48045
51901
49408
1777
59675
61984
90867
69312
41969
88599
91469
72749
35455
76136
16950
16495
76580
1550
49739
38921
28754
3532
14328
31856
62174
32901
13509
9319
48316
87240
52512
17742
60777
73394
78978
20691
79748
14024
16262
9191
77095
79546
41900
960
7975
52249
1911
32726
71457
83021
40795
8859
7405
658
14304
49883
38191
22572
88092
9136
12435
25639
67845
7297
43177
83580
17947
19623
30819
89211
6513
91192
54967
14375
18284
7853
22238
22974
44856
62653
14936
81267
81148
7465
51401
38922
6534
62993
75675
52192
76790
54305
19608
51705
22029
45236
18703
45996
61266
67711
10673
41627
10456
38488
62459
39043
48942
58411
35542
39588
63986
35833
7165
88591
43995
23127
64224
69332
67617
5795
59509
15594
91813
79209
29818
31008
70841
32037
71523
81666
4689
3366
79163
16835
8306
73525
85030
70131
70645
87263
80133
8888
48577
54097
32692
90432
78358
6426
15461
72872
15581
61104
81287
57811
27356
20871
14041
11835
16245
10679
62535
79587
21381
38422
90914
85118
87874
70404
83535
55202
63861
54188
86156
69132
89429
23175
76931
1592
10071
766
88447
52177
52149
34532
67414
17725
31987
22778
2267
91696
45515
70933
89723
1723
27851
56466
83531
12616
47678
70742
47657
65736
51398
689
39649
51885
82287
59995
42510
30708
2846
76491
84222
9684
58136
81658
5288
63321
54502
12608
29936
57920
16827
88831
87916
14779
35125
14829
93249
74927
17223
80440
53329
35378
37102
75775
75751
67732
3373
38128
69408
90445
57323
44644
27672
10037
35192
32514
67620
90137
34747
28301
76287
22358
12651
42196
40733
10298
13742
3665
39749
23866
11896
9459
30976
50460
1602
21006
73856
20425
29460
92012
33926
41162
85356
31131
23693
55681
27584
23108
25640
19753
47733
92063
57313
84900
26537
64133
49698
44898
75736
86121
59848
82210
24137
18833
13403
29070
54051
72989
84532
12390
39688
65116
46505
74949
39968
72279
58328
45754
71838
30921
63866
6936
24478
26125
82481
23940
75443
41832
91841
75115
9716
15339
91449
36501
80415
74773
57115
41985
36097
21285
42621
84625
30331
79749
78085
29565
48879
84636
86994
69275
17710
76396
73981
56380
55472
53892
87855
86236
55302
35979
41821
23788
50616
64524
92950
83803
25033
81907
63124
35674
85822
74179
85044
81259
58045
38949
54306
88955
92167
10850
16334
60828
92023
88879
49035
48745
67259
82701
27258
34465
15702
39231
21665
87595
11366
49569
46351
91258
5641
86277
93010
35403
38565
77309
26477
47162
31410
46214
31077
40319
37662
67241
63374
50745
47035
67367
42888
55342
55623
90056
84381
93031
82397
34378
65018
53992
22258
36089
62298
88995
52893
52464
33373
35406
90033
42361
85704
91270
45576
61028
82278
70433
80185
78655
10297
82260
79957
65830
1385
90026
72562
4328
72826
36659
8226
66567
85810
53037
844
85909
89580
61706
22081
74881
56873
48738
33030
66371
30696
92345
53816
81247
23058
65939
49603
9534
2203
79688
84281
53426
18637
66077
10922
15367
53546
18822
67203
91326
22808
70672
40287
1343
37715
14390
21699
31702
48508
49075
55927
35683
86999
34460
26867
53887
56469
28895
30514
69541
42810
9328
10422
68232
45179
62520
62593
60703
45606
45184
23436
34453
7947
43780
76896
27395
36053
62671
65227
73079
54788
6942
30787
29181
8302
89328
1996
32477
37701
75850
28306
76301
60363
86750
7612
10053
53097
7785
80662
5271
83249
44418
43
18392
24543
35275
4137
50018
4403
43513
27565
15519
37780
34625
39147
27554
23159
36997
48113
33783
12169
91016
49580
47622
68590
62791
48298
53434
69090
35708
33361
10686
29558
17533
79701
89503
50397
74850
14757
55968
61915
57058
30372
34805
49763
899
54680
32064
40066
58871
15577
19729
24036
11344
76248
50895
14733
22455
49972
22837
40542
49641
49925
59029
45810
9169
90664
45578
23029
12239
43745
57348
6021
22583
82833
89011
91918
52808
25513
2204
46374
31388
41217
40809
35281
45536
4820
21689
36558
68140
92390
18578
83314
22162
29060
11773
27064
3566
66390
49440
87772
3734
23117
56686
41810
51091
49261
85299
86647
59039
18496
50763
52931
65555
28114
68536
65749
77191
82560
87369
9519
48487
10974
82415
32743
48851
43699
66549
38162
16701
49960
62976
6872
3192
46939
47848
51926
57239
40890
44941
15956
74768
22921
37409
74550
10742
46917
42286
6463
48080
31233
1754
14863
55180
47429
33509
71636
64941
41457
22415
40351
57814
41695
84253
4729
17299
78438
67131
63161
88080
21268
21647
25751
76347
80368
70231
62739
72691
24800
83072
4863
18406
28410
74264
50868
9732
70538
13134
52132
51223
78611
72456
58631
3781
52314
82391
57769
23744
86461
66715
9060
61158
54288
62642
20982
2042
49762
70913
22920
57992
56389
18243
88525
59261
40646
5546
74484
60091
63071
84464
30933
41421
18812
75703
83679
22801
79602
80338
3905
80438
79410
22316
79194
67982
55240
66524
83771
2238
69535
66972
52471
13645
63789
45006
92997
47326
65272
63968
66697
42908
75722
59823
6233
61459
59838
62793
53918
33573
37423
80769
18756
90932
18647
30217
4037
35518
58959
87481
23392
86106
53199
1231
9426
55742
60524
75092
55725
62215
73359
6365
54761
76737
86757
7508
24242
23130
92035
62746
20131
9212
25078
49120
32938
63807
17370
76889
74602
23312
73159
59481
20588
3580
89783
13596
18796
54517
9902
55101
29689
28124
21429
12377
71132
10201
89311
61856
76045
39395
78306
4456
36348
82214
72851
73867
40068
45273
64534
729
26287
84158
68545
66533
61378
35187
17856
36046
80399
69500
76610
57897
25865
9963
69007
82196
85086
59471
3050
34170
65254
20378
50348
728
35965
75750
27956
85555
78538
35666
50788
80137
49657
19112
66804
92837
39760
84712
83409
40364
88534
63278
51657
5438
56858
57215
39412
12154
19684
23256
44209
57630
5432
66029
55042
51583
52087
34588
91088
54340
40202
47245
41123
13581
5581
40679
38747
85677
57817
12748
36363
59854
83998
67357
54648
10564
6961
89365
74395
21139
10815
83037
74981
84964
55327
16392
17878
41234
49435
7899
54705
33738
28130
34172
13723
37092
80247
48134
74474
8964
22679
42397
21987
75349
72687
35382
41915
90306
11148
52938
34294
33936
60049
34126
73216
1356
44534
43720
38490
89532
91383
54526
19637
42473
72699
58854
42728
55467
52882
48324
54291
15100
88773
1559
9020
20176
75281
84199
1867
47305
17133
43057
70099
37646
75630
10276
3704
39228
82253
87198
68500
89237
38478
77884
5256
39314
24221
20893
59390
29844
65721
48426
77611
75513
49546
74446
57970
53152
85139
38869
27809
55263
5314
20169
27895
57198
31421
36981
60928
9345
13557
24218
39775
44356
16076
14817
62225
76827
85816
25012
85436
63426
81422
14484
17030
66366
16839
17123
44020
5292
89457
10115
52555
14301
26370
45063
56617
40770
91958
12209
37645
40944
13816
52993
52982
79259
7208
90508
80167
14880
58831
15651
37859
51932
69330
47582
86569
62408
29208
91820
89897
7091
82163
489
17351
42720
43840
7659
48834
33908
31183
85579
86242
57755
41545
60103
64190
63403
22576
77919
62201
71708
57985
56427
83705
67819
30677
52089
72061
24460
73383
47575
51616
46892
81725
27008
51216
15298
6861
81034
27795
43398
55898
25957
85782
77038
87582
76317
14414
33888
92104
29924
48698
83013
26740
59756
7578
60343
17397
16099
42802
75424
91411
36241
91944
60787
12720
50311
77234
15370
81162
72865
45743
40336
53189
26423
34921
85285
58559
23442
42485
75983
61083
70306
58133
16930
64556
28461
23812
20857
70241
28809
69898
51114
85911
6125
4906
63786
37186
88771
25976
2207
67563
48239
1394
52373
53791
3447
16618
10703
68755
39518
9390
30215
37994
17690
35662
30860
51176
51008
38071
5109
54327
92412
78210
18148
68845
92062
76371
77148
60691
54166
46157
26812
25042
3096
45027
66317
57850
27980
17317
51865
2978
43996
48971
76664
29504
9235
38722
57801
20184
62769
50756
10917
73117
8229
57948
37947
5397
21133
26040
7157
24854
91198
70644
58141
26222
24185
82850
59791
54448
87603
83855
50882
57392
3429
85878
68462
16692
60506
11952
89948
77225
90724
86616
72205
78626
52236
56056
75154
85957
2142
4453
75856
84715
72315
47213
8105
29157
44261
82439
91594
48815
31682
8209
23667
4128
57056
33033
90616
73632
53866
36245
90656
52865
48432
72276
50722
17411
50517
8108
37812
44622
57175
32199
84450
63964
18835
79584
91980
18974
18117
7355
34396
45444
69750
87117
91590
7217
1052
11688
35004
56471
8562
79514
72942
90921
74327
7416
28563
50458
47268
26081
49909
57141
27105
217
11607
69385
25740
15276
7180
39479
86850
55936
60439
75601
6353
32397
24554
72514
9176
63422
70783
78103
30679
63688
2590
47191
75740
30038
30150
2963
56162
11301
54136
70640
33570
71459
62740
40455
15266
14488
32118
21690
11828
32806
2810
60351
16973
32481
4179
62358
91753
80187
84486
51464
2263
51954
77371
79141
16647
42086
20510
35915
31812
62598
62475
8186
25885
55783
83046
16539
16098
40247
10284
75295
91499
71929
87712
17183
74504
33569
69212
70219
43917
92466
30358
73102
36975
16228
23444
33609
12273
17681
79503
55220
38964
23615
62467
15793
25672
51976
66191
5353
35402
40506
6208
57158
77934
7089
78054
40601
31472
3589
25057
34250
23881
61020
2522
71153
11
41369
78070
60424
88466
47446
43180
33377
86378
76228
51900
84128
22158
65080
42003
3923
35263
23870
54292
8314
84707
40631
9056
70643
11408
59558
76128
67486
7167
55372
85930
72227
16637
28658
31
61654
53803
66502
76098
32046
73312
18336
5084
75609
73448
4094
18381
61824
39069
79148
10303
8894
70014
29760
37608
85772
20089
4840
46747
21362
42559
41029
50900
83588
51039
26826
82583
38953
91316
41524
29912
33958
75714
57129
11802
81199
27589
90030
20768
24721
2167
89881
66201
70844
48689
26179
13872
39221
44206
6097
76806
91063
58292
4084
81297
80887
53774
16373
39085
11723
13493
37200
60681
22867
79023
76412
88632
52210
24481
67116
50484
83149
70081
59384
45220
33743
80439
45831
83150
30368
91706
88049
77655
77468
35036
13561
71731
63994
32358
46098
43813
78671
67874
11824
3592
73720
65342
55446
28603
75806
55365
53900
49624
48473
91800
14529
52942
89411
47894
8248
89473
21548
59262
74841
33258
16938
22321
72797
54582
78553
58689
87148
23332
88689
67108
48514
74258
31118
77001
9042
54300
30449
80142
39249
52201
5874
1342
30342
90615
55410
380
40622
25101
92319
39081
11637
35351
69597
44940
72232
57125
26066
24685
74701
11349
19369
56104
22143
52593
86706
16603
11777
57959
28934
12105
27135
38258
92937
89611
39853
86612
46471
79427
74765
63757
50741
89288
48642
80505
67261
38560
87172
51035
51965
27715
13172
64405
33512
88442
35420
54846
2377
1894
72056
77222
2220
82296
58165
52881
43120
33150
28927
92269
22794
49558
14131
70429
40262
68601
63592
43955
82188
16349
43751
58629
169
2110
19303
31258
57748
27811
9157
80420
32400
6662
72871
51958
41157
48024
42144
69822
85199
45525
4100
46452
19598
78250
43055
28005
72112
27101
15439
12322
67503
8534
80020
90521
51742
51037
15088
83226
19755
55607
11525
18889
16869
55296
16838
64300
58327
85342
69313
72108
85602
15139
69605
42252
35212
37228
20371
67464
35501
46768
82938
91704
8206
83876
73007
14046
85379
87499
51878
7747
57245
2545
23753
53046
53704
77853
66630
22025
16712
61777
88210
45052
42655
1509
10478
81100
27839
29161
19072
23957
48655
65767
92656
15219
24912
45846
38217
62810
26649
73776
66046
13602
7412
87601
28694
73686
38202
67013
89765
48929
674
52372
86567
12284
42536
58525
1522
52260
57019
63097
1532
24773
69079
11298
56357
90042
59278
47982
27076
72268
76708
55586
65758
7710
20193
51416
53454
10563
26850
68283
90625
19938
72959
82121
52670
2016
91850
50294
83784
52983
58512
21117
1334
80654
18343
42256
7863
53092
86296
11513
2194
3732
25455
70919
82660
32748
80346
37930
78136
4921
78118
91399
12378
68478
9824
85043
89519
28852
27447
66663
27420
38984
32071
59085
7642
15455
20907
82723
83318
45992
13955
15676
28479
48342
33257
59806
54783
72904
83220
39525
48055
41233
70416
49441
36724
13636
57714
18456
31641
70577
8129
6888
28456
50676
88597
68676
46818
23223
42978
1438
92964
59533
86864
92889
27713
16765
36132
14892
47247
5188
43212
86958
32807
65995
50597
60229
4825
89524
30203
11496
66384
31871
4362
46071
30242
88713
77478
39172
81795
27445
67400
44288
51098
37288
82372
66355
80722
35448
84183
31574
88255
288
8088
37177
81004
40166
19771
38959
36530
91904
47503
17623
11245
75936
33808
2923
2166
57662
81866
26524
36955
22189
91791
85654
63225
9714
62286
49731
72614
69772
14461
55712
42326
61789
92335
46835
42420
87910
87331
90094
7358
42100
18478
3217
54778
74302
39418
65575
52543
24230
16918
5092
11703
40175
86104
24444
23291
12781
67816
17593
70873
13486
22166
63159
86358
42741
7008
68712
71817
80955
92244
64851
34873
19414
78762
59653
87716
76908
59561
44365
91548
25437
74176
49952
24102
19533
34961
48881
70244
87034
35814
76734
90407
84766
68623
80556
45521
68443
80127
19613
68447
14158
4678
20514
83308
21050
62702
23460
54004
39457
74164
49583
54005
70520
80551
40367
64996
27516
87024
92842
32417
30243
72002
59626
70132
41118
23730
83449
89179
33574
26836
80823
47606
6828
84741
56518
31211
82213
9091
42904
38112
86762
16130
8727
83481
6088
48291
86032
84131
89598
44139
80561
50337
51305
56579
52845
8929
40739
64527
27122
29919
3018
29524
18987
52867
8427
1246
69667
56514
92328
51827
2841
11332
36430
57780
86315
90153
90053
9080
78835
58653
49469
73194
53967
68060
37264
61221
76307
13589
65019
37708
61187
51621
31020
77831
3003
22558
29497
90363
86520
12152
89906
52100
83286
69769
36711
59498
71241
1761
92728
21373
89653
85519
30176
61216
38329
80433
84066
85308
54632
6580
57967
86146
47350
47612
25684
69565
76241
67329
41668
693
60269
33986
10424
76515
14715
3581
72911
76130
23356
43089
36470
83039
39832
10368
18818
24341
82817
61884
85076
53572
37292
41209
68819
37790
77672
2993
55874
9876
51428
41940
35210
18029
79454
42150
63586
54173
36098
56455
17475
81369
35742
40842
32506
35512
6859
65657
19396
53987
2236
69022
54507
79303
86836
83526
37145
42761
41871
46383
76996
19881
8016
76666
22987
86954
14671
24302
7805
66578
29363
1212
36481
269
41411
63113
7110
84910
39578
41662
20354
86543
54894
4102
85151
52154
68105
33006
26070
46180
80752
87102
93154
44443
35524
32483
41865
51573
75348
71808
20102
65801
67994
29969
80449
90308
50143
42495
8128
19744
87215
40838
78503
27483
59152
51796
29231
35537
89943
69331
78462
87328
40290
2954
92959
46719
70334
27621
51104
72471
90147
34545
64797
12799
57062
9503
41823
76707
42886
88917
59982
42114
38990
10842
51198
4206
22366
82359
46894
63591
16199
79182
57171
13691
79773
70673
85020
36927
2759
26764
1955
64573
47495
83660
41664
61373
3902
54260
52198
4837
57681
92551
86398
6064
59366
84237
92714
24629
86255
27663
47490
36510
17697
51671
17743
81944
32337
16020
23685
28640
11781
8230
71339
46170
70174
34704
85066
11661
72125
57856
1366
71322
83050
62013
73172
67742
33711
5738
42697
70973
31239
1412
17005
3401
3061
92376
56495
8939
34884
87285
82474
88550
70040
69673
26887
41139
59630
26441
9393
19032
762
6685
45552
40428
63148
76179
24811
83345
44291
51184
13772
49131
29631
77755
51011
63768
35652
45509
29361
5077
10189
85835
22562
50808
44280
52585
1803
6318
7198
91038
26373
76853
14082
27392
67569
67215
25213
40238
61152
26440
27290
2950
71999
3719
70499
41951
44779
65497
75239
60860
40578
39692
46547
35233
5948
36303
83334
7178
59081
93091
18494
74388
72339
26006
62872
12794
74204
29812
39431
2080
84566
89989
35347
25465
14751
20628
56853
37981
79120
24865
42299
52527
74509
64305
36874
24619
61089
66310
27379
69097
328
27990
36354
80708
83347
52987
68593
2506
50287
87574
26625
57440
54747
81668
18308
45963
65099
78418
68491
56693
38561
40493
4388
58519
63700
58731
86751
27486
78130
60223
74703
65545
17916
49085
39213
84417
87632
71918
2561
34687
48728
18715
1921
12349
54787
9048
66858
88316
62571
26217
48386
21708
50958
62725
36773
91208
58289
13082
22362
64821
79498
16945
85974
44022
58762
88912
24315
14501
19786
85850
64130
82219
28961
70270
84374
63714
45959
71159
68573
65507
34200
2476
41507
14174
50871
91600
31935
40554
51351
79978
50782
85864
16872
89870
16442
44866
53446
3603
76969
28715
24359
72187
32049
92612
74198
91111
73681
4290
77783
62140
79501
11578
7575
62312
25066
36198
30965
49742
12659
53318
26703
67775
33635
39685
299
57003
58332
22468
76650
40402
75921
46110
44693
86278
8808
14647
40026
88123
66889
67100
46294
27590
82978
80355
5718
12735
72884
45310
27762
75501
56930
57676
15210
55226
769
67526
28886
41269
59395
1028
55244
9002
61521
53853
74517
41469
32370
3638
45854
73408
56201
67614
76067
53736
33322
54328
56961
83059
5656
65145
92665
55258
4613
56061
37045
24055
21065
71832
31607
60179
88948
56410
86988
12317
27203
35998
22453
52394
79852
87451
16662
26761
33853
9526
90349
76185
85774
76588
49454
25209
70724
84041
46302
50131
67237
77107
32621
18924
30437
75796
54829
59036
66236
28236
73056
8430
80926
45092
28949
34903
74976
23567
70258
7933
49139
4857
50861
49779
65493
48242
77377
37918
45567
56626
46824
74910
37759
46573
2015
49787
70631
61962
7384
20355
46435
90894
51481
23541
8271
54978
50463
1964
90573
67039
27046
49228
30523
18762
75017
31952
10694
20413
52849
68544
62002
53462
63925
39274
87124
81860
13004
9413
706
75709
10026
43656
58876
1206
76422
13971
29315
13164
76797
14907
80357
27319
48224
18943
51249
36717
82710
72794
36104
53172
31998
44147
42317
77636
23264
23331
26806
68109
26820
58777
90214
1323
52731
161
9125
37562
38282
12320
20056
31644
16059
38657
33612
50409
81883
88648
4034
50821
10065
87137
16988
51429
1016
3595
90023
84003
42800
63224
50159
42813
46378
15045
45619
44018
14996
67791
86318
80487
72209
14904
25926
9602
49649
86324
87692
31288
66706
4283
81408
68062
54928
54881
71304
63716
21257
40886
44362
61920
69933
13779
71008
31684
59431
69977
37834
9403
32292
33674
47820
59503
61041
14378
21869
56883
89019
40391
90250
9842
52300
6405
32835
29739
88223
3502
68576
48069
14393
91079
65978
87666
74913
11580
35805
17047
25165
32272
85206
47977
74744
62970
52438
78060
33652
18646
61722
40233
83255
45311
7484
13612
40812
33524
75168
28064
42187
92004
67422
45780
39497
40310
46260
1839
15094
79164
13114
9778
71746
85922
38223
28759
69886
73888
45740
5123
5110
57800
65646
36039
70147
25384
41631
42288
67717
37677
24779
78785
37470
80195
36719
22827
37190
31336
87502
30206
58160
79026
47016
89236
19177
35948
25643
87182
35158
84638
92112
69436
50849
58273
34590
81729
59817
8795
34082
38962
66395
76590
18099
2911
44183
39682
31565
34716
51501
34531
71128
64952
13123
62087
44025
34852
73648
14666
86666
70509
88656
71996
58989
40582
48940
50870
84587
76237
21410
33603
13662
82857
62656
84038
56551
36239
74817
78441
5337
93350
29116
90593
67500
26871
2861
89140
66832
36778
7266
85735
76928
36212
85750
9511
6389
80043
18569
17424
76377
1328
12481
34646
72442
84384
77635
38331
82401
73122
29886
60138
72921
72231
18650
68331
48265
9036
32288
44089
19290
77342
53682
14277
59489
60437
88115
92204
4469
23634
58239
82132
54523
24014
50450
21418
48280
77519
62196
52943
20750
32551
16751
69655
67399
45335
90048
36959
11953
46070
28242
24910
62626
60034
44444
66855
1329
12278
2018
16356
500
72832
13957
63463
11398
37260
79522
35458
71185
45710
55606
82357
8856
33614
11375
62406
86669
32087
36193
88613
93419
9058
70863
50438
6373
11020
73582
35010
1838
85481
81618
6371
52516
32235
43355
33608
77764
58647
53752
50948
66031
72527
11720
12082
34242
88654
50008
25500
90984
88341
52651
44003
21302
62098
34176
78310
18071
4811
23687
69963
56805
28377
49643
57301
78722
71781
86331
87177
6968
88344
87288
35283
68543
51620
81756
34055
17433
13007
88029
44244
30057
57849
29099
31803
75640
92074
68870
49587
92066
3080
50989
42878
34725
26706
84269
32777
62895
8339
47293
51880
48702
23968
74942
82165
18810
19958
1907
16094
33899
63456
35808
76619
29162
70301
59704
85251
88152
8117
77207
49929
79328
90342
47443
62389
73286
77549
2470
90375
42498
16354
7684
55176
16553
69072
57136
70648
57143
26164
4324
31257
56769
81225
28232
88199
21472
68018
2483
76527
90016
67045
12411
70914
62839
12469
87530
50982
30326
31710
79495
91596
51897
68817
44511
62070
29446
46116
56724
35
67169
82274
74173
38431
77031
24488
17544
18234
21107
85823
50694
45046
64532
88423
8216
46748
85348
17008
81694
71480
5193
49573
50952
28492
24028
37046
19353
61720
28580
33152
57251
50303
58443
18150
88312
15128
23220
71582
5294
61186
64651
5023
64612
42693
77956
30054
64699
44671
6860
34109
2115
23934
10801
26661
28963
39550
5197
87407
86575
21247
18763
19240
84240
68510
82356
41529
39953
85024
91232
72356
70608
89570
48784
28654
21399
60715
47559
50464
87431
74638
37465
80339
65335
50500
5756
64440
87396
84849
68020
13346
22413
83452
86347
38829
62548
49940
9886
22860
58589
88353
41036
38129
32316
14246
62451
57028
4928
34571
29454
39304
86374
23148
54607
39924
90722
7529
60431
3986
31459
749
43753
5617
80834
45739
57913
37250
13193
53690
66219
60853
51912
7303
46960
29425
61481
46049
22341
88945
87089
44191
85467
83098
65464
53268
93095
11825
73739
76855
16433
43501
76414
58974
9957
55330
27558
23697
61470
80063
93264
82840
47761
70415
7682
35126
5387
71028
58856
44298
33767
90976
73469
64246
63282
26341
28264
57181
71782
72533
71452
50340
3728
85736
26317
71562
93054
86408
69342
65162
56178
60110
46078
44348
463
26782
44642
78212
23989
37735
10236
48043
74718
65300
5198
69570
9440
84259
72214
37567
43935
83689
55765
65468
86077
5559
68159
87105
76350
40227
71901
40201
83540
60769
43075
65951
53283
89215
40276
18581
58879
30803
49907
40611
62008
54125
38649
85014
40719
22457
81056
60070
76392
61799
12866
33232
51044
77889
47357
84207
37515
76867
45056
59876
6074
44048
62090
63887
69961
82270
4375
59372
53085
24531
54099
69064
73485
16239
33024
6488
91988
88042
10410
23402
52554
6340
44602
40444
44075
47488
75311
49611
81265
14146
79745
73114
35514
37040
26058
21543
40314
10454
13582
32171
90429
45099
81180
51834
62728
21878
70713
55802
16856
20704
66299
62537
76389
16428
54618
8804
12296
3741
43643
68673
81387
60065
43616
42407
10029
73659
77441
89762
83282
61193
89201
29175
75690
36076
9922
34279
7458
29541
64892
83134
51795
64750
2318
42334
57034
7993
69630
74818
21106
88782
75345
65802
60285
78782
91892
39248
3624
86297
36123
3399
43235
30796
56798
53435
29224
12662
20676
45166
31494
80149
48970
81262
82755
50820
76812
75576
78694
22985
45927
64445
86926
85655
28252
59743
87529
57140
13973
35464
42058
59352
16941
85433
7205
5478
51680
10409
39931
57037
61845
57321
86051
25020
67622
24031
11099
89990
41347
89601
36252
14860
23034
12379
88695
20446
41748
74468
42041
70386
36263
37306
20706
59238
9715
64956
82447
7474
78472
78347
19385
84245
29439
90711
85210
84986
55507
12753
72206
4514
21703
49892
61333
54006
77965
20280
76435
39308
62863
52058
62528
74505
13374
53654
25983
30631
87135
27938
47508
36248
48213
36896
21387
42333
59393
39679
2913
83521
65317
56782
87676
17851
19591
51067
63977
51174
19422
76536
29545
51778
76799
59334
29456
74166
21506
70377
84121
53101
1582
34516
51585
43802
46288
34059
57540
45968
61563
11068
58252
8927
10354
31151
17016
15653
6543
70181
86908
90361
40415
91148
68401
64722
3435
44212
18414
27652
79643
38888
76921
92423
52989
29414
92718
88231
64075
72241
7822
73259
27110
26949
42236
9633
61675
10249
37383
44223
70140
89986
64860
15871
32973
11109
85226
24903
66582
89181
79581
80225
71987
22167
63043
87045
77340
49874
62149
37793
42919
83750
32735
46107
85055
56272
59557
77605
17309
23038
33378
51843
34507
61382
86231
4575
60986
88553
43041
83415
18346
63942
63753
3564
92176
43872
22070
89694
29514
36947
91047
26197
70662
5832
18393
64777
26023
49497
73112
51602
10162
69328
41196
48584
86846
19053
12255
29003
2419
17606
17939
36645
1063
34672
76615
71681
79684
6797
22264
20196
35316
88502
1760
51875
63625
82127
67903
89443
65378
46475
83940
40270
11905
14760
72952
7550
88819
51838
50366
15387
29581
83612
29299
53093
53134
75591
19258
77277
2924
7903
47110
70092
54944
35352
51178
46158
38902
19444
52256
50215
35764
14088
49718
5893
65623
37717
42129
18120
27393
64034
11323
71899
36492
4640
13775
10385
17886
88557
65591
89479
18806
30578
42128
27138
67393
30826
72201
72013
76640
36030
72537
20127
14906
21954
6691
63182
62893
68069
74514
64462
16522
65137
201
60988
77183
2316
37502
40153
61961
64746
47599
83970
47054
19797
44091
18618
51250
88376
53828
73103
84016
75906
31318
8038
42026
66409
84519
11803
22265
89695
72275
72142
85241
2720
42769
68344
62795
16097
83809
6898
7168
37307
48509
64815
77981
18751
35105
41121
85708
75052
10696
36897
3309
22771
49835
38279
13795
14331
69219
50233
70094
77071
74657
85234
80386
58134
47953
43282
13976
74335
55038
28627
4414
60292
73994
31171
83525
45484
67745
43691
56987
36857
52552
23408
86545
37625
38882
64364
44764
46520
48801
30328
71324
67889
20330
10392
65781
41564
14270
27512
40001
77026
65836
74807
75949
11322
52750
33310
77768
52729
87590
84090
16853
19924
376
23880
3301
25712
66146
52065
80791
65315
90297
15776
44037
31013
20125
90449
45962
7585
41296
69146
85608
82913
83323
89343
79872
8912
13288
50946
77964
48921
87384
45022
30506
51430
28710
29695
59597
73619
79712
76549
43140
91076
93261
40652
51729
70178
11430
25185
35128
1273
23019
8823
5619
90718
14384
16848
87292
16660
92259
35655
41973
53033
5149
55221
35312
70719
7536
67835
24643
54831
26419
40682
79056
27768
25222
25170
54919
34443
46266
20909
28460
20998
19754
60726
59878
28924
4348
46839
59880
71683
25334
44394
37194
64602
45534
65343
20307
15996
36789
61842
33727
57481
86492
81735
986
73802
1825
81428
20595
48843
23451
88346
66328
72179
13992
49304
44053
78521
23288
68869
24378
91154
10879
26153
76249
71146
7596
68551
13898
4486
92594
46901
89934
21160
39887
34980
24078
45832
69906
47025
8641
76767
55094
84187
9007
85121
71493
11710
58863
81008
69415
47000
47138
47632
75634
68214
89460
88939
63702
58479
33450
6974
41037
14810
77204
2258
34219
11234
18237
61830
73840
42257
8636
79502
62214
87822
62646
81018
14138
3471
52738
28696
31396
60490
34339
47046
24449
47043
37496
49886
69556
17362
41211
62530
87335
62428
13616
14336
22859
49743
67686
84106
38195
33879
70066
43067
58359
91371
79790
50128
5507
63817
46831
43792
59083
32142
49280
27867
6035
41308
21393
55047
4864
67988
87421
42794
87180
49669
63266
10068
23621
78417
15170
18214
82508
4033
90047
46772
54056
81663
90198
90677
2521
43136
90827
3711
44527
59902
1415
6694
1435
82672
86676
66687
14902
13263
54224
55456
63908
1655
58305
70728
56226
73805
49328
12822
9620
13158
32967
20238
46633
11403
8194
13226
48244
60264
59174
45642
17437
66575
63623
189
44396
78522
33444
33301
41907
92832
1584
59539
66639
3804
17801
49009
24775
23997
9281
64788
23609
84268
59954
10286
9773
31267
6606
48093
85478
82408
27454
15992
81801
83642
45149
50929
4156
70832
8847
90719
84649
90230
33186
25508
54240
3188
91175
65590
46115
42868
65839
71630
51136
33189
11441
93174
18033
32917
1716
52293
68812
80086
17388
45830
37277
91689
58644
83054
61472
69457
15970
47810
42981
31457
64591
10342
84055
90749
9177
3303
67621
38403
55124
72854
7404
75966
4400
26127
62270
828
51361
25379
15452
49149
80696
42639
32884
87568
69302
62789
61061
19047
46669
59283
24365
74097
29436
60594
32181
41024
59886
81970
58521
43036
74966
92869
8338
8096
18977
83724
52326
39211
39877
26101
70487
50959
35216
89960
27896
61256
69444
66836
36800
16117
2388
86170
66553
66555
38169
46179
7286
67490
65788
3276
52425
76434
67106
62557
46950
3269
2062
90795
83811
57004
50974
46400
28348
63461
54655
61691
73355
24377
31241
23807
52871
22449
58278
11560
50088
55778
77880
1642
43472
23493
19539
32058
30195
51363
82625
53079
43300
49138
27871
75805
91081
49255
89690
8363
23412
71698
71894
74710
93319
60085
29709
31033
57783
15077
85622
26902
72957
73549
20036
75365
46335
26397
1215
13068
5908
34954
77238
51490
43838
16286
36088
14355
7218
86269
16088
41128
36194
12178
5812
81837
81030
83706
45121
28279
43860
66846
38337
48563
83980
60818
55131
38680
81536
14232
82904
10228
37632
57061
70206
66658
11492
16280
57663
872
24533
48314
10711
3756
14087
40477
24880
40004
26018
44852
65499
58145
44436
47519
47486
79795
32326
43110
61713
27710
45354
37358
33590
65106
27137
68572
83243
68649
62944
27020
32911
12205
87773
88558
28998
19774
15579
56405
34002
27416
29597
47983
74593
69300
41483
11575
8655
12131
66751
92880
15163
24237
33389
38835
30503
64406
42822
9888
51451
13852
23784
30676
36594
84067
5477
35160
66022
23217
10995
72481
59157
9727
14173
82519
77877
69777
77614
87690
15244
27039
46264
54103
72759
2349
51758
73153
45886
84219
23543
45639
10215
78313
40979
72323
44243
76826
83331
70259
25659
71876
60596
88528
23119
83729
25789
84009
36834
83140
56627
25851
77679
87445
64170
29350
79843
18991
55093
17379
91545
2856
7555
74359
54998
30859
57610
57733
25490
16164
21671
68891
14079
8355
41055
92608
79216
58217
48960
86914
81394
36730
32788
57578
12814
56734
8595
5393
43766
90401
3442
31299
39626
91746
36565
78222
6354
10127
49428
44634
84653
64674
1683
81328
28569
19232
23649
71162
68029
15065
73391
1057
28402
79599
47362
69398
60420
91716
16536
1611
40411
63724
54566
21676
15497
63859
88040
25440
230
7224
13736
82992
22467
55830
82184
42568
43039
34132
38675
52835
77985
62397
18432
45342
49901
84770
32313
75627
73688
53269
84990
46309
88339
57433
44216
58043
16009
66345
17319
53901
59148
43491
3957
69317
15454
63188
56151
36788
25550
11442
15026
88456
81686
34106
92318
49489
92342
54956
90046
70335
56475
72844
17180
57901
4463
65750
32449
50048
92916
7703
51016
9277
88594
16478
75125
59282
59400
14342
66445
12448
31643
27704
14527
71059
86114
37217
61211
76220
14155
81931
21286
33170
5933
69555
41652
24805
18797
42751
50936
80909
62827
89009
65245
10870
66394
27865
92014
79948
60591
60457
57893
72310
69086
67609
76674
81399
33053
37934
18287
29248
71680
34550
21421
65280
32505
42843
91247
76773
46224
47444
38658
26241
55492
27332
42633
41092
64546
17493
44154
87128
76299
75142
16766
57244
91795
51853
1256
3544
33740
34346
9021
29864
10702
77434
79610
60843
55544
69382
93121
978
70605
1603
74646
58721
12561
70031
43255
40589
3176
92687
14646
31197
77000
16018
60013
60315
63109
64382
53854
32542
31955
9833
26923
23235
17644
1220
24731
17510
78675
77983
13281
33839
66708
6559
89371
36678
19151
29865
18566
19243
32268
57092
45719
40779
15882
31185
21478
50883
90648
70710
40195
73793
32852
54505
34375
26009
28523
34343
82735
43404
43507
74791
16270
26393
76571
82790
3900
11043
23328
90475
28117
46277
19280
28451
23173
27164
14685
44222
11761
88792
86488
49590
87907
2296
81678
67255
26636
79428
56803
57085
21923
67784
22652
33101
15741
32263
28273
8893
38209
77593
62751
93238
37025
93291
33677
39251
59935
88207
22310
88683
42470
4457
86143
86983
12148
5246
53902
39919
11846
44789
27443
30174
85366
48819
67595
28946
29876
82853
85111
32111
69047
13393
49208
25488
18466
88536
60257
10740
19062
69012
8082
42290
267
31890
16351
34515
92297
93166
76503
44909
16383
93068
956
93302
39200
32323
15861
21798
70855
11083
24268
56866
38433
38120
51491
81641
55445
24166
89650
56653
54730
80109
35272
30410
59241
41213
30610
17942
11906
70627
10956
64982
44712
73513
7014
4868
67440
64866
39711
68110
54263
24680
73646
74013
33718
73682
31551
56924
45836
49447
63806
87950
35425
30896
27948
81088
14952
15953
62681
38983
73921
29911
90885
90291
62934
72841
90880
34643
72368
40379
41071
88416
35641
83772
70866
25535
38357
90410
25345
14682
62592
72637
80065
6607
93270
787
26751
74009
25055
47838
72784
7063
436
47086
44442
45293
54838
40693
9487
36152
45602
3361
89006
1293
79347
78384
66451
66978
51989
52726
88166
23166
9019
3749
81991
91022
34769
7924
22429
37017
2139
92506
69634
36388
72167
7774
49443
49706
16619
42672
47647
52700
10100
75731
19233
38798
52141
64437
3826
10706
91384
72565
20383
80781
32421
77283
82047
68540
42839
90149
33605
7741
70501
93223
65042
12071
47020
30671
12696
67585
34798
88818
50402
89075
41106
9114
30778
82094
41591
63938
37904
39977
3404
16714
7959
78818
72190
7698
16756
48716
33043
57139
26574
12253
71932
63223
41726
88445
71890
39538
40930
40281
77715
38639
66268
45380
2277
72203
92859
60107
15662
53215
34628
66618
65103
2678
14636
1260
16444
72973
44966
90490
53949
12476
66084
11410
65926
80885
72785
5045
21194
77688
78681
61740
37163
80235
4513
34771
48462
49377
66094
57696
82276
3273
48899
43167
45806
83184
13225
69996
27052
79892
70116
14311
35702
37022
10041
81673
70625
10542
17749
28632
24001
35511
52235
62597
65526
71801
41638
66397
49493
8258
14388
66910
59860
17909
66677
90588
17094
35394
87704
65971
11025
24508
34155
69155
17751
48311
89063
40369
63547
236
57038
35492
33137
77566
85372
39263
86857
7365
54614
68178
39324
89462
2965
92028
37746
71656
52048
46359
1403
54948
24975
4605
28286
50611
53008
23162
85501
75664
64492
11254
70448
62251
53217
58499
24711
88643
15372
44584
14442
40483
55455
75695
12096
81535
66707
87392
23714
89827
1776
70777
60478
66919
57951
319
19214
46604
45016
14639
82162
66273
33193
30102
92626
49817
50522
58234
67979
62808
18981
18956
26121
13083
51182
92081
25732
44665
57418
13190
39409
60675
41512
29123
87927
31563
15292
51799
38750
83384
58296
76795
29264
9991
58451
24657
1740
1284
33576
14280
29119
75794
30454
85374
63203
13239
19274
37049
78265
52144
7106
8885
41773
83077
47365
11273
2495
8018
67570
85552
73643
20538
63839
15982
28295
34953
23563
81116
12974
88400
50058
87652
91160
47100
24658
89345
77957
23707
92657
71079
24522
23050
62605
15813
40133
58717
69240
58790
80737
83987
90974
72716
23116
68587
723
37649
40278
20290
3045
5063
90385
20803
61023
89372
49626
72180
93147
83412
60349
28840
26346
1113
44649
86684
43887
92078
23633
28032
21584
46683
86821
43670
88307
60903
57858
93338
73373
35529
53331
13604
74821
81445
52707
69993
87821
39059
85211
33622
17367
2466
47823
82768
26757
82557
77232
68369
25320
2876
2916
51619
535
63890
24708
6445
39680
36634
9463
27758
88590
48036
74148
60998
81571
33979
70028
59687
27729
35497
13276
4752
51472
85431
7432
8322
71561
70069
18447
73052
52447
88519
10621
29133
33749
23933
80287
92379
37422
79400
7743
19642
55363
35435
19799
19955
56573
11169
70635
60901
24696
30812
14859
57020
38111
56447
38386
64497
34500
87635
34608
46358
29050
54940
48181
54922
56826
59193
66512
92360
90640
43924
19311
19646
28056
78986
36443
9038
53465
41109
64998
9672
80412
89158
70163
83951
17421
25680
40769
13877
90667
10677
61831
90611
56473
4371
86740
29359
61092
38979
25251
13880
28325
64898
91645
58339
20870
64469
71855
16700
51919
1641
24254
7035
18745
29585
50031
15910
13456
47128
58964
68761
63765
73010
54852
45117
13125
23618
45363
56114
34332
23020
11947
19068
45026
25432
7979
86898
9823
59147
50923
55958
50962
32525
33915
65524
61841
87549
80899
34487
38184
89667
38482
30897
51225
76933
1388
4547
88007
26930
43477
8684
52523
1180
4695
79045
79965
60967
86537
37772
2728
17391
27504
65344
11102
48175
41490
25935
76456
57542
54996
79332
63974
46176
19239
59243
12533
48194
49891
61108
40581
87599
75408
84843
80985
51934
75543
33950
29908
16503
38105
31342
6600
61135
64383
19717
39218
83156
37273
6289
46722
88619
60718
64242
62099
47136
21649
70317
47472
21279
27519
25207
8458
79363
20132
640
93294
56559
51773
3561
8022
54808
80163
36511
52914
37709
56696
77809
48520
83300
6549
14130
50879
76454
86279
66060
86887
45463
30395
17682
32733
92310
3430
44373
90782
58760
37587
57815
43102
92307
84543
28269
56695
16526
60676
51048
27852
371
58982
29712
69670
65703
6332
11140
19722
45478
26655
14909
36163
70196
45644
86123
22442
59680
69736
14558
17363
65311
69547
31936
47252
41584
30267
16080
44998
19524
39814
82614
44530
67888
66385
21658
66432
48185
43933
84942
59031
80316
59648
36537
43328
18809
51581
23377
86459
17449
30808
90856
52690
90980
65436
43166
60036
17025
12723
17706
43703
14339
30664
17613
46414
11630
17798
92445
38509
59958
45936
39273
35495
43351
1630
52604
12609
31524
15639
10407
37147
47408
46623
70980
51502
9940
30183
88500
49141
53734
9103
88351
38629
68251
64206
23510
19052
77651
3627
93403
65090
91413
15183
56925
12886
69466
64027
47999
80501
41547
33466
9492
42756
6943
917
63204
66963
3910
39942
31966
43787
10787
21892
92564
83569
42015
53346
27240
30148
55237
41526
38385
13264
78634
52541
81193
81794
7173
58672
65503
26263
89577
36381
92127
50137
50160
3393
2009
30966
6926
56
71179
53628
77561
7105
37510
61574
17760
34478
33931
25868
84347
6122
7369
81835
84588
6101
70109
7764
8479
39388
76614
26242
74089
90311
26015
31618
27548
31280
73611
62340
52650
1485
1021
73129
48696
51480
53091
68511
5017
18676
11247
18849
14674
76009
29962
88349
38761
41085
20542
70879
51378
74535
67437
1114
89409
67626
10388
74776
42833
41960
76083
68293
91686
70916
10489
78554
16772
27717
63551
33135
44055
77643
67004
16669
58211
43988
71581
71358
57018
31366
68808
68091
76643
83291
57269
24837
14497
51265
57040
58739
2197
39315
63760
62229
19403
38547
55811
40932
43373
37836
83829
41844
17767
49033
84408
5575
44907
22315
34458
88402
43038
29227
63292
52292
91045
15484
63041
63198
12012
74750
1443
86901
24690
17212
19953
66014
93406
52589
23486
12477
75139
5003
11613
33406
6955
36340
47600
75436
88501
35021
60700
92664
3829
77891
57225
2964
64433
17784
75676
6737
34191
92338
86602
29106
68482
68935
41222
18441
63348
28341
75304
31355
19831
25092
10575
56199
40685
57157
551
71172
65224
86573
16866
16287
86933
88209
75218
38242
41359
26941
29835
42773
58837
62242
91879
7265
77583
6081
32560
56326
11944
12861
59227
92583
69875
68055
30265
39834
18050
75717
70218
45315
18289
55917
29055
76781
78517
41710
89332
89789
88330
70590
48594
30274
46093
79439
10132
50107
23360
74884
25249
93280
86018
60023
5922
77528
62468
64657
7706
33657
56446
11327
32356
68707
24875
23550
83428
46377
85179
18438
56463
80704
6631
55787
50365
21356
23671
9689
21895
26950
81260
48522
89634
41826
33996
73887
75504
48967
21051
85740
34737
81070
42668
71354
17264
80553
24056
54782
3582
13250
79188
56318
91743
14110
64518
54753
5765
53965
61863
20834
44753
77388
39311
79576
32189
18509
33960
58683
62673
43321
43588
22095
48588
84348
12408
37624
71097
45159
35893
78899
74925
6733
87315
36118
87638
55268
75705
74266
38094
42310
56109
34166
85132
88850
22884
1399
34045
60894
52336
48333
61046
20731
45237
52991
44804
9166
32349
72021
59711
1067
71519
79651
30574
6062
41164
32423
50416
25203
3993
45909
10610
74057
76686
92554
68048
50122
25826
29925
39897
80707
93402
44007
5029
32847
19813
18945
70588
56608
43338
40180
18837
37208
30134
34671
85237
76730
49729
27098
31351
36514
61968
28086
88270
86885
79246
38552
13018
16338
16200
7518
70966
8890
68627
57345
74792
62479
52353
77255
58223
31223
62550
44423
60056
66808
73204
36835
13031
67239
19564
27073
86317
30103
60512
11149
32824
30312
15467
84618
16902
59761
22809
57300
92815
35879
61503
81407
27898
446
73428
60650
41454
73897
26566
42014
27821
10015
55974
16858
30067
6121
25570
62854
82010
54525
76906
8561
3661
64661
52615
58878
54140
34782
56668
44215
67476
20439
23314
23424
12628
23937
9653
37862
54976
47690
70504
59706
23750
90435
49415
47452
78991
36837
52227
57126
8647
52134
59708
48694
29142
28291
23234
68142
3287
10550
13574
60587
69439
7645
7399
37411
36983
33809
59113
83607
85116
42871
54591
16799
25266
80162
67743
36434
24098
87106
28917
44832
42749
47227
9433
71295
7611
57723
83634
24941
33127
15496
86025
10280
32527
51204
63676
24959
1764
14344
93243
87743
70197
13358
63527
36651
39507
86600
64393
11923
21336
1158
51240
3866
89512
14800
67692
39062
15894
65602
45558
6086
81606
57657
29986
23004
10700
70616
88471
76262
7832
44379
47439
40268
69162
29487
43698
15115
77526
24420
42029
82586
83434
15212
76108
57644
63514
12774
27943
14803
53313
19607
731
8350
1720
70960
82729
91807
55501
22836
43848
32256
24962
29938
28370
65812
86271
84838
29241
90148
77819
24111
70242
75493
71060
73560
14874
47674
46659
8107
67174
21329
65803
80456
39695
68071
2361
93027
31705
91935
21733
81015
45592
66556
61007
68384
10613
40337
26297
75360
31634
36864
40080
91254
42461
11476
54631
66433
437
34973
16667
20273
18290
102
56941
33680
20133
30105
68685
5606
18169
52974
82473
84398
47605
24682
45290
81707
24542
29587
69616
20327
26351
37269
10632
37398
33074
44182
18385
8870
33419
6626
15887
74570
42948
32041
72604
53490
14075
42574
17275
9980
85855
36577
45161
5159
82745
49044
5803
29833
93250
27596
23531
92584
48051
88938
68902
86566
52424
85561
11955
91742
57041
67063
91013
63773
56277
32818
72145
50206
85355
77326
68750
50381
86881
92935
29042
82319
87036
70757
87329
44728
16437
27604
37558
35324
73017
25138
74277
56939
29374
48592
27537
86391
32830
19543
66992
58783
62259
23338
12634
92302
43871
58004
78426
39548
85759
7916
48736
74738
87810
33280
40440
59871
92131
84786
26627
12462
18685
90104
1553
20940
34536
7654
84620
59445
88253
38473
66993
34833
38497
10149
77134
45605
89160
71528
70500
37426
55737
23990
42051
9943
35684
38496
49221
49008
34876
77613
43795
74883
12722
38480
6355
37643
27166
33289
9372
61810
38408
39970
10092
65540
10670
32951
63755
22209
67097
82059
36120
20884
16561
15745
63046
13516
73892
29087
24325
21695
24379
408
49036
25394
14391
79169
19778
78101
49560
32528
25342
14731
39291
66206
76765
92513
55920
66024
67008
68303
27746
79596
35291
526
59396
36218
22760
44981
7629
15911
82563
6717
48221
5869
86381
22151
13414
18513
89583
87052
91405
40149
8109
83913
32530
22609
1503
64584
51065
63381
55090
60131
49264
41395
5055
75263
57023
15751
40713
82416
14503
26891
82409
28697
58302
50485
91263
76334
78357
51289
31957
6395
32265
86314
86456
47107
7439
36628
28782
82149
54719
33254
28053
61025
4649
57774
29648
59714
70942
57539
43476
92649
70935
56577
81529
44536
1638
1487
3227
57485
67619
66684
29005
6874
84828
46958
2556
84716
69021
57317
56993
87087
70441
77998
84934
57789
15214
16112
70013
3531
3302
40850
55035
73339
39878
62277
18342
14025
57179
5591
70285
25593
44874
57760
37771
72131
6290
23993
70479
66393
20700
3021
6012
66869
72711
11482
88775
32991
19043
85218
84284
7523
89773
35770
88274
68818
31479
57454
88
52518
73896
91294
63918
81740
49173
10646
67037
76073
66705
55275
75000
21559
11314
40678
86831
50961
8846
62163
58374
55332
36045
34418
80853
66750
55525
67344
38297
28498
82543
49656
60195
33897
35490
23369
72351
28268
47466
39046
72540
924
60561
66576
37607
456
12777
21178
26046
14386
75234
4610
9769
76344
16277
5838
3037
57233
23591
67214
15032
6530
25928
22642
83326
64576
17832
81979
36802
13405
38843
1268
8300
45053
41091
51475
30998
56923
49740
61854
31703
91885
38710
35268
64454
74725
30814
24742
49920
33697
36254
92801
44524
56680
55452
42418
76364
23938
56038
57799
75632
31535
57073
79578
87902
19203
515
63309
33464
78258
85418
28507
28435
72452
20500
45232
71635
35505
75611
38833
80125
43890
92237
67148
56628
43781
81573
3260
65180
54216
35851
79657
83024
12315
75995
48870
1184
76024
46317
30519
87090
91913
72162
15941
66847
58637
45888
2126
11495
37216
17231
12184
33733
55211
52103
81177
26712
39449
22782
65841
40561
65014
30053
4373
28833
90370
306
42790
1734
27151
24480
85765
90480
57575
57736
80311
38849
74926
49483
69642
53026
25006
15660
52247
66200
71886
44969
57589
33616
24839
7944
8908
82327
27727
10107
36188
27807
47633
88928
48643
53411
77501
22584
78919
89079
34211
90229
55809
16931
84221
47042
2548
63617
55615
41310
91674
6296
92136
19162
1261
33735
34108
4855
15761
39582
72044
74932
66209
27776
45257
70679
38662
89195
59347
8830
44329
54226
78487
70136
69519
11037
42596
30612
31991
796
71756
18524
60764
24021
18942
28522
49231
46541
22619
37578
79230
84612
79940
29391
41492
33206
15614
28223
3877
81890
53126
82299
25944
30204
23164
16122
82429
33666
78324
82734
37619
31542
66689
74206
84740
38530
41644
50945
90045
48883
68226
58283
14229
49115
24176
72664
46245
76232
55207
23488
88953
88145
37268
24877
47950
29640
17256
16473
12812
75998
13001
1737
3752
85779
45017
31227
22412
7546
16636
61024
27600
75909
50927
33880
38714
13168
6294
60639
46123
55277
25665
44340
58958
10154
52814
18305
20301
86807
57224
34210
92605
29832
85797
72972
80199
37764
76601
92789
55168
69356
28040
59269
7525
22398
51779
86260
48256
25529
46139
52777
27869
29234
31327
11101
72267
12161
62958
78914
28827
80474
32365
30670
88604
36240
35949
26047
92772
43639
4910
75930
47989
5604
68570
2442
68407
49691
64879
86878
20487
41936
46561
8342
64122
35327
15913
49645
84929
74018
19742
73351
45623
28094
56799
15658
2763
26355
50577
49964
43770
73082
14038
3184
32094
7483
36899
13811
39777
73282
78875
43589
51105
4318
62710
89969
81118
14845
30250
58961
38338
59022
11316
59082
90451
45948
67805
36292
10145
66961
54139
27017
25745
40196
47826
38173
33452
86904
4582
22828
87356
34580
90843
32781
19359
63919
15267
18181
4238
737
61592
30061
36775
39319
49727
11153
73613
24500
42855
22826
48711
75784
48278
56279
60119
6226
76976
2893
6498
61976
90237
73668
20065
82066
78240
73180
9278
57361
19054
50270
64585
86038
71142
84000
84579
30583
58422
413
5191
19030
50747
45345
78866
13710
43817
69835
27628
93392
66202
8349
64567
83867
2216
54198
29624
47104
12832
18020
39239
90949
82159
79418
33761
58640
5410
65257
60474
65612
35798
85806
81104
12409
33174
62639
19095
44548
905
91036
10927
61946
34583
26073
25403
29243
82899
73914
16150
38661
54049
82295
6520
73913
71892
91343
321
9801
54100
9883
22924
61339
29677
60388
59455
14242
10292
42647
27693
85859
80605
22028
74241
10475
83566
11979
71198
61562
8031
79475
14882
82380
50940
48625
35707
24981
55195
40662
9713
43483
78815
42631
34192
78863
38285
19871
66566
75222
5555
28004
22677
53946
56704
76288
54785
66776
92867
17444
18525
26559
64377
20174
738
47705
48467
38037
69981
29300
53432
54741
15061
66161
59373
69785
56256
33354
68878
59252
13597
20831
71099
78678
53431
30698
2218
43365
69525
57710
65225
10465
71601
83827
35169
45319
41220
35986
33785
46058
1658
77041
28321
67351
47824
55924
86482
78689
65906
28771
56424
30971
91454
46160
25818
77049
29736
65193
35029
39077
46497
46396
68150
85398
48449
54127
86690
68351
54860
91259
7709
93369
73855
89802
62333
50335
32750
8603
78504
90568
51624
87668
50449
15127
76381
36974
51789
80786
91792
73545
46723
74309
7046
64483
19354
47068
72415
29447
51822
81525
50321
30322
9750
29011
88482
74581
21832
47520
31078
23625
14678
70996
88552
69441
82026
59009
29193
43885
26555
53294
73016
38288
22902
42535
83663
29104
26426
75041
46024
11086
65707
39206
47696
34150
63474
38601
68569
5906
79103
27576
52906
82993
35189
84823
40328
40075
62980
35760
12459
22363
32027
24476
79095
81949
41077
16531
55056
91286
10091
63144
41642
52282
19715
63449
74831
19367
65888
61468
66864
49135
41540
78024
49134
55668
31677
19836
91204
80100
70465
48976
50622
3241
29564
57164
59230
34408
55427
9513
91830
46968
5805
33827
75679
54773
40109
87080
25088
42826
87291
10458
68864
33226
88836
80893
17434
23035
67944
29543
43287
90610
86421
47723
91139
87086
34110
82135
15481
62060
86176
4471
92042
69909
75896
3598
28141
85843
92385
12815
53117
43225
75512
76591
8021
17195
70247
51951
65127
14327
28166
27093
43590
52361
90787
43033
77216
77174
29028
55136
90372
44611
4073
60535
25117
53070
52525
5482
17149
9729
75482
82522
75416
22638
69361
46295
44054
54450
14695
73087
63231
67806
65827
49245
87249
44745
58996
38426
2648
64386
10534
3254
42792
21411
85640
52873
57146
1576
15199
84553
11355
68947
80029
1814
6857
78345
6910
48168
76348
13091
48868
32962
22147
89340
24013
58929
9809
46174
6375
51122
35099
89517
32464
90928
52937
36114
40103
71977
86707
41307
39024
83356
40362
23005
68252
57494
35443
30901
59601
46980
29416
32937
88743
67436
12077
22042
25308
50566
7230
35693
29490
83693
44468
52977
89533
90374
14918
61349
25166
89725
82517
52347
12454
30113
78498
50848
33539
57458
36607
72703
38138
6228
71240
59968
31149
56191
34682
10751
2546
20727
68201
65164
56670
2023
11689
79078
26987
12588
32416
78705
81702
8288
81976
4726
6388
65947
77328
51668
7243
47896
7978
64586
62172
4018
49922
81766
12633
84107
5230
63138
20984
29738
7904
15209
3062
45980
67291
17199
37310
42820
78366
57482
24984
85442
84926
39096
46311
30027
42960
25765
59855
63840
37323
48986
48064
12747
87733
18596
90211
21867
83093
12897
36886
83230
42511
69694
93283
8066
39032
30740
47366
65263
9078
6806
47400
57163
91670
78988
23587
43540
30361
10652
10225
53984
7349
51781
64993
71100
780
8645
86696
47240
21412
41202
11795
18609
32497
55950
80461
46465
59287
32471
72493
48359
20052
33714
70744
69479
30986
86155
91356
83125
84367
50519
1896
77494
6456
39693
58612
34616
86985
41585
33856
7755
68731
57187
75822
66290
77299
19437
17807
47537
86030
52860
51421
60120
59555
62385
73746
76567
1347
11014
74379
46321
50697
32441
47789
32554
84946
50977
64126
16169
34731
11348
16070
57400
68661
73386
46456
65141
66110
74201
28092
34591
69559
70091
30123
2574
45266
92658
60586
46204
65368
73348
66938
82661
44857
88562
20836
71950
77337
65576
17056
91954
62276
29199
79557
57197
90462
23999
35487
51752
59508
67657
33990
3693
28859
28450
74770
49140
93415
42380
72555
71623
34018
76376
62373
84677
80748
6271
71445
52004
49617
15184
41424
36005
36526
10601
27505
80242
57683
13470
21192
12297
23177
28915
137
13180
81582
21544
31375
74365
83263
62058
2960
14943
24710
80809
15195
79582
52685
2744
15137
85085
27408
91193
78518
37848
19123
28541
40373
13731
20223
9626
64482
5338
80377
59568
13065
74756
83078
65774
59612
81171
37324
43867
73704
73917
45875
50644
83683
19257
63950
6905
20202
58152
8811
82134
17496
25280
21149
32716
61084
66528
58311
71885
92740
21562
1327
53192
12418
55144
92773
65935
9982
15405
43731
54954
41404
66346
22994
44655
15724
60357
22119
72617
22686
20485
71126
69451
30355
81683
32220
16520
61037
6232
66174
40599
57635
3129
67682
32121
74649
20071
64065
14479
56809
49954
75527
90368
76120
82475
90978
74988
13410
4656
57580
46720
68976
30270
29336
45523
4246
90710
17011
50917
19895
47610
31506
41728
55758
41094
65185
82237
22386
30598
14629
58051
41523
65708
55559
76025
91933
25778
66913
3205
40320
30956
18334
86576
2108
85224
89344
1450
31611
64183
69329
71158
22016
71865
65594
38254
39305
84558
61138
64596
28288
73527
87497
70507
84671
51266
5022
74501
73785
7192
83710
71527
59443
23306
48049
3836
39758
56186
86228
52583
87612
19817
49646
61533
79767
62916
64852
10981
68616
26631
86643
45723
29302
21084
10153
17559
91246
69126
61000
27647
36847
2540
19887
30025
6983
53683
53245
36763
2494
15322
7347
44843
92807
71946
82376
61171
71007
28136
38578
74576
81955
3218
32914
41371
15200
61646
22754
87019
3091
13229
24942
13954
90127
63944
20302
34907
69693
7248
8075
50129
69248
59435
7317
28609
85094
9612
92154
80604
34936
93239
77644
51542
43869
76267
53053
10209
23655
50793
23720
51366
91280
67271
88129
13997
46498
72106
8184
10987
68539
8027
89995
30232
7680
82046
17852
51994
31990
53667
1093
46219
51767
18683
93229
84744
32610
71113
5612
60633
4839
49588
33584
65753
44416
53235
73366
52497
26551
81161
49452
38713
85402
34083
9594
65966
47913
80425
15483
64457
35068
36461
83440
28070
76632
28398
14509
35146
33696
26316
64800
5645
76625
54168
22680
3963
28770
62299
50273
16000
42297
15114
14736
74814
89862
33537
53385
78715
43481
396
4526
79946
76837
45388
83860
14586
8917
58627
31329
49260
66976
44497
28144
58064
86511
53386
13531
14133
71596
5346
70741
73325
11701
37507
92692
12168
82669
10792
54983
49581
63993
85523
50313
47232
72052
3535
69768
65529
17673
49919
61011
8011
88046
20630
30166
24506
88037
34927
48762
935
29670
57211
40983
24399
30251
80848
75878
27131
85665
24280
81784
39857
52817
31057
92941
31974
34122
71112
11973
53554
26380
60198
43675
12740
52324
47944
76597
56520
13429
89521
92729
1350
22262
55824
87657
22247
69576
3779
54493
79499
14481
15202
27577
21777
30684
36253
91747
28171
83836
69704
37557
9634
3831
61109
11325
83133
82902
25636
11472
77532
38032
42885
34764
86510
75196
38085
24154
5624
54425
11619
61265
58707
61795
76595
56429
37110
54228
36310
21218
89785
88068
44646
18157
29714
52043
72638
59502
77110
65498
24119
4834
26917
50349
26077
79327
79655
60645
55613
39240
56213
25625
67460
57993
38803
45709
62284
63957
4269
77085
74194
46227
7380
12423
84197
75903
41740
73190
33142
6563
72065
32890
82205
62502
79641
78841
20203
35241
62264
37220
66692
31072
61099
85563
27779
36332
70539
17312
71364
22964
62066
74617
9061
6321
88541
59674
52113
38119
15233
3487
85026
78377
31867
23110
67792
9664
69429
1424
41684
16188
23718
82851
5239
75800
5407
32264
45254
93285
400
33765
74010
73209
4709
80828
26587
50104
79387
24963
86614
81053
54078
83179
65757
13040
18649
88097
29317
88055
22751
83707
12874
76936
54764
32177
40914
91534
37109
80761
51763
7415
61207
63468
90312
31754
60701
39708
6430
70959
27335
69617
74002
22289
83600
460
91946
71163
29666
45450
32255
44095
42395
35907
18331
55067
60140
14684
55400
83380
75861
59537
5247
11113
23016
87447
40204
29053
2155
32727
49586
1305
61203
42986
60690
34014
91140
72647
24418
9074
26957
88262
93307
74290
54581
5486
72993
47108
14204
5657
40323
27742
59007
61580
79060
54563
9071
69804
35231
8298
51622
61389
77789
41784
87627
60679
50251
80959
13282
88331
85159
73564
11960
27731
17332
36286
57274
29529
81810
87346
79912
72824
51462
59038
37815
73774
35633
43086
75895
20492
75523
25586
63152
84862
5199
85189
67417
12684
28332
30237
38573
80589
65936
7699
69787
51721
9887
34093
34118
74339
29764
79704
88666
84807
54793
74731
26408
78653
62075
11097
90697
40499
43940
35651
47726
6235
46017
317
22234
50949
72173
757
72976
85077
88852
91652
43202
25378
27251
90288
79416
83775
87829
72945
11176
8046
3491
39795
8697
42013
80948
29976
48491
100
79027
52930
35486
87223
74070
87863
38334
33129
29859
8798
8221
9774
6499
6934
66095
56955
25374
86090
57090
22672
54749
11549
70952
89003
63564
35969
79126
25383
9813
1501
13033
81669
35550
88061
61107
60916
61440
11309
47893
60435
6033
51300
36987
68448
51331
34096
10964
36951
25227
44170
46052
41782
84914
36538
35341
35574
40452
90774
82413
33706
80177
46007
81009
53619
85040
67484
6512
89389
36854
66003
40
42466
18040
66365
90304
44720
57075
4491
71284
12216
10263
21877
40847
42404
70797
17346
37005
25250
1264
29351
33877
37739
60833
59513
91419
45442
88665
22355
76723
8849
34885
759
45685
63335
57577
35178
43577
24669
10484
89624
47248
59751
38286
83723
61851
7610
73989
3201
82472
57594
40849
65201
63283
47369
91931
60283
82754
68513
30487
91262
80279
11277
59121
58433
80879
68583
91397
36525
83616
30259
89889
83358
78261
65719
4658
65664
66293
20412
43146
52904
2469
85495
20361
88816
57888
31347
57678
55770
82507
39945
12196
53151
25001
46111
63230
35724
32484
70098
53500
69295
16044
31876
74238
22305
70965
69518
66165
23568
45653
84031
75622
49785
67527
90151
21887
21281
34187
88366
21075
53920
40218
20477
7
35043
32324
10126
27341
82263
60643
47210
48555
26539
75670
28019
7702
56206
84104
56774
46632
91755
87589
49918
45908
21313
90464
73378
41952
67671
46869
86981
59234
8922
79474
76679
15499
3263
41686
23664
23783
30462
90911
1990
55730
20216
91362
34972
74998
4916
4439
35523
85827
51941
32541
67887
92688
83441
47402
12075
20343
45010
71939
54196
20687
25756
46360
87118
32606
28772
21772
66649
116
14160
80375
58470
63189
49362
14485
60727
32737
75308
79885
89220
39995
13289
46779
78378
50363
85707
29154
59470
7799
17915
47527
59000
28343
73709
12293
3757
21352
81895
13828
5168
73940
41798
46625
82248
79252
39193
28218
16075
26808
82621
77066
74469
10472
26156
88118
29837
89226
84512
35111
91012
53399
49416
16959
15356
65321
71628
51376
30701
84790
71590
28143
45441
66653
10428
31694
74422
87832
57686
85486
26484
5088
19278
11814
74762
49480
19157
75474
8215
61466
426
54870
27488
19918
25831
27112
75321
87660
48266
74117
88624
91121
82784
10847
74035
87556
2844
35589
8416
53261
81207
24485
63810
49735
34286
13614
57737
57818
23535
52573
59512
56706
61876
40976
46373
50598
74631
25945
72239
79037
82576
20067
85952
20120
84116
17819
28023
71550
64254
77552
8142
71149
51675
23348
48741
78473
17135
18023
50837
83274
67978
74033
35289
65104
21328
75252
46667
22725
69778
68884
685
13794
39974
33617
34684
1548
646
5485
65778
48387
29380
71709
62611
86021
47513
38512
37182
16344
51439
20368
61090
45702
73590
54190
43169
8532
53017
63947
26369
81880
17997
84641
88612
44165
56491
62015
3137
28037
4902
69971
90074
89471
48372
12718
46670
88498
87764
29914
53460
49012
70191
33587
73467
79135
57241
55520
62772
89628
24292
45570
88726
55767
22833
89244
79036
15530
86817
28774
24842
74870
7647
74573
2226
78182
80927
25226
81320
79415
45282
9414
23756
71138
41966
51061
17164
12198
57839
33933
21078
7726
20743
51474
58299
16267
65149
63353
20584
62966
34827
71095
39107
59075
24983
5904
65953
79193
88817
75514
990
13935
61794
90323
4289
69353
20865
53630
51318
69305
59167
75235
75042
57699
7990
1624
3017
62608
69592
29
63717
76354
19088
897
45608
76135
53202
26420
60168
38417
1903
17291
90737
54736
42329
44560
69193
45250
50109
82939
61169
58383
63305
34835
92114
81864
23262
39697
29633
70798
83247
31913
27448
54218
31069
45468
19631
82252
38086
2431
13316
59236
45508
50650
2831
12675
60006
8465
12157
44111
25790
29428
41073
60780
46207
8207
71134
82387
75765
9904
9190
64315
34864
78867
50757
5733
75448
32942
8900
84871
8204
85300
56909
21116
9501
3912
7940
79520
39465
10761
76763
47923
9643
68697
16710
78614
51149
1983
659
9661
33115
13155
44516
62318
71016
48234
72943
51906
5068
90441
78597
85053
62589
59495
43850
92248
75005
39909
4306
9686
38781
22850
3421
45906
27993
71252
34685
16093
85742
54428
61119
53930
89817
58243
77521
81651
59118
31615
66330
37188
72168
19916
15549
5890
86376
34058
15584
68280
60814
76226
28481
51672
61031
74248
83758
50383
5723
47265
90167
39047
14537
69892
10551
62573
6547
16013
85170
70494
91444
71141
15596
73689
40478
30992
80089
70725
56625
34133
82140
42218
71706
16507
91693
38919
16276
1795
61208
70442
91360
82204
13351
45402
46819
36469
82693
44303
268
62750
38135
86551
59108
69202
4870
40705
74319
69234
56598
53000
46142
41010
36433
49938
29737
38336
588
60012
84723
48454
33618
65796
55572
79218
5108
36323
16734
67102
15158
11200
21355
40585
17315
38299
26558
81905
7234
17564
20043
79899
42037
14831
15552
44148
18559
86890
65242
53810
66845
69282
25582
63544
12573
84845
26521
83730
70302
29451
71328
13398
65148
3846
19888
47974
80714
16699
71419
65915
51695
66322
55972
18548
70837
54046
8710
44009
30317
55149
77201
59716
50700
23387
52992
33682
23435
47788
64293
45585
91758
38689
22967
41923
26411
74292
84336
23641
66698
5597
42953
42508
71625
22764
11285
64673
38489
78664
84465
44984
32853
43344
71201
3224
9834
3290
24758
59644
70808
74450
25446
34513
64443
62324
82382
88857
75996
41368
3340
90131
16644
23372
40158
27428
20942
32091
16029
74632
89665
20266
77482
80397
15704
87802
3454
36958
5751
14220
16511
69065
87956
27506
75656
2288
52908
22076
35020
39149
20372
32485
62240
33058
56443
84989
27806
14057
66704
76709
49351
7375
66347
54908
73699
64711
48648
50540
22820
18242
53020
19781
77126
5855
84035
54083
38180
40949
60254
59900
42110
21533
70082
88197
6953
3916
79769
31954
11487
65438
86441
90566
73757
78650
64478
32509
58905
81322
33692
53773
71811
16281
33637
90878
44481
24183
35102
74312
18335
75542
87943
39517
82001
90139
54543
71807
16859
57825
75093
53311
36311
35901
23936
14612
39400
72649
36747
90592
4539
16774
58522
88992
89688
30294
68795
4638
75038
84539
86478
34789
31429
65130
67449
80798
67688
479
57098
67510
46698
14745
71895
44451
56067
62028
8794
8460
14770
81237
81208
10375
37057
77348
20631
86171
70906
4578
59421
41442
49592
48585
56857
70505
56846
82770
31536
43064
79869
24238
35579
67829
7963
71077
63868
79278
87515
12968
56035
1588
52303
92531
84048
14762
1763
84483
11361
12518
1272
20860
38435
35266
88235
48219
89856
51664
44945
40094
54180
37475
74237
4540
83674
53542
2448
38243
51368
65347
48248
15067
50117
77665
92450
43342
41699
77418
1053
59608
34495
80141
34243
4758
79270
52681
75383
40843
80075
49640
87170
6199
14526
91921
50408
21615
53658
42448
5547
11857
67385
2392
56953
31328
1997
77860
48781
41578
2386
15809
77476
7587
69491
79724
42171
15928
13542
32132
26560
72110
79124
78277
87049
90907
92548
12856
87917
20172
36327
17793
69695
88880
77354
8736
71777
68542
12630
15675
39783
80050
83742
56523
84105
18620
52677
51933
4164
14055
91977
27550
30521
50070
37084
50682
50390
73326
26107
2213
56515
82551
56055
45658
10499
26051
1280
55951
9909
24019
12783
3339
54898
36692
71553
39666
28649
45059
76234
13258
61931
30417
47625
28263
65449
75557
22563
62317
73591
46149
80619
39156
43054
93216
40711
57592
53787
3225
48111
55775
79717
70
20470
57706
10607
13011
28742
26168
24997
13328
21587
60922
75654
14773
71026
69115
46493
53673
45083
60158
72893
27220
47951
67375
80580
38741
67729
50249
40304
43314
18072
31170
11584
55584
16716
78362
83670
35663
37159
50069
22845
91317
8916
56407
14451
85858
83043
33417
84280
42434
71048
15775
74059
83135
81115
58369
2348
74039
39691
86962
74337
5386
14915
46235
50418
18329
35203
59652
16577
40032
19536
9356
75793
36652
63654
83385
8650
8605
85186
9112
63273
32990
86484
4568
37584
65212
49701
65956
16762
44475
50300
18672
89555
83564
77748
1632
47895
50
70407
86588
38533
44517
4919
19244
60471
84226
5044
12246
62291
14985
69222
92235
79357
31969
46274
62074
35706
24668
70227
88383
70113
51712
79507
73744
15014
62804
21444
85522
75144
83265
76748
11429
87841
27268
85452
52366
16498
13768
45955
9148
20898
37516
77756
36041
69434
55243
31337
37800
17813
25058
90796
16311
24007
52603
56324
2036
90027
18535
50077
60664
8874
3160
27561
75905
24288
58121
88424
3178
18565
1337
18979
48349
27205
48783
70333
65190
60144
30296
39611
74260
71233
67841
41292
42795
64247
8407
88148
58822
23512
5610
26536
22697
81677
66164
92073
65892
15893
57409
49911
23419
35992
89937
52676
51514
68722
6393
17372
58415
64124
18422
41839
44807
58452
87850
5253
29458
52008
11913
29792
8783
13496
65501
39139
87998
35703
87225
6602
29817
80452
46476
72741
23850
59784
566
11187
74418
90744
59086
932
14942
73685
43678
350
1349
65022
46651
44747
1083
19421
68953
91122
48631
56211
40146
16989
41004
25188
40296
92682
35023
54426
20248
77310
62077
91927
7062
54887
19835
54067
74282
54971
52578
52413
34958
66817
32089
38050
58980
28722
49386
89092
71945
18279
85659
85580
79251
8583
70564
72333
7489
36872
34518
88727
59850
42072
8925
3795
18001
70443
76839
81255
76467
51199
36761
50614
22969
7930
54577
28439
31081
6826
30288
27954
64448
77289
70332
3811
14620
76452
7620
23690
44479
14764
4691
67513
71399
45600
57076
12413
86774
76838
4727
76401
78949
80607
83643
27252
68645
30646
49923
52164
42674
21347
41170
86620
71104
31435
86126
13010
72462
16545
30283
49389
57545
79260
77345
32428
85476
73178
35603
70856
18786
25580
58193
6763
62192
20889
87703
33655
1984
61249
26203
11719
43978
30794
48739
7980
74181
74432
9352
63414
52752
52556
92671
87266
91043
29498
54731
59097
75417
46593
38987
5427
23197
58620
88931
50373
8829
50499
50328
84813
70401
45188
71285
71403
18211
83328
6218
23385
30252
22367
2838
15554
43164
66587
20908
48804
11362
30257
27687
10283
47511
51119
50643
80232
49904
74840
30898
16481
30709
42974
29761
18119
7695
13739
11682
89967
43159
24252
10279
50437
67180
47090
49336
30367
73
72390
8303
25901
28561
44814
67335
59810
18366
63494
38900
53544
63948
23401
36352
84878
51103
76144
43449
21566
54735
45594
54715
64129
20154
975
21620
9788
13012
1048
58524
5322
19740
37334
33642
25872
75889
20310
45143
11878
52507
82114
77742
78027
28820
84502
5662
9646
88587
73030
81330
11865
41587
70324
89936
50725
74049
9964
52984
67529
61387
24380
78344
24850
48267
58901
48742
22881
43078
45982
5743
555
86911
48362
62127
556
1938
24371
27145
45915
63145
39955
64515
10266
37779
69580
31520
9736
37171
57857
69082
60762
11725
19096
24172
28470
40525
27676
85103
33097
35606
22727
71818
59079
72018
71446
69204
70482
35299
65718
42262
88095
30828
64664
72862
49005
86973
60495
7310
43119
73811
56390
73638
8735
25785
78300
54089
49295
21712
4032
61548
64702
30873
34700
58523
49083
41639
67516
42377
62865
35308
80090
9770
26553
86613
92414
2948
91059
22906
31979
80476
24929
27924
48097
73240
22281
56533
39072
88047
76782
87776
52486
12929
7786
39255
63572
55825
50003
34062
89589
86169
45242
66682
49122
65798
33060
27992
26340
84836
47865
57582
15424
50717
56115
62145
39183
84040
57712
51124
11464
83426
47455
53336
8042
65748
84375
24106
72304
73502
43866
77737
51388
72220
72465
89352
83583
48407
76092
69246
87358
56328
25431
72572
18024
86248
11165
21531
47684
394
66162
56149
10800
12465
62281
19915
32672
10921
43074
47392
1702
58412
85691
80120
73978
76694
89083
2339
19556
20682
1880
30323
4543
47931
49018
33679
9864
67153
54484
43712
20078
26230
391
75098
46895
59284
78286
39912
47968
13760
89192
4737
30044
18840
61736
53118
15995
17281
11059
74532
44777
18330
55647
1098
47898
81722
46948
12934
37309
47714
30616
38975
62432
59264
43097
36375
87819
40836
93079
70051
51520
45054
25909
25444
20828
45591
52370
87732
12568
55642
31293
48423
70476
13304
12319
35273
40998
28186
67623
59632
1673
48235
14732
36031
8730
41516
15471
57268
30695
33382
61159
30788
74566
87834
6646
44810
1820
58538
66230
14123
70743
21112
88752
42521
38477
29441
85242
56045
65868
86811
16448
35999
69607
67990
27155
6515
65510
51909
89418
1427
64513
75823
90461
1145
41388
70763
66597
31783
78465
80623
21083
59460
42381
11468
27479
32420
39253
77938
9275
67478
29031
35586
18980
84599
82122
38109
46713
73099
29076
90333
1626
4158
43358
28753
81901
24261
76587
44253
76829
84972
7569
82580
67060
41716
52117
62609
49869
89852
47796
64070
91538
83943
19967
29159
58188
33305
66007
88201
33418
47958
36395
21481
50564
69069
85936
10657
81956
9295
5900
40356
36177
35653
35493
35071
20854
77929
44922
72971
3368
64516
37122
19520
4774
92428
55764
61849
33384
71085
52979
15174
88108
72318
49325
49209
63439
88645
42127
35503
23928
64665
34130
68664
66513
57802
42005
41302
71366
17386
81867
61296
3348
69120
39208
40023
15795
91978
5070
38246
35191
38652
70727
88899
16121
52965
54675
11695
48197
89412
68239
76062
34073
37978
23727
80930
349
49354
18250
28189
54057
83177
8693
75351
15580
18225
67726
27114
39715
88716
83045
45662
21959
64843
39323
35516
46146
60841
10490
24419
8901
7714
49772
72208
65847
75314
50157
30573
67770
93299
15203
60909
72762
14340
22990
52335
63751
90108
7522
10217
92410
37010
55360
89324
77683
81674
62735
83377
55993
27875
4374
54886
61029
84819
80820
71800
732
35305
47462
49775
18084
18274
14854
57819
56527
92309
78893
47905
64036
41481
20046
33230
34621
55432
24297
15218
35046
34601
89664
91274
23009
51655
69319
64466
78124
2357
53620
68699
82989
50279
87496
20597
54589
45395
76286
61948
72355
29763
1380
68937
66139
51226
29811
23600
65934
92125
47965
41064
20229
12642
67043
41358
58597
60345
77164
70382
88760
10205
92547
16719
40729
36148
42617
13889
23846
82905
45102
58408
41040
13089
44758
12220
69871
13350
13430
92011
15270
10756
57881
21839
62891
81424
5498
52037
45285
32492
2280
72712
48658
59839
34818
63
91082
83419
21684
52789
75990
82469
93376
1336
53032
21966
48436
66288
33628
16753
6175
39223
18446
58594
22293
26500
80731
5516
42997
11417
44751
15070
28850
71504
56589
32232
75064
49311
2794
15090
12924
49166
83053
42207
88429
18328
48799
49829
84139
61936
69063
73058
57823
1232
10150
27107
82876
49504
89703
5250
19815
63178
4493
62430
8379
25560
81615
77597
80600
28303
9791
40576
77063
18623
31517
69119
34041
48773
58202
18179
50853
39185
976
65583
15400
22245
61700
68743
90644
5791
24156
59056
50032
26727
60312
32843
47367
76553
72999
64504
91166
51927
62860
67228
88788
8576
2487
58257
15381
9008
92160
33762
43644
78853
16355
2102
80535
15261
62753
39016
31121
22207
52095
39511
71897
78327
28792
23010
21989
60361
64173
89714
6093
36877
45261
92539
63656
37644
5982
2543
81160
2232
93107
43724
43058
76202
33669
75382
92084
3972
11809
10522
69502
18927
78425
58883
51806
33410
14080
75645
84097
51408
53952
12188
71944
65717
63546
14870
16739
92983
47779
56510
39066
87430
73567
74295
12950
34849
74345
86893
38204
26779
87924
78891
1125
77401
10780
51487
81189
68040
24381
92580
9935
14476
44175
75977
59412
175
2075
50964
66455
70110
46810
37064
56022
82476
31498
5203
50231
32401
4978
68179
18160
65734
26603
59520
58606
86894
19521
18983
31622
9702
77158
11026
10945
25688
55944
2696
21485
7261
60409
40904
32270
5018
52667
45941
45815
12397
82746
33987
3685
55394
33746
33517
75271
30632
35625
71069
51861
31511
32186
16387
38
47209
44358
44185
4998
6893
82017
35194
80682
51982
56221
82346
59201
87977
54670
15538
377
68121
73445
49056
50798
81872
60059
38510
82756
53577
3057
84020
89271
71463
6240
81522
38831
27117
91430
84169
85188
18302
26433
60578
88517
18347
8100
76140
14313
77356
1489
63518
69139
8041
13623
45537
56017
9839
69159
32997
78205
39722
48482
75070
75953
5089
17563
28815
87290
82365
92914
54821
61832
17126
16837
54569
68419
54050
64252
36887
37669
38020
56792
70624
66038
19843
71916
52170
61018
72224
78758
8091
5515
80624
47682
10467
59683
52586
69321
17374
75871
64489
43281
64030
41562
10448
63982
9571
69123
58256
84320
42104
57407
10257
24067
67109
16279
35151
76550
81358
82238
40541
61595
17416
28869
19706
13608
79559
53565
87235
31879
47627
14103
68804
2504
2309
81744
5784
43037
44946
3536
32661
54467
3825
7729
88419
58701
63137
19292
76261
83903
77093
76160
18940
10378
21935
55790
90713
58055
1025
22266
61253
45668
38597
42322
35227
35083
64794
25786
84783
41813
9817
84872
71397
82364
82081
88767
38425
51308
55813
63400
37609
15557
7981
48895
33600
32877
87478
9329
19617
40029
54889
91249
44990
48699
85336
77663
68236
24118
6614
3151
24560
82363
42168
18842
51614
89376
29294
34888
30509
44683
73943
81352
47960
31026
72447
2118
32110
22228
4163
67744
6719
29629
11653
61006
28922
5243
12455
84289
38101
13870
34405
19424
86487
93026
8985
40745
73202
86117
44156
31009
87232
32728
59048
9178
76400
43693
43543
72958
16651
34911
67669
40511
9279
67857
35022
32957
71526
40429
31573
16290
15506
74810
16062
51387
38529
22040
92677
48090
42954
86323
41088
4576
62931
33873
77984
69645
63784
56611
37282
62407
9947
86327
45870
64683
66742
74865
12125
83665
72149
36587
7688
59590
38725
16485
36385
26620
32495
2874
78826
40450
33786
73497
16079
10705
90012
4683
12478
21621
12942
39824
30774
78926
37015
283
38150
22810
90883
40376
79699
83633
48603
4741
75588
21258
29472
59168
22594
50524
14470
30046
40016
80327
85125
88070
74209
13765
24270
26036
13620
26621
6941
14015
81028
25054
26857
12103
53367
52951
54667
7896
8617
40052
53275
9617
86501
22781
12875
61770
4190
13537
89246
51786
76616
5075
89390
6954
6306
70077
84145
89544
16469
33089
27206
29568
80818
16384
9572
1005
61585
62491
67159
78114
58650
12941
91004
22688
64883
43259
85967
15516
61144
55036
31797
46663
25424
69307
21073
6114
16705
72744
59186
52180
43514
26508
9912
64098
31849
68117
43162
11413
17847
45350
79862
61707
88337
7830
26869
64104
45776
24931
4994
7211
75283
75914
10510
32480
82971
51126
15057
792
53648
52688
39416
33912
45697
41863
50774
67642
65352
19811
40049
56593
65854
1135
32470
43987
49852
3662
6008
34939
22531
54396
68559
22064
22001
42032
61293
66898
76174
24927
75453
32865
17459
2583
64149
39689
88596
87314
86325
52467
62380
72541
70420
82441
65981
58464
11593
18936
58685
56816
62095
91173
68299
72491
16652
10252
83568
35143
71882
78323
67773
71215
74727
60055
18291
4957
22956
47164
34001
21624
3332
10690
36260
53045
93040
33601
38796
33278
89337
81165
13774
28675
25906
51471
73719
77949
64642
78950
90695
19201
80227
53120
48047
70865
81660
24330
55660
91932
65884
68098
80537
65844
59595
91418
42762
36703
27256
15518
17899
4124
46033
4832
91092
22005
80170
37068
1306
48657
79731
2718
40653
6096
16852
32030
18074
61738
60601
37344
43454
52644
39060
67356
30339
63713
26918
10365
51227
5305
77625
5124
60403
65140
5067
60547
68034
42443
37215
39100
76100
27261
21550
56441
70805
20970
71222
92469
31895
48734
79161
61233
90962
77243
1650
43943
17723
143
76349
61103
25881
69899
78484
2518
22708
55864
74046
360
76040
11281
51411
28847
53626
23647
81894
45226
20574
7296
83615
34645
83667
36380
9032
17451
55173
85310
61098
13196
49644
89651
18431
16477
60648
29687
74083
41484
93287
29284
347
43469
67251
17642
44123
34373
66537
10339
70895
18141
83948
69984
28095
11275
17093
58981
6911
51766
79480
44074
57310
58017
26434
19710
19419
35115
44719
72329
70676
36025
91948
86153
70168
67649
74329
8540
32759
73748
64872
28519
33132
49672
31550
59213
66041
38840
24679
63647
7820
71765
23008
30370
69615
28631
90790
68592
20796
38772
1852
57507
13749
3175
62343
6140
22993
61714
56772
61063
87193
35423
31700
7215
56348
60482
29304
88923
55749
13575
42412
2160
21114
14862
26449
34806
50201
18440
504
58686
68618
82886
67905
71834
40414
74697
24957
34615
54822
54836
50645
6159
7730
81776
34437
89334
38698
27515
38977
49710
63500
38880
13408
14720
12541
32712
46751
27955
43743
19803
81803
68742
36028
58845
53365
8837
54653
26283
18445
28319
51961
24519
83192
33403
2783
91214
39025
49551
3412
60436
83444
55577
12833
62113
66439
73461
23430
18166
72175
25574
80673
1706
18748
84012
16479
9707
82268
71505
28887
13122
24745
87630
59317
65550
30852
50648
75079
50102
60488
70192
60475
68857
63241
19468
22313
33096
78565
80139
70776
11512
62366
38906
43964
6203
44162
75310
8159
43600
1890
64907
65290
55421
19770
37640
69469
35619
50592
43695
10051
36764
26822
63021
10287
46460
73455
53463
17546
73760
43118
5442
50165
31727
27246
54444
21729
60756
50293
3168
79156
16855
1024
17287
91031
67472
67730
36621
73036
84292
38724
38233
2253
15748
21229
71567
15315
27837
86991
10892
52263
45630
70295
68994
28505
37202
24284
35412
13892
5187
24885
36101
80967
90359
72269
7306
55112
78723
3077
38397
52368
91464
30857
64734
58040
71870
45627
13115
74273
26375
80817
44855
88457
2170
84745
62210
20690
31681
56276
61321
26491
12386
76384
15434
3670
55635
82330
4800
19738
36213
31382
52327
44339
87836
27030
36140
35110
3821
17244
7918
53517
9165
42739
29125
11760
54686
68861
30536
82060
13394
43238
64089
47195
49875
48646
22739
56986
39088
50341
49043
23044
86193
24863
63598
84520
83163
13761
10559
83701
84028
30535
39551
26610
83584
31724
43261
11076
48112
31271
68850
70273
4554
41771
44887
56920
28959
73388
83539
76891
89525
78302
35944
52195
90797
77488
90531
1815
59337
36264
20996
5888
62392
26973
47551
57074
75686
15097
6238
53793
86349
73703
71042
38379
64225
59588
89295
72553
15715
88463
54500
1174
60621
28072
52380
45155
15759
60713
83147
10074
32005
81771
92558
80255
53890
86272
50633
48119
49154
70918
11618
57479
77775
39558
62448
36176
86411
27209
89581
85877
36816
75882
68711
89036
36187
55476
1266
36335
86525
30675
14292
91542
43952
6357
58362
65386
76316
4098
69751
93029
79319
88336
81105
38614
81587
43936
22068
81670
12797
18584
72338
9366
13442
3834
64776
14826
67727
52392
23877
75307
6151
1090
25480
78535
27175
62255
92324
32910
47088
13500
89492
39049
23617
22002
54000
36914
76945
85477
41609
146
88054
42192
10148
74785
45051
52218
79882
83813
48541
65564
42759
11550
76337
88497
3064
31346
27466
26846
37054
89282
88329
51423
85216
85439
81580
32667
29875
77157
65643
10906
26598
25991
89315
21828
42077
16957
58266
58582
10400
10603
2210
62500
91876
84042
89150
6994
54597
82500
36242
78560
42373
89649
1979
1505
78838
82286
1094
55151
40549
13050
53285
85839
52656
25718
76883
55970
28407
63752
77752
62876
3173
75410
93278
52944
53127
34559
57406
51032
8316
61039
50191
22498
53555
1361
16881
36056
43301
56054
60240
52333
42546
65032
914
67395
7073
52852
26386
10234
70674
4679
68608
82212
48120
29723
49768
84421
39875
57953
17834
55831
31885
61116
58477
1606
90145
3569
49577
19718
3801
7545
15646
80932
51090
24030
279
3943
8176
43767
24401
5470
23114
45583
6890
14421
81875
38172
18461
32117
60569
87349
54891
67901
53468
85920
61446
35138
18855
67160
26124
47405
45278
74798
2563
73787
20851
44127
20409
29057
10504
64725
45795
25965
11910
4650
21529
74911
87969
23682
83905
2019
69991
66686
87847
19415
16929
55079
71851
21757
92613
21340
66391
17238
60187
90564
33293
47658
34714
17065
28392
84893
45666
48823
69209
75004
33658
85977
77565
8966
91282
14663
18532
13888
5768
24042
59189
87557
27754
14557
984
4675
83748
8801
19793
86031
11226
93126
22233
20749
39612
18716
14444
72058
68228
88555
18391
1732
2045
41293
72261
43198
2184
7782
34194
66860
59456
82681
35411
76815
42103
37320
36707
32964
19589
13995
93205
79867
57343
23397
13245
51273
30028
22670
55960
22369
13874
88897
36029
80591
89470
90264
92476
13013
80863
58363
82435
8584
93267
55209
5879
3141
22954
19425
40935
56642
35387
90698
91869
26358
64262
22841
32559
34193
57828
50632
44979
88451
29397
72793
9934
48137
31696
56813
90223
45132
33172
56976
43673
24446
25547
23897
74145
42449
69987
26504
74929
66854
5997
42303
21252
10477
29586
65621
81496
54770
25427
85811
3456
85766
85228
9466
9460
74771
84721
33204
56434
21971
73520
68992
69650
51814
21342
58987
92399
78381
70839
44919
27351
56393
21943
86185
1308
86223
60623
69004
48752
58460
8956
35065
42018
76346
36493
78585
59348
63987
28477
19647
66009
4996
22178
45128
2778
68255
55799
33891
78954
28175
80472
91923
81468
58094
70036
49878
37521
82828
61229
56453
41941
82272
44034
28784
53747
57694
39396
35852
53582
65763
41446
80203
45403
834
59136
17143
71791
53612
28600
56013
67556
41554
78507
77862
53754
7971
55254
30943
720
20863
57746
52017
37371
65665
30918
52526
42641
38604
65860
63531
6158
39196
52064
81019
9053
41567
32802
60651
60728
7382
30435
10584
60509
62221
45144
45199
57151
72361
3190
45892
35546
78189
4931
43417
58567
4958
39980
38694
28674
35321
23769
54687
77329
52892
3056
91066
32699
82636
9203
7837
46182
83245
34502
2343
18907
76987
21275
13244
26493
82548
90140
15564
90426
31725
90399
85756
90344
13713
14403
9966
26114
26002
25182
2659
8543
90524
60062
85422
21256
12249
79625
47718
40206
18891
47160
7650
14322
66668
58228
83027
13218
28093
70825
92322
90584
44006
2984
74681
48506
72085
49532
91541
79482
73731
31822
16395
33028
31784
16224
82246
57685
1144
33139
31136
41054
53914
18502
77044
33345
60464
26841
10268
57956
85440
63570
49004
83017
45527
70683
47756
5782
15345
84188
63801
19153
67314
11740
83193
90259
58665
66784
61091
36993
39509
87909
20861
48286
88719
34312
46805
20114
91364
79706
21782
88532
16084
69221
70801
16103
3292
21175
60122
73636
68455
61999
93347
91764
48009
11644
92560
1095
25806
89841
35200
47370
79930
8818
80443
87734
20943
52181
27552
33350
44491
66881
54091
91922
54585
42554
52605
39806
17796
93196
38450
65301
8029
10090
36976
85985
26593
85821
81146
40174
44035
41976
34568
17494
82530
71405
8841
1029
48144
35517
13101
15302
45225
2093
40988
54308
61745
67324
3155
2863
51995
495
86504
52075
17840
35735
81436
25124
79331
39056
75713
22979
16196
54458
83396
46232
61227
88136
56647
45864
64015
1739
51339
38936
34922
29368
13170
92196
42360
24188
57609
42565
4591
2766
48619
18510
63358
65955
2106
71371
89491
67591
59659
36032
90196
92378
34623
18534
14670
7149
35971
25762
25097
25855
13780
3051
42778
87011
88056
46974
2646
10173
19194
61371
58819
5901
54535
70658
64223
63367
54483
59025
32246
23749
32076
81196
80861
51034
60102
27877
1338
33741
38470
44043
71175
72012
25150
8025
43948
63051
74590
33991
9149
16907
55602
66563
91814
79481
36885
73072
43815
18468
57713
21090
91224
29530
76216
75956
938
10343
81629
17504
60096
23551
41580
67453
1971
43432
5208
5074
24428
3084
5586
40030
90251
55331
4440
7486
34451
65035
12824
93300
79365
39187
84447
50926
18133
75109
85051
2067
45397
30647
79778
36749
29305
45895
74207
49094
90341
79697
92393
34579
56417
22319
37545
61805
71231
28892
63436
53179
68770
51883
24037
34570
73176
68816
35789
66593
47664
76183
78321
70875
1783
12550
4517
6040
59928
37353
12915
92233
65799
58600
90235
44433
60291
52129
71391
81356
71742
26763
16300
70376
75338
61655
72923
18803
80507
75422
87845
6237
88835
33407
15803
48065
36754
93414
22077
16060
78048
46398
17534
46728
19003
22344
8498
70052
53366
46705
15271
4107
43045
81763
36261
85557
2104
24977
52167
13859
619
47545
15034
50136
48840
48089
21810
35716
30146
9649
37852
62168
67427
78823
62620
51794
49908
78719
36573
58808
75720
48679
679
59629
91560
47296
38617
1545
63568
45834
61507
7656
3641
8301
55723
26982
27306
66744
35885
86880
88345
15550
23967
73197
55771
57395
10828
67618
13129
25783
21592
55646
28245
21766
20402
82568
13283
23505
83582
76955
57083
38049
27802
19349
70390
88568
11990
73807
12693
34222
58484
62290
72062
69632
34781
57772
29774
56075
70150
53597
45682
16849
92517
79253
17641
51608
1782
64589
34786
877
14691
19127
33889
47023
83137
83067
59628
7316
83972
40607
48096
90717
64971
43094
1656
62849
4217
9068
74866
14233
89446
65620
36894
85668
2787
13179
69286
63118
2404
84962
35958
27032
64281
25748
37787
28017
59591
12758
58873
46851
50091
52679
72777
2730
44786
88305
88180
84874
20652
8579
53825
20195
35199
31442
76910
90997
10290
77603
62309
21635
34745
87283
66688
59541
64172
2955
43020
5444
86033
1367
60647
29853
35924
80628
82290
59577
22503
42609
56763
47747
80836
71461
8506
904
90116
4153
60174
17865
78677
23407
91485
70313
64294
83142
4370
65579
64241
61904
21365
36818
14818
28112
46823
32553
65281
12068
43070
49177
79
5173
71184
37514
15221
27354
4188
88809
29885
90841
73533
76510
15323
49726
12219
39632
36277
91974
47967
11668
70093
92948
68053
54546
78197
34138
64738
14980
80827
80052
11551
82063
55914
52769
3474
22916
70573
28029
49709
42170
25914
67444
67186
92472
87812
61106
11426
41743
35075
18156
4279
13583
36343
93289
49254
15331
79667
17165
58506
35024
2815
41586
45186
15374
32881
79450
38917
12341
63392
70826
1494
65435
47543
90298
1200
60226
81486
85534
33793
86667
82764
44928
81087
18102
4067
45687
40277
76890
28152
22561
88777
40119
89197
70908
58920
70957
52159
1678
44345
25662
58945
49820
62658
55581
16167
72409
10671
9417
92290
80146
4005
30303
71745
51528
68217
52284
48664
48038
76537
68894
48991
42766
57933
69755
63036
86303
52030
7135
71841
21670
10871
25617
89779
55318
19869
5921
26596
17
15978
24073
56590
33747
75405
62465
87296
89763
32740
55629
4177
62352
93377
48285
12888
56170
41968
7640
46089
87650
53653
40127
33582
72247
55345
15833
55760
17948
44221
87299
85635
89755
63110
34183
79864
72076
6912
17572
86187
77256
64390
56911
50223
29062
30360
81138
6871
45881
32778
91775
29267
61540
63131
3152
18636
10479
9087
39663
7544
50038
44008
48873
22303
81750
81577
21893
91998
90319
54943
40344
9570
25543
25044
35534
44986
61491
59182
26858
3448
43274
77800
4699
47155
14052
60398
69699
40395
19126
42768
6714
72161
22322
34636
67293
47163
41525
62824
43349
1837
58555
40948
57600
52090
74267
32517
57754
38912
83276
90746
87991
60687
10282
88099
82496
88602
87345
6049
78225
8618
5327
65823
83804
1218
41878
68515
25600
72352
45093
80924
14431
20000
77598
75193
45887
84598
2999
83354
49522
14072
54641
38078
16173
52642
7193
10403
6225
13332
66401
45238
89403
56999
74099
69715
58855
18897
34032
71200
65070
65139
87999
68126
2513
27757
61016
31739
84487
35176
390
4354
56399
10442
76813
24662
36083
84670
18189
6148
73302
62203
1679
55887
2496
77749
41698
9560
19919
47874
49091
79891
11069
27615
18325
68348
82982
35055
26311
44600
78602
9315
75682
32280
59930
17696
10011
3965
21076
12556
31509
38108
26118
1551
26594
49888
36401
28807
37927
92224
61819
81110
40466
84234
5436
64283
76074
29328
38317
48000
87174
92137
14706
40559
4410
57759
80307
25717
73156
6651
26944
3237
91483
38532
67668
61014
52450
81919
29337
31893
70859
10701
38823
4130
20460
65919
66416
3865
31907
15799
65289
81096
10812
5671
64261
41120
82339
48013
32978
37725
24513
55808
48938
60685
88185
57728
78040
87592
56931
79207
7603
85969
83465
16416
65150
47731
79373
35217
53098
41165
54279
16676
41299
62178
46282
48500
78051
34674
768
84430
40155
31140
92424
9805
17292
61906
50914
16363
59926
73398
21072
87794
59916
811
37176
62045
18000
10511
33478
8550
18373
85394
53074
69449
53169
89373
51677
33205
25460
72503
57903
59731
28195
84600
44954
11233
62803
7595
89423
76892
87104
59543
22094
9512
37689
11420
91209
73946
47144
16170
68396
68192
24548
27622
82147
29800
28506
83031
83312
81858
43380
84225
34930
51330
51031
76805
24244
11919
93176
8124
70607
36555
48853
43654
43205
43715
47630
15169
26166
42243
40406
47945
4483
68154
51145
64670
25692
15069
60768
15841
8931
88593
32017
23221
37279
53250
78786
53766
88860
33594
92008
49985
40939
12746
25953
9931
84308
13396
37986
16922
29450
8361
92231
88287
71192
85713
10942
41373
60597
74758
25246
75732
75211
10984
7527
38156
78957
56739
14897
7669
56400
7100
49001
88653
57335
73618
35488
10698
62896
67348
54112
25301
11937
45529
18689
55339
84895
11601
76355
52854
10323
54343
73157
39276
81977
58061
2560
58148
55707
67319
59688
42118
38767
49983
1866
56050
44120
9871
62349
19426
332
26227
16687
66650
44947
78268
52861
42159
66314
79250
10823
65487
83515
46985
82148
27307
28746
93123
44829
13812
7500
23142
24070
82935
91376
70901
92934
50448
85727
4993
42517
4955
21350
21824
54656
55980
27132
92357
20835
92056
8663
43280
20927
23856
14837
91719
15017
66971
6964
15018
67492
60959
163
73449
69350
73032
41098
45385
65255
70979
16543
3360
25587
59250
50405
37923
34029
34374
61587
4332
55076
87701
92989
28571
47947
56209
27876
11465
6247
9798
42874
84719
53850
70600
93413
80742
77747
56435
55132
34652
12844
81472
31019
27646
8160
8817
42590
23826
46774
75521
46741
11483
38998
11330
43623
7588
998
65771
68023
15529
56992
7528
39356
53141
56287
91125
40735
63304
4786
21255
19322
50850
50613
77591
70027
51759
18653
14366
40171
93292
5524
51482
4161
19252
50944
80793
38179
67011
20593
52143
80180
87220
18407
18989
47906
58781
65492
10602
92734
47181
84854
25176
85732
62365
13024
8732
7494
41958
84078
43807
62910
42444
46627
44670
71228
45182
32396
72210
64216
34766
32809
67125
70824
71677
18370
49341
87040
85420
79803
20160
5943
36629
17323
51239
93032
18641
83511
33171
68493
67823
92207
16110
11499
21431
86930
47244
66876
77745
9670
89322
47509
29269
24213
84282
6789
46254
9800
46521
76404
44251
28038
66655
49303
91205
9652
5825
58185
83283
74819
79458
83852
65897
9324
10505
90190
86333
53647
14001
24755
57263
81040
22065
76365
74085
67149
13651
37380
49732
37546
31543
16558
2785
48869
73049
45014
25974
72479
45047
72873
75029
61286
1391
25615
6545
27965
47911
68474
70936
34077
11965
8787
45448
35681
75006
43528
82064
36755
45972
17941
27313
57053
65017
15857
45090
85506
7960
10518
13457
11158
57473
74869
76270
74528
32363
78906
71989
2128
39137
39662
77230
73763
7750
39141
2432
802
11454
61173
5390
32090
8473
68441
64732
73395
57161
66320
47819
354
39247
28201
54465
50666
32309
30868
58149
82987
18570
56966
59183
55276
11303
77320
77442
29554
31764
55644
31938
40263
15954
2591
30544
942
46615
86782
25255
74836
43464
58098
72328
75756
75592
14531
60473
86490
25
33304
74150
72519
57191
81981
53579
71076
78317
68793
63290
51553
24017
27322
70161
42080
57196
80727
82798
42837
53315
61857
19335
69125
40177
75672
36221
51859
51512
79880
46370
77577
4754
54285
38579
44637
25552
10087
62947
78628
39480
16933
83162
63240
41406
31541
11052
39329
52964
64088
36283
28424
20616
12187
78780
35353
54108
29143
45181
2682
44825
11289
31070
92032
1069
67158
494
39852
91518
75578
48461
35754
85965
91030
41205
79805
59694
30668
1670
63823
24158
38321
11972
25742
87441
11831
2562
82632
57909
65706
30226
22995
86984
804
59896
10254
59419
18876
20474
42509
65079
31685
49974
69882
8127
27374
63984
12266
13559
90569
45286
44913
30505
89175
78067
83492
57432
28794
63584
17735
71053
8118
70534
13664
34012
15650
9213
15013
73961
58630
28409
16414
66143
23497
15469
62936
33556
10170
48758
71539
70278
92908
39796
86565
22141
16108
90876
23432
36160
8034
72586
55575
10655
82493
9286
5887
23167
64959
18886
27302
16402
38941
85208
80944
37365
74242
29155
40487
53392
10231
88035
61806
50101
92080
84161
9388
13156
92185
59371
52321
43296
23321
12270
45680
88304
38002
20271
37650
34327
72006
28604
44435
5780
8524
40953
46326
59884
10713
63971
79950
84499
37528
80256
82771
59388
8853
84137
67864
28841
19445
70037
73528
32605
74165
11746
29209
57445
18222
17215
92208
34290
78885
88954
13505
6223
57357
19169
8266
40947
1692
6372
23910
26394
26282
45703
12581
48059
47146
12836
57160
66807
69418
70753
29953
86632
34102
58919
34209
65527
55675
15504
48866
69261
35717
4882
74480
92483
69934
63331
70383
803
19586
4317
71410
86151
59617
76957
31589
25999
75781
6556
84480
12621
34887
61905
66980
7343
13188
34920
78236
70064
86621
41495
62399
39250
36881
72366
80984
13921
78513
58588
52859
81101
44213
12407
82718
77524
14835
4946
92857
70989
11304
22973
81832
66075
74431
27592
17052
13956
71047
53971
71276
20275
45024
84255
82390
57671
85568
55732
25495
75877
58847
40243
59028
51450
63243
19712
54255
56733
1604
63911
35038
42532
40895
69593
63743
3620
44631
21069
5843
81481
45944
15885
60408
40887
19158
83298
35994
13831
11885
47899
37655
42854
561
20776
30568
41601
66822
46915
49778
69081
73529
49977
10376
11422
87186
41401
78049
70834
33337
304
65159
4313
14889
59309
72104
54647
36586
53611
44610
52339
29521
89683
62920
4014
55853
69096
33161
49544
60533
85232
41690
74647
29841
68533
19171
91370
41447
4629
73045
35855
43857
76700
9478
31555
45360
30338
86535
68320
7521
12329
74082
70348
21803
83321
9054
65840
18191
60553
42726
15305
92974
77791
39608
34585
59779
1373
77594
66220
52701
55810
65425
90619
82942
64233
33192
23717
43937
72273
51162
7430
21692
33596
87544
45348
61344
20986
43395
40547
11463
23523
58406
33381
78907
23129
36296
76843
60203
62455
9290
59975
42009
33577
3046
64619
9227
48402
722
73722
51755
87319
43190
56111
25309
61420
65913
16472
59305
75390
86503
43143
57180
47790
79989
67310
76556
26933
8281
59528
15515
1068
55098
81170
7435
21043
64696
45136
89086
90227
9624
92896
53731
77228
35903
92520
82498
85964
37318
87307
71906
82809
66292
17872
31833
32906
60759
52619
16203
80466
40937
81365
57006
58352
2585
14688
92818
77205
86795
59249
79274
11347
30641
73267
72472
89938
38980
2917
29997
2069
11497
31263
39719
32257
77121
30299
62754
45372
29816
57860
516
87677
22535
11013
51327
73948
30359
87644
29907
56214
19452
54025
47614
35561
45994
5275
2985
24782
66888
56936
41390
69914
12118
30275
57718
2592
66364
81339
89717
78233
32659
72595
75423
49344
80756
74441
4243
77543
89388
65119
50139
29571
74256
85277
21235
91835
74172
30069
37658
34649
33387
88149
76380
9843
14887
68111
66988
86058
87527
3127
2291
47904
40003
37869
69183
92046
28084
85929
39645
80669
24961
64986
40778
26472
90498
67223
7251
71034
15820
38045
83394
22391
76338
26462
9095
41955
21096
47487
83139
51830
49146
85058
51737
17404
85698
29605
32534
17202
41904
26209
47203
90141
76596
10529
13116
88829
62912
8378
60217
71995
26732
22133
5519
3971
75964
70004
27827
4757
65849
42327
59962
25109
92640
3738
53925
66811
80595
77132
91304
6265
90776
87443
25620
21532
50329
62862
33962
20957
41635
31497
55288
11753
80552
28879
77878
53844
92648
64236
83395
18875
33364
57359
83411
38630
82489
23905
16655
25793
86052
56336
4932
74959
16784
29071
20669
41874
41785
249
24441
78387
5091
13140
10851
256
72226
29250
5649
39050
74674
74596
32734
38970
3284
34551
43599
69487
57752
36662
13936
93008
43461
49828
90234
79288
17000
79974
4909
54144
74262
77647
92161
84368
38861
2979
10770
30441
34331
39166
85444
51107
28503
30446
3656
14078
40555
42968
1384
38096
45302
5381
1917
31959
29569
15478
30258
22180
91032
15258
30008
8836
72365
52864
68409
85067
10325
84300
61294
83186
78075
8268
12757
54073
74442
73230
34228
51981
45826
29603
74555
30244
49059
56609
80135
59517
60775
24795
72811
92282
45205
84680
51056
3621
55722
23901
28880
20260
83766
68185
28636
645
81972
91823
3583
22822
91845
51260
28432
80612
40681
72426
56912
13832
3622
10625
38505
61102
62326
42867
28861
6197
23342
36406
54439
93332
39938
31648
64123
58749
88102
34613
33388
44349
91329
11268
80548
14638
62569
87838
8404
19480
79985
12277
9444
6315
18426
89568
59815
92809
19131
68444
41687
56891
31748
7735
21280
11638
58742
31251
13488
32078
31132
87865
10924
82344
73770
77242
5421
91243
37447
57673
41636
44083
23447
53875
90544
44741
16746
29389
86942
22573
7560
24234
60241
81336
53761
64826
18846
74714
87313
78633
27365
30693
30767
93182
92405
34326
83652
25360
57471
89354
6625
3134
27357
90761
38455
13255
82600
6147
28729
40040
77600
85458
8148
79452
69002
65877
16812
63108
5854
47943
85229
47070
11038
40358
60611
63007
77480
19884
59320
33592
65944
27077
71909
12994
50913
10707
40633
37757
53705
85679
16785
30801
37572
56402
88671
88813
41050
13560
57943
85099
66052
69446
60869
35700
24788
52244
73453
59256
66135
57289
34563
49900
3436
17972
66412
26963
34400
545
62529
1121
26052
39569
60558
59144
62928
15388
45417
70890
88686
63184
27398
57517
56526
40616
87697
30376
73330
15873
89924
31356
64145
74276
69364
4559
18597
44975
62173
78712
11879
36925
79449
47516
67408
21522
35538
17216
66757
37114
66701
4109
55328
5266
24448
64715
68986
74794
34010
76513
13219
91058
62083
79213
52240
14323
88215
65271
64565
5988
43049
53621
61327
44528
44872
28105
12221
80808
36786
28964
64480
83641
85279
28254
4062
81064
50266
21611
86432
68715
73642
37626
25802
21614
8064
68116
90201
19004
26136
73091
47859
49748
88062
65731
47753
86247
60071
89722
6787
28337
72184
59615
68823
42571
23975
12010
48437
10367
21022
20699
4655
81968
48926
37258
38907
75230
44300
55784
53021
87418
75166
18404
53443
21903
27380
15523
36969
75237
11821
18798
60141
22635
45555
11201
1278
76864
9796
69380
87908
44036
86665
36200
23269
34992
43271
28464
40435
71655
15473
90657
3331
35665
79275
66661
10517
18573
79308
27124
45173
73936
23614
75808
47966
20548
26753
74516
79906
23964
6154
17818
52052
62195
55879
12347
65696
56997
40618
63777
74147
5511
55349
14486
56087
75189
29139
31965
92595
35157
83117
76460
44580
40300
75389
88606
1371
69039
64912
51508
53211
11758
43829
31474
1082
22506
9688
62776
14753
85714
49970
6723
3335
24225
7292
66753
39644
55319
33920
25306
28238
65439
23099
70393
1324
60339
22476
92898
87602
65199
3674
16631
65202
9232
65639
10404
71644
62330
29635
65741
12667
2408
84977
77003
36357
50190
61612
34301
7987
24209
11108
53013
8598
71798
65046
43604
21619
40476
79740
16004
51849
28351
55762
22379
8719
93064
65043
21664
68553
22611
38392
73474
66011
45129
34753
11554
13823
42558
20550
19456
15836
62695
22388
33784
17368
29244
33900
16893
83966
85375
69599
21850
26781
8971
82984
10491
6000
7227
4668
16008
57354
23972
13454
76213
74336
19701
78052
33126
46685
53770
28990
84764
31436
83558
21883
21598
86342
12153
40629
72311
57792
12733
59516
4270
80678
7231
17638
31085
69298
69032
43912
49795
93108
4618
37542
60608
10294
39380
64686
27309
19471
33067
68161
21920
24592
20370
43388
42603
57144
12024
7739
40288
5210
293
52025
39817
61055
49667
20245
27789
88467
27971
54636
59458
46240
16325
46283
34708
42069
46945
37754
24808
9298
45544
67018
69050
45778
7019
77024
58692
14302
75198
52654
89823
17086
2883
19496
7744
65831
77695
41797
70234
62137
80797
62129
19031
42562
25335
28003
57205
51412
5570
59343
56238
70087
10444
85706
56503
31616
88936
24887
21978
47493
29247
87472
58343
67939
79343
59762
83874
37704
40605
91377
83512
46463
77440
68889
53166
10804
37908
49268
20391
82967
12964
55156
45369
35803
59420
6188
27022
90362
90055
80475
5504
46809
40497
36468
90036
61338
82860
68716
75772
84971
41198
13460
24754
20563
51385
73184
60394
24998
3365
30732
20582
13491
9335
64058
26904
71619
38581
85892
20053
16341
88623
58174
81936
83041
1653
3584
73644
85338
17173
13737
23495
56899
79489
12108
50807
48615
30840
1819
59387
23703
22640
49163
26452
21168
2881
20282
44757
88859
12049
63604
50629
90418
28845
8664
58550
32723
79297
90561
65154
26033
87675
40913
68612
18258
69074
73781
13970
80281
56130
27608
10129
44087
91702
92419
36243
85678
27953
69805
20802
78461
11889
91701
26270
16905
79766
16328
27489
62092
60951
92563
42240
43426
39534
88378
80609
62666
13532
58495
58702
81340
92370
48210
85349
75337
18068
11416
40641
32305
1214
90655
46454
26692
69127
48894
40566
53571
91497
87715
20042
71739
77951
19728
89461
38819
21413
24003
6126
78631
35846
42712
70755
12717
15974
14790
83919
55828
40433
66624
60162
19695
77691
8683
11047
55792
15273
64240
90627
33772
68328
8434
37730
27960
92482
20890
91284
10309
57914
24048
3974
24308
20611
78121
85652
10393
10566
23118
38222
91638
57574
44406
39331
54459
7122
12140
12429
17189
1023
75596
3455
10172
48791
5238
11712
27501
67998
33507
29639
17774
29836
74946
27460
32113
60921
42357
47577
5839
77602
36421
23830
28602
69472
14606
6297
41898
61553
83759
41731
42862
37184
48459
33281
2508
56362
3378
74350
57616
89713
15141
45479
6157
79409
25406
44393
67883
13834
22919
80033
61703
37214
9484
12785
40528
8721
46799
41758
71990
69003
89792
74837
79369
64688
35229
24968
59697
70596
86536
665
40112
58791
43680
57727
60706
8260
20721
47707
85588
22537
74799
92900
14368
55091
23202
51374
52357
50689
4189
91949
12840
7935
72805
19304
58242
6548
82988
36499
21129
73678
86871
59621
31540
8764
12663
54331
80929
65968
62619
45988
42035
12003
26739
19703
41833
35320
31359
50379
7633
11813
56867
2095
2701
52529
31663
25539
44577
84621
88155
84231
77324
9771
92015
46140
40294
92870
10739
65909
8547
2972
23086
68505
961
73521
77530
9794
39948
12940
24147
84395
26811
68463
55987
18912
87728
70079
14864
82893
34085
22874
21029
28900
30247
75997
1408
32352
78979
64435
3550
64425
13063
11450
49343
26106
3871
81973
21296
17067
13539
4692
66124
64833
49984
11173
13675
58277
33188
80293
18264
25987
58848
56112
37890
73664
13748
14142
27863
16613
30030
83916
57107
27610
79205
66017
15926
35373
55
21700
60913
86112
78181
46032
32696
14178
87470
22723
81543
59450
79753
91798
4126
7459
44161
31882
82400
85933
68509
19213
91924
30930
31623
34142
86826
40167
8010
27812
65992
13319
64924
4268
27007
27036
21650
46515
66942
17015
18879
38332
53790
41933
2882
35370
83065
42097
79341
16674
12318
17817
42969
41674
10860
258
72932
63105
86502
14107
20022
7566
30096
17999
4090
77968
29681
80724
72987
25715
84952
25063
31973
12732
59440
82901
32765
5118
23294
11466
10991
88358
2112
39615
1164
63022
91891
43495
57739
75667
37605
84559
70391
52363
62278
82796
90287
81495
69837
17666
7166
69438
87816
45985
33956
14139
41965
55266
90559
89961
6011
76894
33182
41361
63496
24540
67914
26014
78837
48767
37971
23196
51356
47735
41802
63594
70058
42817
7352
3042
30488
83659
40683
57435
68425
59353
15294
88789
12546
91339
47391
37119
83722
871
6347
41917
4057
90238
22082
70054
25842
59805
34597
59507
6740
84420
41146
10973
35240
6785
25967
10140
32281
14417
83051
73832
76995
41328
8101
88663
49488
34149
48139
64477
22364
14120
19026
58624
1810
75032
92702
54554
79910
71485
30888
44796
39414
50472
1055
58347
89120
59759
28684
1332
6390
31432
67347
65622
38307
69931
25807
15020
82631
75986
44228
76721
90289
84264
50898
52118
88615
67488
38239
76066
55512
49434
73789
39053
63123
44430
53257
20655
92720
47954
49382
89071
17116
38544
51666
34650
3894
8496
70118
74053
356
19300
9416
84070
57426
5472
34255
68530
78287
50489
18216
57238
34367
86697
82838
45308
25998
17192
4866
43429
15035
24509
6925
21919
74812
72650
16966
88887
6032
38704
7671
51232
8839
80226
46257
75764
2482
7283
75653
7973
19413
38442
24372
24334
12353
56542
24924
33018
4756
84886
64813
12434
69521
46930
20546
82222
36069
80611
59893
60159
77863
4723
53692
8071
65206
62526
22426
2969
12670
11336
90382
4245
19409
680
3899
19660
23454
61242
50307
69308
72301
34760
75910
35671
31493
19789
79859
71737
80701
71701
28858
68549
60186
34310
41360
21661
48777
88409
90819
79763
4871
11694
64511
19665
6330
32119
7238
919
26236
18724
74170
62031
18427
26920
3113
16053
2311
7114
93049
71327
51110
48760
67833
53755
30132
61670
91453
64003
89161
70950
93117
42666
55989
44775
30074
43910
44267
71583
58315
20021
21227
29310
5015
37596
87401
11999
3688
66585
75589
72787
15686
23228
14353
87711
16209
50277
40902
77822
54360
87455
26105
56718
34759
86108
81312
9869
77898
29177
54695
74325
66525
83073
68575
55002
42935
44506
32173
75490
60114
52020
22664
70381
21974
7378
70379
66931
36708
91979
35089
86438
58198
46062
75674
24415
31411
79091
17381
47270
31698
61288
86865
11133
92054
90142
66610
92107
8257
18056
30650
73101
69692
84879
77119
14412
60382
31492
71477
38267
73893
18095
19806
59695
35687
72500
24720
74973
36214
92022
73027
8899
67603
37290
49323
1432
33965
9939
40663
33523
64198
79421
5204
89032
64408
23224
92398
72392
61708
451
26648
52066
88361
53187
37167
65631
85261
46242
63566
62874
40470
9961
8162
52850
15560
90871
16158
49632
16454
1785
6292
75754
7692
67712
48654
69258
23640
9499
81031
46877
75407
50846
76678
46008
31341
30165
48303
47892
81998
50873
39061
73234
41930
60202
93214
6835
64652
26889
37935
65712
18017
88537
78911
25064
56521
84756
10389
16645
29606
21986
35732
51012
49282
43909
2618
19651
76951
92645
46867
36566
85847
37337
21367
81457
48485
61557
36284
73324
80525
44038
45809
55862
66669
46248
82065
40504
77052
61852
83619
35413
37827
49136
10930
24729
31324
31730
31024
60188
47206
86746
88131
61452
5060
91708
2378
24867
26720
54568
14552
45491
84729
54142
57286
59772
50452
4235
67087
88171
1510
25512
39732
45742
44871
4201
37238
15612
24492
53923
85889
81941
23326
13681
14115
58889
78589
89263
72615
77059
12298
85968
69293
9085
62943
60958
44701
88252
32598
76007
2145
44535
88039
92117
12035
33980
51980
8515
57572
56048
50685
90635
76967
10070
15570
11498
5371
79113
27619
11715
37903
59070
82624
225
40894
77368
37950
88229
66911
48912
86859
32404
85334
36119
22309
71349
52296
39803
73066
41913
89240
12129
7401
44192
57208
56796
84765
64105
9993
84349
81127
13700
23949
30157
48532
11166
56534
70721
29659
11161
47279
44208
41284
13295
72956
80744
54920
86239
72899
73278
76820
34328
50501
71219
64064
74823
38608
90522
58476
23273
93274
69460
32828
70048
18877
42531
74986
43526
92497
40067
8419
46211
63941
83453
12544
67143
82739
7985
82336
4592
86708
81642
26833
66051
41625
62498
12648
87058
45134
62413
11061
6133
42181
36364
48472
50509
74679
69833
46336
34079
62871
4818
26319
21109
51745
30147
76552
72975
57095
83593
54455
56097
27772
91890
31017
68683
51278
45258
39129
72900
83685
51561
83839
8895
80897
23773
58333
62443
65098
83822
93210
39178
75113
84312
71651
10737
84656
53672
59837
15121
2120
5549
68155
66890
7995
12330
4838
66251
72324
17464
6439
32036
51205
84275
69936
21693
27970
92881
33722
2850
7803
28289
88477
18772
10093
22815
45942
6120
87031
22354
63657
56906
88696
57478
23450
49660
69648
19824
5807
67051
353
34043
74227
69169
34393
30913
36792
3879
61447
89633
29345
60981
88812
56960
63210
17032
17364
74724
78058
29089
89980
10221
37712
92145
38813
41866
31167
959
15472
47955
10450
21364
32239
56715
32810
49711
29024
33200
86592
10631
87338
10248
29827
79483
58342
59808
60957
35872
16722
12344
23079
33491
70595
84053
82289
82090
42754
57921
28096
62670
65566
91968
232
70287
67281
43193
233
89636
72742
77588
29237
43537
15361
87206
46051
12014
31588
32800
18857
76570
27082
61443
75121
23184
31265
44938
3568
2525
78808
24005
46660
74221
92362
57388
55734
90898
71430
9540
84995
66673
71860
62166
82556
84781
30955
558
1502
10109
25753
46046
80657
55940
73831
74797
9976
92899
72618
22942
22263
85274
45145
80379
68921
73200
86723
61364
28122
73500
53938
23286
7032
44923
78787
90275
30392
21128
27909
30850
19872
17575
848
36475
73041
42155
15140
14769
735
36307
22615
34151
32945
21450
50062
1319
70675
40575
49542
93390
74815
60895
15039
73808
44993
30329
58199
9818
64648
82554
78269
37435
57446
47251
47480
27886
14957
35757
58423
48050
78711
23801
43716
278
28597
53512
13273
25784
2672
19873
51200
57108
1950
5935
12065
28118
5231
28874
30109
8165
65932
68745
63359
31819
41612
74133
58849
79953
28868
34676
93012
56860
31426
40359
68607
62869
92827
46947
18416
51209
81638
54531
54138
11214
29604
87426
93385
41961
11382
48997
69992
68874
7117
6924
45945
12181
62234
45628
76886
82209
33869
33059
73649
10174
33035
32689
55119
40747
86741
54456
30777
81469
23325
80245
27651
91552
52549
79408
29290
78127
63600
35987
39462
84945
55746
78953
90417
3070
30365
22031
68271
8026
47550
31018
81813
39703
22213
51582
27816
36602
1425
44366
67179
15834
63602
18719
75537
89482
50890
37802
77724
78477
64011
86982
24061
75419
20135
19970
92781
74935
74361
19
63242
3213
39383
67266
39182
2739
69821
78750
43233
89921
83577
55447
50488
14728
47351
28347
31216
86465
85526
50043
83592
65341
28174
61986
73323
36821
52436
5557
15900
41104
31570
22486
58826
40720
47879
68412
66182
21981
64564
40543
88891
61825
16898
85347
16145
44522
25616
29274
29230
79493
20716
1193
18030
64079
44915
7372
24986
15501
25546
74486
77075
80802
37718
30124
67521
40469
37227
30409
19227
85702
34841
53668
42791
30470
16682
39386
47179
50975
66430
26748
84432
61611
88997
53078
63824
6046
2449
17987
74567
80394
58161
89056
92524
35887
12589
37097
11171
3411
35421
22714
57333
48949
25857
92258
26075
11096
37575
28083
71376
88326
33712
33469
28810
49725
629
31369
4991
56102
77285
89536
29105
2927
15533
53244
9490
36939
28300
16892
47574
34514
92017
77102
32211
4108
64948
74862
43740
61684
67481
20575
93363
74957
54993
43096
83288
47013
83036
13301
73730
79828
69503
84654
63171
37364
45535
9006
22711
34523
5796
41272
31598
44531
63969
4657
3299
39330
13948
92122
28586
58056
32469
31651
4499
34144
15667
53760
90966
36282
18547
85426
36100
55755
56777
48602
40594
3231
45191
75691
40797
18110
35761
19302
60750
1027
65600
78670
49016
32447
56193
72373
5202
56414
49317
64434
34066
23539
26083
22577
51966
26682
13227
85083
36356
27500
17558
80044
45904
61056
42808
45596
78527
11195
38832
14396
24820
25558
6575
49714
91997
58694
43861
32730
51018
79883
45547
48551
66495
15110
66472
23580
30444
17217
25224
78915
10938
22219
88539
39392
21765
78126
71620
72894
35776
66270
25132
86902
6904
48712
15629
36484
27232
30208
77192
12022
41115
58353
77516
36706
43628
63187
42530
40489
91788
38850
56655
24307
46018
9075
40360
46259
36115
44461
40871
48975
74609
39254
61268
83461
43227
51129
76408
49563
71872
44204
4704
90195
93
84056
60316
34341
5878
64577
79533
88427
2905
22988
51257
53409
31141
10935
64964
53758
15842
82726
47876
36272
85329
2620
5224
22963
92953
84515
64781
31995
60323
4213
74218
14436
8858
65471
88646
47124
51639
38812
57975
12716
13893
490
40305
13981
60324
50998
55491
33744
59518
7581
46509
63098
62825
4512
57291
90696
61342
8838
74563
5667
80606
90755
26545
10137
15889
80759
66613
4351
63800
43356
42117
54604
67362
51179
12771
51517
83164
93381
2870
8332
27070
7600
37503
3143
49500
75328
1364
32218
74144
48787
55087
20813
23598
33946
46420
34534
37983
5157
9776
66049
92375
72568
77303
64306
13337
55933
74994
25551
31865
19423
37286
67078
8644
60293
29459
92495
83271
65980
71719
14283
79990
63542
72752
64587
5760
60721
3874
33800
18643
4627
27653
20590
26034
21332
90492
18387
11756
28671
61264
29901
39916
12139
26169
10059
66286
17099
31804
522
68586
63183
4787
3495
54349
93159
11992
91793
60517
4892
50367
19139
18493
41572
6050
87042
78608
17936
85027
18576
78194
47560
52645
15309
66166
87951
47018
1746
55546
53099
65858
37039
75095
83956
70007
16760
57336
30584
55457
35920
1846
83559
27514
48212
24392
45964
37024
47187
67278
79241
37875
22329
42529
6801
56808
42030
16535
72704
23532
17862
38857
66478
38574
55959
88286
83720
77864
8531
3159
54473
971
57777
8519
88460
88116
28198
81113
2816
75912
44447
22516
8940
69967
29035
7827
28018
3556
34749
27119
25453
40981
6221
48255
9920
66440
57483
40464
73005
40920
61281
74533
83071
31571
36216
51783
21767
56762
28397
84380
67965
11667
21636
14548
54958
89562
28683
69649
89008
68725
55897
32107
7033
15371
64157
90533
20807
56841
65387
77069
51286
69839
20272
60347
59924
36732
25238
82256
51761
36192
65876
52889
43892
10164
30559
76904
32422
36757
76770
89956
29931
79088
88738
35148
5155
54060
25075
50573
39031
67168
31997
13157
30760
56094
92065
28184
5141
91309
85799
33368
24344
81121
14135
85193
77730
8898
72410
56948
35669
91149
36741
45519
13119
60181
90546
32985
64629
47721
31975
46470
1775
251
31015
83081
27926
74398
14287
81620
71238
78234
53348
12898
17415
73345
61822
27988
52123
155
17304
4287
79935
10399
65208
32999
32209
9694
48208
57219
78610
25575
63431
64592
62457
36251
27407
50274
58472
72404
12984
29297
32882
68652
2326
15731
68751
74827
4064
64338
91654
79324
30785
42952
5279
34666
2845
86298
43127
78279
80631
76777
87952
24182
79178
297
52023
72616
68471
24387
73009
13534
81643
22295
36658
64012
35951
78028
63412
16584
35181
46442
88524
82793
23721
59006
92621
39230
33049
74224
41230
16206
88030
24452
55391
31418
78419
23996
53400
90512
26123
42577
63459
11595
8334
8656
31433
79039
82262
56839
79793
92350
48110
83968
57077
31864
50304
20322
6993
7847
49167
10931
73166
88616
53637
43682
5049
30887
19325
89440
43069
34607
83277
86264
55096
69309
5561
56360
41949
657
53729
615
3830
83502
33515
87187
41641
57346
75169
49022
68907
41679
56051
65076
5362
41502
541
13299
57852
68922
72400
53153
1928
19145
38413
14094
75192
40755
38961
36529
3782
72710
53015
16793
53129
32015
85469
43231
25801
38240
49969
3371
3602
74601
54856
19982
46700
38320
274
58076
21568
68153
72968
14631
92759
70712
21960
27846
41440
47812
50520
26210
58474
81370
40163
27320
44859
20431
8
61175
25887
55454
29927
25270
32383
63508
29730
54461
45659
84892
92077
5917
7852
32240
46114
33159
56182
60898
62016
14264
91539
40046
43846
76236
17127
52661
52706
88865
70411
1992
28042
56476
76660
87434
14784
64320
56388
74904
87913
86293
53278
83536
69108
11647
67429
77152
74872
827
78990
27791
29131
56225
55661
17888
42544
73841
39246
4110
13438
24074
35733
82680
28769
86963
54601
45213
89221
1873
59037
9900
29096
76647
18378
25571
9267
75402
21315
56934
51977
64213
75140
61899
76026
50628
16773
91083
33240
56697
39899
58028
15545
83341
59299
79621
89905
25408
14885
32879
53990
38746
22175
82220
74854
68748
61773
25400
83280
90446
27605
42673
1598
34517
14257
25047
75213
24923
1120
80894
52453
59715
17788
22939
71917
25530
34938
42881
6748
4288
42723
20458
39720
91762
83971
25955
80453
25032
73303
44743
9731
30951
16364
1014
29168
6624
29830
26289
70620
79796
16299
46684
49126
81714
70049
30330
66573
69986
28231
54286
74582
17920
35471
77438
66473
37877
50066
15936
15241
70958
55026
21108
76142
65494
8877
46914
19618
492
53812
73171
3494
85780
6935
23216
22550
61162
2114
7662
85292
67663
71604
24683
71862
51589
17963
30159
92575
29845
76091
32298
31340
75470
36616
2912
9245
20711
93400
84071
10125
24870
12906
64659
64490
40176
19168
32000
71417
51724
5365
63976
26686
9180
31133
59434
38340
77840
15474
56622
29755
46766
59956
30168
80396
31947
9312
63216
91331
49407
89777
49459
43214
9970
2605
35943
62382
56308
90794
76973
23758
27866
11641
38660
39876
7021
58836
73818
1066
9658
7907
15470
85493
14697
13766
11794
18224
21232
49047
46297
80902
9448
27627
7781
1721
31676
40050
73372
64188
22474
4372
31660
56140
25333
4009
91428
54763
35066
68181
82273
1130
51041
28952
93408
10947
48700
49418
28539
54468
64081
67893
56313
10324
85940
36542
5423
46184
77241
82549
83656
2478
80907
69093
86820
38501
9621
40995
66325
61811
55633
74493
18690
16932
74583
60541
56922
12264
11536
77885
58075
16996
13920
18332
55759
52623
15389
27280
5016
75774
38738
50826
52367
74340
30553
87889
36111
21060
45374
74023
18492
17596
43524
69745
15377
60534
35301
13704
80961
86640
42724
10350
23979
33976
80647
45867
35504
81764
56319
88920
90329
17755
3720
83340
53190
76415
15839
64698
84798
78471
62249
21781
68073
15167
43324
86527
13771
5008
6192
40624
75502
31596
35311
49783
23090
47689
19309
15988
5927
28625
87380
17018
52150
47008
61635
31495
25950
19752
76538
30892
19807
41617
47171
37579
53757
57906
12803
29839
30895
16365
55894
62513
81210
48753
26787
1225
21174
78330
69867
84767
80238
19828
83563
37550
8652
13247
46504
682
15010
22636
48283
75724
73799
14009
826
31558
34297
28808
92572
76445
19441
51572
49582
62962
52477
56413
1591
42638
62412
62552
16258
49398
49025
15593
92831
26264
5788
45140
55133
77210
79560
75480
45816
74543
33027
86655
73928
45336
39650
35835
74637
32854
62822
60635
14589
61361
74368
42201
57848
17130
72511
59622
27856
79723
3854
71813
402
61648
52458
79888
45005
8769
18103
31605
3616
77133
51497
28131
15353
49196
88930
14187
85950
80542
76129
86395
46668
33848
65929
26660
7556
20389
58767
2363
89964
42912
81026
2551
5065
58614
35163
58741
80431
71563
76699
36776
81243
486
46833
69473
20214
40246
67077
1054
11731
86267
60744
18359
91630
1387
85961
33544
2606
16278
61971
36824
52787
15142
19537
60415
31930
47154
20161
82029
64712
84601
10117
53857
23700
20787
16958
51453
16948
92444
66795
10733
84478
73964
55943
18549
59505
2607
20624
38352
63391
40882
28980
31557
70951
71359
67267
20491
79513
80913
43026
48701
2922
69346
85918
65441
42844
26041
3492
30249
64185
1623
42450
58364
50361
35898
5710
8694
1587
847
10002
6862
5331
87132
26694
10337
88710
69664
61325
47623
91664
85783
53980
7644
50886
22410
25556
41422
53224
41179
16296
62997
18780
70421
4943
66329
2662
29192
75729
41407
614
82139
82802
20838
43066
27061
82168
73912
21389
18800
90244
55425
79894
88332
26272
20639
4430
84341
67406
64328
89971
47080
70217
49589
8435
64378
18590
78617
53472
85845
19277
45708
1173
54840
32029
71572
63619
52289
60912
90838
20257
12624
24920
85172
12754
54477
63609
19143
63499
52820
31301
60575
53762
93206
52947
18568
67245
85520
80685
23954
71343
61129
893
37610
72278
11816
64156
78927
28790
57803
73025
54579
2661
44702
33862
74670
84025
6071
32959
53323
11771
71669
81960
65374
41713
57044
21861
4821
73894
6273
87870
43286
36515
75590
20205
4528
92150
56356
11535
18706
7776
41691
5979
55997
89736
75680
15432
12301
49092
18790
61610
54729
85962
42903
53651
1041
31510
57689
89643
11991
83136
10427
1411
21517
47320
58205
46488
4714
33
26306
74918
79470
42599
66926
15585
70199
20029
38778
47667
44131
78546
37747
17277
44060
20960
55262
5396
32333
44853
83447
74611
11318
80315
5556
84492
84993
13512
91914
77590
54754
92994
64415
9911
71578
17432
11917
10245
86986
91438
31834
11755
23796
1528
24286
27185
29790
35016
15821
70711
70995
30334
80799
28531
56227
13546
68977
74844
23295
85637
22171
38104
86198
71511
29194
63025
36702
85997
25592
77166
30644
3980
54982
73751
2056
14294
3743
54451
39937
26220
63011
42348
22342
66543
25669
77763
87799
46102
17184
79984
80161
72246
60200
55531
73565
8821
70453
69256
63848
73300
86825
24546
38418
47805
11833
22637
7517
63120
35648
81987
84011
52657
73118
34800
72723
16306
60426
40891
40863
52400
40005
39973
42892
87214
50735
81017
17897
70653
43806
69589
65933
61966
56751
18151
70714
22246
14215
11390
46045
37072
49046
37062
41466
84176
69339
74326
48336
37075
55604
13913
32925
48802
4007
14917
39127
55653
86348
17167
74040
88586
51713
660
18582
75393
54766
73569
32602
13619
83258
67716
76021
44616
38650
34330
56965
61711
6317
87258
67949
73376
43672
62781
28183
32829
87254
23138
19045
33213
27178
49934
65112
43641
53340
46035
40014
90845
13705
15559
41653
52703
39869
48253
82834
79821
24555
25087
77972
30620
87730
41225
53467
29910
51326
75362
64402
15670
7279
55516
50780
60731
36891
84378
66470
3699
39634
72372
91854
16304
29417
2308
27370
1898
60130
29357
41035
58192
25911
62623
42224
84529
62384
52271
30391
19332
33103
25079
80030
66762
8525
709
90087
83200
88074
73327
10719
17071
55798
70994
72920
39630
8080
53940
9625
21784
90444
88392
81720
22224
13270
5602
84624
47275
84402
57329
4664
65907
86149
60507
63308
31353
44692
27947
3063
23966
32025
28903
60190
11077
91308
370
50934
49399
5677
83346
16390
44110
49694
59394
31740
25428
54973
57707
40442
9657
38606
25433
8155
13404
69738
9944
77432
47620
46392
63154
1344
91669
50095
85455
67804
52959
59967
47126
76817
11690
83845
4092
61406
76191
79256
58417
68686
60880
61300
901
54239
86455
44599
15536
31103
39514
77118
45234
26026
88987
1292
15796
10902
81623
93342
16581
82072
4865
40657
7071
21795
77190
92086
39318
9458
59690
34432
56580
75497
73440
83019
9247
59836
80873
65970
79272
23373
51433
15245
80000
39063
5262
66356
90443
313
25896
24639
23049
88036
46987
40811
50138
48610
92486
46844
54961
69774
46758
61943
74825
56691
39368
7351
59800
78583
93014
54414
56537
31787
48507
36713
22334
86028
5880
41950
62238
1939
83661
81791
27156
75013
64465
9325
10332
73821
7449
8806
75788
73491
85592
24952
70842
17704
86876
65446
17450
83872
59117
92999
42272
44106
32794
13720
47497
60595
87402
24692
40925
80960
68460
45633
42840
78993
2953
12584
49214
57255
21131
70282
75620
47890
4002
15162
39326
90240
92403
10046
89406
66043
35164
86813
92741
58054
34129
29254
88026
39287
23320
35295
1871
45375
7674
17478
12599
8588
18036
62511
7219
27850
66565
56616
40495
26212
61419
14844
81959
69194
76505
57199
73063
41366
91129
69279
10036
2475
74490
74007
84140
57966
38682
51942
79388
26789
90328
9962
49872
2804
11367
92149
17637
27892
4685
7036
63442
78930
13019
9140
41237
85890
7450
55264
5439
84192
59736
15325
44543
7592
92089
79850
2262
51762
54515
93136
36437
75257
85996
84205
30880
39266
75096
68314
8834
80370
51829
8600
59959
20429
81016
23907
81593
51832
15085
41509
15899
89080
56251
64658
27744
69533
59953
29502
41897
79783
70265
28616
19910
20791
57565
45334
89356
89860
32282
3121
2105
65828
76225
6595
8714
15520
7371
40609
13027
17278
30354
73592
77276
61626
54092
69789
79898
375
7053
71569
52
77006
81334
28957
26304
73120
45872
40672
57065
86462
18326
136
69950
4418
69410
73403
12640
62427
19848
23203
27291
62914
69506
70508
53570
37744
19870
74377
21212
40608
13232
28679
16476
58450
20499
22465
30230
87246
79991
70816
16010
65118
78903
1310
86767
60815
29479
41152
17900
11726
62618
23438
44100
85703
34880
31587
82452
93162
30546
37518
89608
41396
66608
67212
15790
43812
89459
35510
27508
83009
85411
58468
22035
44515
75650
55086
58903
77424
61786
64644
86142
1768
36384
76646
72422
85832
68615
45106
14468
89191
92588
14987
30300
47353
17757
39405
47161
10353
41796
18011
75118
74156
76637
40986
12314
14402
39762
24663
65129
67288
91692
92798
76208
8812
8778
48966
46638
21813
60199
58930
57535
41376
16790
80410
12235
66030
26302
38374
71884
17556
77759
9220
27564
61525
56431
9234
39988
61840
28469
57488
33633
33468
84901
89072
24210
8807
85033
82236
81435
60661
92601
62706
51914
72298
72718
83223
9353
61322
12052
12921
33183
9097
30639
8728
33530
45414
90596
42501
72600
52597
43939
7997
1940
49179
37033
80882
16353
39076
21990
63430
972
15004
69968
33057
19959
6467
81635
50425
22759
13593
27471
22667
62817
53200
21490
70968
82720
9011
15024
7090
90052
29093
84980
20610
42576
57022
83118
21838
37111
75331
58667
91881
34441
14566
92123
70652
86109
17003
88157
7881
23039
77869
61215
92493
39619
26141
78735
66570
3964
39028
30343
60151
43622
90848
51052
62233
5375
17651
9599
5992
53475
63255
68554
57837
8045
11986
83929
16916
8467
90358
43671
36166
10891
77155
40793
47680
50387
964
72642
43192
24918
76586
36917
88386
80939
60273
60867
20068
90927
17254
29621
17110
86801
68373
76603
37224
6654
29101
5268
80333
8102
16345
6684
26611
13021
2842
18839
8121
13187
35006
25372
46205
55694
53253
73656
7607
74842
52348
6
325
82635
26734
23994
63521
36996
2146
12011
68574
80220
50723
35314
10142
76581
54883
51281
53258
32841
12015
25192
54301
4382
27707
2588
4853
11027
49770
9171
89745
56569
75868
12676
43552
20625
21848
93361
83581
27649
79913
82078
81575
8792
81007
11579
73244
34581
79158
83178
60893
327
44633
9303
35252
33348
39332
61622
72419
50451
26039
62668
13762
24266
14934
31313
25274
22324
57501
55128
23293
23673
20523
76125
16308
2647
78773
58377
8123
23926
9263
34445
23629
27903
27801
15709
9464
77493
92885
2096
68965
34819
19747
65452
59021
10576
78095
16685
32747
70321
42696
66381
9979
45716
20905
12831
51078
29754
276
12691
21034
34776
29226
50918
17831
64287
22911
9518
77626
55750
37871
45635
42807
12041
86280
85908
17179
56516
73107
37931
31780
86409
70670
53903
34839
51203
6171
69679
69389
71177
64922
67677
92791
82541
15242
14439
30436
32226
79721
16400
56845
52973
2589
21622
13309
27602
25410
76657
85537
7586
26309
82814
6784
9779
2327
87306
72164
65265
39074
87931
90674
78211
18240
61919
30561
78586
10313
6176
62707
31285
23738
68759
39949
40790
49235
12303
39150
44189
56368
29056
84469
68166
91511
67695
92805
77875
41468
9025
7558
47770
33967
73718
38842
5290
48348
29646
37891
90844
74956
75248
92528
77522
18888
8648
6038
84372
30191
58592
35253
28304
30350
79750
48433
1345
31956
35628
62243
33392
35368
63927
17467
30705
65296
24262
61847
31425
74804
16260
8926
78998
77079
75326
86065
87820
70269
20641
26800
88853
90981
28253
87615
26000
67073
93185
52840
78920
47847
64764
6663
51295
8410
30870
92641
84301
91848
57659
65637
29469
72815
7897
50696
64637
75201
34057
28890
67746
40950
58998
8672
71290
20596
10954
84001
16956
87782
45961
10832
26892
33611
24896
17419
32460
85296
9255
74095
3039
35766
72026
18206
3467
84763
85091
29781
70787
53206
25300
10748
27658
58750
44521
62027
62964
85917
88295
90765
26993
67875
82348
90824
71904
71316
82804
45772
43489
78349
31484
75532
60212
77787
7155
13983
66683
77103
48215
81485
34575
18165
85412
48451
2365
25466
82811
89052
37376
37079
5394
46194
28393
15054
89826
10735
91202
12993
49197
85134
19787
23995
45922
25201
6922
30969
43976
47430
86517
59775
5005
73858
42982
49786
70184
76492
6812
83459
29768
45227
42973
62161
73570
63055
59013
69740
48271
16883
59080
86410
9442
49030
26140
29200
57442
51086
758
72139
70661
79362
88461
86480
42045
85048
66387
25525
17091
76233
65782
71779
24390
72425
5517
63864
30915
51740
14148
20276
85490
22868
27655
8001
11891
154
88522
93372
6028
38090
83306
71873
88288
59482
35297
53185
30465
89141
22645
33861
48662
91298
22681
88008
7794
48365
20401
46281
56538
9494
9524
20142
14443
81378
3784
49352
71520
3349
91529
2944
92005
66765
2335
18788
70431
77585
93296
87068
83047
36446
4087
4389
67537
81797
87169
92985
75902
55565
80519
71212
67758
13023
53149
53553
56147
7605
22526
69509
84266
22055
92629
72489
50498
36217
36144
91811
3027
29779
9923
5050
30983
6701
49857
72878
32009
48676
19389
40754
29394
57762
77741
87754
74428
3295
36208
86430
87522
9822
25699
9891
31901
44699
51641
26554
33130
56484
64342
56379
71762
31531
39631
4165
81230
85307
30748
73907
42980
29806
85164
13610
14517
63865
88225
86059
56021
52506
7883
41769
16115
53489
38011
31967
57017
10073
9810
47540
72771
14500
68261
33136
70881
82827
25272
28153
68653
8238
61485
27682
73931
76755
68092
72779
68379
80766
17486
19198
845
42425
92756
1309
32028
73612
85022
66338
56062
62797
85642
74167
37752
31117
52102
2081
62067
1422
84936
6987
7437
63300
82937
43448
19908
79399
75296
85240
87237
45167
25330
44427
69849
39580
61093
73969
37105
13998
9399
14454
24964
28676
11903
86136
44066
73918
60717
37745
41673
73020
75767
14649
63875
5694
48618
26364
1858
30548
91899
18593
27732
57766
41247
22371
62761
7359
49521
11747
53177
5640
20163
79939
48678
51201
36410
31283
30161
19949
26940
73772
82224
10262
53064
11820
27284
71135
57784
37831
68563
57498
17203
8887
63502
24033
57511
60568
74240
68133
1270
63039
3700
49926
13436
58178
47562
74112
30902
70785
23561
38667
73622
37321
60252
37586
61658
67955
50120
74420
30241
59527
71271
40798
3281
22069
31512
73255
8072
20881
29046
1165
18866
32014
30088
7056
68940
6464
26721
22770
82150
65489
56990
21984
39503
78397
85340
8381
16237
79028
42484
60859
21146
1507
70190
44681
56663
26612
15634
48102
29899
158
4121
46223
4500
7431
18767
62786
35743
32456
24301
5435
91114
7442
68479
65173
25610
47481
70548
3807
59768
35816
23282
54804
10050
78996
19269
2199
29376
3417
11251
64763
19334
74251
88701
93165
57338
50664
339
30198
52213
47061
25647
79671
81517
63538
81544
81597
33031
82227
40999
72936
79654
56863
77677
41086
17877
76698
28987
15623
78343
6593
68047
20858
75522
12292
50641
26181
25336
93130
57563
7841
62967
87898
29144
56090
43203
62219
61979
68421
11981
84017
43002
77290
9189
15930
26943
58498
62293
33105
71552
85275
58101
63451
87427
47910
18628
44565
19447
42939
16601
76940
89875
17809
1565
13002
83496
32803
19578
78510
33833
69440
55672
23774
16502
17382
5592
56083
88753
89438
10765
10111
36390
66434
81429
13471
14782
42071
70044
46654
38380
87229
82468
80917
415
32651
39717
24175
49734
85628
72342
79190
27187
8777
60244
89733
7627
11759
35552
18586
5800
81092
54623
55110
74951
21025
41380
76850
27292
74229
81989
57919
27367
74790
89840
50263
80290
76798
85389
23894
58065
50658
82241
79591
12060
76194
92072
71363
38777
52678
48428
35997
71338
36906
76253
46508
35467
88001
62136
13598
59272
63929
77927
56947
28282
65793
75811
12705
58105
16459
91080
7652
57680
60707
26665
4473
85059
31815
2278
32454
30655
32936
46519
69031
12506
44727
22140
76689
48969
2733
39277
55307
53194
7314
27123
44862
7160
20573
85011
91353
44964
54336
5963
57520
29532
40106
63448
11858
31440
43707
8084
17646
76585
53437
69853
156
12126
84826
53710
22085
16297
78243
78929
37571
35000
15438
58063
26099
72354
76958
66253
38004
78184
50412
32891
62779
72260
10581
75412
4586
38557
23660
14756
44254
41113
7187
8743
80209
7622
6007
67242
86285
22829
61458
31632
74912
7005
9600
77641
51969
50168
39964
35785
30700
21788
35106
47791
18571
63746
82707
55566
13213
20422
56928
56073
52620
33966
92389
16530
32757
14970
12116
80148
90501
23741
21319
71260
15466
61355
60565
56652
68080
38031
4981
12503
53270
15051
58038
89054
71300
25339
78142
1430
78077
20877
19050
89741
49834
89177
4244
77770
38325
18668
84451
69671
77341
28599
30120
32966
854
26429
13108
81141
81094
72505
5683
37289
36639
44471
73607
22838
43834
72041
24527
18362
46711
18993
16832
25796
50789
53398
56210
9485
10359
59012
24117
43458
41126
68668
65709
85796
54504
38827
11544
90705
25086
74848
2321
58956
49468
2259
13465
13130
34617
3180
8132
10986
71867
75179
58032
69060
64463
2124
80788
48624
68588
69557
19891
19061
14097
57969
14622
36624
48101
57773
25889
35570
68104
33352
20781
38438
79924
15699
74214
24599
65021
77094
63641
21153
20620
2205
2668
36171
91699
2441
47165
88791
72071
32921
51882
34644
8272
34137
3817
4437
16783
44171
14425
77130
17255
64931
25834
49109
42489
31048
71191
69095
75597
3848
53452
22851
36641
12650
69596
9838
70510
44278
43001
58503
87244
54501
65420
19979
85419
32607
4466
32050
89265
50097
53531
3702
89708
32007
1499
4428
54077
80294
2848
55990
44399
56025
79907
64493
19690
39707
92421
22276
35226
60827
77169
53439
25393
89113
3863
1244
28706
45101
58085
46271
71542
30153
44815
57193
2669
17728
28265
38572
41589
57149
17567
80175
32137
77367
32866
70828
39372
68798
65871
74580
3093
90081
81632
10583
72435
85289
24656
72350
39820
56200
24437
1554
4159
17159
17608
24833
87352
88449
12000
51884
64264
75853
58385
79633
34524
57979
16253
83397
8004
75178
78697
54272
30079
46581
53197
15778
79118
47940
36876
70358
41779
27606
58714
88826
2450
79700
84518
57796
91136
72522
42447
70854
85212
20459
50280
50736
54576
38971
4082
10326
15760
15204
83034
65123
61275
69823
14761
65308
78314
47051
15005
69147
44086
30726
27760
19033
71600
67935
43875
66240
7370
86786
7438
83325
28787
85724
4446
86687
69454
23581
54711
46902
81954
27666
13045
16750
53826
77314
61781
21589
80174
3246
19745
8597
29452
48040
9539
13577
89790
78683
11357
13902
13530
79437
42592
29418
64367
80492
19453
74492
59794
18424
62179
27435
88355
20540
36009
26479
34215
79130
60453
1519
31030
26061
7475
49170
40802
40627
21030
73410
85618
5000
19856
75147
73581
38486
18747
74130
69974
15985
38366
24911
80543
73584
31205
9445
16229
25949
82006
66540
76065
83475
85425
37099
16342
24953
955
8541
93355
73161
54296
44860
57870
77460
81583
35259
83003
88811
42930
6250
30302
85547
62971
89644
84331
72855
28565
63441
48932
72620
79104
7137
41392
29601
37041
61267
2279
84757
28132
18634
34981
28581
20002
228
59585
93234
72877
14140
5418
30212
10897
54599
65881
28762
91230
28155
60937
45339
53248
34081
23902
13711
25866
85198
63018
17225
64362
44798
25642
33311
34660
33100
31159
1533
37627
28512
81106
87744
42468
92799
215
81069
29379
7562
6336
52099
51161
8979
88672
79150
3705
69417
81689
21804
49013
58577
3552
84476
10747
29701
73825
42683
87159
15207
38451
91057
39526
21027
24008
37920
50200
21023
91783
63062
43076
82813
90992
11377
4025
92222
21422
53748
3577
35304
36035
26007
62052
88849
80056
18562
73105
58641
65097
34175
15173
5845
37283
26158
76667
2217
18995
83070
76345
60819
84881
68172
49330
82044
38447
65604
77464
49651
87219
48302
38886
3315
6566
9960
21331
80978
76532
76673
57413
92230
42076
39627
60113
46134
22792
3210
32813
66741
90603
50258
76997
59510
75335
48616
12305
27586
10394
72320
81526
31579
72509
75581
38816
39737
43359
38453
22633
76902
17425
12391
57621
46592
70924
42060
21656
78427
71579
53742
41573
22952
27066
70123
75084
35817
55364
67317
37651
12019
25744
61681
36015
66662
28926
41805
83479
66247
4251
337
63003
83522
45764
5103
63603
1770
80868
84358
11620
60268
79631
42949
43433
26595
43879
23021
58765
34042
44098
71844
64112
17026
17240
79128
88022
6111
79071
39738
1577
61600
42307
67672
8845
38636
88633
5166
55910
34390
2721
33773
62303
42445
71204
54674
58497
4835
53498
24535
27336
27029
8970
34337
87843
22613
5876
1162
23064
34794
10329
23281
4262
84174
25682
56560
18514
15490
39489
3723
1474
25621
39345
87359
93255
25119
39835
32548
57838
23517
10168
68706
40078
5957
24700
39374
81131
43931
78466
57717
26065
87591
44526
72257
32701
79466
3489
82141
1700
38062
86329
77987
32120
42238
71690
1062
58116
38142
70121
29978
24939
35763
65479
11984
2225
77120
31836
92742
49405
19672
39202
76199
28731
41173
22606
78720
57890
91223
6535
15012
9387
226
1047
21122
18106
26145
89022
78246
49310
20964
59563
91105
14802
80254
81708
45097
75157
45057
74413
74753
19395
73853
74902
46742
42616
15787
78805
19298
35041
3154
24593
47547
7801
8057
21221
83088
52763
21808
71923
26208
20977
31794
48661
43635
13081
9159
57995
45366
46376
68779
18859
52911
72632
18774
87151
50098
43105
2805
54775
40465
26149
45410
16475
22569
14590
44614
60207
73354
4681
39020
4740
13829
24123
50188
75067
89596
68312
65846
26012
2374
76224
93398
81752
25814
2005
92188
47176
10874
59015
49956
53944
12016
51924
77349
10435
32184
63424
14289
14948
33486
8131
89918
55682
64007
75759
68316
36746
1789
67024
32427
2976
35048
57474
70444
22214
80380
55919
50126
13510
51448
66466
32902
73086
71585
86181
50352
27198
29141
17480
20191
92408
39521
74324
32327
55754
30805
51667
20853
52022
19820
42827
66768
2440
70250
64887
83630
69034
77777
49814
80389
23370
31109
41854
17781
38256
1039
82406
28349
18990
18089
74722
73972
46506
44062
92165
52633
29332
34072
60302
29091
59020
40324
44480
29937
40454
25318
2173
12437
66604
3897
48782
19397
60663
79558
86514
74296
80896
4876
86957
5589
3770
23666
43919
75156
88576
35172
68584
16036
46118
69187
11925
5916
9182
73139
42276
18976
15631
60723
10261
56827
38189
62994
36161
14780
37037
72606
10501
92768
86522
39978
37067
14563
8785
41221
82544
892
47178
37240
83657
6468
59218
65974
17405
58049
85846
49233
43557
15248
63841
73556
8144
79531
63666
92906
92179
33196
7237
56085
80113
84218
69568
9225
27433
34896
88996
69107
66951
22335
8982
49773
5400
50454
85833
11085
14532
59292
31291
33857
42775
82054
70488
38311
26552
14955
82343
49463
67434
20994
78154
87309
78937
84778
79543
78025
47130
59820
48561
25675
63035
48169
56888
82024
79677
32004
83983
39746
79317
80102
87641
50705
32586
82958
28462
52961
13989
65821
34743
45688
75128
24461
58349
61351
66809
87150
47740
49248
43319
18661
27612
24874
62954
227
88233
81248
86070
19370
14338
28307
83781
8244
78388
34834
7901
82535
37734
59303
57312
44638
46141
70026
52317
63378
65755
29202
49948
56403
13776
43463
36397
68558
21335
70736
28564
40666
64537
17659
26349
43551
18453
92764
81235
41532
22683
86230
56105
87046
32676
10020
14659
89437
14591
21790
48943
46539
29488
14767
89415
85450
5214
53262
44375
25743
13853
30944
65584
85487
91874
27915
20887
68112
6055
79871
27698
10999
19707
19682
21871
19775
54452
84651
84202
49647
2945
38691
43790
37732
60734
57810
35245
90849
6802
67390
3780
8538
23944
89093
49372
13606
65815
90908
2817
60979
57883
61386
1671
47032
17820
84521
9132
83423
19568
45279
83726
78395
5946
57166
58676
86220
6967
7396
21628
28076
64774
3934
35826
36378
7547
27452
2256
4039
78570
16047
5774
68848
45454
70021
48708
42105
67020
61179
12619
36681
38934
8122
71344
28352
7213
79021
89821
74633
7589
40441
65314
53895
50428
64214
19430
82067
68210
89189
65240
35843
17794
87779
41317
90154
29272
1781
9837
84209
78273
78440
74530
60358
27887
59259
32842
77154
59351
32940
2568
11425
45730
84655
14939
35978
56522
42527
55283
89102
33157
26773
2698
41506
80164
48944
5458
28085
91569
69682
76807
74641
14262
70628
61123
67507
61712
24541
78482
16002
53404
90781
81932
50922
64296
49402
8948
62889
79982
53794
71468
35796
70100
12909
17061
41801
92689
27212
79951
11300
81441
81964
46607
32820
49098
51578
17990
66557
14778
81808
81188
70461
51848
44673
19212
61120
55598
90632
5135
16263
5412
44847
21945
27165
38942
16054
59047
25381
64650
34143
5383
64876
6501
57094
6742
85225
61788
36784
11929
26786
3884
56754
4562
26494
63074
27358
61375
92609
84665
33437
67473
47102
12813
91672
86369
54345
55127
58648
23626
82782
5335
18658
34402
14293
2489
68949
69352
29686
5809
71749
82497
57798
91549
80123
71299
65041
71935
57643
73872
74915
56596
67796
72389
64352
43878
10064
26029
78830
1791
14984
81466
90537
22959
30658
63665
38993
64545
42942
77694
53312
38536
25602
2839
65330
1570
29699
25917
56452
16703
89132
69088
78333
91636
42122
30262
80479
11028
38976
32033
72950
28012
31102
53518
75284
64560
24640
72986
8098
41735
85359
17946
19086
33045
12023
37867
29807
84602
86012
84200
440
30752
84422
82145
20882
37343
17875
714
86370
46755
5830
37021
31941
86508
61417
82558
4458
27578
8596
40095
86252
19347
90855
15903
84737
20895
28725
85263
36962
15657
53003
90242
14279
84488
72629
71004
35848
8512
28648
66447
40651
53242
41744
3696
51076
40069
89724
91761
6003
6253
78601
84769
12414
54939
52408
50716
92477
55870
83682
63346
17629
38790
76449
12860
65407
54759
81882
44287
39343
42336
85743
51670
47063
35705
80911
57656
29861
85562
19122
27044
53994
34235
83602
55756
69872
68867
83560
47992
50375
71803
61506
67980
34195
42050
73848
84130
54843
55351
81002
622
6239
58190
19670
21837
80054
3517
85543
55614
87566
46389
38164
10370
22665
84335
35990
30469
29538
64202
91167
36064
57939
3904
87133
24691
67359
41815
80214
20752
28919
12053
73900
81739
5521
30268
35935
47359
75315
12704
88154
37880
51703
84875
41462
7731
9974
37187
82361
607
81400
42694
49823
23141
11159
86313
76833
14708
34167
59929
21308
25028
41660
73134
7470
22674
42715
18288
14838
16426
52621
24497
31360
26480
9070
46938
92260
61569
66192
22747
67749
60451
16011
4134
33495
59600
76938
70291
42684
74955
8896
68397
40055
32284
17848
10382
56367
90473
54418
24676
39789
83572
40045
27260
5027
73393
64152
84841
80578
93051
56196
38974
54233
90061
85489
49797
82048
39138
4438
23824
87563
71352
84376
81438
47881
83002
74025
5264
32406
448
26427
86925
59998
41129
42853
58545
71064
49515
32628
46135
51109
3256
76768
3824
48237
46927
36875
70574
44082
88748
41637
39677
17420
70985
93378
5039
67762
2073
49761
65361
88150
79744
7608
55543
6754
70329
93204
46347
81357
73142
458
5028
64793
43125
85639
42719
53588
1471
27169
20004
76257
17822
59226
13643
61045
18851
79849
43927
71488
85591
28551
57954
80557
66546
80350
36506
63060
56095
8323
32718
13260
5655
86423
15059
92695
17036
57938
4096
91514
52668
58778
39142
2943
76785
89391
70559
66348
18018
2715
70143
24974
27233
18363
73864
91292
55751
80265
21681
35256
81303
66417
66001
32252
3519
66667
85593
47691
26165
45781
11040
72580
41362
71878
23298
11431
70182
17074
53864
11317
92659
82264
45427
27384
3388
37395
88177
76018
23663
58748
31881
17880
66370
41021
75748
54035
8371
90089
33179
32031
92365
20186
88758
12841
24272
2622
38690
6982
5734
65988
52186
40996
20289
17686
17894
59809
91507
61464
42899
13953
65873
59380
92510
74109
53442
7195
12419
60719
53251
68525
9804
80493
76385
25569
26418
29395
21975
23692
62452
36980
68196
50112
36353
31546
45656
15172
92388
30833
55686
10669
39376
67358
66874
85032
86683
9718
22935
60336
49093
44240
14694
9120
81821
79774
30512
82259
70954
23879
78777
86688
73187
5579
76654
91387
64636
31376
69224
18149
62424
69723
13327
89618
11210
21198
58435
35543
63222
75188
46544
48085
84223
65356
38471
49798
54806
88005
21086
38945
80132
20856
74139
39743
89615
20239
675
14559
54820
1322
67837
51409
59862
21558
73583
55267
65866
4017
13659
51461
47702
68980
13715
67959
14937
66437
60548
45833
88575
92327
55738
9000
45411
11243
57538
52171
5977
24029
63389
39895
17903
18412
80920
34426
2428
87004
13666
91447
1277
87264
21390
73930
34681
45724
57905
89687
83997
18515
91512
68414
80001
92001
10067
32212
81197
63512
36635
22551
58127
51418
93247
35840
56334
86635
5659
74696
54036
48394
23790
81644
49503
86877
29426
74931
9533
10473
77883
22243
71288
1495
7417
69143
23195
59422
19640
56753
84562
26456
77674
28804
73723
503
27108
6973
50512
15040
29377
73605
63172
65034
52307
49257
26233
39867
20194
89993
52503
58106
73967
68332
27412
44496
50983
65144
53894
57394
78442
30518
58009
50906
47830
27184
88869
75
53795
54029
29331
7424
65733
80581
53325
20426
52940
43797
15576
37308
9628
75933
61352
76437
15201
10226
62844
37699
32182
42079
86996
41527
33909
66522
43211
43124
1743
8776
78035
11562
30643
88924
64934
61015
68677
14380
13523
5452
56894
17684
35415
28080
17462
66589
76439
12658
41856
42217
75757
78391
6370
37697
81244
23278
1169
30591
66208
1358
24191
3414
93021
4099
2673
45629
24161
14124
45088
12639
59246
43024
18975
81012
59917
91861
35396
53414
82425
21467
28811
77014
84508
62499
45794
1
42347
92638
159
13678
10028
2265
1916
39313
43658
76156
66641
68
29492
56092
64010
48614
84610
68932
3434
49390
31339
35528
89746
46555
12806
70289
35573
39764
76866
37106
16410
64707
52575
45785
35282
9384
77262
33607
34249
22588
55703
14911
23290
31800
34131
87659
70372
62556
79044
63276
43662
24054
87326
40708
4858
33091
49455
40228
92232
28856
91504
70263
92701
92667
41333
86663
9004
9953
83963
35098
56851
29365
70059
53421
78604
19508
51211
10840
67974
92432
37070
34632
14244
33604
81137
9699
74882
85415
12770
90414
44164
70189
12268
9476
79512
48094
47683
9850
85108
28001
9983
35831
14973
14999
66467
36600
16189
12855
75785
16664
38221
36822
40757
23592
28761
62904
34446
20551
74654
28280
81111
59112
8590
17329
74300
89026
68090
18204
90830
58675
79263
4989
5212
83278
20833
37720
29270
85504
22059
27878
26501
18006
17532
68589
82015
16587
81360
79372
77064
80006
4822
43370
14070
48526
30995
56657
48204
61224
1300
74894
89066
47188
26719
53505
66279
75182
48517
16181
24614
11998
8178
2516
29213
4359
63475
33328
4255
63783
42267
22707
47049
62390
28515
755
55062
62690
27410
87507
53483
19282
59710
89757
1298
44927
26992
34090
90571
45171
11284
59897
54353
3928
82965
69468
71752
32994
17141
44870
88862
79231
33598
73263
47058
67175
47750
42172
27234
7628
8114
52011
48598
10357
8998
39086
82381
16960
52910
87156
42580
32786
55954
6302
17893
41377
64579
67911
72428
1959
47941
27499
55312
21272
70272
46975
8862
65411
76447
67634
39382
37958
93158
92097
81477
24995
32927
49050
7809
90398
75468
4309
66170
46866
37535
48478
34705
3903
5919
53645
62737
12086
17443
91516
76687
53593
25111
5404
50234
43250
72476
25265
923
60603
81511
49939
85722
46331
89534
67860
59111
35525
683
71193
37737
26687
44126
66231
48133
17890
22502
83251
17046
67487
28851
61324
61059
83097
80872
32403
84909
42752
748
45802
82326
56267
68665
12554
33325
4979
41953
27680
65710
56156
11930
21185
35595
88841
27814
30379
61239
11642
53138
57114
2762
85145
4736
26445
12885
92507
55480
8751
9073
63338
6478
6469
57566
48261
64455
64845
58331
91961
90499
30115
36907
32444
74397
46977
67693
45415
68945
53697
91872
52241
63174
47636
40956
84617
17769
52639
47558
20404
11411
62601
19429
60733
17122
50603
68263
17403
17266
79846
29020
43199
80024
10820
72584
81353
50667
39600
60311
81182
43665
69766
58632
450
56554
29158
36860
47912
32061
32198
18937
24626
32332
7788
73934
26972
41052
33320
30741
19382
10741
69876
31811
62199
17224
82203
65348
31946
824
33271
66154
81402
7244
47795
55638
19365
15896
34796
37492
61072
1045
20800
20814
31889
19571
82461
26360
16622
24386
22481
89715
64351
78742
28429
88425
50239
11583
11134
18894
20304
90950
79361
28164
17660
54043
3089
18776
38659
82414
25159
12710
23389
70016
47583
9480
63066
19825
41455
43220
91642
32753
75159
40855
50841
25609
50356
58031
60074
70464
53266
89984
54250
41881
86452
55814
54826
65455
83770
54903
45706
12263
77669
11256
25409
13699
75028
49270
19463
64035
91734
1477
49813
6107
62956
41034
4617
93042
16132
90671
47578
67755
12762
71390
43056
70563
32649
39809
5308
29941
59276
1188
68360
51840
19798
44484
88481
33251
23088
27631
83890
454
25916
92536
18123
53640
20024
50079
50557
91338
68008
12339
62767
31447
77463
78995
62011
52746
79146
12350
30104
66252
5475
65773
54936
25994
14642
21448
62480
27297
2337
39417
43172
65390
75151
76254
2867
58325
72791
2397
88407
29256
27930
2885
93007
21970
4577
44176
30667
49943
66040
62682
78824
8782
87997
17786
46279
35124
27763
33945
52074
46956
20607
49103
1622
11019
12529
89142
85238
21447
14161
72589
86674
67409
25399
38982
65273
47332
58515
88607
33331
77836
57404
28383
79756
42239
30327
76930
55528
34351
12809
62253
31268
60932
71043
5533
28485
8333
49832
35616
89920
160
58613
9516
63355
74031
22813
65469
81500
88205
35184
82
54211
58151
74667
6466
52868
32953
77047
32524
82918
39017
34288
72510
2570
57051
48455
49847
80643
64677
5582
62360
63354
6433
59275
59678
8762
34546
51631
24746
57447
36774
73876
80085
64253
91340
26983
4537
60927
12467
53417
2891
40339
55821
30564
43837
27031
36402
52480
73280
6358
28062
66518
6367
50712
39494
67867
38033
81200
55622
43318
55538
77413
662
12331
18718
74357
84029
14149
8351
2411
76879
90245
16889
76378
1040
54968
89397
87416
22240
26924
14530
53689
79868
30040
12056
87806
71108
81877
17680
23133
16688
47458
74539
26909
29000
75687
43949
72348
38991
79754
61965
12983
61769
87063
32922
31699
36568
17505
87462
4442
28057
80298
56159
16654
86311
64500
92668
85239
39584
50264
28011
11673
77096
15159
47500
34820
32289
69407
1484
6214
26838
61679
86056
61423
38515
9787
19860
31759
55776
14483
3697
23139
22896
89171
65318
14207
71129
24993
33683
68740
75439
89385
33841
56583
90641
22796
40845
79911
43582
43788
73257
43595
56972
40254
29741
48617
73337
31627
17842
67628
28745
23596
23490
18316
3630
25200
6298
14928
84627
11227
39893
67590
32350
42801
54486
58793
59058
11202
5827
42156
34165
46536
77300
59879
40453
89300
90909
28391
15277
57414
53855
86714
55995
30884
49014
38355
10556
44259
2372
34300
84557
15332
8251
77373
34385
68422
34015
18604
47783
92540
31903
91965
21634
3530
15272
53741
70010
31028
88724
69969
61170
16182
73434
51493
9118
55401
45734
15566
13296
73024
15654
46999
30447
74027
77389
84597
46226
20517
84058
14908
7223
165
43877
687
46082
55863
67104
76205
47925
22302
67947
12808
86793
19716
54478
61328
57684
60288
44556
33359
62834
2598
89439
43329
3370
74451
56498
71536
72746
84091
76411
72204
47811
20726
7132
2165
83544
16912
52266
14903
86512
32214
67891
983
26676
53136
39042
49910
1772
75404
23726
62838
55868
7464
63632
498
28311
32783
68703
21760
85335
71160
7961
9265
51173
22710
44376
85104
83979
73413
14571
13576
62503
87305
93266
30935
61985
30869
77708
54135
28243
21435
85615
35758
73133
31441
68769
91577
30332
18182
54214
76455
77010
13259
46125
55385
48556
10546
11480
9867
1020
29877
21261
54015
16975
75719
17181
12402
40404
71796
21089
63285
50071
1962
51426
36733
33661
57351
40727
3177
87001
87243
79832
60765
30925
51894
46708
21304
31583
50494
26336
65961
82018
58077
55702
7771
57602
21103
20508
49137
24094
80013
88113
31377
31152
39347
32956
29013
58800
72492
17502
90762
24115
79296
5227
16246
10797
47092
83885
73653
27010
58025
69919
77220
37431
4899
91213
73509
46546
63330
80923
91601
25729
6082
67897
1325
39726
77208
42566
17713
51805
17520
90191
66222
51001
16786
7594
62900
76052
12605
30209
17624
61451
79722
68642
61650
6429
16273
77740
41745
64886
36417
85360
51089
36873
22360
46979
73150
89999
6986
21395
25187
78295
73495
39122
47942
25863
19085
52119
73742
47765
37685
52998
53671
60878
41087
52933
40844
9022
77882
91135
78523
71170
31945
58638
32675
77011
75022
88356
58898
61779
67006
12447
38743
45008
11461
87936
35474
61944
82733
38940
35829
36477
68330
82152
42294
28283
74640
83458
14807
62200
80658
48199
19696
77250
44669
80736
55442
25690
56800
51733
72852
50123
27192
41065
57730
20678
2101
33427
18955
84611
30984
73493
76048
4494
76114
69702
46629
78635
32386
23147
87000
48071
29880
2878
52637
61639
49752
51355
67262
4122
33844
55141
31961
6865
91855
579
20665
21947
46075
47337
36843
73490
51498
49370
84424
84229
30293
51111
57339
47969
74557
75879
34697
28942
41041
64049
88554
92218
90483
4263
39335
51565
81911
52298
39903
63863
13344
58616
44476
21652
48803
12845
31317
76876
84051
82999
60934
57029
14394
71665
77632
974
61930
50967
1470
56445
5976
86949
91273
38145
23855
21193
77901
21625
79638
22713
14964
82052
71217
83216
76720
76137
67549
22260
41346
61166
79725
36112
68388
791
81084
67275
21927
11521
8087
52070
39636
59500
48789
69903
39686
4254
43050
22405
82117
59740
61013
68335
38461
52766
20445
22152
71674
36497
8481
67482
84692
79004
60239
65030
23307
40130
55000
14830
92617
50267
18301
85463
63597
73847
24727
45248
61699
88094
65572
22100
7184
84896
71411
23833
11267
48628
42493
26797
81281
82890
81557
79116
24562
57353
26564
42581
36694
18317
51332
3932
32808
92499
56121
59426
28806
5615
3860
28901
66730
26960
26548
91853
16984
1788
80066
34622
46756
75558
39646
1883
10038
45386
26054
47973
65205
66212
59692
82930
55978
44974
57287
87942
42841
3385
84530
73796
27934
36689
29537
2181
87933
54171
29669
72621
3718
73634
52779
72891
15540
71934
92725
76399
27900
71998
5175
81256
1197
36169
26714
83310
70266
86079
31539
88297
86868
82028
61449
63384
46216
51003
24897
44881
74933
85434
23106
63959
82125
21154
93412
7409
12996
60310
53103
17442
41005
71229
50385
86603
63827
74749
67489
50220
80302
31977
49782
49794
7069
42946
23896
80695
74392
83122
63458
35340
6333
57851
78087
32144
50565
67074
66712
77484
11379
48044
56801
29094
38052
14020
26861
11687
31487
33341
15661
55417
80246
78342
27128
54206
59782
48684
25534
41461
78083
70974
9529
79690
64514
48764
45517
31777
39568
36684
39463
8556
43299
57636
21179
19693
8953
26819
2531
86970
35869
24841
33151
77384
68130
6636
21369
53122
73698
48086
86419
40298
65380
92761
46735
88490
25852
61951
73311
58962
64785
66111
85006
17821
59529
20864
36268
51127
83266
21807
28656
3002
71953
54474
73637
89639
58087
85527
14033
93149
13359
49112
13043
13356
47873
41279
54019
57614
46101
34070
68692
88100
29151
22901
53062
31420
27855
71173
30599
30336
91573
28575
58939
53845
44571
3475
17214
14597
65419
26538
28371
8265
25090
11090
92794
30919
39370
266
15349
48131
42403
11867
65601
55967
19960
88715
45469
61210
17700
46564
52510
51837
21800
8505
59545
54828
84363
11901
63901
23208
89445
40110
66382
52448
69796
20707
34809
81323
58969
47379
52274
67696
83711
34727
29211
24353
9012
78217
69771
30652
81050
24701
79622
54884
34254
33429
57087
61730
62705
93157
54873
34602
62368
12997
54247
2452
6186
26195
13216
51915
35623
87227
41975
60047
2926
8231
84779
34629
37141
80864
48626
18168
5111
73707
25016
14651
72922
13090
91568
31417
46388
34314
2749
32274
280
85441
51833
81900
33629
63997
72799
48527
78934
36290
40532
27750
60386
81444
36567
11003
12222
92907
87166
44657
77798
57356
8690
61004
91048
63559
50082
77854
31428
18611
48978
27952
90313
64936
42658
84407
18619
32515
65258
92147
20345
70572
28662
72727
23248
75857
20867
76684
1891
17914
49369
77806
4334
68037
73558
48580
8702
13782
61572
76732
11908
80494
84933
17108
7233
15663
67370
56748
60407
93039
24057
26544
12726
4012
40553
33470
49281
52724
64356
36856
65243
47897
31719
35337
62591
5261
47033
18019
26568
12575
44374
7264
75666
40752
74476
9093
48671
87501
61697
20379
76275
3359
87721
90212
79575
27741
80883
58809
48282
18725
87553
65659
23095
43527
61680
5358
73450
42560
50422
91351
21963
16995
54236
90509
43043
39470
67451
80878
15423
65426
79944
66583
48393
28921
3868
18778
2260
42314
61914
69327
35357
33525
76054
93237
87091
8299
60427
89612
12790
54054
44773
40188
34605
87064
12295
42343
63895
90011
51710
84472
16521
57665
10666
59203
56421
90810
60167
46332
63047
47198
51749
83504
46121
2710
53738
45813
65675
88848
3698
41775
59179
80212
65887
70922
48416
28533
91772
30260
5674
89262
28446
48190
28234
88453
82950
45394
82835
65662
72566
47749
46021
69190
46236
35149
37341
22821
32834
31544
73532
50392
62279
80962
45934
60960
17731
31089
29240
68483
65500
70105
47653
10766
89946
85818
23146
80739
46425
69341
89546
42471
5024
39373
72778
41163
8485
43470
70655
67007
69840
48766
30821
83451
41935
90121
39696
10054
6382
79472
32977
62212
23152
60693
7862
11129
77159
45382
67474
89077
35359
79523
83549
88828
33283
66152
19834
82449
23729
6642
33168
86073
82089
16022
73336
2159
84969
6630
78568
85990
38774
36845
34501
8889
8864
71640
25633
17508
32411
20774
81277
75110
41348
93150
30928
84039
36933
3891
31547
40203
38863
3925
71687
90369
62685
1660
1937
81415
7308
75266
42020
17924
69856
4887
21657
57005
13871
84081
3389
36938
89896
11436
77168
64181
68838
52051
33229
24104
42829
87983
89548
34349
46485
80901
50384
17636
11676
54809
67092
30687
66863
88051
29949
6724
54586
54159
71732
84095
69109
7926
84510
50601
30099
66263
89198
90207
69995
52956
406
90760
78917
275
45736
788
9349
1330
36884
4035
55322
44482
27282
25161
28215
44783
61886
9819
45947
7696
28672
46172
44350
52786
76476
53745
3607
13057
44021
71549
27459
26514
14213
80118
42472
77029
40422
63125
49003
62453
44831
50393
40668
81099
67987
64053
18735
4893
21454
412
34780
66927
38671
26742
50085
58704
86571
29929
23183
78396
40963
27218
22220
84592
60555
61907
70343
88978
52863
89219
56995
44557
1705
66716
61727
12796
7301
24269
73385
40671
592
18298
55451
65466
89068
57932
1381
10809
84411
64522
38883
28786
49074
23109
83311
64427
30862
38531
62332
83402
64166
6440
78134
34416
13640
17643
44559
25645
48068
33565
65698
30666
38228
53533
63999
29034
32769
70316
75120
55926
12677
5368
20728
65667
77156
29634
39482
48339
12690
92451
77306
80725
19495
83063
26343
36444
13422
32278
58399
59339
59319
78436
55219
21596
30318
64736
82604
72833
10390
82524
5719
30950
28514
63017
43769
64723
68370
57651
36551
5626
72814
73182
69252
47484
22459
5284
90126
42896
80688
59328
35685
51523
93208
74887
57315
28768
31068
4413
77325
23047
34924
3575
56682
21437
24565
54639
25532
73414
54268
8573
67890
75638
43486
12759
590
60902
76635
86668
29667
790
28389
13485
65131
63258
47196
44421
45863
53549
72470
34481
1980
50730
76214
67392
19270
77393
13803
5753
4016
56010
30051
72783
34845
6886
64491
27901
62419
91801
84243
91303
50453
1148
75782
66101
55891
73870
4878
8833
59633
79351
64337
43951
17514
36074
48290
12128
36519
36105
21457
47529
80668
6455
93102
4241
25304
58874
87817
34431
58030
10593
42163
43607
89761
57026
15393
69164
42656
31904
42411
61541
35384
65786
77631
90037
15758
38752
736
70636
45765
40783
77343
32604
23731
61127
1935
40297
31695
12637
57270
59841
45620
49843
19289
7047
5505
21926
27308
14513
53975
48523
84734
89513
64074
91668
71759
38793
64029
50740
42400
60852
68207
93071
24868
21152
73106
19912
30669
39327
56737
72669
14315
52139
23171
80278
14199
45112
83618
62700
12063
59196
52097
4459
31080
41521
74022
12773
44932
49806
81470
39763
85541
80698
15904
53302
64290
8691
24335
14698
43229
64823
15723
61299
87073
8183
33308
40412
79615
84661
10817
27738
19435
55233
72720
60021
31093
23170
92901
73110
49523
6586
53978
69223
63112
23676
89407
6013
45735
90271
88028
57385
67345
11363
909
90043
69802
87662
25184
47631
28977
11439
57711
2196
50847
84135
64842
22552
85647
56973
2929
31173
59748
40789
14104
66699
55628
46696
43612
91115
60215
31215
81779
50056
20950
61359
45615
9259
15216
32170
68975
91849
37138
19111
5697
80679
10184
86935
50087
52733
53541
37738
31012
36149
86415
79176
82594
50915
18450
73003
56458
80414
60084
43403
87961
5717
25749
47552
25156
55718
2130
91242
64672
54387
65713
35063
56481
74859
65535
21783
50661
28793
66307
10580
84482
75509
91164
91561
8897
61495
33982
3786
31773
19479
46275
45538
30295
33638
83127
8758
64330
29501
56710
64109
50825
26685
46481
20660
87707
49298
2532
26459
7700
33408
71820
80404
45455
29625
9579
29347
13365
82505
81568
78120
41772
60237
5966
2272
69801
37637
14730
45407
57319
66922
49856
8311
54023
39793
38732
85178
57104
61308
77941
80018
92152
61785
12562
83873
74499
65068
29196
46127
52229
3207
21818
49713
49482
83145
82187
92456
85626
52332
22337
48025
13990
79407
54578
76502
53913
481
79221
65115
26490
66055
3199
7099
23599
13706
40768
65168
35744
40457
34855
70545
20702
41723
75068
69424
50362
34469
44052
50921
61177
34848
77086
73457
28365
55494
82486
84059
85244
63042
71699
5115
52891
78263
51893
67788
20899
41203
92007
40592
4479
30890
33499
42178
32202
36653
58833
86024
76652
26562
42905
30996
92489
54742
16289
46624
25655
32539
46304
39102
19585
64301
54179
35658
11228
29974
12369
79733
47451
31899
20190
31525
20680
23711
20397
64616
76789
85815
77021
93389
50276
23884
51365
76123
42291
46703
10377
30400
58275
69625
33434
425
15247
86167
30356
19902
41450
27399
6916
32758
1766
87611
59115
57558
11669
70907
53201
8413
2996
47330
49240
11964
32903
4273
74180
21496
89747
82179
6230
86789
24085
59493
19768
25527
30866
88301
13399
5359
14502
22251
81480
65848
30496
67836
6361
65536
13587
77495
16748
4234
39848
15178
91322
66471
42431
13952
42204
1153
6931
39932
53510
21098
48743
87687
79147
10659
32988
72047
52581
62147
33099
11255
31112
5414
55113
32526
76033
84640
60022
50811
64979
53135
12981
85944
5107
61360
75810
24181
39552
88509
62096
91815
61577
26853
90771
29594
3523
19221
7260
4739
89658
46775
51874
6597
55477
87155
91967
76075
3840
23834
69024
45689
48583
65640
6018
61865
89810
26155
16153
19173
4814
10025
66086
83351
26905
27278
20771
81389
37345
93209
29828
34689
83174
42701
87891
87628
77905
48945
55171
79280
71612
24944
22067
76490
41013
31032
43025
87039
22144
85807
79909
19136
33896
93001
7619
40048
5757
53322
46065
78945
6027
43521
42388
32721
11663
50690
36661
75959
51338
17874
28453
80121
65287
17205
2117
49048
64095
73430
21067
33503
32135
46784
10658
17907
655
27733
31139
59106
47474
11155
84162
8831
29372
25963
48947
8530
93383
65690
39635
81309
71266
53792
34116
71722
86091
26691
29573
90622
53837
89582
71631
41979
44705
61369
23868
45002
11089
9885
59324
82277
26497
89327
71880
30135
68411
60035
14604
23405
61619
3328
29602
24327
71331
82254
11603
9507
54314
1914
87018
22389
19603
75445
70682
66975
64422
47963
37806
46922
68959
9606
67650
76342
34679
41629
10654
57955
80626
76685
47917
14303
27765
49855
46739
58583
39728
68203
1695
37416
76841
71740
65856
57560
2667
19894
39485
80
67779
34497
88249
91846
91711
19864
82974
49212
46639
2285
7643
66243
53623
62738
37379
56871
12933
83443
36429
63349
22773
82240
53968
56433
68630
12027
55108
38854
69759
89433
43549
67015
42858
76175
57930
89981
20975
60667
44353
54420
65606
7797
41171
21756
33904
64131
42325
45640
12761
70437
90961
48186
46825
81448
32916
56136
79384
88730
2791
81350
739
11736
12374
58999
82706
18713
19024
20013
41848
25473
57272
54571
24583
42137
13982
39171
3713
82249
4556
43392
28511
14986
9978
56940
69157
22090
72111
1236
14252
11605
39336
75226
35432
58764
49102
84966
29037
44229
37050
56656
73191
28517
33405
73164
52711
34824
7118
15802
17484
75219
51603
87757
86199
54728
12488
12346
92395
81361
2524
4889
86556
34321
73228
29643
77533
36103
8287
62802
46391
1538
50086
85029
67270
41649
16441
40750
57027
60155
62131
56166
58508
47465
40858
48122
76324
1717
58246
35372
69864
41602
44316
13413
88902
5860
80900
67703
67061
25102
56959
51
23390
9155
6482
30782
2366
60115
88176
48383
62748
90175
43886
88237
35823
21384
44846
66734
74100
52125
80521
56264
67827
87100
44457
37352
45399
31238
72573
91225
51131
37686
78878
54859
4103
59325
14576
31007
34599
75791
67882
17932
61231
10374
92404
70903
20461
33421
87691
82113
68594
32069
67152
91857
65454
41291
3308
35975
54377
79166
26143
39006
90626
1420
75842
32457
47454
9420
21845
6112
14521
85643
93248
70495
63490
42569
49556
69813
28486
84711
18769
36237
915
51723
85809
84628
26137
20243
41028
68184
6099
62421
24145
22928
44790
63535
24882
71444
62471
60309
77375
43244
86107
53590
13037
82502
10783
33015
73452
73679
9690
80587
82033
29916
70005
75133
34398
21318
26630
42866
37327
22515
81503
90007
44027
29972
36379
61774
67403
42300
43953
23982
29531
43593
50972
21730
47081
77844
9344
71237
60786
34850
14944
26890
31043
47579
55303
48077
43648
60331
69951
78398
71952
86727
76545
15694
50236
68189
93228
37397
21427
42945
79370
70001
30844
61735
47799
54750
63498
5363
79958
80015
10915
27959
19882
70085
79545
31638
86489
6628
44122
61393
63052
58230
62951
51870
92083
15333
89640
8181
79772
4971
4973
24038
85749
38479
75698
57457
25031
5180
59821
82027
72437
70737
25613
18610
83681
1282
60890
14016
24908
90165
65424
75418
41066
90218
24246
29671
11827
63561
3122
33366
68296
88261
27502
85669
59664
58187
19612
23912
4702
50290
4384
40700
81430
26293
7898
58082
38893
73417
24776
7716
9134
59407
62960
37170
81392
67110
52735
19014
69646
76111
91039
19399
52687
58354
62493
38432
23611
47134
63769
37234
52697
38672
48771
38785
44569
77857
33002
41751
47385
62021
71379
71864
65716
81614
16064
72254
243
73577
59316
7467
77761
69393
76696
36490
19117
19250
54953
27700
13842
78734
54688
35344
50583
78593
69946
70253
46933
34945
81842
22529
13008
79742
2770
4431
1526
53444
83830
13672
44687
65521
5420
58143
49514
87558
81599
48518
1291
83418
43391
60305
18419
59067
53804
77280
48429
34067
37953
19133
70281
23349
82379
698
9415
22875
51252
37684
80845
86326
85346
51679
11899
40366
40556
17170
90133
8718
14947
47431
78404
61939
69773
31732
14539
23498
37444
15846
27326
82317
36825
25004
82099
86701
42572
40432
82945
61954
17552
90555
75049
42608
19381
92902
16908
582
35696
75658
66645
52313
82801
65020
11042
61891
12033
64583
62350
31087
4120
47863
77053
4620
24661
84442
8172
3955
4170
52665
42351
14551
56547
77365
49815
44895
74029
39481
85163
42366
43109
11789
25553
381
65126
54977
29172
4068
7121
77037
77545
83463
64675
73080
43902
55781
75267
22880
16735
60432
61202
50216
86172
35541
79710
40967
4966
83284
13062
51025
90608
13690
45995
16161
72812
60850
31753
54745
34266
36474
15236
62376
84751
55129
1222
68432
55289
81926
42920
17041
19965
85891
55316
85539
42788
41883
82873
68851
12508
23473
63525
61935
37731
14228
26744
53926
24477
34860
75228
4597
37192
71456
26174
86300
19251
86166
67353
58461
50889
16367
2231
85870
73866
47611
41557
72146
38805
44523
75043
53282
84899
62319
35984
52105
68382
34281
91153
39512
92538
19057
24433
66468
56926
81499
253
44492
3881
81060
51245
47053
15154
43333
3130
61731
24945
16680
19034
87364
3948
11754
89655
86390
73252
58725
36790
11182
79434
20849
3737
90598
9829
61492
50474
32840
51496
53374
23916
61660
23631
26249
74824
60348
6069
24771
54498
55665
16148
66878
75172
12130
54752
81736
73011
33138
13105
16527
12526
36865
45790
66337
60900
51314
36569
69878
68579
14197
22272
14921
41908
2527
66476
75046
19504
80558
591
18345
50795
14168
81957
91184
85171
6822
37792
1735
48880
74534
3409
26428
17002
49461
33650
40772
59709
49876
13804
13533
41027
65557
78745
23076
744
1668
57091
46830
68987
82102
71074
38474
77870
8667
18819
4398
2862
87379
52217
9726
87110
44195
8810
12656
49034
73762
80952
1607
37197
68829
87866
21900
45178
71013
25000
19215
77137
18357
54366
60428
6177
1792
26261
75904
5205
51533
69080
65882
77281
34472
32426
68529
91341
31857
85599
18487
83704
77036
5813
52412
10614
8626
13918
34007
21345
12857
78667
20143
32681
72345
61200
29118
87854
36599
90164
61608
67930
39784
33085
33559
75641
77684
25711
54544
85802
22698
47883
30530
13472
81547
54154
62082
89490
14410
23500
39546
82180
17301
17591
9337
55305
30522
22434
3791
3731
48178
66198
68913
22527
21385
3733
28775
1348
15297
17969
9696
78948
88965
78502
92771
88002
25264
40577
71980
69803
77950
31275
81465
65648
54413
67062
18043
56468
45732
42831
26517
6420
50020
88380
51504
27858
92779
17400
70518
84678
71936
51147
8943
69359
8659
82859
28673
11072
42662
64066
65194
2643
51842
15025
6243
14017
45712
78481
11297
55937
76555
24168
63917
43430
13297
85812
60111
59177
64729
22659
55510
56143
42459
92812
6815
79451
21796
92587
44210
66676
911
33631
74487
90039
30141
3839
26711
31799
12551
90918
610
2453
618
82281
4070
74491
37710
9142
6706
82633
45378
24367
16562
56088
62351
69665
12905
91910
92676
34097
39159
21423
71318
24275
81223
92064
1000
17918
23529
33673
67205
10758
46672
862
28255
36368
8707
68426
763
9302
70899
34188
16251
9527
78962
24322
17177
49080
66794
7670
8504
21487
80108
49337
92703
41869
16449
19985
16408
64288
71103
64593
107
57530
24853
56317
16312
44601
86710
74084
25010
54010
70419
92480
38621
45669
26581
20428
59651
13113
7593
13261
64412
86304
59602
65033
60447
5178
6525
52176
83651
46951
62125
72113
26348
21326
61535
54348
31628
74387
64398
82526
45072
20094
45977
45511
33533
75384
59107
26003
39491
33531
9117
78200
48039
61408
91633
30440
46653
80427
45625
40816
21574
57079
59846
55560
39339
51831
65816
13789
35815
44301
19519
85801
60964
33203
26824
41927
20141
28287
76146
69215
87722
5131
26243
39658
15884
10072
82866
60760
10598
46073
67608
16272
24558
79960
43383
35634
14828
63537
11836
44765
84550
44000
67426
45817
2918
91144
88293
71715
27719
65006
27353
68854
88200
22996
44019
50930
76844
63675
6113
24501
82235
88230
84360
78360
14846
32478
46487
93065
59223
79497
56124
49067
51148
41294
30635
72153
62996
74279
4231
22729
54562
32864
20528
34334
52396
60807
78132
38824
13642
68724
52133
26705
35980
58400
27444
12441
71257
41840
23299
67134
80274
71083
82667
45520
51595
11597
85653
52971
39906
67387
83606
74372
51377
6788
63390
49596
89685
21793
21074
27289
29733
69351
71961
36928
83217
76915
12048
15326
22900
65744
91581
67600
85339
92965
65893
51538
80069
11144
30136
19078
4112
30938
12453
49404
60477
65984
115
82966
63698
49180
32097
92186
82797
4717
30078
38146
46014
66238
69362
3183
21113
10363
43969
80340
43970
51004
34011
30172
34263
68410
41643
35937
21948
56344
56229
86839
36712
42492
90383
72770
17765
38163
41397
86976
14206
16265
23585
3590
2310
39364
15880
22878
61142
71176
68227
81655
72467
42547
80074
30835
57500
32345
4468
32875
59849
55120
15794
21535
53618
90022
6206
16268
49367
69915
60822
69239
56821
27766
35012
60897
51807
19914
74914
89178
41325
51515
63393
72623
66177
13369
41465
3206
64361
11954
92279
22998
2264
64374
27372
22036
78092
4623
29367
59908
42772
18094
32169
57207
33947
90534
63369
55482
52895
35806
85546
22461
69512
28163
63556
46782
46963
70622
72240
7966
34611
50158
22328
89232
32164
55420
65222
83108
11545
35061
17106
68343
18862
1920
84811
3859
75883
5164
19765
44943
41117
20826
36638
66940
47972
43091
67812
66376
78168
38370
72234
71547
24432
62701
58752
78905
27456
47668
24895
24140
64343
78825
26248
30090
41837
54772
82280
48847
41107
92175
83756
1566
23068
15079
40630
91781
1058
7341
53511
83105
89701
30073
36699
61392
48083
224
26363
11222
1564
36423
13451
22116
54104
24319
68194
83188
87932
56397
1555
8223
68250
46941
7564
19407
57223
50792
47414
925
45504
58963
21217
65428
83574
8587
88765
14611
72225
8623
86281
57515
25458
43542
64470
88957
92566
1210
43621
12505
77995
37888
92157
79735
48558
80945
992
6341
24636
24065
5969
87904
15517
68821
68264
15856
33250
87696
47760
89316
61336
5975
77703
93016
81709
42798
76170
22137
8389
72196
35026
8099
86544
55484
17810
76251
37441
47930
7694
64896
35214
48793
11282
47580
11132
24424
47091
27106
53877
53840
35381
18567
85672
85100
31929
90792
84650
87875
23521
13529
56984
51550
89469
81234
44617
58340
79228
39850
70319
1398
29727
63010
84379
88084
87484
76900
33557
60640
9016
81637
22685
476
42044
80343
59985
62628
61130
67545
34278
29539
46754
91486
78848
22134
56337
90936
3334
3040
92944
32771
57177
85954
61437
9122
65092
44717
75054
51113
20846
3350
66806
42280
41563
93271
19841
35921
26342
48636
13477
35591
23538
90389
35513
2797
70365
71101
12714
73220
13483
81498
32746
24340
40018
93360
28682
10589
74463
80776
82428
67082
84761
50436
23823
13707
81561
8934
31074
11193
4524
31207
29001
63185
46990
54264
59532
34804
190
6739
18677
58805
12587
67923
21873
56098
34530
5263
68300
19125
20941
31304
85028
85741
83524
22628
2447
80292
64158
23083
22197
78341
12727
26958
19785
42433
16100
40724
54600
83570
73158
32862
45023
36156
38276
32003
52242
86110
25398
12980
55107
93041
1929
74131
88720
13279
28051
79986
11358
61598
13020
9737
20999
84033
4803
28760
84821
86011
56240
78055
23961
91934
2490
90872
37243
61596
28689
71017
8757
57551
3049
56052
252
60616
78164
16081
56395
82696
32724
84196
75555
38525
60724
77496
301
49526
47448
89671
93148
54164
28090
13093
11829
13851
58900
10487
38493
5892
4626
41199
41566
43452
69873
36413
84669
10894
88549
5871
64727
51357
24677
65391
33066
23503
54951
75065
86496
3629
88222
59619
44196
13847
78563
69377
62386
21759
74257
68556
22226
84738
82695
11935
20571
22242
20332
21701
92603
61606
43620
87567
61415
74024
92911
80173
87044
30865
54011
60531
64121
30737
89453
49613
71712
60231
73990
51546
51489
58409
58841
6379
68879
24712
69226
46208
9170
11907
52912
53675
11692
78044
32547
84175
51059
8779
83367
80888
90465
74416
59564
32133
35788
14300
21492
78226
63001
24828
63147
1043
71420
41
57937
23399
47322
68915
27396
64102
27752
11670
86383
48187
27057
82724
78239
83344
3342
80437
9611
11168
55902
77275
51839
61522
28953
73168
91337
66812
59437
512
33425
29406
45020
50343
60549
20901
16337
31711
40602
86237
71902
5951
63249
45190
19636
57782
42308
18167
26717
868
30771
39733
4183
59889
12703
34946
83413
91239
65843
60735
92106
17358
54858
80903
13692
77025
47769
35179
27162
65437
2837
74298
84904
63621
42836
87629
66175
35080
67363
81291
50391
47426
90505
48776
57363
33528
6109
90096
92862
31262
2012
2287
64834
73121
65262
64955
51159
91357
6453
55795
36309
18606
57099
77253
28660
54330
44285
22418
2823
10934
76152
38878
16728
83208
90197
41000
63092
69681
58740
19847
54079
46998
70451
53259
620
25212
83099
58249
57294
43809
52875
14668
67596
77089
24620
89652
92611
40199
93305
40425
64349
31134
18389
20522
51682
86368
78005
43040
18038
29045
90008
30017
47004
63649
21099
68852
2028
74540
46512
26821
1176
21488
92205
76872
27976
90301
81588
82000
34630
38203
55724
14717
83737
52501
44306
49991
25474
62785
50271
71727
81807
70902
69171
28996
26614
35436
37314
21000
9826
64628
27874
29015
44220
1441
79168
66261
55073
86766
12791
27714
69237
9936
69402
86538
89977
21484
25276
51974
5608
47094
32987
69005
92808
43310
52069
10998
46401
93087
91003
15665
15386
6707
765
15290
76624
77252
20028
4175
38349
13815
33794
75078
32143
46462
11291
80435
34996
17702
88952
73884
29198
87576
38253
13305
49571
81152
52784
92512
22311
9544
41838
32969
6004
53819
16446
29440
5488
57786
46943
66315
65256
19104
81376
75975
31667
56274
8423
16602
83022
57230
34990
24759
54536
71516
87365
42062
28495
59977
36812
46099
69200
77481
8768
93003
63589
59970
56758
11279
28913
69369
30473
81269
13786
17075
28387
23121
43826
11555
62370
49792
58543
65463
45329
72217
26525
65413
31516
27659
59129
77140
11469
90679
38904
19315
26663
53083
27324
13558
88394
90763
66246
1870
78607
22501
16377
89976
60098
13104
54524
26876
23827
26252
16588
36491
34857
38603
59670
75055
2700
64307
44761
26435
52566
51207
17024
22992
25757
65904
75867
52748
1202
33978
10334
52666
37742
2029
35871
78167
72158
59760
78531
19861
5537
92578
9552
72810
68107
72964
73550
68639
7480
92359
552
39005
26301
49334
80982
58829
66773
86769
68297
88308
51593
55416
31451
85158
48106
20667
27062
9781
60421
78163
87513
17938
66436
62692
56074
91867
47777
2729
27531
10253
19005
41304
83626
68892
91336
89425
51094
43854
86841
27718
60160
31391
80730
49498
92635
60560
31001
27822
81307
1511
2000
52522
23959
49365
82628
18998
52147
43240
21999
86733
8709
30
68014
23257
55384
86355
43835
51676
86497
55459
60384
36737
12828
36459
10139
26729
58988
70340
22096
45001
74246
22125
1525
12499
24515
74124
41548
74114
16589
38759
28224
66492
49132
46258
29242
62411
76395
66671
90942
90863
20019
49916
73979
22541
92957
1159
80733
26823
41571
90728
84077
90828
15157
11596
22978
12440
55295
54573
21761
81164
11388
26193
72138
21820
93171
63674
38929
60297
18497
26928
18190
8487
817
565
30963
29216
46586
1248
43269
31279
67862
77198
32276
30772
31823
6419
31409
68503
9985
91199
92735
53484
61182
37332
62616
28358
56649
78613
34052
41705
48249
36024
6216
87157
74982
81289
40354
55058
22553
78802
73390
11841
40194
30846
42991
35865
51931
11224
16752
48293
92724
82130
58168
25759
41144
74793
88723
48284
5354
81385
50986
10161
23702
73060
34767
39371
16074
90450
25683
42763
27472
14608
44424
38099
7294
15378
36412
30181
24047
75131
41672
44958
3599
4579
4053
71938
69430
63723
7049
83870
79847
35691
8569
28872
10420
3171
34407
87797
81628
57284
56032
84088
91983
70074
61636
29522
90507
70570
7281
68394
56889
32432
17169
76787
15358
44166
89908
42337
80677
29690
12578
69437
71783
59425
66954
17985
89299
2385
62902
53173
50971
76099
39788
89710
59331
32611
25077
15165
28125
72939
33826
65937
45561
85093
83018
74475
18830
21632
62582
32756
32461
79191
14839
24195
80993
2539
22544
20287
55301
86244
34774
86916
38102
53832
81332
72385
79469
52628
52531
83832
25369
75087
11608
21426
23153
45900
49431
52888
67952
39756
87941
60829
21884
8914
43046
65684
43655
35002
84555
16146
1006
14820
31437
15607
47728
39130
59315
92646
43093
52887
41759
22980
45893
16090
88401
70142
17234
66526
89059
49655
36159
37298
46147
71926
58044
54866
16007
91641
33548
82719
1208
60286
27244
32668
42302
14522
57334
25603
24207
37056
27541
79739
32253
31370
82086
69255
22154
65900
33402
60622
39177
41084
23565
43161
39426
3204
70305
27987
82854
92461
60599
92201
84359
4329
86742
66643
61232
10944
80432
60683
50358
16135
37898
11606
68981
50591
28346
24876
12492
22722
22941
2550
55869
692
57169
48322
2503
85213
90525
67691
59672
2401
41351
66538
33471
92344
13725
49069
59668
5654
25767
91915
43605
32359
23051
33409
52374
10682
6119
51726
26498
29088
61826
61733
22819
41787
73277
31488
60526
52996
45301
54152
56636
65523
36669
39504
28356
10811
67496
24606
58448
2813
70669
72411
19995
3330
68041
60817
21951
11041
5182
57427
31958
89475
10604
22639
51744
45192
48755
64302
82608
9386
51963
16780
67597
82870
64621
14176
70811
8825
35650
56430
77100
1026
35130
41228
44625
66990
4529
44214
91028
73595
39461
49865
23354
54031
30107
54717
68450
59865
16001
51673
70594
25724
53297
1886
30619
84208
71754
29879
62922
81646
92181
81861
72296
86405
50701
73029
60129
10857
32431
82698
11636
57829
24706
72802
70750
68721
66580
26090
70003
60011
11258
68136
75369
43718
19976
16770
77865
29475
21041
38313
19044
19372
2063
46890
90554
46054
999
9567
36984
71409
60459
42534
43832
69243
65283
51757
91559
31597
6400
59336
81802
39384
53662
16233
41537
76950
54683
26828
24904
2834
70580
11116
40557
25046
79870
66250
57497
80140
89289
72717
92606
3131
55952
4751
30139
89869
21683
81657
88464
7506
43262
77492
51155
72396
21267
85923
79459
4616
72102
30727
24566
22383
89709
36211
54489
21551
1116
42278
3663
27259
8469
49340
85047
86129
48850
17779
57984
74686
22972
72692
9517
41862
85284
39194
81201
92138
87912
6115
47316
28103
59506
29349
8136
9538
76488
53898
32720
41777
18320
34033
73215
26896
60172
39982
19819
63798
57190
29263
55033
86147
40074
74860
1877
86282
83408
25154
4272
52354
79808
35482
75122
979
25829
35385
45352
26709
32183
1433
37968
15274
21677
88085
70229
73488
81504
51534
86526
46913
67853
78071
26496
62482
73001
44608
90835
15443
45458
8456
10006
59903
3024
74220
52885
45219
69705
24709
1998
14126
40286
76352
20356
29014
34324
77838
25193
92462
24511
47073
62755
75435
10624
31222
80670
31309
23838
34470
24635
73579
78975
71209
17539
67630
72529
73276
75593
56451
12326
57812
31807
73404
17488
48363
21727
24770
77405
91589
61153
67114
55291
3136
79937
21150
42287
66561
77548
7759
79225
12713
36531
70129
8704
86206
19746
23755
24152
87552
53328
62505
87456
55071
64695
20568
54278
30344
93331
45704
67639
56789
3841
24010
14006
389
57655
83959
27523
61172
79999
49928
70800
2384
16187
31187
65899
51944
21327
16642
29842
85221
54417
27409
22022
77908
8918
92958
33077
3573
34742
27081
44334
66909
62123
9240
78082
29307
63970
87479
88311
78463
4815
25439
21477
56449
74643
33010
43306
43386
72264
18470
56129
56164
88256
65845
59830
49800
56273
9498
12540
28777
45280
56217
89632
31114
16198
36548
34842
2801
49297
16935
54435
44383
68393
35442
66418
77706
42254
24561
69260
46436
47763
80644
14048
27204
43427
8095
27389
63764
68961
35820
45011
27067
47266
64332
73498
11080
56630
89060
86802
7969
80968
71309
24898
53057
47704
59980
55786
32394
7318
79604
17298
87400
10195
78053
91868
46965
25027
86219
77573
23694
91487
79857
50132
87163
23136
2034
44321
23644
40560
36369
37526
61543
76282
55018
54471
50486
17626
80857
87194
36399
49256
8802
68031
73054
87831
24518
66184
40388
88927
4307
55235
48513
2890
13444
613
22439
20547
30100
34964
38705
38415
73778
66877
23643
62643
29822
65063
74730
89387
20270
68736
25080
13741
89880
77461
71345
26886
33009
81622
44663
55398
21847
66163
60476
91106
19597
82261
57202
67156
81574
37549
6241
48399
15395
52489
11959
48003
10366
90124
58732
70739
66054
89395
9055
53459
39316
42965
72593
24495
81000
93397
26379
57397
63899
10360
21814
48957
88896
1675
82050
5464
57002
52607
38261
47183
91090
53737
497
60658
81292
49756
65822
85498
41356
71348
81128
54312
10853
71614
85853
21420
14935
78706
1085
41385
172
11118
2189
67233
66372
37694
79083
13497
50359
17579
42645
24705
54556
90228
44576
19411
29595
22879
83658
83942
61989
58220
40591
32632
31552
16955
33700
31896
35073
76895
6316
23000
69289
31465
67384
33356
25844
31986
54193
30806
30125
60834
44010
59170
71924
59289
18236
21424
10182
90990
29863
10754
46342
56944
34713
41732
89133
50623
77546
9755
20480
58553
46328
88974
55152
72897
69056
45649
39828
60352
29559
59891
32271
71166
19476
79144
56908
55337
20886
23768
91248
2904
78221
81029
39184
88800
27381
63727
81417
40825
27442
1333
84428
52631
14067
93252
38587
3911
60018
88417
16804
5343
91429
70112
90954
40108
61465
32909
29150
7672
55393
92214
14578
5822
1840
9797
46308
67748
5530
54014
56552
5905
57720
67972
84999
69062
11510
1049
32366
92672
86800
65353
26117
49307
18484
66720
81487
76310
54251
43407
63506
46077
64692
54878
40348
30723
75214
28021
73368
80207
45413
19816
60414
54992
12333
66857
28386
61126
81885
69604
59861
62064
65525
29789
54555
91196
52415
19436
85480
88639
33756
62878
77996
85405
45753
39367
81467
3081
92614
38890
333
89654
4674
65096
60279
19218
69857
37874
34105
74742
79908
30485
20821
24809
34088
26693
16143
32700
18253
67995
1762
1071
8429
62180
31649
85301
71512
550
81728
36238
39293
16376
73617
34276
38575
89892
91344
37011
12792
44024
58940
71441
1467
47456
42806
25836
48772
62341
80549
38080
14469
34107
54322
2789
33828
44988
68830
54178
26223
17066
19362
87946
38728
60545
37884
85449
24631
82705
125
37437
11565
79299
69384
37415
70280
84922
62953
79010
81783
12079
49528
17962
66872
47506
3068
49168
25679
55835
84418
4826
80760
21173
39718
30222
77143
73248
22006
68930
80642
85612
9764
88909
17940
15180
53523
83598
42845
17785
35961
64116
35096
55908
1141
89686
57436
11766
30478
48143
52060
22488
35215
37413
24248
60472
56600
7390
3443
83688
32357
83937
7630
48062
4859
2270
70454
85791
15189
85690
29801
21392
87200
1745
32664
49766
11714
13293
59741
1189
20778
33589
38136
54192
88898
33796
85160
15738
90205
80564
16180
62372
46369
56077
9591
71679
15630
62144
87075
72790
1406
35557
30988
52239
6198
28104
42230
11319
1915
2987
56103
73068
24642
44697
30904
21854
81600
12127
3012
29032
42926
65534
26542
61633
3858
74693
88289
18046
64420
87465
64762
48586
26097
23525
92055
11263
14453
56791
85038
57105
50536
91525
64486
18631
13148
64517
15262
69696
3446
39815
29442
63192
58375
48456
695
22409
85884
53495
24298
75210
89752
68211
35626
17871
4443
73431
8409
42293
28628
38273
15148
56422
21266
77074
31637
89610
64004
60968
88626
31180
39387
5896
30656
82312
56131
45086
88169
63826
43961
20744
14607
77961
85272
64285
67913
77146
48796
7203
39115
81348
57093
17543
62578
2683
10875
33791
4249
64138
88867
33941
79300
46603
77839
93161
28728
8483
60982
46538
3426
25324
34354
55886
18108
66414
59356
7328
25230
23060
85686
56133
9238
86174
30266
113
71165
53485
16775
63631
18252
71858
44337
37488
34285
43478
55519
18195
33472
3202
86732
67637
81173
1378
91197
75220
22301
30218
20997
45935
63262
77180
4879
22812
66004
32213
55583
73048
17512
56079
34086
54980
56108
77696
81700
8113
84297
77023
88598
28127
2641
13797
76952
12739
79238
48463
45344
73415
57581
60216
59442
36598
92647
51835
68957
11138
46043
25137
78123
26389
54199
13548
75875
63078
61746
34720
92561
6058
32156
4693
20126
50182
64426
65292
75187
91041
70847
37569
65965
34755
36767
36844
5689
27607
89157
65678
114
78411
57863
57633
50888
43245
45324
11002
40801
74067
9285
81251
32486
42374
45707
39492
48837
33194
4937
33626
90320
14512
52492
8876
23987
21605
36863
87125
19217
74483
70489
69189
44740
1972
52358
1895
41330
37577
6210
3118
12912
55103
42203
47395
68690
53350
5824
61017
65151
63217
60262
91898
91035
70426
92956
14850
86416
3715
51470
712
62433
44802
1991
25843
19997
74943
40021
54128
28542
87896
54480
60134
46094
35784
5670
37647
63327
33944
35894
3444
14314
78888
57295
78558
41651
65885
68366
67009
91842
54101
47962
31111
92850
92058
68813
54147
7006
55782
69998
29749
17650
82532
6552
19600
34680
67681
9391
69956
24915
43035
84251
92333
39155
48652
27522
87584
73163
32303
79281
82668
15446
9066
60668
80723
47504
54146
54610
72820
32609
32368
25426
27035
23976
1771
61160
83513
72156
30210
53921
86086
38326
63813
45986
34799
49915
86968
54698
26187
12473
21934
4088
30768
12532
33116
31058
39012
7541
50083
30556
40903
35825
3054
43510
33333
33487
13499
87988
52454
79089
84473
3293
61950
89590
26796
23586
75431
13538
52214
18696
11163
52798
10790
31731
5722
34217
54341
87486
66709
38193
3514
83599
65031
37161
36306
10432
3588
6850
14975
6359
22365
29140
48763
5939
45343
82676
49594
76778
7823
49060
80749
92095
66116
32334
50288
18066
33739
33634
33048
50555
59787
16439
75994
69819
3800
16759
87981
9072
71065
10950
53506
44332
50447
81169
4641
65385
27387
27176
73833
78850
46707
52199
70528
61411
78951
46763
25059
17132
15196
26238
38681
3193
62447
83236
66786
59662
51920
40229
70029
24859
77617
32837
79938
17966
80206
90660
2211
22738
32702
79339
48713
7101
63562
13060
5006
21944
83044
83160
60499
64758
55287
9933
11248
83608
80726
37497
58494
82818
21300
57382
54997
44788
16155
75971
16579
22008
17759
6094
83866
82042
45560
16460
62128
17310
25041
17669
46954
54516
13930
17156
20087
9952
78292
62663
83767
21282
61728
83084
80772
18599
37925
7130
4935
16418
502
38115
65863
22718
39152
39537
49433
8388
86401
12830
60952
66617
13285
21407
83760
91533
17410
46661
48835
2940
33221
39487
1878
59994
36613
12990
77452
19648
49481
32954
56222
10605
47302
62948
72803
59550
42784
15537
36486
15124
71014
52638
68458
65038
71137
24355
91609
57996
61021
4810
16114
60381
10227
63545
76071
39833
82482
72866
12724
32629
42358
71702
3689
77226
40623
25029
17671
88873
79380
17707
30702
76665
81126
76731
32855
85600
30106
68274
69018
950
42714
23084
56721
33128
10839
34662
81488
86900
43116
14337
52819
6825
37631
36085
45762
83754
82362
2061
32589
52207
43160
1233
8930
11100
62441
32763
53700
6458
24715
10992
309
55620
52224
80931
54397
51638
24556
62512
13648
73539
19142
19570
73478
56332
67680
93329
58737
30468
11126
10500
66210
81812
10238
25772
1187
48744
88990
64237
34843
50298
4794
39008
42202
63401
40829
84925
50415
47546
69549
82008
34870
60954
42964
75642
26471
24503
5663
20580
45462
18247
76421
73000
29039
15362
43182
70198
79025
89269
84576
51452
54842
39594
80524
42237
92670
17096
10060
29743
44118
83221
6481
10114
14927
63287
75486
59987
73407
38918
29838
73750
91023
26792
33999
69030
850
19897
62607
57980
77030
45931
2481
75433
39054
21972
79145
75359
41749
89145
37570
84733
58068
13406
67112
17719
58018
75246
64830
4755
1715
41764
23572
5542
69501
69999
68151
37896
79129
8866
38264
33892
16116
24267
54295
40423
48243
58697
26802
47751
21645
55998
45153
16899
13201
31402
48370
82484
16947
29957
58041
46189
91279
2057
40143
31545
26989
43659
29834
73909
21714
23520
20734
40334
87406
47437
72271
12835
58946
31290
6155
501
12741
67975
15303
79467
57396
47798
81585
72937
19983
62400
78365
38933
34275
42432
12234
3120
72738
90202
12199
69291
66129
32339
71546
77267
16234
88784
73915
82983
32697
20041
75982
246
76181
46430
84328
77473
12923
29534
2044
86594
62267
15401
73816
49989
56640
37462
55678
58319
8356
83699
20532
48361
27572
62973
63073
64371
85532
69542
26338
25664
8145
66058
54506
4985
63361
76738
46531
776
6676
91442
91093
92256
51125
74588
24427
10242
67659
31594
35428
43438
45997
15736
59750
79553
26765
9894
13298
6732
44677
45771
91607
88174
53817
23887
28081
71667
14749
8863
77446
53596
24255
23011
5820
86266
24006
53566
88511
285
13843
65837
63722
35081
85689
72417
70535
2526
63992
67183
24994
69663
27024
86700
5918
67747
61911
59947
85078
89629
78925
41102
56568
71214
75937
7939
57508
72077
53561
19207
62629
35334
66179
2534
60118
17333
2088
19664
92977
60213
27286
21556
63590
52614
32711
78698
70920
48672
2241
39209
713
54549
26509
77564
43562
45292
51324
37582
87438
72907
84049
76718
78605
37849
49986
89207
10611
77525
45146
62932
24713
15628
24602
51812
69865
83960
40639
53997
17069
23024
69602
59868
45852
38467
40513
79893
73691
13287
1276
28876
9932
93256
71497
46832
75089
87993
20947
3521
43490
73792
71395
24861
56002
49456
73396
14358
1994
45568
33270
57715
50724
62154
82922
83650
7422
34196
62631
57648
89154
82002
72258
43000
10929
50596
91859
45898
75303
5742
59461
44883
71312
84505
16817
77776
27804
14372
5639
17248
61201
29382
57379
47133
49906
2
9264
71025
1117
27171
62205
13508
52674
70886
64113
58281
58766
60583
26276
36915
59746
72478
873
38952
93246
52540
58955
53931
41378
20050
302
69573
43824
50260
65874
38937
10774
59041
61797
33813
24504
